frame_number,frame_timestamp,x,y,w,h,area,classifier_name
0,0,1857,3450,17,19,323.0,crop-classifier
1,40,1850,3450,24,16,384.0,crop-classifier
2,80,1850,3449,23,14,322.0,crop-classifier
3,120,1851,3417,36,40,1440.0,crop-classifier
4,160,1849,3439,19,18,342.0,crop-classifier
7,280,1843,3430,23,14,322.0,crop-classifier
21,840,736,3091,101,293,29593.0,crop-classifier
22,880,736,3071,108,305,32940.0,crop-classifier
23,920,448,18,26,38,988.0,crop-classifier
23,920,737,3071,112,296,33152.0,crop-classifier
24,960,424,0,57,52,2964.0,crop-classifier
24,960,735,3071,121,285,34485.0,crop-classifier
29,1160,449,18,24,38,912.0,crop-classifier
30,1200,318,19,75,46,3450.0,crop-classifier
30,1200,424,0,57,52,2964.0,crop-classifier
30,1200,1809,3364,21,10,210.0,crop-classifier
31,1240,287,19,64,33,2112.0,crop-classifier
31,1240,1808,3362,22,10,220.0,crop-classifier
32,1280,1807,3360,19,11,209.0,crop-classifier
33,1320,1805,3359,19,12,228.0,crop-classifier
34,1360,1803,3358,19,10,190.0,crop-classifier
35,1400,1801,3357,18,10,180.0,crop-classifier
36,1440,1800,3355,19,10,190.0,crop-classifier
37,1480,1798,3355,17,9,153.0,crop-classifier
38,1520,1796,3354,19,11,209.0,crop-classifier
39,1560,1795,3353,16,7,112.0,crop-classifier
40,1600,1793,3350,17,10,170.0,crop-classifier
41,1640,1791,3350,17,9,153.0,crop-classifier
42,1680,1789,3350,21,9,189.0,crop-classifier
43,1720,1788,3352,17,5,85.0,crop-classifier
44,1760,1786,3351,17,6,102.0,crop-classifier
45,1800,1785,3349,20,8,160.0,crop-classifier
46,1840,1783,3350,16,6,96.0,crop-classifier
47,1880,1781,3350,16,6,96.0,crop-classifier
48,1920,1779,3350,17,6,102.0,crop-classifier
49,1960,1777,3350,17,7,119.0,crop-classifier
50,2000,1776,3349,33,10,330.0,crop-classifier
51,2040,1774,3349,16,6,96.0,crop-classifier
52,2080,1771,3348,18,7,126.0,crop-classifier
53,2120,1771,3348,16,6,96.0,crop-classifier
54,2160,1769,3348,17,7,119.0,crop-classifier
55,2200,1768,3348,17,6,102.0,crop-classifier
56,2240,1766,3348,17,6,102.0,crop-classifier
57,2280,1765,3348,17,6,102.0,crop-classifier
58,2320,1764,3348,18,6,108.0,crop-classifier
59,2360,1763,3348,17,6,102.0,crop-classifier
60,2400,1762,3348,18,6,108.0,crop-classifier
61,2440,1761,3348,15,5,75.0,crop-classifier
62,2480,1757,3348,18,7,126.0,crop-classifier
63,2520,1757,3348,16,5,80.0,crop-classifier
64,2560,1756,3348,17,6,102.0,crop-classifier
65,2600,1756,3348,16,6,96.0,crop-classifier
66,2640,1755,3348,15,6,90.0,crop-classifier
67,2680,1754,3347,16,8,128.0,crop-classifier
68,2720,1752,3349,17,8,136.0,crop-classifier
69,2760,1751,3349,16,6,96.0,crop-classifier
70,2800,1750,3350,18,9,162.0,crop-classifier
71,2840,1749,3349,18,8,144.0,crop-classifier
72,2880,1749,3352,16,10,160.0,crop-classifier
73,2920,1750,3350,12,11,132.0,crop-classifier
74,2960,1750,3346,15,13,195.0,crop-classifier
75,3000,1746,3347,19,13,247.0,crop-classifier
76,3040,1743,3354,21,10,210.0,crop-classifier
77,3080,1746,3357,13,12,156.0,crop-classifier
78,3120,1748,3357,12,5,60.0,crop-classifier
78,3120,2143,3031,5,5,25.0,crop-classifier
79,3160,1748,3351,12,11,132.0,crop-classifier
79,3160,2135,3028,6,7,42.0,crop-classifier
80,3200,1739,3355,22,10,220.0,crop-classifier
80,3200,2129,3031,31,5,155.0,crop-classifier
81,3240,1742,3358,18,15,270.0,crop-classifier
81,3240,2122,3030,35,6,210.0,crop-classifier
82,3280,1744,3359,12,10,120.0,crop-classifier
82,3280,2117,3029,33,6,198.0,crop-classifier
83,3320,1744,3358,17,9,153.0,crop-classifier
83,3320,2111,3029,49,7,343.0,crop-classifier
84,3360,1739,3356,20,13,260.0,crop-classifier
84,3360,2104,3031,56,7,392.0,crop-classifier
85,3400,1744,3365,15,7,105.0,crop-classifier
85,3400,2098,3027,62,9,558.0,crop-classifier
86,3440,735,3087,110,285,31350.0,crop-classifier
86,3440,1738,3365,14,11,154.0,crop-classifier
86,3440,2093,3027,30,8,240.0,crop-classifier
87,3480,735,3080,117,283,33111.0,crop-classifier
87,3480,1738,3363,14,7,98.0,crop-classifier
87,3480,2087,3030,70,6,420.0,crop-classifier
88,3520,735,3071,123,283,34809.0,crop-classifier
88,3520,1734,3358,19,13,247.0,crop-classifier
88,3520,2081,3030,72,7,504.0,crop-classifier
89,3560,740,3065,123,278,34194.0,crop-classifier
89,3560,1738,3366,14,6,84.0,crop-classifier
89,3560,2075,3026,85,12,1020.0,crop-classifier
90,3600,1730,3366,17,10,170.0,crop-classifier
90,3600,2068,3026,57,10,570.0,crop-classifier
91,3640,448,18,25,37,925.0,crop-classifier
91,3640,1732,3362,14,8,112.0,crop-classifier
92,3680,424,0,57,52,2964.0,crop-classifier
92,3680,1726,3358,21,13,273.0,crop-classifier
92,3680,2055,3030,52,10,520.0,crop-classifier
93,3720,1722,3363,20,8,160.0,crop-classifier
93,3720,2048,3031,33,6,198.0,crop-classifier
94,3760,1723,3363,16,13,208.0,crop-classifier
94,3760,2044,3026,30,9,270.0,crop-classifier
95,3800,1723,3361,10,10,100.0,crop-classifier
95,3800,2037,3030,31,5,155.0,crop-classifier
96,3840,1721,3358,14,10,140.0,crop-classifier
96,3840,2031,3032,31,5,155.0,crop-classifier
97,3880,1716,3357,16,11,176.0,crop-classifier
97,3880,2025,3031,31,7,217.0,crop-classifier
98,3920,448,18,26,37,962.0,crop-classifier
98,3920,1714,3363,18,7,126.0,crop-classifier
98,3920,2019,3029,30,6,180.0,crop-classifier
99,3960,424,0,57,52,2964.0,crop-classifier
99,3960,1711,3359,16,13,208.0,crop-classifier
99,3960,2010,3031,34,6,204.0,crop-classifier
100,4000,1712,3359,16,7,112.0,crop-classifier
100,4000,2005,3030,32,7,224.0,crop-classifier
101,4040,1707,3350,17,13,221.0,crop-classifier
101,4040,1999,3030,32,6,192.0,crop-classifier
102,4080,1701,3357,22,7,154.0,crop-classifier
102,4080,1993,3029,32,6,192.0,crop-classifier
103,4120,1703,3356,18,12,216.0,crop-classifier
103,4120,1985,3030,33,6,198.0,crop-classifier
104,4160,1702,3355,12,6,72.0,crop-classifier
104,4160,1980,3030,32,8,256.0,crop-classifier
105,4200,1700,3350,17,10,170.0,crop-classifier
105,4200,1975,3031,31,5,155.0,crop-classifier
106,4240,1694,3346,18,15,270.0,crop-classifier
106,4240,1969,3031,31,5,155.0,crop-classifier
107,4280,1690,3351,20,10,200.0,crop-classifier
107,4280,1962,3030,36,7,252.0,crop-classifier
108,4320,1692,3349,15,13,195.0,crop-classifier
108,4320,1955,3031,34,7,238.0,crop-classifier
109,4360,1690,3346,14,6,84.0,crop-classifier
109,4360,1948,3030,33,7,231.0,crop-classifier
110,4400,1686,3339,14,14,196.0,crop-classifier
110,4400,1941,3031,34,5,170.0,crop-classifier
111,4440,1679,3342,22,11,242.0,crop-classifier
111,4440,1935,3029,33,9,297.0,crop-classifier
112,4480,1679,3342,18,10,180.0,crop-classifier
112,4480,1929,3033,33,7,231.0,crop-classifier
113,4520,1678,3340,10,7,70.0,crop-classifier
113,4520,1924,3031,32,6,192.0,crop-classifier
114,4560,1674,3335,19,8,152.0,crop-classifier
114,4560,1914,3031,35,6,210.0,crop-classifier
115,4600,1671,3330,17,12,204.0,crop-classifier
115,4600,1908,3029,34,9,306.0,crop-classifier
116,4640,1671,3332,11,9,99.0,crop-classifier
116,4640,1904,3033,32,8,256.0,crop-classifier
117,4680,1666,3331,15,9,135.0,crop-classifier
117,4680,1899,3032,31,5,155.0,crop-classifier
118,4720,1662,3329,14,6,84.0,crop-classifier
118,4720,1892,3032,32,5,160.0,crop-classifier
119,4760,1662,3322,15,10,150.0,crop-classifier
119,4760,1883,3030,33,8,264.0,crop-classifier
119,4760,2114,3018,37,10,370.0,crop-classifier
120,4800,1656,3320,19,13,247.0,crop-classifier
120,4800,1878,3032,32,8,256.0,crop-classifier
121,4840,1651,3323,21,8,168.0,crop-classifier
121,4840,1872,3030,32,8,256.0,crop-classifier
121,4840,2103,3020,53,7,371.0,crop-classifier
122,4880,1651,3321,19,9,171.0,crop-classifier
122,4880,1866,3029,28,9,252.0,crop-classifier
123,4920,1653,3318,14,7,98.0,crop-classifier
123,4920,1859,3033,32,5,160.0,crop-classifier
124,4960,1651,3315,13,7,91.0,crop-classifier
124,4960,1852,3032,32,7,224.0,crop-classifier
125,5000,1649,3313,13,7,91.0,crop-classifier
125,5000,1841,3031,36,5,180.0,crop-classifier
126,5040,1648,3312,11,7,77.0,crop-classifier
126,5040,1839,3028,31,9,279.0,crop-classifier
127,5080,1639,3311,16,6,96.0,crop-classifier
127,5080,1832,3030,28,7,196.0,crop-classifier
128,5120,1639,3309,12,8,96.0,crop-classifier
128,5120,1822,3030,32,7,224.0,crop-classifier
129,5160,1635,3307,16,5,80.0,crop-classifier
129,5160,1819,3030,32,6,192.0,crop-classifier
130,5200,1632,3306,18,5,90.0,crop-classifier
130,5200,1812,3027,31,10,310.0,crop-classifier
131,5240,1631,3304,17,5,85.0,crop-classifier
131,5240,1805,3031,31,6,186.0,crop-classifier
132,5280,1628,3301,18,6,108.0,crop-classifier
132,5280,1799,3029,31,7,217.0,crop-classifier
133,5320,1626,3299,19,6,114.0,crop-classifier
133,5320,1792,3030,31,5,155.0,crop-classifier
134,5360,1624,3297,18,6,108.0,crop-classifier
134,5360,1785,3029,30,6,180.0,crop-classifier
135,5400,1623,3295,18,5,90.0,crop-classifier
135,5400,1778,3030,33,7,231.0,crop-classifier
136,5440,1621,3292,18,7,126.0,crop-classifier
136,5440,1772,3029,30,7,210.0,crop-classifier
137,5480,1619,3290,19,7,133.0,crop-classifier
137,5480,1764,3029,32,6,192.0,crop-classifier
137,5480,2125,3014,31,7,217.0,crop-classifier
138,5520,1618,3288,18,6,108.0,crop-classifier
138,5520,1759,3028,31,8,248.0,crop-classifier
138,5520,2102,3014,48,7,336.0,crop-classifier
139,5560,1616,3286,18,6,108.0,crop-classifier
139,5560,1751,3030,30,6,180.0,crop-classifier
139,5560,2083,3010,59,18,1062.0,crop-classifier
140,5600,1614,3284,17,7,119.0,crop-classifier
140,5600,1744,3029,30,6,180.0,crop-classifier
140,5600,2107,3012,31,6,186.0,crop-classifier
141,5640,1612,3282,18,6,108.0,crop-classifier
141,5640,1738,3028,30,6,180.0,crop-classifier
142,5680,1611,3281,17,6,102.0,crop-classifier
142,5680,1731,3028,31,6,186.0,crop-classifier
142,5680,2046,3015,38,13,494.0,crop-classifier
143,5720,1609,3279,17,6,102.0,crop-classifier
143,5720,1723,3029,39,5,195.0,crop-classifier
144,5760,1608,3277,17,6,102.0,crop-classifier
144,5760,1714,3028,34,7,238.0,crop-classifier
144,5760,2086,3013,28,7,196.0,crop-classifier
145,5800,1606,3275,17,6,102.0,crop-classifier
145,5800,1711,3027,28,6,168.0,crop-classifier
145,5800,2031,3014,52,12,624.0,crop-classifier
146,5840,1605,3274,17,6,102.0,crop-classifier
146,5840,1703,3026,66,10,660.0,crop-classifier
147,5880,1604,3272,16,6,96.0,crop-classifier
147,5880,1696,3026,31,13,403.0,crop-classifier
148,5920,448,18,26,37,962.0,crop-classifier
148,5920,1602,3271,16,7,112.0,crop-classifier
148,5920,1690,3028,29,8,232.0,crop-classifier
149,5960,424,0,57,52,2964.0,crop-classifier
149,5960,766,3104,76,241,18316.0,crop-classifier
149,5960,1601,3270,17,7,119.0,crop-classifier
149,5960,1683,3027,29,7,203.0,crop-classifier
149,5960,2055,3013,30,6,180.0,crop-classifier
150,6000,766,3102,84,236,19824.0,crop-classifier
150,6000,1600,3268,18,8,144.0,crop-classifier
150,6000,1676,3026,28,6,168.0,crop-classifier
150,6000,2018,3014,36,12,432.0,crop-classifier
151,6040,766,3105,89,224,19936.0,crop-classifier
151,6040,1599,3267,17,7,119.0,crop-classifier
151,6040,1669,3026,28,7,196.0,crop-classifier
152,6080,764,3098,96,221,21216.0,crop-classifier
152,6080,1599,3266,15,6,90.0,crop-classifier
152,6080,1662,3027,67,7,469.0,crop-classifier
152,6080,2037,3010,30,7,210.0,crop-classifier
153,6120,448,18,25,37,925.0,crop-classifier
153,6120,1598,3265,15,8,120.0,crop-classifier
153,6120,1655,3024,29,8,232.0,crop-classifier
153,6120,1999,3013,41,16,656.0,crop-classifier
154,6160,424,0,57,52,2964.0,crop-classifier
154,6160,1598,3264,16,9,144.0,crop-classifier
154,6160,1648,3025,29,8,232.0,crop-classifier
155,6200,766,3070,111,218,24198.0,crop-classifier
155,6200,1595,3264,17,8,136.0,crop-classifier
155,6200,1641,3026,30,7,210.0,crop-classifier
156,6240,1596,3263,16,8,128.0,crop-classifier
156,6240,1635,3027,28,5,140.0,crop-classifier
157,6280,1594,3262,16,9,144.0,crop-classifier
157,6280,1628,3025,28,5,140.0,crop-classifier
157,6280,2006,3011,33,7,231.0,crop-classifier
158,6320,1596,3261,15,9,135.0,crop-classifier
158,6320,1620,3025,29,8,232.0,crop-classifier
158,6320,1969,3013,37,13,481.0,crop-classifier
159,6360,1594,3261,16,8,128.0,crop-classifier
159,6360,1613,3024,29,7,203.0,crop-classifier
159,6360,1945,3010,37,14,518.0,crop-classifier
159,6360,1995,3013,30,7,210.0,crop-classifier
160,6400,1595,3260,15,9,135.0,crop-classifier
160,6400,1607,3022,29,8,232.0,crop-classifier
160,6400,1989,3011,30,10,300.0,crop-classifier
161,6440,1593,3260,15,7,105.0,crop-classifier
161,6440,1598,3021,29,8,232.0,crop-classifier
161,6440,1950,3010,63,18,1134.0,crop-classifier
162,6480,1590,3022,30,7,210.0,crop-classifier
162,6480,1593,3260,15,8,120.0,crop-classifier
163,6520,1584,3022,68,8,544.0,crop-classifier
163,6520,1593,3260,15,8,120.0,crop-classifier
163,6520,1969,3013,32,8,256.0,crop-classifier
164,6560,1578,3023,29,7,203.0,crop-classifier
164,6560,1593,3260,16,8,128.0,crop-classifier
164,6560,1931,3010,38,14,532.0,crop-classifier
165,6600,1573,3015,27,12,324.0,crop-classifier
165,6600,1593,3259,16,8,128.0,crop-classifier
165,6600,1906,3014,36,12,432.0,crop-classifier
165,6600,1956,3010,46,10,460.0,crop-classifier
166,6640,1563,3019,25,8,200.0,crop-classifier
166,6640,1593,3259,16,8,128.0,crop-classifier
166,6640,1867,3015,57,11,627.0,crop-classifier
166,6640,1932,3013,49,6,294.0,crop-classifier
167,6680,1557,3019,25,8,200.0,crop-classifier
167,6680,1593,3259,16,8,128.0,crop-classifier
167,6680,1913,3012,61,12,732.0,crop-classifier
168,6720,1552,3019,24,7,168.0,crop-classifier
168,6720,1596,3259,13,8,104.0,crop-classifier
168,6720,1887,3011,37,13,481.0,crop-classifier
168,6720,1939,3012,29,8,232.0,crop-classifier
169,6760,1544,3016,28,9,252.0,crop-classifier
169,6760,1596,3260,14,7,98.0,crop-classifier
169,6760,1882,3012,55,14,770.0,crop-classifier
170,6800,1539,3018,25,7,175.0,crop-classifier
170,6800,1596,3260,15,7,105.0,crop-classifier
170,6800,1874,3014,56,10,560.0,crop-classifier
171,6840,1531,3019,26,6,156.0,crop-classifier
171,6840,1596,3260,15,7,105.0,crop-classifier
172,6880,1524,3016,28,8,224.0,crop-classifier
172,6880,1595,3260,18,8,144.0,crop-classifier
172,6880,1836,3018,49,6,294.0,crop-classifier
172,6880,1908,3011,35,10,350.0,crop-classifier
173,6920,1519,3015,25,7,175.0,crop-classifier
173,6920,1595,3260,18,9,162.0,crop-classifier
173,6920,1818,3015,42,10,420.0,crop-classifier
173,6920,1873,3011,40,13,520.0,crop-classifier
174,6960,450,18,17,24,408.0,crop-classifier
174,6960,1510,3014,27,8,216.0,crop-classifier
174,6960,1595,3261,19,8,152.0,crop-classifier
174,6960,1780,3015,48,10,480.0,crop-classifier
174,6960,1847,3014,38,8,304.0,crop-classifier
174,6960,1899,3011,31,7,217.0,crop-classifier
175,7000,424,0,57,52,2964.0,crop-classifier
175,7000,1504,3016,26,6,156.0,crop-classifier
175,7000,1596,3263,19,7,133.0,crop-classifier
175,7000,1816,3017,50,7,350.0,crop-classifier
175,7000,1874,3011,50,7,350.0,crop-classifier
176,7040,1498,3014,26,8,208.0,crop-classifier
176,7040,1600,3263,16,7,112.0,crop-classifier
176,7040,1733,3018,51,8,408.0,crop-classifier
176,7040,1799,3017,41,9,369.0,crop-classifier
176,7040,1854,3011,61,14,854.0,crop-classifier
177,7080,1492,3011,25,8,200.0,crop-classifier
177,7080,1603,3265,13,6,78.0,crop-classifier
177,7080,1698,3018,61,8,488.0,crop-classifier
177,7080,1826,3014,39,10,390.0,crop-classifier
177,7080,1880,3011,31,10,310.0,crop-classifier
178,7120,1483,3012,26,7,182.0,crop-classifier
178,7120,1604,3264,14,8,112.0,crop-classifier
178,7120,1821,3014,58,9,522.0,crop-classifier
179,7160,1477,3012,53,9,477.0,crop-classifier
179,7160,1602,3266,21,8,168.0,crop-classifier
179,7160,1644,3016,47,12,564.0,crop-classifier
179,7160,1868,3012,29,7,203.0,crop-classifier
180,7200,1471,3011,53,10,530.0,crop-classifier
180,7200,1591,3019,62,7,434.0,crop-classifier
180,7200,1607,3268,16,9,144.0,crop-classifier
180,7200,1828,3011,39,14,546.0,crop-classifier
181,7240,1465,3009,51,16,816.0,crop-classifier
181,7240,1607,3268,18,9,162.0,crop-classifier
181,7240,1802,3013,37,9,333.0,crop-classifier
181,7240,1855,3012,30,9,270.0,crop-classifier
182,7280,1456,3010,28,7,196.0,crop-classifier
182,7280,1534,3014,50,11,550.0,crop-classifier
182,7280,1612,3266,13,11,143.0,crop-classifier
183,7320,1450,3010,26,6,156.0,crop-classifier
183,7320,1499,3013,39,10,390.0,crop-classifier
183,7320,1546,3017,57,8,456.0,crop-classifier
183,7320,1607,3266,24,10,240.0,crop-classifier
183,7320,1842,3014,30,6,180.0,crop-classifier
184,7360,1445,3009,51,9,459.0,crop-classifier
184,7360,1521,3015,49,10,490.0,crop-classifier
184,7360,1615,3272,18,11,198.0,crop-classifier
184,7360,1803,3011,61,12,732.0,crop-classifier
185,7400,1438,3008,25,7,175.0,crop-classifier
185,7400,1484,3014,56,11,616.0,crop-classifier
185,7400,1615,3272,12,8,96.0,crop-classifier
185,7400,1775,3012,59,9,531.0,crop-classifier
186,7440,560,2767,184,258,47472.0,crop-classifier
186,7440,1431,3008,5,5,25.0,crop-classifier
186,7440,1451,3008,48,12,576.0,crop-classifier
186,7440,1526,3014,57,10,570.0,crop-classifier
186,7440,1619,3270,14,8,112.0,crop-classifier
186,7440,1743,3012,63,10,630.0,crop-classifier
186,7440,1821,3011,32,8,256.0,crop-classifier
187,7480,1424,3009,26,5,130.0,crop-classifier
187,7480,1472,3010,55,11,605.0,crop-classifier
187,7480,1615,3267,18,14,252.0,crop-classifier
187,7480,1728,3016,39,7,273.0,crop-classifier
187,7480,1783,3010,38,10,380.0,crop-classifier
188,7520,1438,3010,48,8,384.0,crop-classifier
188,7520,1615,3274,20,9,180.0,crop-classifier
188,7520,1755,3010,37,11,407.0,crop-classifier
188,7520,1809,3011,31,10,310.0,crop-classifier
189,7560,1411,3005,64,12,768.0,crop-classifier
189,7560,1619,3274,15,12,180.0,crop-classifier
189,7560,1770,3011,38,8,304.0,crop-classifier
190,7600,1405,3005,64,11,704.0,crop-classifier
190,7600,1624,3274,12,6,72.0,crop-classifier
190,7600,1796,3012,30,7,210.0,crop-classifier
191,7640,1398,3006,25,7,175.0,crop-classifier
191,7640,1621,3270,18,11,198.0,crop-classifier
191,7640,1757,3009,38,11,418.0,crop-classifier
192,7680,1391,3005,52,9,468.0,crop-classifier
192,7680,1486,3013,58,8,464.0,crop-classifier
192,7680,1618,3277,22,6,132.0,crop-classifier
192,7680,1729,3009,37,11,407.0,crop-classifier
192,7680,1783,3010,29,11,319.0,crop-classifier
193,7720,1382,3003,67,12,804.0,crop-classifier
193,7720,1479,3013,59,7,413.0,crop-classifier
193,7720,1623,3277,16,12,192.0,crop-classifier
193,7720,1691,3014,36,6,216.0,crop-classifier
193,7720,1744,3009,38,9,342.0,crop-classifier
194,7760,1378,3003,52,10,520.0,crop-classifier
194,7760,1456,3007,49,10,490.0,crop-classifier
194,7760,1627,3276,14,6,84.0,crop-classifier
194,7760,1771,3010,29,9,261.0,crop-classifier
195,7800,1372,3003,51,8,408.0,crop-classifier
195,7800,1469,3009,56,10,560.0,crop-classifier
195,7800,1626,3271,15,11,165.0,crop-classifier
195,7800,1730,3008,39,13,507.0,crop-classifier
196,7840,724,2768,185,319,59015.0,crop-classifier
196,7840,1364,3002,53,9,477.0,crop-classifier
196,7840,1463,3010,55,7,385.0,crop-classifier
196,7840,1622,3278,23,7,161.0,crop-classifier
196,7840,1726,3007,60,14,840.0,crop-classifier
197,7880,1359,2999,25,9,225.0,crop-classifier
197,7880,1479,3009,67,10,670.0,crop-classifier
197,7880,1628,3278,15,10,150.0,crop-classifier
197,7880,1719,3007,61,12,732.0,crop-classifier
198,7920,420,17,54,38,2052.0,crop-classifier
198,7920,1353,3000,51,11,561.0,crop-classifier
198,7920,1449,3009,57,6,342.0,crop-classifier
198,7920,1629,3276,15,6,90.0,crop-classifier
198,7920,1744,3009,29,8,232.0,crop-classifier
199,7960,389,19,64,31,1984.0,crop-classifier
199,7960,1345,2999,65,11,715.0,crop-classifier
199,7960,1444,3005,56,10,560.0,crop-classifier
199,7960,1630,3271,15,10,150.0,crop-classifier
199,7960,1705,3003,40,16,640.0,crop-classifier
200,8000,366,19,64,33,2112.0,crop-classifier
200,8000,1339,3000,26,5,130.0,crop-classifier
200,8000,1625,3273,23,9,207.0,crop-classifier
200,8000,1676,3003,37,13,481.0,crop-classifier
200,8000,1732,3007,28,13,364.0,crop-classifier
201,8040,333,19,64,33,2112.0,crop-classifier
201,8040,1332,2997,65,11,715.0,crop-classifier
201,8040,1453,3005,69,13,897.0,crop-classifier
201,8040,1626,3007,47,10,470.0,crop-classifier
201,8040,1630,3275,19,12,228.0,crop-classifier
201,8040,1722,3005,32,14,448.0,crop-classifier
202,8080,304,19,55,33,1815.0,crop-classifier
202,8080,1327,2998,51,10,510.0,crop-classifier
202,8080,1422,3005,58,9,522.0,crop-classifier
202,8080,1631,3273,17,10,170.0,crop-classifier
202,8080,1685,3006,40,10,400.0,crop-classifier
202,8080,2146,2985,14,8,112.0,crop-classifier
203,8120,1320,2997,52,9,468.0,crop-classifier
203,8120,1397,3002,52,10,520.0,crop-classifier
203,8120,1636,3270,13,9,117.0,crop-classifier
203,8120,1712,3007,28,10,280.0,crop-classifier
203,8120,2138,2984,16,10,160.0,crop-classifier
204,8160,233,19,58,33,1914.0,crop-classifier
204,8160,1311,2997,54,9,486.0,crop-classifier
204,8160,1411,3004,58,7,406.0,crop-classifier
204,8160,1630,3266,19,13,247.0,crop-classifier
204,8160,1672,3004,38,11,418.0,crop-classifier
204,8160,2130,2982,18,12,216.0,crop-classifier
205,8200,181,19,64,33,2112.0,crop-classifier
205,8200,1307,2995,50,11,550.0,crop-classifier
205,8200,1428,3003,69,12,828.0,crop-classifier
205,8200,1630,3273,18,8,144.0,crop-classifier
205,8200,1699,3005,27,12,324.0,crop-classifier
205,8200,2123,2982,17,10,170.0,crop-classifier
206,8240,134,19,62,33,2046.0,crop-classifier
206,8240,1300,2996,52,10,520.0,crop-classifier
206,8240,1381,3000,47,8,376.0,crop-classifier
206,8240,1633,3272,13,9,117.0,crop-classifier
206,8240,1658,3004,40,13,520.0,crop-classifier
206,8240,2115,2982,17,9,153.0,crop-classifier
207,8280,1294,2996,24,6,144.0,crop-classifier
207,8280,1416,3003,68,10,680.0,crop-classifier
207,8280,1629,3001,59,15,885.0,crop-classifier
207,8280,1635,3269,14,7,98.0,crop-classifier
207,8280,2106,2982,18,10,180.0,crop-classifier
208,8320,47,19,64,33,2112.0,crop-classifier
208,8320,715,2666,135,390,52650.0,crop-classifier
208,8320,1288,2995,63,10,630.0,crop-classifier
208,8320,1410,3001,69,11,759.0,crop-classifier
208,8320,1600,3003,61,11,671.0,crop-classifier
208,8320,1636,3265,14,10,140.0,crop-classifier
208,8320,1677,3003,31,13,403.0,crop-classifier
208,8320,2101,2983,5,6,30.0,crop-classifier
209,8360,7,19,47,33,1551.0,crop-classifier
209,8360,1281,2994,51,9,459.0,crop-classifier
209,8360,1405,3001,67,12,804.0,crop-classifier
209,8360,1590,3004,64,10,640.0,crop-classifier
209,8360,1631,3266,19,9,171.0,crop-classifier
209,8360,2093,2982,6,4,24.0,crop-classifier
210,8400,1275,2994,50,9,450.0,crop-classifier
210,8400,1373,2999,60,7,420.0,crop-classifier
210,8400,1559,3005,55,12,660.0,crop-classifier
210,8400,1635,3266,15,14,210.0,crop-classifier
210,8400,1861,3399,58,35,2030.0,crop-classifier
210,8400,2085,2982,5,5,25.0,crop-classifier
211,8440,1268,2993,52,9,468.0,crop-classifier
211,8440,1367,2997,58,10,580.0,crop-classifier
211,8440,1536,3003,46,13,598.0,crop-classifier
211,8440,1603,3000,62,15,930.0,crop-classifier
211,8440,1636,3262,12,11,132.0,crop-classifier
211,8440,2077,2983,6,5,30.0,crop-classifier
212,8480,766,3104,77,245,18865.0,crop-classifier
212,8480,1261,2994,52,6,312.0,crop-classifier
212,8480,1384,2998,71,11,781.0,crop-classifier
212,8480,1511,3000,49,11,539.0,crop-classifier
212,8480,1572,3001,64,12,768.0,crop-classifier
212,8480,1641,3261,11,8,88.0,crop-classifier
212,8480,2067,2981,8,4,32.0,crop-classifier
213,8520,735,3087,113,283,31979.0,crop-classifier
213,8520,1255,2991,65,9,585.0,crop-classifier
213,8520,1378,2995,71,15,1065.0,crop-classifier
213,8520,1474,3001,62,9,558.0,crop-classifier
213,8520,1562,3002,66,11,726.0,crop-classifier
213,8520,1635,3258,18,11,198.0,crop-classifier
213,8520,2061,2979,6,5,30.0,crop-classifier
214,8560,735,3079,119,284,33796.0,crop-classifier
214,8560,1248,2991,52,9,468.0,crop-classifier
214,8560,1331,2994,47,9,423.0,crop-classifier
214,8560,1447,3001,58,6,348.0,crop-classifier
214,8560,1535,3002,53,10,530.0,crop-classifier
214,8560,1639,3262,18,10,180.0,crop-classifier
214,8560,2051,2980,7,5,35.0,crop-classifier
215,8600,390,0,91,66,6006.0,crop-classifier
215,8600,1238,2988,58,11,638.0,crop-classifier
215,8600,1338,2992,61,13,793.0,crop-classifier
215,8600,1417,3000,51,7,357.0,crop-classifier
215,8600,1547,2998,71,16,1136.0,crop-classifier
215,8600,1638,3255,14,16,224.0,crop-classifier
215,8600,2045,2980,7,6,42.0,crop-classifier
216,8640,318,19,75,46,3450.0,crop-classifier
216,8640,735,3055,129,288,37152.0,crop-classifier
216,8640,1233,2991,55,7,385.0,crop-classifier
216,8640,1299,2993,41,8,328.0,crop-classifier
216,8640,1360,2995,58,10,580.0,crop-classifier
216,8640,1504,2999,46,13,598.0,crop-classifier
216,8640,1640,3256,15,8,120.0,crop-classifier
216,8640,2035,2978,9,6,54.0,crop-classifier
217,8680,287,19,64,34,2176.0,crop-classifier
217,8680,1229,2991,51,9,459.0,crop-classifier
217,8680,1352,2993,72,15,1080.0,crop-classifier
217,8680,1482,3001,50,9,450.0,crop-classifier
217,8680,1640,3250,17,12,204.0,crop-classifier
217,8680,2026,2978,10,5,50.0,crop-classifier
218,8720,243,19,64,34,2176.0,crop-classifier
218,8720,1219,2991,69,9,621.0,crop-classifier
218,8720,1345,2994,74,11,814.0,crop-classifier
218,8720,1475,2999,31,9,279.0,crop-classifier
218,8720,1640,3255,16,6,96.0,crop-classifier
218,8720,2020,2978,8,6,48.0,crop-classifier
219,8760,188,19,64,34,2176.0,crop-classifier
219,8760,1215,2989,55,9,495.0,crop-classifier
219,8760,1339,2993,73,10,730.0,crop-classifier
219,8760,1439,2997,52,8,416.0,crop-classifier
219,8760,1640,3251,14,13,182.0,crop-classifier
219,8760,2013,2978,7,5,35.0,crop-classifier
220,8800,134,19,56,34,1904.0,crop-classifier
220,8800,1210,2986,54,11,594.0,crop-classifier
220,8800,1336,2992,70,11,770.0,crop-classifier
220,8800,1432,2997,64,10,640.0,crop-classifier
220,8800,1638,3250,18,7,126.0,crop-classifier
220,8800,2006,2975,6,9,54.0,crop-classifier
221,8840,1203,2989,52,7,364.0,crop-classifier
221,8840,1329,2991,71,12,852.0,crop-classifier
221,8840,1563,2995,61,15,915.0,crop-classifier
221,8840,1642,3245,14,10,140.0,crop-classifier
221,8840,1996,2976,8,5,40.0,crop-classifier
222,8880,16,19,53,34,1802.0,crop-classifier
222,8880,1196,2990,53,6,318.0,crop-classifier
222,8880,1322,2990,72,11,792.0,crop-classifier
222,8880,1481,2997,56,13,728.0,crop-classifier
222,8880,1557,2997,58,13,754.0,crop-classifier
222,8880,1639,3245,17,11,187.0,crop-classifier
222,8880,1989,2977,7,6,42.0,crop-classifier
223,8920,417,0,64,65,4160.0,crop-classifier
223,8920,1189,2989,54,7,378.0,crop-classifier
223,8920,1317,2990,70,10,700.0,crop-classifier
223,8920,1462,2994,44,18,792.0,crop-classifier
223,8920,1527,2995,61,12,732.0,crop-classifier
223,8920,1641,3245,17,11,187.0,crop-classifier
223,8920,1981,2975,8,6,48.0,crop-classifier
224,8960,386,19,56,14,784.0,crop-classifier
224,8960,1184,2987,52,8,416.0,crop-classifier
224,8960,1310,2989,72,13,936.0,crop-classifier
224,8960,1439,2998,47,9,423.0,crop-classifier
224,8960,1544,2994,61,15,915.0,crop-classifier
224,8960,1642,3242,17,9,153.0,crop-classifier
224,8960,1974,2972,6,7,42.0,crop-classifier
225,9000,376,19,63,34,2142.0,crop-classifier
225,9000,1177,2988,53,6,318.0,crop-classifier
225,9000,1277,2989,59,8,472.0,crop-classifier
225,9000,1433,2998,41,8,328.0,crop-classifier
225,9000,1647,3238,13,9,117.0,crop-classifier
225,9000,1967,2974,5,4,20.0,crop-classifier
226,9040,347,19,64,34,2176.0,crop-classifier
226,9040,1171,2988,53,9,477.0,crop-classifier
226,9040,1237,2987,63,10,630.0,crop-classifier
226,9040,1399,2995,61,11,671.0,crop-classifier
226,9040,1645,3232,14,13,182.0,crop-classifier
226,9040,1959,2974,5,5,25.0,crop-classifier
227,9080,316,19,64,34,2176.0,crop-classifier
227,9080,1163,2989,28,6,168.0,crop-classifier
227,9080,1213,2987,41,8,328.0,crop-classifier
227,9080,1265,2987,60,10,600.0,crop-classifier
227,9080,1371,2993,55,8,440.0,crop-classifier
227,9080,1644,3234,17,8,136.0,crop-classifier
227,9080,1951,2973,6,4,24.0,crop-classifier
228,9120,278,19,64,34,2176.0,crop-classifier
228,9120,1157,2985,54,11,594.0,crop-classifier
228,9120,1256,2987,62,9,558.0,crop-classifier
228,9120,1353,2991,35,9,315.0,crop-classifier
228,9120,1646,3233,14,11,154.0,crop-classifier
228,9120,1943,2971,5,5,25.0,crop-classifier
229,9160,236,19,55,34,1870.0,crop-classifier
229,9160,1173,2987,58,7,406.0,crop-classifier
229,9160,1278,2986,72,11,792.0,crop-classifier
229,9160,1512,2992,58,15,870.0,crop-classifier
229,9160,1647,3230,12,10,120.0,crop-classifier
229,9160,1935,2972,5,5,25.0,crop-classifier
230,9200,187,19,64,33,2112.0,crop-classifier
230,9200,1144,2986,53,8,424.0,crop-classifier
230,9200,1298,2986,59,14,826.0,crop-classifier
230,9200,1483,2991,36,11,396.0,crop-classifier
230,9200,1650,3223,14,10,140.0,crop-classifier
230,9200,1927,2972,5,4,20.0,crop-classifier
231,9240,139,19,60,33,1980.0,crop-classifier
231,9240,1138,2986,54,7,378.0,crop-classifier
231,9240,1266,2986,71,11,781.0,crop-classifier
231,9240,1446,2988,64,20,1280.0,crop-classifier
231,9240,1647,3222,17,10,170.0,crop-classifier
231,9240,1919,2970,6,5,30.0,crop-classifier
232,9280,86,19,64,33,2112.0,crop-classifier
232,9280,1131,2984,57,10,570.0,crop-classifier
232,9280,1258,2984,73,14,1022.0,crop-classifier
232,9280,1405,2990,46,16,736.0,crop-classifier
232,9280,1647,3225,21,8,168.0,crop-classifier
232,9280,1911,2969,7,5,35.0,crop-classifier
232,9280,2146,2991,8,6,48.0,crop-classifier
233,9320,33,19,59,33,1947.0,crop-classifier
233,9320,1125,2986,55,7,385.0,crop-classifier
233,9320,1250,2985,63,9,567.0,crop-classifier
233,9320,1383,2991,45,13,585.0,crop-classifier
233,9320,1649,3222,14,10,140.0,crop-classifier
233,9320,1903,2970,7,5,35.0,crop-classifier
233,9320,2138,2986,11,8,88.0,crop-classifier
234,9360,1119,2987,53,7,371.0,crop-classifier
234,9360,1244,2986,64,7,448.0,crop-classifier
234,9360,1348,2992,52,6,312.0,crop-classifier
234,9360,1652,3218,14,7,98.0,crop-classifier
234,9360,1896,2970,6,4,24.0,crop-classifier
234,9360,2130,2990,8,5,40.0,crop-classifier
235,9400,1111,2987,28,6,168.0,crop-classifier
235,9400,1213,2983,61,9,549.0,crop-classifier
235,9400,1313,2988,64,11,704.0,crop-classifier
235,9400,1658,3215,11,7,77.0,crop-classifier
235,9400,1888,2967,6,5,30.0,crop-classifier
235,9400,2122,2990,6,5,30.0,crop-classifier
236,9440,1104,2983,56,11,616.0,crop-classifier
236,9440,1232,2984,65,9,585.0,crop-classifier
236,9440,1650,3210,19,11,209.0,crop-classifier
236,9440,1879,2967,7,5,35.0,crop-classifier
236,9440,2116,2988,5,4,20.0,crop-classifier
237,9480,1099,2985,52,8,416.0,crop-classifier
237,9480,1167,2983,38,9,342.0,crop-classifier
237,9480,1255,2984,60,13,780.0,crop-classifier
237,9480,1655,3214,14,8,112.0,crop-classifier
237,9480,1871,2967,7,5,35.0,crop-classifier
237,9480,2107,2984,6,8,48.0,crop-classifier
238,9520,1093,2985,54,8,432.0,crop-classifier
238,9520,1222,2984,60,8,480.0,crop-classifier
238,9520,1405,2986,88,16,1408.0,crop-classifier
238,9520,1654,3211,14,9,126.0,crop-classifier
238,9520,1863,2966,7,4,28.0,crop-classifier
238,9520,2097,2986,7,6,42.0,crop-classifier
238,9520,2147,2986,13,11,143.0,crop-classifier
239,9560,1087,2989,5,4,20.0,crop-classifier
239,9560,1108,2984,62,8,496.0,crop-classifier
239,9560,1214,2983,62,10,620.0,crop-classifier
239,9560,1375,2983,57,21,1197.0,crop-classifier
239,9560,1657,3208,14,6,84.0,crop-classifier
239,9560,1855,2964,7,5,35.0,crop-classifier
239,9560,2089,2987,7,5,35.0,crop-classifier
239,9560,2139,2987,5,4,20.0,crop-classifier
240,9600,1079,2983,56,11,616.0,crop-classifier
240,9600,1182,2981,54,11,594.0,crop-classifier
240,9600,1311,2990,62,11,682.0,crop-classifier
240,9600,1452,2983,48,17,816.0,crop-classifier
240,9600,1659,3202,13,10,130.0,crop-classifier
240,9600,1847,2964,10,5,50.0,crop-classifier
240,9600,2081,2984,7,7,49.0,crop-classifier
240,9600,2130,2988,5,4,20.0,crop-classifier
241,9640,1073,2983,55,10,550.0,crop-classifier
241,9640,1141,2985,38,6,228.0,crop-classifier
241,9640,1202,2982,61,9,549.0,crop-classifier
241,9640,1274,2984,36,10,360.0,crop-classifier
241,9640,1434,2987,40,8,320.0,crop-classifier
241,9640,1654,3202,20,8,160.0,crop-classifier
241,9640,1838,2963,10,10,100.0,crop-classifier
241,9640,2073,2985,6,5,30.0,crop-classifier
241,9640,2123,2986,5,4,20.0,crop-classifier
242,9680,1092,2984,64,10,640.0,crop-classifier
242,9680,1197,2982,61,9,549.0,crop-classifier
242,9680,1331,2982,66,21,1386.0,crop-classifier
242,9680,1410,2984,59,10,590.0,crop-classifier
242,9680,1657,3203,17,10,170.0,crop-classifier
242,9680,1832,2964,7,4,28.0,crop-classifier
242,9680,2064,2986,7,7,49.0,crop-classifier
242,9680,2114,2983,43,9,387.0,crop-classifier
243,9720,1061,2989,4,4,16.0,crop-classifier
243,9720,1083,2983,34,12,408.0,crop-classifier
243,9720,1188,2983,63,10,630.0,crop-classifier
243,9720,1263,2984,35,8,280.0,crop-classifier
243,9720,1402,2983,37,11,407.0,crop-classifier
243,9720,1660,3200,12,10,120.0,crop-classifier
243,9720,1824,2961,7,6,42.0,crop-classifier
243,9720,2057,2985,5,5,25.0,crop-classifier
243,9720,2106,2985,44,6,264.0,crop-classifier
244,9760,1053,2981,57,14,798.0,crop-classifier
244,9760,1184,2982,62,10,620.0,crop-classifier
244,9760,1369,2985,51,15,765.0,crop-classifier
244,9760,1661,3194,14,11,154.0,crop-classifier
244,9760,1815,2958,9,9,81.0,crop-classifier
244,9760,2049,2983,4,6,24.0,crop-classifier
244,9760,2097,2982,46,8,368.0,crop-classifier
245,9800,1047,2983,57,10,570.0,crop-classifier
245,9800,1150,2982,59,8,472.0,crop-classifier
245,9800,1231,2983,54,9,486.0,crop-classifier
245,9800,1329,2984,42,16,672.0,crop-classifier
245,9800,1809,2962,6,6,36.0,crop-classifier
245,9800,2041,2985,3,4,12.0,crop-classifier
245,9800,2089,2982,45,6,270.0,crop-classifier
246,9840,1039,2984,56,10,560.0,crop-classifier
246,9840,1168,2982,64,10,640.0,crop-classifier
246,9840,1307,2988,39,14,546.0,crop-classifier
246,9840,1657,3194,20,6,120.0,crop-classifier
246,9840,1799,2961,9,7,63.0,crop-classifier
246,9840,2031,2985,6,8,48.0,crop-classifier
246,9840,2080,2981,47,9,423.0,crop-classifier
247,9880,1034,2984,57,8,456.0,crop-classifier
247,9880,1162,2981,65,8,520.0,crop-classifier
247,9880,1661,3192,14,10,140.0,crop-classifier
247,9880,1791,2959,8,5,40.0,crop-classifier
247,9880,2022,2982,7,6,42.0,crop-classifier
247,9880,2112,2983,36,7,252.0,crop-classifier
248,9920,417,0,64,65,4160.0,crop-classifier
248,9920,1027,2987,29,7,203.0,crop-classifier
248,9920,1131,2979,60,11,660.0,crop-classifier
248,9920,1234,2983,34,9,306.0,crop-classifier
248,9920,1663,3189,14,9,126.0,crop-classifier
248,9920,1783,2958,8,6,48.0,crop-classifier
248,9920,2015,2982,4,6,24.0,crop-classifier
248,9920,2105,2979,55,14,770.0,crop-classifier
249,9960,386,19,56,14,784.0,crop-classifier
249,9960,1022,2981,56,12,672.0,crop-classifier
249,9960,1151,2980,33,9,297.0,crop-classifier
249,9960,1208,2981,40,9,360.0,crop-classifier
249,9960,1666,3182,14,12,168.0,crop-classifier
249,9960,1774,2959,9,7,63.0,crop-classifier
249,9960,2002,2982,10,6,60.0,crop-classifier
249,9960,2095,2979,65,14,910.0,crop-classifier
250,10000,376,19,63,34,2142.0,crop-classifier
250,10000,1015,2985,27,9,243.0,crop-classifier
250,10000,1119,2980,58,11,638.0,crop-classifier
250,10000,1662,3178,19,16,304.0,crop-classifier
250,10000,1767,2958,9,8,72.0,crop-classifier
250,10000,1997,2983,5,5,25.0,crop-classifier
250,10000,2087,2981,65,9,585.0,crop-classifier
251,10040,347,19,64,34,2176.0,crop-classifier
251,10040,1009,2988,27,4,108.0,crop-classifier
251,10040,1139,2980,64,9,576.0,crop-classifier
251,10040,1658,3182,23,7,161.0,crop-classifier
251,10040,1759,2956,8,9,72.0,crop-classifier
251,10040,1988,2981,6,5,30.0,crop-classifier
251,10040,2080,2980,80,10,800.0,crop-classifier
252,10080,316,19,64,34,2176.0,crop-classifier
252,10080,999,2981,60,12,720.0,crop-classifier
252,10080,1106,2981,59,9,531.0,crop-classifier
252,10080,1662,3180,19,12,228.0,crop-classifier
252,10080,1752,2957,7,5,35.0,crop-classifier
252,10080,1980,2982,5,4,20.0,crop-classifier
252,10080,2071,2976,60,16,960.0,crop-classifier
253,10120,278,19,64,34,2176.0,crop-classifier
253,10120,992,2978,61,15,915.0,crop-classifier
253,10120,1086,2983,47,8,376.0,crop-classifier
253,10120,1667,3177,10,6,60.0,crop-classifier
253,10120,1743,2957,9,8,72.0,crop-classifier
253,10120,1971,2983,5,4,20.0,crop-classifier
253,10120,2022,2979,46,5,230.0,crop-classifier
254,10160,236,19,55,34,1870.0,crop-classifier
254,10160,989,2982,57,13,741.0,crop-classifier
254,10160,1091,2980,61,11,671.0,crop-classifier
254,10160,1671,3174,9,6,54.0,crop-classifier
254,10160,1736,2956,7,5,35.0,crop-classifier
254,10160,1963,2982,5,4,20.0,crop-classifier
254,10160,2014,2979,46,6,276.0,crop-classifier
255,10200,187,19,64,33,2112.0,crop-classifier
255,10200,982,2982,58,10,580.0,crop-classifier
255,10200,1053,2984,39,8,312.0,crop-classifier
255,10200,1670,3170,14,9,126.0,crop-classifier
255,10200,1727,2955,8,5,40.0,crop-classifier
255,10200,1955,2979,5,6,30.0,crop-classifier
255,10200,2046,2978,39,11,429.0,crop-classifier
256,10240,139,19,60,33,1980.0,crop-classifier
256,10240,976,2981,58,13,754.0,crop-classifier
256,10240,1673,3170,11,5,55.0,crop-classifier
256,10240,1720,2956,8,4,32.0,crop-classifier
256,10240,1946,2981,4,4,16.0,crop-classifier
256,10240,1996,2975,46,9,414.0,crop-classifier
257,10280,86,19,64,33,2112.0,crop-classifier
257,10280,970,2979,57,13,741.0,crop-classifier
257,10280,1100,2980,64,8,512.0,crop-classifier
257,10280,1239,2978,67,19,1273.0,crop-classifier
257,10280,1667,3167,17,6,102.0,crop-classifier
257,10280,1711,2955,8,7,56.0,crop-classifier
257,10280,1936,2983,4,3,12.0,crop-classifier
257,10280,2029,2975,38,8,304.0,crop-classifier
258,10320,33,19,59,33,1947.0,crop-classifier
258,10320,986,2983,62,11,682.0,crop-classifier
258,10320,1066,2981,60,11,660.0,crop-classifier
258,10320,1234,2984,38,8,304.0,crop-classifier
258,10320,1668,3166,17,5,85.0,crop-classifier
258,10320,1702,2955,9,5,45.0,crop-classifier
258,10320,1928,2980,5,4,20.0,crop-classifier
258,10320,1980,2978,46,6,276.0,crop-classifier
259,10360,955,2987,29,5,145.0,crop-classifier
259,10360,1089,2979,64,10,640.0,crop-classifier
259,10360,1226,2975,68,19,1292.0,crop-classifier
259,10360,1671,3163,15,5,75.0,crop-classifier
259,10360,1694,2952,9,9,81.0,crop-classifier
259,10360,1919,2975,5,9,45.0,crop-classifier
259,10360,1971,2976,48,8,384.0,crop-classifier
260,10400,947,2981,61,12,732.0,crop-classifier
260,10400,1038,2980,50,11,550.0,crop-classifier
260,10400,1191,2980,61,6,366.0,crop-classifier
260,10400,1672,3161,17,6,102.0,crop-classifier
260,10400,1687,2954,8,5,40.0,crop-classifier
260,10400,1911,2980,5,5,25.0,crop-classifier
260,10400,1963,2979,5,4,20.0,crop-classifier
260,10400,2006,2974,34,9,306.0,crop-classifier
261,10440,943,2986,28,6,168.0,crop-classifier
261,10440,1048,2981,59,10,590.0,crop-classifier
261,10440,1673,3159,16,5,80.0,crop-classifier
261,10440,1679,2954,8,6,48.0,crop-classifier
261,10440,1903,2981,5,4,20.0,crop-classifier
261,10440,1954,2977,46,7,322.0,crop-classifier
262,10480,934,2984,31,13,403.0,crop-classifier
262,10480,1040,2981,60,11,660.0,crop-classifier
262,10480,1672,2953,7,5,35.0,crop-classifier
262,10480,1673,3157,17,7,119.0,crop-classifier
262,10480,1890,2978,9,6,54.0,crop-classifier
262,10480,1945,2976,47,7,329.0,crop-classifier
263,10520,930,2986,29,7,203.0,crop-classifier
263,10520,1001,2983,39,9,351.0,crop-classifier
263,10520,1062,2980,64,11,704.0,crop-classifier
263,10520,1664,2951,7,7,49.0,crop-classifier
263,10520,1674,3154,17,5,85.0,crop-classifier
263,10520,1883,2978,6,5,30.0,crop-classifier
263,10520,1937,2976,46,8,368.0,crop-classifier
264,10560,923,2983,61,10,610.0,crop-classifier
264,10560,1026,2981,61,10,610.0,crop-classifier
264,10560,1274,2974,86,12,1032.0,crop-classifier
264,10560,1655,2951,8,6,48.0,crop-classifier
264,10560,1675,3153,17,5,85.0,crop-classifier
264,10560,1875,2980,6,4,24.0,crop-classifier
264,10560,1928,2977,6,5,30.0,crop-classifier
264,10560,1970,2975,39,9,351.0,crop-classifier
265,10600,917,2979,59,14,826.0,crop-classifier
265,10600,1048,2981,66,8,528.0,crop-classifier
265,10600,1269,2971,85,14,1190.0,crop-classifier
265,10600,1646,2953,9,6,54.0,crop-classifier
265,10600,1676,3149,18,6,108.0,crop-classifier
265,10600,1868,2978,4,5,20.0,crop-classifier
265,10600,1920,2975,7,5,35.0,crop-classifier
265,10600,1963,2973,36,9,324.0,crop-classifier
266,10640,911,2982,60,14,840.0,crop-classifier
266,10640,1016,2980,59,12,708.0,crop-classifier
266,10640,1640,2952,6,5,30.0,crop-classifier
266,10640,1679,3148,17,5,85.0,crop-classifier
266,10640,1858,2976,6,6,36.0,crop-classifier
266,10640,1911,2976,47,5,235.0,crop-classifier
267,10680,902,2987,30,5,150.0,crop-classifier
267,10680,1037,2980,64,10,640.0,crop-classifier
267,10680,1633,2951,5,6,30.0,crop-classifier
267,10680,1680,3145,16,5,80.0,crop-classifier
267,10680,1850,2979,4,3,12.0,crop-classifier
267,10680,1903,2976,5,6,30.0,crop-classifier
267,10680,1946,2975,36,9,324.0,crop-classifier
267,10680,2126,2977,34,7,238.0,crop-classifier
268,10720,896,2982,64,11,704.0,crop-classifier
268,10720,1002,2981,59,10,590.0,crop-classifier
268,10720,1282,2973,45,7,315.0,crop-classifier
268,10720,1623,2952,8,7,56.0,crop-classifier
268,10720,1680,3143,20,5,100.0,crop-classifier
268,10720,1840,2979,7,5,35.0,crop-classifier
268,10720,1894,2974,6,6,36.0,crop-classifier
268,10720,1934,2974,40,8,320.0,crop-classifier
268,10720,2101,2975,53,8,424.0,crop-classifier
269,10760,891,2987,29,5,145.0,crop-classifier
269,10760,996,2982,60,10,600.0,crop-classifier
269,10760,1279,2971,41,8,328.0,crop-classifier
269,10760,1616,2952,10,7,70.0,crop-classifier
269,10760,1682,3141,18,5,90.0,crop-classifier
269,10760,1832,2978,6,4,24.0,crop-classifier
269,10760,1885,2975,47,7,329.0,crop-classifier
269,10760,2077,2975,40,11,440.0,crop-classifier
269,10760,2138,2974,22,8,176.0,crop-classifier
270,10800,735,3091,103,332,34196.0,crop-classifier
270,10800,882,2979,66,15,990.0,crop-classifier
270,10800,1606,2950,8,7,56.0,crop-classifier
270,10800,1683,3138,18,6,108.0,crop-classifier
270,10800,1823,2975,6,7,42.0,crop-classifier
270,10800,1876,2975,47,6,282.0,crop-classifier
270,10800,2070,2974,38,12,456.0,crop-classifier
271,10840,947,2983,41,9,369.0,crop-classifier
271,10840,1009,2981,67,10,670.0,crop-classifier
271,10840,1601,2949,5,7,35.0,crop-classifier
271,10840,1685,3137,18,6,108.0,crop-classifier
271,10840,1814,2979,6,5,30.0,crop-classifier
271,10840,1866,2974,48,7,336.0,crop-classifier
271,10840,2095,2974,35,8,280.0,crop-classifier
272,10880,871,2984,26,8,208.0,crop-classifier
272,10880,928,2983,36,12,432.0,crop-classifier
272,10880,1003,2981,66,9,594.0,crop-classifier
272,10880,1591,2953,6,4,24.0,crop-classifier
272,10880,1686,3134,18,7,126.0,crop-classifier
272,10880,1805,2979,6,4,24.0,crop-classifier
272,10880,1858,2972,49,8,392.0,crop-classifier
272,10880,2087,2971,35,9,315.0,crop-classifier
273,10920,417,0,64,65,4160.0,crop-classifier
273,10920,865,2986,5,5,25.0,crop-classifier
273,10920,924,2981,18,11,198.0,crop-classifier
273,10920,997,2981,68,9,612.0,crop-classifier
273,10920,1583,2951,8,6,48.0,crop-classifier
273,10920,1686,3132,19,6,114.0,crop-classifier
273,10920,1797,2976,6,5,30.0,crop-classifier
273,10920,1853,2976,3,2,6.0,crop-classifier
273,10920,1894,2973,37,7,259.0,crop-classifier
273,10920,2050,2970,64,13,832.0,crop-classifier
274,10960,421,0,60,60,3600.0,crop-classifier
274,10960,759,3118,74,244,18056.0,crop-classifier
274,10960,859,2981,63,11,693.0,crop-classifier
274,10960,964,2981,60,12,720.0,crop-classifier
274,10960,1576,2951,4,4,16.0,crop-classifier
274,10960,1687,3128,19,10,190.0,crop-classifier
274,10960,1787,2975,6,6,36.0,crop-classifier
274,10960,1843,2975,6,5,30.0,crop-classifier
274,10960,1887,2972,35,8,280.0,crop-classifier
274,10960,2021,2972,55,11,605.0,crop-classifier
274,10960,2098,2972,18,9,162.0,crop-classifier
274,10960,2142,2971,18,9,162.0,crop-classifier
275,11000,390,19,64,14,896.0,crop-classifier
275,11000,875,2983,50,8,400.0,crop-classifier
275,11000,1567,2951,7,6,42.0,crop-classifier
275,11000,1689,3129,19,6,114.0,crop-classifier
275,11000,1779,2977,6,6,36.0,crop-classifier
275,11000,1835,2974,5,4,20.0,crop-classifier
275,11000,1879,2975,36,5,180.0,crop-classifier
275,11000,1991,2970,60,21,1260.0,crop-classifier
275,11000,2064,2972,76,8,608.0,crop-classifier
276,11040,383,19,60,34,2040.0,crop-classifier
276,11040,813,2983,61,41,2501.0,crop-classifier
276,11040,976,2979,68,13,884.0,crop-classifier
276,11040,1554,2952,10,8,80.0,crop-classifier
276,11040,1691,3124,18,9,162.0,crop-classifier
276,11040,1771,2977,5,3,15.0,crop-classifier
276,11040,1826,2971,5,6,30.0,crop-classifier
276,11040,1870,2973,36,7,252.0,crop-classifier
276,11040,1954,2971,54,18,972.0,crop-classifier
276,11040,2084,2971,5,4,20.0,crop-classifier
276,11040,2128,2973,32,8,256.0,crop-classifier
277,11080,318,19,86,46,3956.0,crop-classifier
277,11080,418,0,63,66,4158.0,crop-classifier
277,11080,806,2985,62,39,2418.0,crop-classifier
277,11080,1550,2951,7,5,35.0,crop-classifier
277,11080,1691,3122,21,9,189.0,crop-classifier
277,11080,1759,2973,8,7,56.0,crop-classifier
277,11080,1814,2973,49,7,343.0,crop-classifier
277,11080,1915,2972,58,17,986.0,crop-classifier
277,11080,2048,2971,34,5,170.0,crop-classifier
277,11080,2121,2969,29,8,232.0,crop-classifier
278,11120,318,19,75,46,3450.0,crop-classifier
278,11120,832,2985,28,7,196.0,crop-classifier
278,11120,967,2982,66,10,660.0,crop-classifier
278,11120,1543,2949,9,6,54.0,crop-classifier
278,11120,1693,3122,19,7,133.0,crop-classifier
278,11120,1750,2975,8,5,40.0,crop-classifier
278,11120,1810,2970,45,9,405.0,crop-classifier
278,11120,2020,2971,53,7,371.0,crop-classifier
278,11120,2112,2971,33,7,231.0,crop-classifier
279,11160,281,19,60,33,1980.0,crop-classifier
279,11160,377,19,59,15,885.0,crop-classifier
279,11160,738,3064,123,284,34932.0,crop-classifier
279,11160,795,2986,37,37,1369.0,crop-classifier
279,11160,882,2983,84,10,840.0,crop-classifier
279,11160,1532,2950,12,5,60.0,crop-classifier
279,11160,1694,3119,18,9,162.0,crop-classifier
279,11160,1744,2977,8,7,56.0,crop-classifier
279,11160,1798,2969,7,7,49.0,crop-classifier
279,11160,1874,2971,42,7,294.0,crop-classifier
279,11160,1996,2968,41,9,369.0,crop-classifier
279,11160,2103,2971,31,6,186.0,crop-classifier
280,11200,244,19,64,32,2048.0,crop-classifier
280,11200,364,19,64,26,1664.0,crop-classifier
280,11200,735,3055,131,283,37073.0,crop-classifier
280,11200,811,2983,75,41,3075.0,crop-classifier
280,11200,952,2979,67,14,938.0,crop-classifier
280,11200,1522,2951,13,6,78.0,crop-classifier
280,11200,1695,3119,19,6,114.0,crop-classifier
280,11200,1736,2975,4,4,16.0,crop-classifier
280,11200,1791,2970,5,7,35.0,crop-classifier
280,11200,1836,2970,60,10,600.0,crop-classifier
280,11200,1960,2968,52,19,988.0,crop-classifier
280,11200,2121,2967,35,10,350.0,crop-classifier
281,11240,197,19,57,33,1881.0,crop-classifier
281,11240,347,19,62,31,1922.0,crop-classifier
281,11240,735,3039,136,290,39440.0,crop-classifier
281,11240,812,2983,32,6,192.0,crop-classifier
281,11240,977,2979,74,10,740.0,crop-classifier
281,11240,1516,2951,12,6,72.0,crop-classifier
281,11240,1696,3117,18,6,108.0,crop-classifier
281,11240,1727,2972,5,6,30.0,crop-classifier
281,11240,1784,2972,45,8,360.0,crop-classifier
281,11240,1926,2970,57,18,1026.0,crop-classifier
281,11240,2088,2968,63,10,630.0,crop-classifier
282,11280,138,19,61,33,2013.0,crop-classifier
282,11280,322,19,64,32,2048.0,crop-classifier
282,11280,807,2983,30,8,240.0,crop-classifier
282,11280,870,2983,76,10,760.0,crop-classifier
282,11280,1509,2949,10,6,60.0,crop-classifier
282,11280,1697,3116,20,7,140.0,crop-classifier
282,11280,1719,2975,5,4,20.0,crop-classifier
282,11280,1775,2972,5,4,20.0,crop-classifier
282,11280,1818,2971,36,9,324.0,crop-classifier
282,11280,1887,2969,62,17,1054.0,crop-classifier
282,11280,2007,2969,34,7,238.0,crop-classifier
282,11280,2080,2970,63,7,441.0,crop-classifier
283,11320,304,19,55,33,1815.0,crop-classifier
283,11320,735,3021,147,286,42042.0,crop-classifier
283,11320,800,2985,29,5,145.0,crop-classifier
283,11320,861,2984,79,8,632.0,crop-classifier
283,11320,1498,2949,10,6,60.0,crop-classifier
283,11320,1699,3114,19,8,152.0,crop-classifier
283,11320,1709,2975,6,4,24.0,crop-classifier
283,11320,1766,2967,6,9,54.0,crop-classifier
283,11320,1838,2970,46,8,368.0,crop-classifier
283,11320,1920,2966,64,20,1280.0,crop-classifier
283,11320,2096,2969,64,7,448.0,crop-classifier
284,11360,37,19,55,33,1815.0,crop-classifier
284,11360,278,19,48,33,1584.0,crop-classifier
284,11360,785,2983,38,36,1368.0,crop-classifier
284,11360,926,2982,67,11,737.0,crop-classifier
284,11360,1491,2950,8,6,48.0,crop-classifier
284,11360,1699,3113,20,8,160.0,crop-classifier
284,11360,1701,2973,4,4,16.0,crop-classifier
284,11360,1759,2971,4,5,20.0,crop-classifier
284,11360,1805,2970,57,9,513.0,crop-classifier
284,11360,1888,2969,55,19,1045.0,crop-classifier
284,11360,1992,2967,34,6,204.0,crop-classifier
284,11360,2065,2967,63,9,567.0,crop-classifier
285,11400,237,19,54,33,1782.0,crop-classifier
285,11400,815,2983,113,41,4633.0,crop-classifier
285,11400,949,2981,62,8,496.0,crop-classifier
285,11400,1483,2950,8,5,40.0,crop-classifier
285,11400,1690,2968,7,8,56.0,crop-classifier
285,11400,1700,3112,20,10,200.0,crop-classifier
285,11400,1747,2969,48,10,480.0,crop-classifier
285,11400,1822,2967,63,10,630.0,crop-classifier
285,11400,1909,2967,63,18,1134.0,crop-classifier
285,11400,2054,2967,66,11,726.0,crop-classifier
286,11440,203,19,51,33,1683.0,crop-classifier
286,11440,766,2987,82,80,6560.0,crop-classifier
286,11440,913,2983,34,10,340.0,crop-classifier
286,11440,1476,2948,7,8,56.0,crop-classifier
286,11440,1684,2972,6,6,36.0,crop-classifier
286,11440,1703,3110,19,8,152.0,crop-classifier
286,11440,1737,2968,8,8,64.0,crop-classifier
286,11440,1783,2969,62,10,620.0,crop-classifier
286,11440,1871,2968,59,16,944.0,crop-classifier
286,11440,2073,2968,79,7,553.0,crop-classifier
287,11480,160,19,64,33,2112.0,crop-classifier
287,11480,747,2949,56,72,4032.0,crop-classifier
287,11480,879,2984,57,8,456.0,crop-classifier
287,11480,969,2973,93,14,1302.0,crop-classifier
287,11480,1466,2949,6,5,30.0,crop-classifier
287,11480,1675,2972,5,6,30.0,crop-classifier
287,11480,1704,3109,19,9,171.0,crop-classifier
287,11480,1729,2968,49,11,539.0,crop-classifier
287,11480,1848,2967,64,17,1088.0,crop-classifier
287,11480,1968,2965,32,7,224.0,crop-classifier
287,11480,2065,2967,79,8,632.0,crop-classifier
288,11520,120,19,64,33,2112.0,crop-classifier
288,11520,901,2982,67,9,603.0,crop-classifier
288,11520,1458,2950,7,7,49.0,crop-classifier
288,11520,1666,2969,5,6,30.0,crop-classifier
288,11520,1704,3108,20,9,180.0,crop-classifier
288,11520,1721,2970,8,6,48.0,crop-classifier
288,11520,1767,2966,75,10,750.0,crop-classifier
288,11520,1896,2967,52,17,884.0,crop-classifier
288,11520,1960,2966,33,5,165.0,crop-classifier
288,11520,2087,2967,73,13,949.0,crop-classifier
289,11560,79,19,62,33,2046.0,crop-classifier
289,11560,1451,2949,5,4,20.0,crop-classifier
289,11560,1656,2968,6,6,36.0,crop-classifier
289,11560,1705,3108,19,9,171.0,crop-classifier
289,11560,1715,2970,5,5,25.0,crop-classifier
289,11560,1759,2968,36,8,288.0,crop-classifier
289,11560,1831,2966,64,18,1152.0,crop-classifier
289,11560,1952,2966,32,6,192.0,crop-classifier
289,11560,2080,2967,76,11,836.0,crop-classifier
290,11600,33,19,59,33,1947.0,crop-classifier
290,11600,947,2974,98,16,1568.0,crop-classifier
290,11600,1444,2947,4,6,24.0,crop-classifier
290,11600,1646,2969,10,8,80.0,crop-classifier
290,11600,1705,3107,21,10,210.0,crop-classifier
290,11600,1707,2967,4,6,24.0,crop-classifier
290,11600,1750,2968,76,11,836.0,crop-classifier
290,11600,1913,2965,63,8,504.0,crop-classifier
290,11600,2016,2967,64,6,384.0,crop-classifier
291,11640,880,2982,68,9,612.0,crop-classifier
291,11640,1433,2949,6,4,24.0,crop-classifier
291,11640,1640,2969,7,5,35.0,crop-classifier
291,11640,1700,3106,27,16,432.0,crop-classifier
291,11640,1741,2966,76,13,988.0,crop-classifier
291,11640,1936,2962,32,8,256.0,crop-classifier
291,11640,2065,2967,76,11,836.0,crop-classifier
292,11680,741,2948,68,72,4896.0,crop-classifier
292,11680,873,2984,34,8,272.0,crop-classifier
292,11680,1426,2949,6,6,36.0,crop-classifier
292,11680,1632,2965,5,7,35.0,crop-classifier
292,11680,1687,2968,8,7,56.0,crop-classifier
292,11680,1700,3106,27,16,432.0,crop-classifier
292,11680,1735,2966,74,10,740.0,crop-classifier
292,11680,1890,2965,42,7,294.0,crop-classifier
292,11680,2058,2966,74,12,888.0,crop-classifier
293,11720,869,2983,68,9,612.0,crop-classifier
293,11720,1419,2949,5,4,20.0,crop-classifier
293,11720,1622,2967,6,6,36.0,crop-classifier
293,11720,1678,2968,8,5,40.0,crop-classifier
293,11720,1700,3105,27,17,459.0,crop-classifier
293,11720,1724,2966,36,11,396.0,crop-classifier
293,11720,1858,2966,64,16,1024.0,crop-classifier
293,11720,2015,2966,69,7,483.0,crop-classifier
293,11720,2120,2966,29,10,290.0,crop-classifier
294,11760,863,2979,67,12,804.0,crop-classifier
294,11760,1410,2947,6,5,30.0,crop-classifier
294,11760,1612,2967,7,7,49.0,crop-classifier
294,11760,1671,2967,47,9,423.0,crop-classifier
294,11760,1699,3105,29,17,493.0,crop-classifier
294,11760,1823,2966,56,13,728.0,crop-classifier
294,11760,1911,2964,33,7,231.0,crop-classifier
294,11760,1983,2964,65,8,520.0,crop-classifier
294,11760,2089,2967,55,9,495.0,crop-classifier
295,11800,829,2982,63,11,693.0,crop-classifier
295,11800,1401,2947,6,5,30.0,crop-classifier
295,11800,1606,2966,5,6,30.0,crop-classifier
295,11800,1663,2968,6,5,30.0,crop-classifier
295,11800,1699,3105,29,17,493.0,crop-classifier
295,11800,1710,2969,34,6,204.0,crop-classifier
295,11800,1782,2962,64,19,1216.0,crop-classifier
295,11800,2001,2963,67,10,670.0,crop-classifier
295,11800,2080,2967,54,10,540.0,crop-classifier
296,11840,817,2978,68,46,3128.0,crop-classifier
296,11840,934,2975,52,16,832.0,crop-classifier
296,11840,1391,2948,8,6,48.0,crop-classifier
296,11840,1594,2962,8,9,72.0,crop-classifier
296,11840,1655,2968,5,4,20.0,crop-classifier
296,11840,1698,2966,36,8,288.0,crop-classifier
296,11840,1699,3104,28,18,504.0,crop-classifier
296,11840,1755,2965,38,8,304.0,crop-classifier
296,11840,1895,2964,33,5,165.0,crop-classifier
296,11840,1969,2963,63,9,567.0,crop-classifier
296,11840,2055,2968,46,8,368.0,crop-classifier
297,11880,811,2980,67,44,2948.0,crop-classifier
297,11880,928,2978,52,13,676.0,crop-classifier
297,11880,1383,2947,10,6,60.0,crop-classifier
297,11880,1586,2966,8,5,40.0,crop-classifier
297,11880,1647,2964,5,7,35.0,crop-classifier
297,11880,1690,2969,7,4,28.0,crop-classifier
297,11880,1699,3104,28,18,504.0,crop-classifier
297,11880,1721,2966,64,10,640.0,crop-classifier
297,11880,1847,2963,45,12,540.0,crop-classifier
297,11880,1985,2963,67,10,670.0,crop-classifier
297,11880,2083,2967,34,7,238.0,crop-classifier
298,11920,416,0,65,66,4290.0,crop-classifier
298,11920,1374,2944,9,7,63.0,crop-classifier
298,11920,1579,2966,6,6,36.0,crop-classifier
298,11920,1639,2966,5,4,20.0,crop-classifier
298,11920,1682,2963,77,14,1078.0,crop-classifier
298,11920,1699,3104,28,18,504.0,crop-classifier
298,11920,1876,2962,36,9,324.0,crop-classifier
298,11920,1977,2963,68,7,476.0,crop-classifier
298,11920,2056,2965,54,12,648.0,crop-classifier
299,11960,435,11,46,53,2438.0,crop-classifier
299,11960,800,2982,65,42,2730.0,crop-classifier
299,11960,917,2980,13,11,143.0,crop-classifier
299,11960,939,2977,29,11,319.0,crop-classifier
299,11960,1366,2947,8,5,40.0,crop-classifier
299,11960,1571,2965,6,5,30.0,crop-classifier
299,11960,1628,2967,8,6,48.0,crop-classifier
299,11960,1675,2963,75,10,750.0,crop-classifier
299,11960,1699,3105,29,17,493.0,crop-classifier
299,11960,1871,2960,32,9,288.0,crop-classifier
299,11960,1944,2960,64,11,704.0,crop-classifier
299,11960,2031,2965,46,10,460.0,crop-classifier
300,12000,406,19,60,25,1500.0,crop-classifier
300,12000,688,2944,46,40,1840.0,crop-classifier
300,12000,822,2978,69,14,966.0,crop-classifier
300,12000,910,2977,52,15,780.0,crop-classifier
300,12000,1358,2947,10,6,60.0,crop-classifier
300,12000,1561,2963,7,6,42.0,crop-classifier
300,12000,1620,2965,6,7,42.0,crop-classifier
300,12000,1665,2965,63,8,504.0,crop-classifier
300,12000,1699,3105,29,17,493.0,crop-classifier
300,12000,1826,2963,42,8,336.0,crop-classifier
300,12000,1961,2963,69,8,552.0,crop-classifier
300,12000,2061,2964,35,9,315.0,crop-classifier
301,12040,393,19,64,34,2176.0,crop-classifier
301,12040,787,2979,64,45,2880.0,crop-classifier
301,12040,905,2981,42,7,294.0,crop-classifier
301,12040,1351,2946,7,4,28.0,crop-classifier
301,12040,1551,2965,7,5,35.0,crop-classifier
301,12040,1611,2962,6,6,36.0,crop-classifier
301,12040,1656,2964,65,10,650.0,crop-classifier
301,12040,1708,3105,18,11,198.0,crop-classifier
301,12040,1952,2963,69,9,621.0,crop-classifier
302,12080,368,19,64,34,2176.0,crop-classifier
302,12080,779,2979,66,42,2772.0,crop-classifier
302,12080,897,2978,43,10,430.0,crop-classifier
302,12080,1342,2943,9,7,63.0,crop-classifier
302,12080,1545,2965,6,5,30.0,crop-classifier
302,12080,1602,2962,7,8,56.0,crop-classifier
302,12080,1649,2961,75,14,1050.0,crop-classifier
302,12080,1708,3106,19,10,190.0,crop-classifier
302,12080,1944,2961,69,8,552.0,crop-classifier
303,12120,340,19,58,34,1972.0,crop-classifier
303,12120,927,2966,129,51,6579.0,crop-classifier
303,12120,1335,2945,7,7,49.0,crop-classifier
303,12120,1537,2961,4,7,28.0,crop-classifier
303,12120,1594,2964,6,5,30.0,crop-classifier
303,12120,1638,2960,78,13,1014.0,crop-classifier
303,12120,1708,3107,20,9,180.0,crop-classifier
303,12120,1839,2964,31,7,217.0,crop-classifier
303,12120,1911,2961,62,7,434.0,crop-classifier
303,12120,2000,2964,46,8,368.0,crop-classifier
304,12160,304,19,64,34,2176.0,crop-classifier
304,12160,663,2946,64,64,4096.0,crop-classifier
304,12160,925,2975,58,11,638.0,crop-classifier
304,12160,1327,2945,6,6,36.0,crop-classifier
304,12160,1586,2961,5,6,30.0,crop-classifier
304,12160,1631,2966,36,6,216.0,crop-classifier
304,12160,1708,3108,15,8,120.0,crop-classifier
304,12160,1792,2963,44,10,440.0,crop-classifier
304,12160,1928,2962,69,6,414.0,crop-classifier
305,12200,655,2946,58,57,3306.0,crop-classifier
305,12200,920,2975,59,22,1298.0,crop-classifier
305,12200,1319,2944,5,4,20.0,crop-classifier
305,12200,1515,2963,9,7,63.0,crop-classifier
305,12200,1623,2961,76,12,912.0,crop-classifier
305,12200,1707,3109,16,8,128.0,crop-classifier
305,12200,1756,2962,54,11,594.0,crop-classifier
305,12200,1823,2963,33,10,330.0,crop-classifier
305,12200,1919,2961,70,9,630.0,crop-classifier
306,12240,244,19,64,34,2176.0,crop-classifier
306,12240,1311,2941,5,7,35.0,crop-classifier
306,12240,1511,2962,10,7,70.0,crop-classifier
306,12240,1568,2963,6,5,30.0,crop-classifier
306,12240,1615,2958,76,15,1140.0,crop-classifier
306,12240,1693,2959,64,14,896.0,crop-classifier
306,12240,1707,3110,15,8,120.0,crop-classifier
306,12240,1775,2962,45,10,450.0,crop-classifier
306,12240,1911,2960,70,8,560.0,crop-classifier
307,12280,203,19,51,33,1683.0,crop-classifier
307,12280,646,2945,68,64,4352.0,crop-classifier
307,12280,919,2960,62,24,1488.0,crop-classifier
307,12280,1302,2944,7,5,35.0,crop-classifier
307,12280,1498,2958,10,9,90.0,crop-classifier
307,12280,1561,2962,5,4,20.0,crop-classifier
307,12280,1607,2964,35,8,280.0,crop-classifier
307,12280,1705,3111,15,7,105.0,crop-classifier
307,12280,1741,2962,52,11,572.0,crop-classifier
307,12280,1807,2960,34,9,306.0,crop-classifier
307,12280,1903,2961,69,7,483.0,crop-classifier
308,12320,155,19,64,33,2112.0,crop-classifier
308,12320,638,2940,70,55,3850.0,crop-classifier
308,12320,909,2947,64,37,2368.0,crop-classifier
308,12320,1295,2943,6,5,30.0,crop-classifier
308,12320,1495,2962,4,5,20.0,crop-classifier
308,12320,1552,2959,5,6,30.0,crop-classifier
308,12320,1599,2964,33,6,198.0,crop-classifier
308,12320,1692,2958,56,13,728.0,crop-classifier
308,12320,1704,3112,16,8,128.0,crop-classifier
308,12320,1800,2959,30,11,330.0,crop-classifier
308,12320,1895,2960,70,8,560.0,crop-classifier
308,12320,1997,2963,35,7,245.0,crop-classifier
309,12360,110,19,60,33,1980.0,crop-classifier
309,12360,632,2942,69,51,3519.0,crop-classifier
309,12360,1286,2942,6,7,42.0,crop-classifier
309,12360,1483,2963,7,5,35.0,crop-classifier
309,12360,1543,2961,5,4,20.0,crop-classifier
309,12360,1589,2963,35,8,280.0,crop-classifier
309,12360,1704,3110,15,11,165.0,crop-classifier
309,12360,1751,2959,46,14,644.0,crop-classifier
309,12360,1887,2959,70,13,910.0,crop-classifier
310,12400,625,2939,70,52,3640.0,crop-classifier
310,12400,1279,2939,5,7,35.0,crop-classifier
310,12400,1476,2961,4,4,16.0,crop-classifier
310,12400,1534,2962,6,7,42.0,crop-classifier
310,12400,1583,2964,35,8,280.0,crop-classifier
310,12400,1700,3114,18,8,144.0,crop-classifier
310,12400,1717,2959,53,13,689.0,crop-classifier
310,12400,1782,2955,31,16,496.0,crop-classifier
310,12400,1855,2957,65,12,780.0,crop-classifier
311,12440,31,19,61,33,2013.0,crop-classifier
311,12440,623,2943,65,47,3055.0,crop-classifier
311,12440,1271,2943,5,5,25.0,crop-classifier
311,12440,1467,2959,5,9,45.0,crop-classifier
311,12440,1524,2958,8,6,48.0,crop-classifier
311,12440,1573,2959,65,11,715.0,crop-classifier
311,12440,1686,2959,53,13,689.0,crop-classifier
311,12440,1703,3114,15,8,120.0,crop-classifier
311,12440,1774,2958,33,11,363.0,crop-classifier
311,12440,1871,2960,70,8,560.0,crop-classifier
312,12480,615,2936,67,53,3551.0,crop-classifier
312,12480,871,2931,136,57,7752.0,crop-classifier
312,12480,1262,2939,7,9,63.0,crop-classifier
312,12480,1458,2964,5,4,20.0,crop-classifier
312,12480,1518,2959,5,4,20.0,crop-classifier
312,12480,1563,2962,35,7,245.0,crop-classifier
312,12480,1704,3118,14,5,70.0,crop-classifier
312,12480,1727,2958,46,14,644.0,crop-classifier
312,12480,1838,2958,35,9,315.0,crop-classifier
313,12520,607,2940,70,52,3640.0,crop-classifier
313,12520,866,2931,136,57,7752.0,crop-classifier
313,12520,1255,2939,6,5,30.0,crop-classifier
313,12520,1447,2961,8,7,56.0,crop-classifier
313,12520,1507,2958,7,7,49.0,crop-classifier
313,12520,1555,2954,66,16,1056.0,crop-classifier
313,12520,1692,2958,53,15,795.0,crop-classifier
313,12520,1699,3118,15,6,90.0,crop-classifier
313,12520,1757,2959,36,12,432.0,crop-classifier
313,12520,1831,2959,5,5,25.0,crop-classifier
314,12560,601,2943,70,45,3150.0,crop-classifier
314,12560,1247,2939,6,5,30.0,crop-classifier
314,12560,1440,2960,6,5,30.0,crop-classifier
314,12560,1500,2960,6,5,30.0,crop-classifier
314,12560,1549,2964,3,2,6.0,crop-classifier
314,12560,1661,2955,52,15,780.0,crop-classifier
314,12560,1699,3120,14,6,84.0,crop-classifier
314,12560,1749,2957,33,13,429.0,crop-classifier
314,12560,1847,2960,69,6,414.0,crop-classifier
315,12600,596,2939,69,49,3381.0,crop-classifier
315,12600,1238,2938,7,10,70.0,crop-classifier
315,12600,1489,2954,8,10,80.0,crop-classifier
315,12600,1539,2957,66,11,726.0,crop-classifier
315,12600,1634,2958,57,10,570.0,crop-classifier
315,12600,1698,3122,13,5,65.0,crop-classifier
315,12600,1703,2962,44,7,308.0,crop-classifier
315,12600,1839,2959,70,9,630.0,crop-classifier
316,12640,591,2936,67,52,3484.0,crop-classifier
316,12640,845,2930,140,59,8260.0,crop-classifier
316,12640,1230,2940,7,7,49.0,crop-classifier
316,12640,1423,2960,7,8,56.0,crop-classifier
316,12640,1483,2959,5,4,20.0,crop-classifier
316,12640,1530,2962,35,6,210.0,crop-classifier
316,12640,1677,2959,64,14,896.0,crop-classifier
316,12640,1695,3124,15,4,60.0,crop-classifier
316,12640,1831,2958,69,10,690.0,crop-classifier
317,12680,587,2939,65,52,3380.0,crop-classifier
317,12680,943,2959,107,13,1391.0,crop-classifier
317,12680,1222,2938,7,6,42.0,crop-classifier
317,12680,1417,2961,5,4,20.0,crop-classifier
317,12680,1473,2959,7,7,49.0,crop-classifier
317,12680,1522,2953,66,15,990.0,crop-classifier
317,12680,1694,3126,14,4,56.0,crop-classifier
317,12680,1723,2955,34,15,510.0,crop-classifier
317,12680,1823,2956,70,12,840.0,crop-classifier
318,12720,576,2939,71,49,3479.0,crop-classifier
318,12720,831,2932,142,56,7952.0,crop-classifier
318,12720,1215,2936,6,8,48.0,crop-classifier
318,12720,1407,2955,6,8,48.0,crop-classifier
318,12720,1467,2959,5,4,20.0,crop-classifier
318,12720,1515,2959,33,9,297.0,crop-classifier
318,12720,1693,3124,11,7,77.0,crop-classifier
318,12720,1718,2956,32,13,416.0,crop-classifier
318,12720,1815,2959,70,9,630.0,crop-classifier
319,12760,574,2937,66,49,3234.0,crop-classifier
319,12760,1208,2939,8,7,56.0,crop-classifier
319,12760,1396,2957,8,6,48.0,crop-classifier
319,12760,1457,2954,6,8,48.0,crop-classifier
319,12760,1506,2959,34,7,238.0,crop-classifier
319,12760,1694,3126,10,7,70.0,crop-classifier
319,12760,1784,2957,60,11,660.0,crop-classifier
319,12760,1908,2959,36,8,288.0,crop-classifier
320,12800,565,2934,70,53,3710.0,crop-classifier
320,12800,820,2929,143,59,8437.0,crop-classifier
320,12800,1200,2938,8,7,56.0,crop-classifier
320,12800,1389,2959,8,8,64.0,crop-classifier
320,12800,1495,2960,36,8,288.0,crop-classifier
320,12800,1689,3128,14,7,98.0,crop-classifier
320,12800,1704,2958,32,11,352.0,crop-classifier
320,12800,1799,2954,70,13,910.0,crop-classifier
320,12800,1881,2960,55,7,385.0,crop-classifier
321,12840,563,2934,43,44,1892.0,crop-classifier
321,12840,1191,2937,6,5,30.0,crop-classifier
321,12840,1383,2958,7,5,35.0,crop-classifier
321,12840,1440,2959,6,7,42.0,crop-classifier
321,12840,1488,2952,69,15,1035.0,crop-classifier
321,12840,1688,3131,13,5,65.0,crop-classifier
321,12840,1693,2955,34,14,476.0,crop-classifier
321,12840,1766,2955,30,9,270.0,crop-classifier
321,12840,1856,2957,47,11,517.0,crop-classifier
322,12880,807,2930,147,58,8526.0,crop-classifier
322,12880,1183,2937,5,5,25.0,crop-classifier
322,12880,1370,2955,10,10,100.0,crop-classifier
322,12880,1431,2958,7,7,49.0,crop-classifier
322,12880,1479,2957,37,9,333.0,crop-classifier
322,12880,1687,2958,32,10,320.0,crop-classifier
322,12880,1688,3133,12,5,60.0,crop-classifier
322,12880,1783,2959,73,10,730.0,crop-classifier
323,12920,416,0,65,66,4290.0,crop-classifier
323,12920,1175,2938,7,7,49.0,crop-classifier
323,12920,1367,2959,5,5,25.0,crop-classifier
323,12920,1423,2955,6,7,42.0,crop-classifier
323,12920,1470,2958,36,7,252.0,crop-classifier
323,12920,1675,2957,35,11,385.0,crop-classifier
323,12920,1685,3133,14,6,84.0,crop-classifier
323,12920,1750,2958,30,6,180.0,crop-classifier
323,12920,1839,2960,23,6,138.0,crop-classifier
323,12920,1878,2959,34,6,204.0,crop-classifier
324,12960,419,13,62,52,3224.0,crop-classifier
324,12960,1168,2937,7,7,49.0,crop-classifier
324,12960,1356,2959,7,5,35.0,crop-classifier
324,12960,1415,2959,5,4,20.0,crop-classifier
324,12960,1462,2951,70,14,980.0,crop-classifier
324,12960,1667,2955,35,16,560.0,crop-classifier
324,12960,1684,3134,14,6,84.0,crop-classifier
324,12960,1744,2955,61,12,732.0,crop-classifier
324,12960,1847,2958,58,9,522.0,crop-classifier
325,13000,393,19,64,27,1728.0,crop-classifier
325,13000,788,2931,149,88,13112.0,crop-classifier
325,13000,1160,2935,6,6,36.0,crop-classifier
325,13000,1349,2957,7,7,49.0,crop-classifier
325,13000,1408,2958,4,5,20.0,crop-classifier
325,13000,1455,2959,35,7,245.0,crop-classifier
325,13000,1622,2957,45,12,540.0,crop-classifier
325,13000,1681,3135,14,7,98.0,crop-classifier
325,13000,1759,2957,70,9,630.0,crop-classifier
325,13000,1863,2959,33,8,264.0,crop-classifier
326,13040,378,19,64,34,2176.0,crop-classifier
326,13040,1151,2936,7,8,56.0,crop-classifier
326,13040,1340,2954,7,10,70.0,crop-classifier
326,13040,1398,2955,5,6,30.0,crop-classifier
326,13040,1446,2952,69,15,1035.0,crop-classifier
326,13040,1613,2958,46,10,460.0,crop-classifier
326,13040,1681,3136,14,7,98.0,crop-classifier
326,13040,1751,2958,73,10,730.0,crop-classifier
326,13040,1854,2955,36,11,396.0,crop-classifier
327,13080,350,19,64,34,2176.0,crop-classifier
327,13080,860,2959,67,22,1474.0,crop-classifier
327,13080,959,2955,42,15,630.0,crop-classifier
327,13080,1143,2936,9,8,72.0,crop-classifier
327,13080,1331,2958,7,7,49.0,crop-classifier
327,13080,1386,2954,9,7,63.0,crop-classifier
327,13080,1440,2951,68,12,816.0,crop-classifier
327,13080,1578,2953,56,15,840.0,crop-classifier
327,13080,1646,2955,33,14,462.0,crop-classifier
327,13080,1679,3137,14,7,98.0,crop-classifier
327,13080,1743,2956,72,8,576.0,crop-classifier
328,13120,318,19,64,34,2176.0,crop-classifier
328,13120,792,2918,64,64,4096.0,crop-classifier
328,13120,931,2957,61,11,671.0,crop-classifier
328,13120,1136,2935,9,9,81.0,crop-classifier
328,13120,1323,2957,7,8,56.0,crop-classifier
328,13120,1382,2959,4,5,20.0,crop-classifier
328,13120,1428,2950,72,14,1008.0,crop-classifier
328,13120,1551,2952,53,13,689.0,crop-classifier
328,13120,1632,2953,39,16,624.0,crop-classifier
328,13120,1677,3139,16,6,96.0,crop-classifier
328,13120,1736,2955,71,11,781.0,crop-classifier
328,13120,1837,2959,36,7,252.0,crop-classifier
329,13160,281,19,60,34,2040.0,crop-classifier
329,13160,764,2929,153,90,13770.0,crop-classifier
329,13160,1131,2935,5,5,25.0,crop-classifier
329,13160,1316,2955,4,5,20.0,crop-classifier
329,13160,1371,2957,8,6,48.0,crop-classifier
329,13160,1453,2951,95,15,1425.0,crop-classifier
329,13160,1631,2956,32,11,352.0,crop-classifier
329,13160,1676,3140,15,5,75.0,crop-classifier
329,13160,1706,2955,61,9,549.0,crop-classifier
329,13160,1831,2959,33,7,231.0,crop-classifier
330,13200,239,19,52,34,1768.0,crop-classifier
330,13200,1121,2935,8,5,40.0,crop-classifier
330,13200,1364,2952,6,8,48.0,crop-classifier
330,13200,1411,2955,38,11,418.0,crop-classifier
330,13200,1509,2950,64,15,960.0,crop-classifier
330,13200,1623,2956,32,10,320.0,crop-classifier
330,13200,1676,3139,14,7,98.0,crop-classifier
330,13200,1719,2955,72,12,864.0,crop-classifier
330,13200,1822,2955,36,10,360.0,crop-classifier
331,13240,191,19,63,34,2142.0,crop-classifier
331,13240,503,2963,66,19,1254.0,crop-classifier
331,13240,687,2957,77,58,4466.0,crop-classifier
331,13240,1115,2936,9,8,72.0,crop-classifier
331,13240,1296,2956,9,6,54.0,crop-classifier
331,13240,1354,2954,8,6,48.0,crop-classifier
331,13240,1407,2956,34,9,306.0,crop-classifier
331,13240,1616,2954,32,14,448.0,crop-classifier
331,13240,1675,3141,13,6,78.0,crop-classifier
331,13240,1712,2955,70,9,630.0,crop-classifier
331,13240,1793,2958,52,7,364.0,crop-classifier
332,13280,147,19,60,33,1980.0,crop-classifier
332,13280,496,2963,32,9,288.0,crop-classifier
332,13280,656,2969,64,11,704.0,crop-classifier
332,13280,1108,2934,9,5,45.0,crop-classifier
332,13280,1292,2955,5,6,30.0,crop-classifier
332,13280,1345,2956,9,8,72.0,crop-classifier
332,13280,1397,2956,35,8,280.0,crop-classifier
332,13280,1461,2947,63,17,1071.0,crop-classifier
332,13280,1607,2951,33,16,528.0,crop-classifier
332,13280,1674,3142,14,6,84.0,crop-classifier
332,13280,1703,2956,71,11,781.0,crop-classifier
332,13280,1806,2958,36,8,288.0,crop-classifier
333,13320,105,19,55,33,1815.0,crop-classifier
333,13320,491,2964,32,9,288.0,crop-classifier
333,13320,619,2970,70,10,700.0,crop-classifier
333,13320,1099,2931,8,8,64.0,crop-classifier
333,13320,1282,2951,7,8,56.0,crop-classifier
333,13320,1338,2955,8,6,48.0,crop-classifier
333,13320,1419,2949,57,15,855.0,crop-classifier
333,13320,1599,2954,33,11,363.0,crop-classifier
333,13320,1673,3142,14,7,98.0,crop-classifier
333,13320,1696,2957,73,9,657.0,crop-classifier
334,13360,48,19,64,33,2112.0,crop-classifier
334,13360,487,2964,31,8,248.0,crop-classifier
334,13360,589,2970,63,13,819.0,crop-classifier
334,13360,921,2951,43,17,731.0,crop-classifier
334,13360,1091,2934,8,4,32.0,crop-classifier
334,13360,1274,2955,7,5,35.0,crop-classifier
334,13360,1331,2952,6,8,48.0,crop-classifier
334,13360,1378,2950,72,15,1080.0,crop-classifier
334,13360,1590,2954,34,11,374.0,crop-classifier
334,13360,1672,3143,15,7,105.0,crop-classifier
334,13360,1688,2954,71,10,710.0,crop-classifier
335,13400,7,19,47,33,1551.0,crop-classifier
335,13400,482,2961,62,19,1178.0,crop-classifier
335,13400,639,2967,38,9,342.0,crop-classifier
335,13400,897,2955,57,14,798.0,crop-classifier
335,13400,1084,2934,10,6,60.0,crop-classifier
335,13400,1264,2955,8,7,56.0,crop-classifier
335,13400,1325,2956,4,5,20.0,crop-classifier
335,13400,1374,2955,34,10,340.0,crop-classifier
335,13400,1579,2953,36,13,468.0,crop-classifier
335,13400,1670,3143,15,7,105.0,crop-classifier
335,13400,1679,2955,72,10,720.0,crop-classifier
336,13440,475,2962,31,7,217.0,crop-classifier
336,13440,576,2966,64,15,960.0,crop-classifier
336,13440,875,2957,64,9,576.0,crop-classifier
336,13440,1077,2931,10,8,80.0,crop-classifier
336,13440,1259,2954,5,5,25.0,crop-classifier
336,13440,1313,2956,7,7,49.0,crop-classifier
336,13440,1363,2956,34,9,306.0,crop-classifier
336,13440,1544,2951,60,16,960.0,crop-classifier
336,13440,1669,3143,16,8,128.0,crop-classifier
336,13440,1672,2955,72,9,648.0,crop-classifier
337,13480,471,2962,31,8,248.0,crop-classifier
337,13480,596,2966,71,15,1065.0,crop-classifier
337,13480,866,2958,50,9,450.0,crop-classifier
337,13480,1070,2931,6,5,30.0,crop-classifier
337,13480,1249,2951,7,7,49.0,crop-classifier
337,13480,1307,2955,5,4,20.0,crop-classifier
337,13480,1355,2954,36,10,360.0,crop-classifier
337,13480,1566,2953,34,11,374.0,crop-classifier
337,13480,1640,2956,62,7,434.0,crop-classifier
337,13480,1668,3144,15,7,105.0,crop-classifier
338,13520,465,2962,31,8,248.0,crop-classifier
338,13520,590,2969,70,12,840.0,crop-classifier
338,13520,676,2940,86,72,6192.0,crop-classifier
338,13520,766,3119,70,240,16800.0,crop-classifier
338,13520,1063,2933,6,4,24.0,crop-classifier
338,13520,1243,2955,5,5,25.0,crop-classifier
338,13520,1297,2951,7,8,56.0,crop-classifier
338,13520,1347,2947,71,15,1065.0,crop-classifier
338,13520,1558,2952,35,11,385.0,crop-classifier
338,13520,1657,2953,72,11,792.0,crop-classifier
338,13520,1668,3144,15,7,105.0,crop-classifier
339,13560,318,19,86,46,3956.0,crop-classifier
339,13560,417,0,64,66,4224.0,crop-classifier
339,13560,460,2959,30,9,270.0,crop-classifier
339,13560,585,2966,38,14,532.0,crop-classifier
339,13560,766,3119,76,232,17632.0,crop-classifier
339,13560,827,2955,57,11,627.0,crop-classifier
339,13560,1051,2931,11,8,88.0,crop-classifier
339,13560,1231,2953,9,8,72.0,crop-classifier
339,13560,1288,2954,8,8,64.0,crop-classifier
339,13560,1338,2955,35,9,315.0,crop-classifier
339,13560,1548,2951,36,15,540.0,crop-classifier
339,13560,1624,2954,32,6,192.0,crop-classifier
339,13560,1667,3143,17,9,153.0,crop-classifier
340,13600,318,19,75,46,3450.0,crop-classifier
340,13600,453,2959,31,9,279.0,crop-classifier
340,13600,551,2963,65,17,1105.0,crop-classifier
340,13600,792,2955,64,30,1920.0,crop-classifier
340,13600,1046,2931,10,6,60.0,crop-classifier
340,13600,1226,2951,6,6,36.0,crop-classifier
340,13600,1280,2954,8,7,56.0,crop-classifier
340,13600,1329,2943,73,19,1387.0,crop-classifier
340,13600,1541,2949,35,14,490.0,crop-classifier
340,13600,1640,2955,72,10,720.0,crop-classifier
340,13600,1667,3145,17,7,119.0,crop-classifier
341,13640,281,19,60,33,1980.0,crop-classifier
341,13640,447,2960,34,9,306.0,crop-classifier
341,13640,488,3032,285,127,36195.0,crop-classifier
341,13640,818,2955,115,11,1265.0,crop-classifier
341,13640,1039,2929,10,8,80.0,crop-classifier
341,13640,1274,2951,56,9,504.0,crop-classifier
341,13640,1498,2950,40,12,480.0,crop-classifier
341,13640,1611,2954,28,5,140.0,crop-classifier
341,13640,1666,3145,16,7,112.0,crop-classifier
341,13640,1738,2953,34,11,374.0,crop-classifier
342,13680,244,19,64,32,2048.0,crop-classifier
342,13680,443,2958,32,10,320.0,crop-classifier
342,13680,567,2967,68,13,884.0,crop-classifier
342,13680,762,2923,59,61,3599.0,crop-classifier
342,13680,766,3102,94,221,20774.0,crop-classifier
342,13680,1033,2930,7,7,49.0,crop-classifier
342,13680,1208,2953,8,7,56.0,crop-classifier
342,13680,1264,2951,8,7,56.0,crop-classifier
342,13680,1317,2955,34,7,238.0,crop-classifier
342,13680,1525,2951,35,11,385.0,crop-classifier
342,13680,1601,2951,63,10,630.0,crop-classifier
342,13680,1666,3145,16,7,112.0,crop-classifier
342,13680,1691,2954,46,10,460.0,crop-classifier
343,13720,197,19,57,33,1881.0,crop-classifier
343,13720,439,2956,60,20,1200.0,crop-classifier
343,13720,735,3055,129,289,37281.0,crop-classifier
343,13720,1025,2930,7,6,42.0,crop-classifier
343,13720,1203,2950,5,7,35.0,crop-classifier
343,13720,1259,2955,4,6,24.0,crop-classifier
343,13720,1306,2941,74,22,1628.0,crop-classifier
343,13720,1478,2950,46,14,644.0,crop-classifier
343,13720,1596,2954,27,5,135.0,crop-classifier
343,13720,1667,3145,15,7,105.0,crop-classifier
343,13720,1683,2954,43,11,473.0,crop-classifier
344,13760,138,19,61,33,2013.0,crop-classifier
344,13760,433,2959,31,6,186.0,crop-classifier
344,13760,555,2963,69,13,897.0,crop-classifier
344,13760,767,3089,104,215,22360.0,crop-classifier
344,13760,1017,2929,7,5,35.0,crop-classifier
344,13760,1194,2947,7,9,63.0,crop-classifier
344,13760,1247,2953,9,8,72.0,crop-classifier
344,13760,1301,2953,33,8,264.0,crop-classifier
344,13760,1509,2949,35,13,455.0,crop-classifier
344,13760,1587,2954,61,8,488.0,crop-classifier
344,13760,1666,3145,16,7,112.0,crop-classifier
344,13760,1716,2955,33,10,330.0,crop-classifier
345,13800,426,2959,61,13,793.0,crop-classifier
345,13800,523,2967,64,11,704.0,crop-classifier
345,13800,764,3082,110,212,23320.0,crop-classifier
345,13800,846,2954,70,13,910.0,crop-classifier
345,13800,1010,2927,7,6,42.0,crop-classifier
345,13800,1183,2948,10,9,90.0,crop-classifier
345,13800,1239,2949,9,9,81.0,crop-classifier
345,13800,1288,2951,41,12,492.0,crop-classifier
345,13800,1501,2950,35,11,385.0,crop-classifier
345,13800,1579,2951,29,6,174.0,crop-classifier
345,13800,1666,2950,49,15,735.0,crop-classifier
345,13800,1666,3144,17,8,136.0,crop-classifier
346,13840,37,19,55,33,1815.0,crop-classifier
346,13840,423,2958,30,10,300.0,crop-classifier
346,13840,486,2964,62,12,744.0,crop-classifier
346,13840,767,3081,113,201,22713.0,crop-classifier
346,13840,793,2958,57,8,456.0,crop-classifier
346,13840,1003,2928,7,6,42.0,crop-classifier
346,13840,1176,2951,9,7,63.0,crop-classifier
346,13840,1231,2950,12,10,120.0,crop-classifier
346,13840,1285,2954,36,7,252.0,crop-classifier
346,13840,1493,2949,36,12,432.0,crop-classifier
346,13840,1569,2951,30,6,180.0,crop-classifier
346,13840,1629,2954,56,7,392.0,crop-classifier
346,13840,1667,3144,14,7,98.0,crop-classifier
347,13880,417,2955,63,17,1071.0,crop-classifier
347,13880,767,3076,117,196,22932.0,crop-classifier
347,13880,768,2954,59,32,1888.0,crop-classifier
347,13880,995,2928,7,6,42.0,crop-classifier
347,13880,1171,2950,6,6,36.0,crop-classifier
347,13880,1222,2952,12,8,96.0,crop-classifier
347,13880,1274,2951,37,9,333.0,crop-classifier
347,13880,1453,2943,64,21,1344.0,crop-classifier
347,13880,1562,2950,62,9,558.0,crop-classifier
347,13880,1666,3143,15,8,120.0,crop-classifier
347,13880,1691,2955,34,12,408.0,crop-classifier
348,13920,411,2958,31,6,186.0,crop-classifier
348,13920,417,0,64,66,4224.0,crop-classifier
348,13920,656,2939,99,75,7425.0,crop-classifier
348,13920,989,2927,5,5,25.0,crop-classifier
348,13920,1162,2947,6,8,48.0,crop-classifier
348,13920,1219,2951,15,9,135.0,crop-classifier
348,13920,1268,2943,72,17,1224.0,crop-classifier
348,13920,1476,2946,37,15,555.0,crop-classifier
348,13920,1555,2950,29,9,261.0,crop-classifier
348,13920,1667,3143,14,7,98.0,crop-classifier
349,13960,406,2957,32,8,256.0,crop-classifier
349,13960,421,0,60,57,3420.0,crop-classifier
349,13960,527,2966,69,10,690.0,crop-classifier
349,13960,650,2937,103,77,7931.0,crop-classifier
349,13960,980,2922,8,9,72.0,crop-classifier
349,13960,1158,2951,4,4,16.0,crop-classifier
349,13960,1208,2946,26,14,364.0,crop-classifier
349,13960,1470,2948,36,12,432.0,crop-classifier
349,13960,1547,2947,62,11,682.0,crop-classifier
349,13960,1635,2950,49,10,490.0,crop-classifier
349,13960,1668,3142,12,7,84.0,crop-classifier
350,14000,392,19,64,14,896.0,crop-classifier
350,14000,403,2955,30,9,270.0,crop-classifier
350,14000,551,2965,64,10,640.0,crop-classifier
350,14000,646,2937,98,42,4116.0,crop-classifier
350,14000,974,2927,7,6,42.0,crop-classifier
350,14000,1147,2949,62,12,744.0,crop-classifier
350,14000,1254,2939,70,22,1540.0,crop-classifier
350,14000,1464,2943,32,18,576.0,crop-classifier
350,14000,1538,2951,27,5,135.0,crop-classifier
350,14000,1629,2954,5,5,25.0,crop-classifier
350,14000,1668,3142,15,9,135.0,crop-classifier
351,14040,386,19,57,34,1938.0,crop-classifier
351,14040,395,2953,31,10,310.0,crop-classifier
351,14040,491,2961,62,12,744.0,crop-classifier
351,14040,577,2935,164,77,12628.0,crop-classifier
351,14040,966,2927,7,5,35.0,crop-classifier
351,14040,1137,2947,60,9,540.0,crop-classifier
351,14040,1243,2951,35,9,315.0,crop-classifier
351,14040,1456,2957,12,5,60.0,crop-classifier
351,14040,1531,2951,28,5,140.0,crop-classifier
351,14040,1587,2953,59,7,413.0,crop-classifier
351,14040,1668,3141,14,9,126.0,crop-classifier
352,14080,354,19,60,34,2040.0,crop-classifier
352,14080,391,2955,30,7,210.0,crop-classifier
352,14080,509,2963,39,4,156.0,crop-classifier
352,14080,959,2925,7,5,35.0,crop-classifier
352,14080,1129,2945,8,8,64.0,crop-classifier
352,14080,1186,2948,6,7,42.0,crop-classifier
352,14080,1234,2950,38,11,418.0,crop-classifier
352,14080,1446,2946,35,15,525.0,crop-classifier
352,14080,1524,2949,28,7,196.0,crop-classifier
352,14080,1579,2952,39,7,273.0,crop-classifier
352,14080,1655,2951,32,11,352.0,crop-classifier
352,14080,1672,3139,15,6,90.0,crop-classifier
353,14120,323,19,64,34,2176.0,crop-classifier
353,14120,385,2956,32,8,256.0,crop-classifier
353,14120,483,2963,29,11,319.0,crop-classifier
353,14120,952,2924,8,6,48.0,crop-classifier
353,14120,1123,2946,8,8,64.0,crop-classifier
353,14120,1227,2951,37,9,333.0,crop-classifier
353,14120,1403,2949,43,12,516.0,crop-classifier
353,14120,1514,2947,64,9,576.0,crop-classifier
353,14120,1671,3132,16,13,208.0,crop-classifier
354,14160,287,19,64,34,2176.0,crop-classifier
354,14160,378,2955,61,13,793.0,crop-classifier
354,14160,460,2960,22,5,110.0,crop-classifier
354,14160,944,2924,8,6,48.0,crop-classifier
354,14160,1115,2946,58,10,580.0,crop-classifier
354,14160,1219,2935,77,25,1925.0,crop-classifier
354,14160,1433,2941,34,19,646.0,crop-classifier
354,14160,1529,2946,41,10,410.0,crop-classifier
354,14160,1637,2954,35,10,350.0,crop-classifier
354,14160,1677,3138,12,8,96.0,crop-classifier
355,14200,247,19,64,33,2112.0,crop-classifier
355,14200,375,2952,61,17,1037.0,crop-classifier
355,14200,525,2959,61,13,793.0,crop-classifier
355,14200,938,2922,7,8,56.0,crop-classifier
355,14200,1110,2944,6,7,42.0,crop-classifier
355,14200,1165,2949,5,5,25.0,crop-classifier
355,14200,1215,2938,72,19,1368.0,crop-classifier
355,14200,1378,2947,51,16,816.0,crop-classifier
355,14200,1499,2949,29,7,203.0,crop-classifier
355,14200,1588,2949,50,12,600.0,crop-classifier
355,14200,1674,3135,12,10,120.0,crop-classifier
356,14240,205,19,49,34,1666.0,crop-classifier
356,14240,370,2954,58,12,696.0,crop-classifier
356,14240,488,2959,68,13,884.0,crop-classifier
356,14240,931,2921,6,7,42.0,crop-classifier
356,14240,1154,2946,10,7,70.0,crop-classifier
356,14240,1205,2938,74,22,1628.0,crop-classifier
356,14240,1415,2942,37,21,777.0,crop-classifier
356,14240,1492,2944,63,13,819.0,crop-classifier
356,14240,1621,2950,38,11,418.0,crop-classifier
356,14240,1676,3133,12,6,72.0,crop-classifier
357,14280,153,19,64,34,2176.0,crop-classifier
357,14280,362,2954,71,15,1065.0,crop-classifier
357,14280,447,2962,43,10,430.0,crop-classifier
357,14280,923,2920,7,8,56.0,crop-classifier
357,14280,1093,2946,8,8,64.0,crop-classifier
357,14280,1147,2948,9,6,54.0,crop-classifier
357,14280,1198,2952,39,8,312.0,crop-classifier
357,14280,1358,2945,56,15,840.0,crop-classifier
357,14280,1509,2945,71,15,1065.0,crop-classifier
357,14280,1677,3127,15,10,150.0,crop-classifier
358,14320,105,19,63,34,2142.0,crop-classifier
358,14320,359,2954,33,8,264.0,crop-classifier
358,14320,409,2958,42,11,462.0,crop-classifier
358,14320,915,2920,8,10,80.0,crop-classifier
358,14320,1087,2946,8,7,56.0,crop-classifier
358,14320,1139,2948,11,7,77.0,crop-classifier
358,14320,1190,2932,75,28,2100.0,crop-classifier
358,14320,1402,2939,34,22,748.0,crop-classifier
358,14320,1477,2948,29,8,232.0,crop-classifier
358,14320,1567,2950,48,9,432.0,crop-classifier
358,14320,1674,3130,20,7,140.0,crop-classifier
359,14360,355,2951,53,13,689.0,crop-classifier
359,14360,471,2959,68,11,748.0,crop-classifier
359,14360,909,2920,7,10,70.0,crop-classifier
359,14360,1079,2943,9,7,63.0,crop-classifier
359,14360,1135,2949,6,5,30.0,crop-classifier
359,14360,1183,2948,37,8,296.0,crop-classifier
359,14360,1393,2946,35,13,455.0,crop-classifier
359,14360,1470,2946,28,11,308.0,crop-classifier
359,14360,1597,2950,38,12,456.0,crop-classifier
359,14360,1678,3131,15,9,135.0,crop-classifier
360,14400,17,19,64,34,2176.0,crop-classifier
360,14400,347,2952,36,8,288.0,crop-classifier
360,14400,467,2959,67,13,871.0,crop-classifier
360,14400,903,2919,10,10,100.0,crop-classifier
360,14400,1075,2946,5,4,20.0,crop-classifier
360,14400,1174,2934,76,25,1900.0,crop-classifier
360,14400,1346,2945,44,14,616.0,crop-classifier
360,14400,1460,2944,25,8,200.0,crop-classifier
360,14400,1550,2950,51,8,408.0,crop-classifier
360,14400,1679,3126,15,10,150.0,crop-classifier
361,14440,344,2954,33,7,231.0,crop-classifier
361,14440,492,2959,62,13,806.0,crop-classifier
361,14440,895,2919,10,9,90.0,crop-classifier
361,14440,1064,2942,8,10,80.0,crop-classifier
361,14440,1116,2947,9,9,81.0,crop-classifier
361,14440,1172,2934,71,24,1704.0,crop-classifier
361,14440,1376,2938,36,20,720.0,crop-classifier
361,14440,1451,2948,10,8,80.0,crop-classifier
361,14440,1543,2947,49,13,637.0,crop-classifier
361,14440,1685,3123,12,10,120.0,crop-classifier
362,14480,339,2953,33,8,264.0,crop-classifier
362,14480,459,2959,65,8,520.0,crop-classifier
362,14480,679,2932,42,46,1932.0,crop-classifier
362,14480,887,2921,8,9,72.0,crop-classifier
362,14480,1059,2945,5,4,20.0,crop-classifier
362,14480,1109,2947,9,6,54.0,crop-classifier
362,14480,1161,2931,75,27,2025.0,crop-classifier
362,14480,1322,2939,54,21,1134.0,crop-classifier
362,14480,1400,2942,54,10,540.0,crop-classifier
362,14480,1680,3120,18,11,198.0,crop-classifier
363,14520,335,2951,58,16,928.0,crop-classifier
363,14520,455,2959,65,9,585.0,crop-classifier
363,14520,672,2959,32,21,672.0,crop-classifier
363,14520,881,2921,8,7,56.0,crop-classifier
363,14520,1051,2941,7,8,56.0,crop-classifier
363,14520,1103,2943,8,8,64.0,crop-classifier
363,14520,1154,2935,74,22,1628.0,crop-classifier
363,14520,1292,2934,58,23,1334.0,crop-classifier
363,14520,1364,2941,36,19,684.0,crop-classifier
363,14520,1499,2949,55,8,440.0,crop-classifier
363,14520,1568,2946,36,15,540.0,crop-classifier
363,14520,1681,3123,17,12,204.0,crop-classifier
364,14560,330,2950,29,8,232.0,crop-classifier
364,14560,449,2960,37,8,296.0,crop-classifier
364,14560,668,2928,63,62,3906.0,crop-classifier
364,14560,874,2916,8,10,80.0,crop-classifier
364,14560,1047,2947,4,3,12.0,crop-classifier
364,14560,1100,2949,4,3,12.0,crop-classifier
364,14560,1175,2950,8,6,48.0,crop-classifier
364,14560,1215,2933,58,20,1160.0,crop-classifier
364,14560,1316,2942,45,16,720.0,crop-classifier
364,14560,1455,2943,70,15,1050.0,crop-classifier
364,14560,1542,2946,54,14,756.0,crop-classifier
364,14560,1687,3121,11,8,88.0,crop-classifier
365,14600,324,2952,61,10,610.0,crop-classifier
365,14600,663,2930,59,79,4661.0,crop-classifier
365,14600,866,2918,8,8,64.0,crop-classifier
365,14600,1035,2943,8,7,56.0,crop-classifier
365,14600,1087,2947,9,7,63.0,crop-classifier
365,14600,1139,2931,76,26,1976.0,crop-classifier
365,14600,1351,2936,32,22,704.0,crop-classifier
365,14600,1554,2949,36,12,432.0,crop-classifier
365,14600,1693,3117,10,7,70.0,crop-classifier
366,14640,319,2950,34,10,340.0,crop-classifier
366,14640,441,2955,64,11,704.0,crop-classifier
366,14640,659,2927,60,71,4260.0,crop-classifier
366,14640,861,2918,7,10,70.0,crop-classifier
366,14640,1030,2942,10,6,60.0,crop-classifier
366,14640,1083,2946,5,4,20.0,crop-classifier
366,14640,1135,2926,72,30,2160.0,crop-classifier
366,14640,1271,2935,58,24,1392.0,crop-classifier
366,14640,1339,2938,38,23,874.0,crop-classifier
366,14640,1415,2940,62,12,744.0,crop-classifier
366,14640,1527,2946,55,17,935.0,crop-classifier
366,14640,1690,3111,13,12,156.0,crop-classifier
367,14680,314,2951,33,7,231.0,crop-classifier
367,14680,415,2959,54,10,540.0,crop-classifier
367,14680,655,2937,60,70,4200.0,crop-classifier
367,14680,855,2918,7,6,42.0,crop-classifier
367,14680,1021,2939,11,9,99.0,crop-classifier
367,14680,1073,2943,8,7,56.0,crop-classifier
367,14680,1126,2931,74,26,1924.0,crop-classifier
367,14680,1262,2930,58,28,1624.0,crop-classifier
367,14680,1335,2940,34,17,578.0,crop-classifier
367,14680,1406,2942,32,8,256.0,crop-classifier
367,14680,1539,2943,37,18,666.0,crop-classifier
367,14680,1687,3115,19,7,133.0,crop-classifier
368,14720,313,2953,29,5,145.0,crop-classifier
368,14720,394,2957,45,11,495.0,crop-classifier
368,14720,651,2927,60,62,3720.0,crop-classifier
368,14720,847,2915,8,9,72.0,crop-classifier
368,14720,1016,2945,7,4,28.0,crop-classifier
368,14720,1071,2948,3,4,12.0,crop-classifier
368,14720,1121,2930,72,28,2016.0,crop-classifier
368,14720,1264,2937,50,23,1150.0,crop-classifier
368,14720,1327,2939,35,18,630.0,crop-classifier
368,14720,1399,2942,65,12,780.0,crop-classifier
368,14720,1534,2947,33,13,429.0,crop-classifier
368,14720,1690,3111,14,11,154.0,crop-classifier
369,14760,302,2952,37,7,259.0,crop-classifier
369,14760,363,2956,53,9,477.0,crop-classifier
369,14760,429,2959,60,9,540.0,crop-classifier
369,14760,645,2928,61,48,2928.0,crop-classifier
369,14760,784,2924,64,39,2496.0,crop-classifier
369,14760,1006,2943,9,8,72.0,crop-classifier
369,14760,1058,2945,9,7,63.0,crop-classifier
369,14760,1110,2927,77,29,2233.0,crop-classifier
369,14760,1210,2932,64,21,1344.0,crop-classifier
369,14760,1320,2935,35,23,805.0,crop-classifier
369,14760,1396,2943,22,7,154.0,crop-classifier
369,14760,1501,2944,57,16,912.0,crop-classifier
369,14760,1694,3107,10,9,90.0,crop-classifier
370,14800,299,2951,10,6,60.0,crop-classifier
370,14800,425,2955,57,11,627.0,crop-classifier
370,14800,642,2927,60,49,2940.0,crop-classifier
370,14800,781,2951,3,2,6.0,crop-classifier
370,14800,834,2918,8,8,64.0,crop-classifier
370,14800,1002,2939,6,8,48.0,crop-classifier
370,14800,1052,2943,7,7,49.0,crop-classifier
370,14800,1105,2927,75,29,2175.0,crop-classifier
370,14800,1183,2927,62,25,1550.0,crop-classifier
370,14800,1252,2931,64,29,1856.0,crop-classifier
370,14800,1387,2939,62,13,806.0,crop-classifier
370,14800,1474,2939,51,18,918.0,crop-classifier
370,14800,1699,3103,12,10,120.0,crop-classifier
371,14840,295,2950,33,6,198.0,crop-classifier
371,14840,343,2954,47,11,517.0,crop-classifier
371,14840,445,2958,58,11,638.0,crop-classifier
371,14840,635,2924,63,47,2961.0,crop-classifier
371,14840,800,2915,36,43,1548.0,crop-classifier
371,14840,993,2939,8,8,64.0,crop-classifier
371,14840,1042,2942,10,7,70.0,crop-classifier
371,14840,1099,2926,73,27,1971.0,crop-classifier
371,14840,1220,2929,53,24,1272.0,crop-classifier
371,14840,1302,2939,42,18,756.0,crop-classifier
371,14840,1470,2944,26,12,312.0,crop-classifier
371,14840,1507,2939,37,18,666.0,crop-classifier
371,14840,1696,3101,16,10,160.0,crop-classifier
372,14880,291,2951,33,6,198.0,crop-classifier
372,14880,415,2958,34,6,204.0,crop-classifier
372,14880,633,2924,59,48,2832.0,crop-classifier
372,14880,821,2912,9,13,117.0,crop-classifier
372,14880,987,2942,9,6,54.0,crop-classifier
372,14880,1039,2945,6,7,42.0,crop-classifier
372,14880,1088,2927,76,29,2204.0,crop-classifier
372,14880,1394,2941,41,13,533.0,crop-classifier
372,14880,1459,2943,51,13,663.0,crop-classifier
372,14880,1703,3104,11,12,132.0,crop-classifier
373,14920,285,2950,35,8,280.0,crop-classifier
373,14920,332,2952,48,9,432.0,crop-classifier
373,14920,391,2957,53,6,318.0,crop-classifier
373,14920,417,0,64,66,4224.0,crop-classifier
373,14920,626,2925,62,44,2728.0,crop-classifier
373,14920,815,2917,8,8,64.0,crop-classifier
373,14920,979,2942,9,7,63.0,crop-classifier
373,14920,1082,2923,77,30,2310.0,crop-classifier
373,14920,1287,2934,40,26,1040.0,crop-classifier
373,14920,1454,2943,27,9,243.0,crop-classifier
373,14920,1494,2942,37,16,592.0,crop-classifier
373,14920,1703,3102,11,8,88.0,crop-classifier
374,14960,280,2952,35,5,175.0,crop-classifier
374,14960,431,0,50,66,3300.0,crop-classifier
374,14960,625,2923,59,45,2655.0,crop-classifier
374,14960,810,2917,7,8,56.0,crop-classifier
374,14960,974,2938,6,8,48.0,crop-classifier
374,14960,1023,2939,8,9,72.0,crop-classifier
374,14960,1074,2924,78,28,2184.0,crop-classifier
374,14960,1221,2931,48,24,1152.0,crop-classifier
374,14960,1283,2937,36,21,756.0,crop-classifier
374,14960,1445,2939,52,17,884.0,crop-classifier
374,14960,1707,3099,11,5,55.0,crop-classifier
375,15000,275,2951,34,5,170.0,crop-classifier
375,15000,322,2953,49,9,441.0,crop-classifier
375,15000,393,19,64,14,896.0,crop-classifier
375,15000,618,2923,64,45,2880.0,crop-classifier
375,15000,784,2915,65,42,2730.0,crop-classifier
375,15000,932,2907,42,39,1638.0,crop-classifier
375,15000,1015,2942,9,6,54.0,crop-classifier
375,15000,1066,2943,40,10,400.0,crop-classifier
375,15000,1167,2928,64,24,1536.0,crop-classifier
375,15000,1275,2935,39,22,858.0,crop-classifier
375,15000,1376,2940,69,13,897.0,crop-classifier
375,15000,1479,2938,36,18,648.0,crop-classifier
375,15000,1710,3094,12,10,120.0,crop-classifier
376,15040,299,2950,55,12,660.0,crop-classifier
376,15040,387,19,56,34,1904.0,crop-classifier
376,15040,615,2924,60,44,2640.0,crop-classifier
376,15040,796,2913,9,8,72.0,crop-classifier
376,15040,958,2941,10,7,70.0,crop-classifier
376,15040,1009,2942,8,9,72.0,crop-classifier
376,15040,1061,2925,77,29,2233.0,crop-classifier
376,15040,1218,2930,57,27,1539.0,crop-classifier
376,15040,1365,2942,41,10,410.0,crop-classifier
376,15040,1435,2941,49,11,539.0,crop-classifier
376,15040,1707,3093,13,9,117.0,crop-classifier
377,15080,265,2951,51,7,357.0,crop-classifier
377,15080,355,19,59,34,2006.0,crop-classifier
377,15080,393,2955,58,9,522.0,crop-classifier
377,15080,612,2924,60,41,2460.0,crop-classifier
377,15080,791,2917,9,8,72.0,crop-classifier
377,15080,953,2941,9,5,45.0,crop-classifier
377,15080,1055,2922,76,30,2280.0,crop-classifier
377,15080,1179,2927,62,27,1674.0,crop-classifier
377,15080,1259,2934,40,24,960.0,crop-classifier
377,15080,1338,2935,59,15,885.0,crop-classifier
377,15080,1422,2940,53,12,636.0,crop-classifier
377,15080,1711,3094,15,12,180.0,crop-classifier
378,15120,262,2952,34,5,170.0,crop-classifier
378,15120,308,2952,52,6,312.0,crop-classifier
378,15120,322,19,64,34,2176.0,crop-classifier
378,15120,606,2919,61,46,2806.0,crop-classifier
378,15120,754,2917,78,39,3042.0,crop-classifier
378,15120,947,2936,8,9,72.0,crop-classifier
378,15120,994,2939,10,9,90.0,crop-classifier
378,15120,1047,2925,78,26,2028.0,crop-classifier
378,15120,1194,2930,62,27,1674.0,crop-classifier
378,15120,1334,2939,25,7,175.0,crop-classifier
378,15120,1414,2942,31,10,310.0,crop-classifier
378,15120,1455,2937,39,19,741.0,crop-classifier
378,15120,1712,3093,14,8,112.0,crop-classifier
379,15160,257,2951,32,7,224.0,crop-classifier
379,15160,284,19,57,34,1938.0,crop-classifier
379,15160,363,2954,55,8,440.0,crop-classifier
379,15160,604,2919,60,48,2880.0,crop-classifier
379,15160,780,2915,6,5,30.0,crop-classifier
379,15160,938,2938,9,7,63.0,crop-classifier
379,15160,987,2942,10,6,60.0,crop-classifier
379,15160,1038,2943,39,8,312.0,crop-classifier
379,15160,1124,2924,59,23,1357.0,crop-classifier
379,15160,1247,2934,37,22,814.0,crop-classifier
379,15160,1323,2939,30,8,240.0,crop-classifier
379,15160,1449,2943,38,11,418.0,crop-classifier
379,15160,1718,3091,14,5,70.0,crop-classifier
380,15200,240,19,51,34,1734.0,crop-classifier
380,15200,251,2951,34,5,170.0,crop-classifier
380,15200,342,2952,46,8,368.0,crop-classifier
380,15200,599,2923,61,42,2562.0,crop-classifier
380,15200,774,2915,44,38,1672.0,crop-classifier
380,15200,932,2940,10,8,80.0,crop-classifier
380,15200,1033,2922,78,30,2340.0,crop-classifier
380,15200,1179,2924,64,32,2048.0,crop-classifier
380,15200,1319,2938,25,10,250.0,crop-classifier
380,15200,1722,3087,11,8,88.0,crop-classifier
381,15240,190,19,64,34,2176.0,crop-classifier
381,15240,245,2952,34,8,272.0,crop-classifier
381,15240,338,2951,46,10,460.0,crop-classifier
381,15240,596,2921,60,41,2460.0,crop-classifier
381,15240,739,2916,73,39,2847.0,crop-classifier
381,15240,927,2939,9,7,63.0,crop-classifier
381,15240,974,2941,9,6,54.0,crop-classifier
381,15240,1028,2919,76,33,2508.0,crop-classifier
381,15240,1149,2921,55,28,1540.0,crop-classifier
381,15240,1233,2932,78,24,1872.0,crop-classifier
381,15240,1364,2942,39,7,273.0,crop-classifier
381,15240,1718,3085,17,12,204.0,crop-classifier
382,15280,148,19,58,34,1972.0,crop-classifier
382,15280,241,2951,27,7,189.0,crop-classifier
382,15280,332,2951,48,10,480.0,crop-classifier
382,15280,737,2916,71,39,2769.0,crop-classifier
382,15280,921,2936,8,8,64.0,crop-classifier
382,15280,966,2938,9,9,81.0,crop-classifier
382,15280,1019,2921,79,28,2212.0,crop-classifier
382,15280,1122,2922,51,26,1326.0,crop-classifier
382,15280,1208,2932,58,22,1276.0,crop-classifier
382,15280,1325,2935,69,14,966.0,crop-classifier
382,15280,1429,2937,37,16,592.0,crop-classifier
382,15280,1722,3086,19,11,209.0,crop-classifier
383,15320,105,19,53,34,1802.0,crop-classifier
383,15320,234,2950,35,7,245.0,crop-classifier
383,15320,724,2915,78,39,3042.0,crop-classifier
383,15320,914,2937,10,7,70.0,crop-classifier
383,15320,962,2942,8,6,48.0,crop-classifier
383,15320,1014,2942,38,10,380.0,crop-classifier
383,15320,1088,2919,54,24,1296.0,crop-classifier
383,15320,1164,2926,64,31,1984.0,crop-classifier
383,15320,1405,2941,55,11,605.0,crop-classifier
383,15320,1726,3087,12,8,96.0,crop-classifier
384,15360,46,19,64,33,2112.0,crop-classifier
384,15360,231,2952,33,5,165.0,crop-classifier
384,15360,696,2916,61,32,1952.0,crop-classifier
384,15360,906,2939,11,7,77.0,crop-classifier
384,15360,955,2942,9,6,54.0,crop-classifier
384,15360,1007,2944,8,6,48.0,crop-classifier
384,15360,1043,2918,55,33,1815.0,crop-classifier
384,15360,1112,2918,64,27,1728.0,crop-classifier
384,15360,1212,2929,40,27,1080.0,crop-classifier
384,15360,1290,2933,29,11,319.0,crop-classifier
384,15360,1415,2939,37,15,555.0,crop-classifier
384,15360,1729,3085,13,5,65.0,crop-classifier
385,15400,225,2952,36,9,324.0,crop-classifier
385,15400,319,2949,47,8,376.0,crop-classifier
385,15400,672,2939,26,9,234.0,crop-classifier
385,15400,712,2916,78,37,2886.0,crop-classifier
385,15400,903,2938,8,5,40.0,crop-classifier
385,15400,949,2939,7,6,42.0,crop-classifier
385,15400,1003,2918,74,31,2294.0,crop-classifier
385,15400,1206,2931,39,21,819.0,crop-classifier
385,15400,1281,2934,27,8,216.0,crop-classifier
385,15400,1735,3080,10,9,90.0,crop-classifier
386,15440,218,2951,38,8,304.0,crop-classifier
386,15440,675,2936,22,12,264.0,crop-classifier
386,15440,707,2916,40,37,1480.0,crop-classifier
386,15440,894,2935,10,8,80.0,crop-classifier
386,15440,938,2939,11,7,77.0,crop-classifier
386,15440,993,2939,39,9,351.0,crop-classifier
386,15440,1070,2919,53,24,1272.0,crop-classifier
386,15440,1126,2919,62,33,2046.0,crop-classifier
386,15440,1200,2929,38,22,836.0,crop-classifier
386,15440,1276,2936,60,10,600.0,crop-classifier
386,15440,1731,3081,14,7,98.0,crop-classifier
387,15480,214,2948,37,8,296.0,crop-classifier
387,15480,705,2914,39,38,1482.0,crop-classifier
387,15480,888,2935,10,9,90.0,crop-classifier
387,15480,935,2941,9,7,63.0,crop-classifier
387,15480,987,2943,8,6,48.0,crop-classifier
387,15480,1019,2919,57,31,1767.0,crop-classifier
387,15480,1127,2919,54,34,1836.0,crop-classifier
387,15480,1194,2925,38,27,1026.0,crop-classifier
387,15480,1271,2935,27,8,216.0,crop-classifier
387,15480,1395,2940,38,9,342.0,crop-classifier
387,15480,1739,3083,14,9,126.0,crop-classifier
388,15520,209,2951,35,6,210.0,crop-classifier
388,15520,307,2948,45,8,360.0,crop-classifier
388,15520,699,2916,37,36,1332.0,crop-classifier
388,15520,881,2938,11,6,66.0,crop-classifier
388,15520,929,2941,9,5,45.0,crop-classifier
388,15520,980,2943,41,8,328.0,crop-classifier
388,15520,1068,2917,64,27,1728.0,crop-classifier
388,15520,1186,2926,40,27,1080.0,crop-classifier
388,15520,1388,2937,38,15,570.0,crop-classifier
388,15520,1739,3081,9,7,63.0,crop-classifier
389,15560,204,2950,36,10,360.0,crop-classifier
389,15560,279,2946,63,10,630.0,crop-classifier
389,15560,664,2916,64,40,2560.0,crop-classifier
389,15560,877,2936,7,6,42.0,crop-classifier
389,15560,922,2937,8,7,56.0,crop-classifier
389,15560,977,2918,76,29,2204.0,crop-classifier
389,15560,1116,2920,52,32,1664.0,crop-classifier
389,15560,1182,2927,76,23,1748.0,crop-classifier
389,15560,1742,3078,13,6,78.0,crop-classifier
390,15600,203,2951,30,7,210.0,crop-classifier
390,15600,256,2946,64,11,704.0,crop-classifier
390,15600,694,2916,41,38,1558.0,crop-classifier
390,15600,870,2935,9,9,81.0,crop-classifier
390,15600,914,2938,10,7,70.0,crop-classifier
390,15600,966,2938,42,8,336.0,crop-classifier
390,15600,1047,2918,51,22,1122.0,crop-classifier
390,15600,1126,2918,54,34,1836.0,crop-classifier
390,15600,1206,2923,53,19,1007.0,crop-classifier
390,15600,1374,2940,37,9,333.0,crop-classifier
390,15600,1748,3074,8,10,80.0,crop-classifier
391,15640,195,2949,33,7,231.0,crop-classifier
391,15640,241,2946,55,10,550.0,crop-classifier
391,15640,651,2934,7,4,28.0,crop-classifier
391,15640,691,2914,43,38,1634.0,crop-classifier
391,15640,866,2935,45,9,405.0,crop-classifier
391,15640,960,2941,45,8,360.0,crop-classifier
391,15640,1041,2917,32,23,736.0,crop-classifier
391,15640,1089,2916,52,27,1404.0,crop-classifier
391,15640,1167,2925,78,26,2028.0,crop-classifier
391,15640,1349,2935,56,13,728.0,crop-classifier
391,15640,1743,3077,18,6,108.0,crop-classifier
392,15680,189,2950,35,6,210.0,crop-classifier
392,15680,673,2916,55,36,1980.0,crop-classifier
392,15680,858,2934,47,10,470.0,crop-classifier
392,15680,955,2942,9,6,54.0,crop-classifier
392,15680,993,2915,57,33,1881.0,crop-classifier
392,15680,1159,2926,79,26,2054.0,crop-classifier
392,15680,1323,2935,50,12,600.0,crop-classifier
392,15680,1745,3078,19,11,209.0,crop-classifier
393,15720,210,2949,57,9,513.0,crop-classifier
393,15720,553,2927,66,25,1650.0,crop-classifier
393,15720,666,2916,61,39,2379.0,crop-classifier
393,15720,855,2935,42,9,378.0,crop-classifier
393,15720,950,2941,39,5,195.0,crop-classifier
393,15720,1030,2916,54,23,1242.0,crop-classifier
393,15720,1106,2915,57,34,1938.0,crop-classifier
393,15720,1353,2936,41,12,492.0,crop-classifier
393,15720,1751,3077,13,7,91.0,crop-classifier
394,15760,206,2947,56,11,616.0,crop-classifier
394,15760,343,2948,57,8,456.0,crop-classifier
394,15760,547,2926,66,28,1848.0,crop-classifier
394,15760,661,2916,63,36,2268.0,crop-classifier
394,15760,847,2935,7,4,28.0,crop-classifier
394,15760,891,2938,9,7,63.0,crop-classifier
394,15760,942,2938,40,8,320.0,crop-classifier
394,15760,1022,2914,16,10,160.0,crop-classifier
394,15760,1054,2915,64,25,1600.0,crop-classifier
394,15760,1149,2921,39,27,1053.0,crop-classifier
394,15760,1346,2938,41,8,328.0,crop-classifier
394,15760,1751,3074,16,7,112.0,crop-classifier
395,15800,173,2947,60,9,540.0,crop-classifier
395,15800,545,2926,67,28,1876.0,crop-classifier
395,15800,658,2916,62,35,2170.0,crop-classifier
395,15800,841,2934,45,9,405.0,crop-classifier
395,15800,968,2915,57,30,1710.0,crop-classifier
395,15800,1141,2922,79,27,2133.0,crop-classifier
395,15800,1322,2935,32,10,320.0,crop-classifier
395,15800,1758,3070,11,10,110.0,crop-classifier
396,15840,169,2949,48,8,384.0,crop-classifier
396,15840,543,2922,65,29,1885.0,crop-classifier
396,15840,651,2916,68,36,2448.0,crop-classifier
396,15840,834,2934,9,6,54.0,crop-classifier
396,15840,878,2936,6,6,36.0,crop-classifier
396,15840,929,2939,42,9,378.0,crop-classifier
396,15840,1013,2912,51,26,1326.0,crop-classifier
396,15840,1294,2934,52,12,624.0,crop-classifier
396,15840,1753,3072,15,8,120.0,crop-classifier
397,15880,163,2950,36,7,252.0,crop-classifier
397,15880,308,2947,54,6,324.0,crop-classifier
397,15880,539,2923,68,26,1768.0,crop-classifier
397,15880,649,2916,67,36,2412.0,crop-classifier
397,15880,722,2677,157,370,58090.0,crop-classifier
397,15880,958,2914,64,29,1856.0,crop-classifier
397,15880,1057,2911,58,37,2146.0,crop-classifier
397,15880,1327,2934,41,12,492.0,crop-classifier
397,15880,1759,3075,14,8,112.0,crop-classifier
398,15920,160,2948,32,9,288.0,crop-classifier
398,15920,324,2945,55,9,495.0,crop-classifier
398,15920,417,0,64,66,4224.0,crop-classifier
398,15920,539,2943,30,7,210.0,crop-classifier
398,15920,648,2916,66,32,2112.0,crop-classifier
398,15920,823,2932,8,5,40.0,crop-classifier
398,15920,918,2938,39,7,273.0,crop-classifier
398,15920,1123,2918,78,27,2106.0,crop-classifier
398,15920,1321,2935,39,9,351.0,crop-classifier
398,15920,1761,3075,11,9,99.0,crop-classifier
399,15960,153,2948,34,6,204.0,crop-classifier
399,15960,295,2944,54,9,486.0,crop-classifier
399,15960,431,14,50,51,2550.0,crop-classifier
399,15960,560,2923,71,26,1846.0,crop-classifier
399,15960,815,2930,48,13,624.0,crop-classifier
399,15960,910,2938,42,9,378.0,crop-classifier
399,15960,1039,2908,62,36,2232.0,crop-classifier
399,15960,1118,2922,40,24,960.0,crop-classifier
399,15960,1317,2935,38,11,418.0,crop-classifier
399,15960,1761,3070,14,10,140.0,crop-classifier
400,16000,147,2949,37,8,296.0,crop-classifier
400,16000,268,2946,52,7,364.0,crop-classifier
400,16000,406,19,59,29,1711.0,crop-classifier
400,16000,533,2922,66,25,1650.0,crop-classifier
400,16000,638,2916,69,33,2277.0,crop-classifier
400,16000,810,2932,10,8,80.0,crop-classifier
400,16000,854,2935,6,5,30.0,crop-classifier
400,16000,907,2938,40,9,360.0,crop-classifier
400,16000,994,2915,42,20,840.0,crop-classifier
400,16000,1290,2936,53,9,477.0,crop-classifier
400,16000,1766,3069,10,10,100.0,crop-classifier
401,16040,143,2948,46,8,368.0,crop-classifier
401,16040,242,2943,51,12,612.0,crop-classifier
401,16040,318,19,86,46,3956.0,crop-classifier
401,16040,417,0,64,65,4160.0,crop-classifier
401,16040,526,2918,70,29,2030.0,crop-classifier
401,16040,620,2916,78,32,2496.0,crop-classifier
401,16040,773,2899,40,37,1480.0,crop-classifier
401,16040,844,2932,10,8,80.0,crop-classifier
401,16040,895,2935,44,10,440.0,crop-classifier
401,16040,984,2912,31,20,620.0,crop-classifier
401,16040,1034,2911,58,38,2204.0,crop-classifier
401,16040,1106,2917,77,26,2002.0,crop-classifier
401,16040,1302,2934,38,10,380.0,crop-classifier
401,16040,1762,3069,17,10,170.0,crop-classifier
402,16080,140,2946,34,9,306.0,crop-classifier
402,16080,214,2945,51,10,510.0,crop-classifier
402,16080,318,19,75,46,3450.0,crop-classifier
402,16080,527,2919,66,29,1914.0,crop-classifier
402,16080,599,2917,62,24,1488.0,crop-classifier
402,16080,799,2931,50,9,450.0,crop-classifier
402,16080,891,2937,9,7,63.0,crop-classifier
402,16080,928,2911,64,32,2048.0,crop-classifier
402,16080,1100,2918,79,26,2054.0,crop-classifier
402,16080,1278,2931,31,12,372.0,crop-classifier
402,16080,1766,3074,14,7,98.0,crop-classifier
403,16120,135,2946,33,8,264.0,crop-classifier
403,16120,178,2947,62,7,434.0,crop-classifier
403,16120,274,2943,61,10,610.0,crop-classifier
403,16120,281,19,60,33,1980.0,crop-classifier
403,16120,523,2920,65,28,1820.0,crop-classifier
403,16120,627,2917,71,27,1917.0,crop-classifier
403,16120,790,2930,52,9,468.0,crop-classifier
403,16120,884,2937,44,7,308.0,crop-classifier
403,16120,975,2911,47,21,987.0,crop-classifier
403,16120,1057,2912,41,32,1312.0,crop-classifier
403,16120,1250,2934,52,9,468.0,crop-classifier
403,16120,1766,3074,13,8,104.0,crop-classifier
404,16160,152,2947,59,10,590.0,crop-classifier
404,16160,226,2945,48,10,480.0,crop-classifier
404,16160,244,19,64,32,2048.0,crop-classifier
404,16160,521,2918,61,26,1586.0,crop-classifier
404,16160,787,2931,47,6,282.0,crop-classifier
404,16160,881,2936,41,8,328.0,crop-classifier
404,16160,971,2911,24,19,456.0,crop-classifier
404,16160,1087,2918,79,24,1896.0,crop-classifier
404,16160,1283,2931,40,13,520.0,crop-classifier
404,16160,1767,3070,12,8,96.0,crop-classifier
405,16200,147,2946,57,11,627.0,crop-classifier
405,16200,197,19,57,33,1881.0,crop-classifier
405,16200,489,3031,297,133,39501.0,crop-classifier
405,16200,543,2919,65,25,1625.0,crop-classifier
405,16200,624,2917,68,26,1768.0,crop-classifier
405,16200,761,2899,61,64,3904.0,crop-classifier
405,16200,874,2936,40,6,240.0,crop-classifier
405,16200,962,2911,24,18,432.0,crop-classifier
405,16200,1031,2911,34,33,1122.0,crop-classifier
405,16200,1114,2914,11,7,77.0,crop-classifier
405,16200,1239,2933,51,8,408.0,crop-classifier
405,16200,1772,3066,10,11,110.0,crop-classifier
406,16240,118,2943,57,10,570.0,crop-classifier
406,16240,138,19,61,33,2013.0,crop-classifier
406,16240,194,2948,47,5,235.0,crop-classifier
406,16240,511,2918,67,27,1809.0,crop-classifier
406,16240,620,2916,70,24,1680.0,crop-classifier
406,16240,766,3101,96,217,20832.0,crop-classifier
406,16240,814,2931,10,9,90.0,crop-classifier
406,16240,867,2935,40,7,280.0,crop-classifier
406,16240,961,2907,64,25,1600.0,crop-classifier
406,16240,1057,2916,60,28,1680.0,crop-classifier
406,16240,1236,2931,43,10,430.0,crop-classifier
406,16240,1766,3070,17,8,136.0,crop-classifier
407,16280,111,2944,46,9,414.0,crop-classifier
407,16280,161,2947,55,7,385.0,crop-classifier
407,16280,511,2919,61,25,1525.0,crop-classifier
407,16280,610,2914,77,28,2156.0,crop-classifier
407,16280,861,2934,43,11,473.0,crop-classifier
407,16280,958,2907,64,25,1600.0,crop-classifier
407,16280,1071,2916,76,25,1900.0,crop-classifier
407,16280,1200,2931,55,9,495.0,crop-classifier
407,16280,1771,3071,18,10,180.0,crop-classifier
408,16320,37,19,55,33,1815.0,crop-classifier
408,16320,105,2947,36,6,216.0,crop-classifier
408,16320,151,2946,60,10,600.0,crop-classifier
408,16320,509,2917,71,25,1775.0,crop-classifier
408,16320,610,2914,71,26,1846.0,crop-classifier
408,16320,855,2933,42,12,504.0,crop-classifier
408,16320,955,2907,64,23,1472.0,crop-classifier
408,16320,1020,2909,48,35,1680.0,crop-classifier
408,16320,1099,2915,43,16,688.0,crop-classifier
408,16320,1191,2929,37,8,296.0,crop-classifier
408,16320,1259,2932,41,10,410.0,crop-classifier
408,16320,1773,3070,12,11,132.0,crop-classifier
409,16360,100,2946,36,7,252.0,crop-classifier
409,16360,147,2946,58,7,406.0,crop-classifier
409,16360,507,2915,69,26,1794.0,crop-classifier
409,16360,588,2914,52,23,1196.0,crop-classifier
409,16360,754,3070,124,220,27280.0,crop-classifier
409,16360,798,2930,8,5,40.0,crop-classifier
409,16360,847,2933,45,11,495.0,crop-classifier
409,16360,943,2909,41,19,779.0,crop-classifier
409,16360,1054,2915,44,25,1100.0,crop-classifier
409,16360,1251,2930,42,10,420.0,crop-classifier
409,16360,1775,3072,8,8,64.0,crop-classifier
410,16400,123,2946,53,7,371.0,crop-classifier
410,16400,503,2916,71,26,1846.0,crop-classifier
410,16400,789,2930,10,6,60.0,crop-classifier
410,16400,840,2933,45,10,450.0,crop-classifier
410,16400,938,2906,24,23,552.0,crop-classifier
410,16400,1051,2914,79,28,2212.0,crop-classifier
410,16400,1146,2927,38,6,228.0,crop-classifier
410,16400,1248,2931,38,9,342.0,crop-classifier
410,16400,1774,3068,12,12,144.0,crop-classifier
411,16440,87,2942,36,10,360.0,crop-classifier
411,16440,499,2915,74,27,1998.0,crop-classifier
411,16440,752,2895,40,73,2920.0,crop-classifier
411,16440,835,2931,46,10,460.0,crop-classifier
411,16440,934,2906,20,19,380.0,crop-classifier
411,16440,1009,2907,41,35,1435.0,crop-classifier
411,16440,1118,2922,63,14,882.0,crop-classifier
411,16440,1226,2929,53,11,583.0,crop-classifier
411,16440,1771,3070,17,8,136.0,crop-classifier
412,16480,85,2946,60,8,480.0,crop-classifier
412,16480,499,2914,71,28,1988.0,crop-classifier
412,16480,619,2922,51,18,918.0,crop-classifier
412,16480,745,2895,39,71,2769.0,crop-classifier
412,16480,769,3017,51,70,3570.0,crop-classifier
412,16480,829,2931,45,10,450.0,crop-classifier
412,16480,927,2908,22,17,374.0,crop-classifier
412,16480,1000,2910,44,32,1408.0,crop-classifier
412,16480,1076,2912,64,18,1152.0,crop-classifier
412,16480,1197,2927,51,10,510.0,crop-classifier
412,16480,1774,3074,14,7,98.0,crop-classifier
413,16520,79,2945,34,8,272.0,crop-classifier
413,16520,497,2914,71,27,1917.0,crop-classifier
413,16520,823,2930,42,8,336.0,crop-classifier
413,16520,924,2907,21,19,399.0,crop-classifier
413,16520,1034,2911,79,29,2291.0,crop-classifier
413,16520,1166,2926,64,8,512.0,crop-classifier
413,16520,1776,3073,10,7,70.0,crop-classifier
414,16560,74,2940,39,13,507.0,crop-classifier
414,16560,243,2938,60,14,840.0,crop-classifier
414,16560,491,2915,75,26,1950.0,crop-classifier
414,16560,816,2930,46,8,368.0,crop-classifier
414,16560,920,2907,19,18,342.0,crop-classifier
414,16560,1023,2911,47,28,1316.0,crop-classifier
414,16560,1155,2926,39,9,351.0,crop-classifier
414,16560,1226,2928,36,10,360.0,crop-classifier
414,16560,1780,3073,7,6,42.0,crop-classifier
415,16600,71,2943,45,8,360.0,crop-classifier
415,16600,197,2942,52,10,520.0,crop-classifier
415,16600,490,2914,74,23,1702.0,crop-classifier
415,16600,586,2917,55,16,880.0,crop-classifier
415,16600,811,2928,46,12,552.0,crop-classifier
415,16600,914,2902,19,21,399.0,crop-classifier
415,16600,963,2906,61,34,2074.0,crop-classifier
415,16600,1095,2921,28,7,196.0,crop-classifier
415,16600,1179,2925,54,13,702.0,crop-classifier
415,16600,1777,3069,11,10,110.0,crop-classifier
416,16640,63,2944,30,6,180.0,crop-classifier
416,16640,187,2943,54,9,486.0,crop-classifier
416,16640,487,2910,75,26,1950.0,crop-classifier
416,16640,805,2926,41,10,410.0,crop-classifier
416,16640,907,2904,20,18,360.0,crop-classifier
416,16640,939,2902,59,36,2124.0,crop-classifier
416,16640,1051,2909,64,19,1216.0,crop-classifier
416,16640,1211,2926,39,9,351.0,crop-classifier
416,16640,1775,3071,12,9,108.0,crop-classifier
417,16680,59,2943,30,9,270.0,crop-classifier
417,16680,181,2947,30,5,150.0,crop-classifier
417,16680,485,2912,69,24,1656.0,crop-classifier
417,16680,578,2913,56,15,840.0,crop-classifier
417,16680,799,2926,41,9,369.0,crop-classifier
417,16680,903,2906,19,19,361.0,crop-classifier
417,16680,958,2903,55,35,1925.0,crop-classifier
417,16680,1085,2921,60,8,480.0,crop-classifier
417,16680,1168,2925,52,11,572.0,crop-classifier
417,16680,1776,3074,17,11,187.0,crop-classifier
418,16720,53,2939,33,10,330.0,crop-classifier
418,16720,152,2943,56,10,560.0,crop-classifier
418,16720,250,2935,71,11,781.0,crop-classifier
418,16720,479,2913,69,24,1656.0,crop-classifier
418,16720,552,2912,52,13,676.0,crop-classifier
418,16720,791,2928,45,8,360.0,crop-classifier
418,16720,915,2906,64,29,1856.0,crop-classifier
418,16720,1035,2910,47,14,658.0,crop-classifier
418,16720,1137,2923,64,11,704.0,crop-classifier
418,16720,1778,3073,10,8,80.0,crop-classifier
419,16760,47,2942,9,4,36.0,crop-classifier
419,16760,119,2943,56,10,560.0,crop-classifier
419,16760,218,2937,60,11,660.0,crop-classifier
419,16760,479,2927,36,10,360.0,crop-classifier
419,16760,529,2911,50,15,750.0,crop-classifier
419,16760,593,2914,51,14,714.0,crop-classifier
419,16760,787,2927,42,10,420.0,crop-classifier
419,16760,910,2905,64,24,1536.0,crop-classifier
419,16760,985,2909,55,25,1375.0,crop-classifier
419,16760,1074,2915,58,14,812.0,crop-classifier
419,16760,1777,3071,15,11,165.0,crop-classifier
420,16800,40,2942,36,9,324.0,crop-classifier
420,16800,238,2934,61,12,732.0,crop-classifier
420,16800,474,2909,74,28,2072.0,crop-classifier
420,16800,567,2913,54,10,540.0,crop-classifier
420,16800,779,2925,42,10,420.0,crop-classifier
420,16800,941,2903,57,33,1881.0,crop-classifier
420,16800,1026,2907,43,15,645.0,crop-classifier
420,16800,1119,2922,43,7,301.0,crop-classifier
420,16800,1187,2926,40,8,320.0,crop-classifier
420,16800,1777,3070,15,12,180.0,crop-classifier
421,16840,38,2941,45,8,360.0,crop-classifier
421,16840,89,2943,51,9,459.0,crop-classifier
421,16840,207,2939,62,10,620.0,crop-classifier
421,16840,473,2910,74,27,1998.0,crop-classifier
421,16840,776,2926,41,7,287.0,crop-classifier
421,16840,933,2901,59,35,2065.0,crop-classifier
421,16840,1084,2920,36,7,252.0,crop-classifier
421,16840,1773,3070,19,9,171.0,crop-classifier
422,16880,59,2942,53,9,477.0,crop-classifier
422,16880,201,2937,63,11,693.0,crop-classifier
422,16880,468,2928,11,7,77.0,crop-classifier
422,16880,500,2909,46,23,1058.0,crop-classifier
422,16880,675,2891,50,69,3450.0,crop-classifier
422,16880,770,2926,40,7,280.0,crop-classifier
422,16880,924,2902,64,35,2240.0,crop-classifier
422,16880,1777,3074,15,10,150.0,crop-classifier
423,16920,54,2939,53,14,742.0,crop-classifier
423,16920,176,2940,55,11,605.0,crop-classifier
423,16920,417,0,64,66,4224.0,crop-classifier
423,16920,466,2909,49,24,1176.0,crop-classifier
423,16920,764,2925,44,9,396.0,crop-classifier
423,16920,900,2902,55,32,1760.0,crop-classifier
423,16920,978,2907,77,25,1925.0,crop-classifier
423,16920,1172,2921,36,11,396.0,crop-classifier
423,16920,1778,3074,14,7,98.0,crop-classifier
424,16960,19,2939,60,14,840.0,crop-classifier
424,16960,166,2943,34,9,306.0,crop-classifier
424,16960,214,2932,69,14,966.0,crop-classifier
424,16960,419,0,62,66,4092.0,crop-classifier
424,16960,465,2907,71,26,1846.0,crop-classifier
424,16960,549,2911,59,8,472.0,crop-classifier
424,16960,662,2891,50,38,1900.0,crop-classifier
424,16960,728,2924,36,33,1188.0,crop-classifier
424,16960,865,2902,64,17,1088.0,crop-classifier
424,16960,971,2907,77,25,1925.0,crop-classifier
424,16960,1126,2919,55,13,715.0,crop-classifier
424,16960,1783,3074,8,4,32.0,crop-classifier
425,17000,16,2937,34,11,374.0,crop-classifier
425,17000,114,2945,54,8,432.0,crop-classifier
425,17000,184,2941,36,8,288.0,crop-classifier
425,17000,386,19,56,14,784.0,crop-classifier
425,17000,463,2906,41,27,1107.0,crop-classifier
425,17000,590,2911,14,7,98.0,crop-classifier
425,17000,659,2888,47,41,1927.0,crop-classifier
425,17000,714,2891,78,69,5382.0,crop-classifier
425,17000,908,2903,62,29,1798.0,crop-classifier
425,17000,1123,2919,42,13,546.0,crop-classifier
425,17000,1783,3071,13,9,117.0,crop-classifier
426,17040,10,2934,46,15,690.0,crop-classifier
426,17040,104,2943,53,9,477.0,crop-classifier
426,17040,206,2930,67,14,938.0,crop-classifier
426,17040,376,19,61,34,2074.0,crop-classifier
426,17040,458,2908,46,24,1104.0,crop-classifier
426,17040,588,2910,29,8,232.0,crop-classifier
426,17040,653,2888,47,39,1833.0,crop-classifier
426,17040,710,2891,79,69,5451.0,crop-classifier
426,17040,885,2903,56,30,1680.0,crop-classifier
426,17040,1089,2920,54,8,432.0,crop-classifier
426,17040,1782,3071,12,8,96.0,crop-classifier
427,17080,6,2937,4,5,20.0,crop-classifier
427,17080,198,2931,70,13,910.0,crop-classifier
427,17080,339,19,59,34,2006.0,crop-classifier
427,17080,455,2906,46,27,1242.0,crop-classifier
427,17080,587,2910,64,15,960.0,crop-classifier
427,17080,878,2902,61,31,1891.0,crop-classifier
427,17080,954,2902,78,26,2028.0,crop-classifier
427,17080,1079,2918,55,10,550.0,crop-classifier
427,17080,1782,3073,13,8,104.0,crop-classifier
428,17120,0,2934,35,11,385.0,crop-classifier
428,17120,170,2935,63,12,756.0,crop-classifier
428,17120,304,19,57,34,1938.0,crop-classifier
428,17120,452,2904,73,27,1971.0,crop-classifier
428,17120,565,2910,44,13,572.0,crop-classifier
428,17120,639,2919,42,8,336.0,crop-classifier
428,17120,844,2899,56,22,1232.0,crop-classifier
428,17120,948,2904,78,24,1872.0,crop-classifier
428,17120,1074,2917,40,7,280.0,crop-classifier
428,17120,1145,2920,35,10,350.0,crop-classifier
428,17120,1787,3075,9,5,45.0,crop-classifier
429,17160,70,2943,50,10,500.0,crop-classifier
429,17160,190,2928,69,18,1242.0,crop-classifier
429,17160,252,19,64,34,2176.0,crop-classifier
429,17160,451,2905,46,25,1150.0,crop-classifier
429,17160,577,2906,12,8,96.0,crop-classifier
429,17160,600,2676,176,369,64944.0,crop-classifier
429,17160,837,2898,39,22,858.0,crop-classifier
429,17160,941,2904,78,24,1872.0,crop-classifier
429,17160,1066,2914,41,11,451.0,crop-classifier
429,17160,1787,3075,10,5,50.0,crop-classifier
430,17200,16,2937,7,8,56.0,crop-classifier
430,17200,78,2940,63,11,693.0,crop-classifier
430,17200,158,2930,66,18,1188.0,crop-classifier
430,17200,204,19,50,34,1700.0,crop-classifier
430,17200,447,2904,41,26,1066.0,crop-classifier
430,17200,551,2907,50,11,550.0,crop-classifier
430,17200,628,2888,78,69,5382.0,crop-classifier
430,17200,719,2921,42,39,1638.0,crop-classifier
430,17200,831,2898,36,19,684.0,crop-classifier
430,17200,1029,2911,41,11,451.0,crop-classifier
430,17200,1132,2917,36,12,432.0,crop-classifier
430,17200,1790,3074,10,6,60.0,crop-classifier
431,17240,36,2940,46,8,368.0,crop-classifier
431,17240,148,19,58,34,1972.0,crop-classifier
431,17240,182,2926,68,17,1156.0,crop-classifier
431,17240,445,2903,68,27,1836.0,crop-classifier
431,17240,546,2907,50,11,550.0,crop-classifier
431,17240,621,2887,81,68,5508.0,crop-classifier
431,17240,714,2919,41,41,1681.0,crop-classifier
431,17240,825,2898,33,19,627.0,crop-classifier
431,17240,1005,2911,28,8,224.0,crop-classifier
431,17240,1091,2917,38,12,456.0,crop-classifier
431,17240,1790,3074,10,7,70.0,crop-classifier
432,17280,22,2939,51,7,357.0,crop-classifier
432,17280,85,19,56,34,1904.0,crop-classifier
432,17280,92,2941,63,11,693.0,crop-classifier
432,17280,173,2927,70,18,1260.0,crop-classifier
432,17280,444,2903,65,27,1755.0,crop-classifier
432,17280,615,2887,79,53,4187.0,crop-classifier
432,17280,708,2917,40,43,1720.0,crop-classifier
432,17280,821,2898,145,30,4350.0,crop-classifier
432,17280,999,2911,58,8,464.0,crop-classifier
432,17280,1789,3074,12,6,72.0,crop-classifier
433,17320,0,2935,55,10,550.0,crop-classifier
433,17320,33,19,51,34,1734.0,crop-classifier
433,17320,169,2926,70,18,1260.0,crop-classifier
433,17320,439,2901,46,29,1334.0,crop-classifier
433,17320,539,2902,49,13,637.0,crop-classifier
433,17320,608,2886,79,45,3555.0,crop-classifier
433,17320,815,2898,21,18,378.0,crop-classifier
433,17320,993,2908,58,11,638.0,crop-classifier
433,17320,1077,2915,39,15,585.0,crop-classifier
433,17320,1789,3074,14,6,84.0,crop-classifier
434,17360,0,2934,44,10,440.0,crop-classifier
434,17360,137,2928,66,17,1122.0,crop-classifier
434,17360,436,2899,43,31,1333.0,crop-classifier
434,17360,512,2902,57,11,627.0,crop-classifier
434,17360,604,2885,76,39,2964.0,crop-classifier
434,17360,809,2898,24,14,336.0,crop-classifier
434,17360,913,2901,78,22,1716.0,crop-classifier
434,17360,1039,2914,59,7,413.0,crop-classifier
434,17360,1111,2911,35,16,560.0,crop-classifier
434,17360,1789,3073,14,8,112.0,crop-classifier
435,17400,5,2934,18,10,180.0,crop-classifier
435,17400,50,2939,63,10,630.0,crop-classifier
435,17400,160,2927,71,15,1065.0,crop-classifier
435,17400,239,2922,64,9,576.0,crop-classifier
435,17400,433,2898,45,28,1260.0,crop-classifier
435,17400,531,2902,53,12,636.0,crop-classifier
435,17400,594,2884,80,37,2960.0,crop-classifier
435,17400,688,2911,42,48,2016.0,crop-classifier
435,17400,804,2898,19,14,266.0,crop-classifier
435,17400,878,2898,64,27,1728.0,crop-classifier
435,17400,1066,2911,49,16,784.0,crop-classifier
435,17400,1791,3074,14,6,84.0,crop-classifier
436,17440,31,2936,49,12,588.0,crop-classifier
436,17440,125,2936,37,9,333.0,crop-classifier
436,17440,218,2922,48,11,528.0,crop-classifier
436,17440,431,2899,21,23,483.0,crop-classifier
436,17440,505,2902,55,9,495.0,crop-classifier
436,17440,590,3023,187,445,83215.0,crop-classifier
436,17440,591,2882,77,38,2926.0,crop-classifier
436,17440,682,2910,43,48,2064.0,crop-classifier
436,17440,799,2898,20,18,360.0,crop-classifier
436,17440,851,2900,58,25,1450.0,crop-classifier
436,17440,1059,2913,25,7,175.0,crop-classifier
436,17440,1793,3076,12,5,60.0,crop-classifier
437,17480,0,2936,48,6,288.0,crop-classifier
437,17480,64,2938,64,10,640.0,crop-classifier
437,17480,149,2925,71,17,1207.0,crop-classifier
437,17480,428,2897,43,25,1075.0,crop-classifier
437,17480,585,2882,75,37,2775.0,crop-classifier
437,17480,793,2894,19,19,361.0,crop-classifier
437,17480,970,2905,57,14,798.0,crop-classifier
437,17480,1052,2913,47,14,658.0,crop-classifier
437,17480,1795,3075,11,6,66.0,crop-classifier
438,17520,0,2934,68,11,748.0,crop-classifier
438,17520,113,2926,71,18,1278.0,crop-classifier
438,17520,425,2894,27,31,837.0,crop-classifier
438,17520,482,2898,49,10,490.0,crop-classifier
438,17520,579,2880,76,40,3040.0,crop-classifier
438,17520,788,2896,20,13,260.0,crop-classifier
438,17520,818,2899,64,27,1728.0,crop-classifier
438,17520,965,2906,54,10,540.0,crop-classifier
438,17520,1048,2912,43,13,559.0,crop-classifier
438,17520,1797,3076,13,5,65.0,crop-classifier
439,17560,0,2935,37,9,333.0,crop-classifier
439,17560,53,2934,65,13,845.0,crop-classifier
439,17560,139,2922,72,18,1296.0,crop-classifier
439,17560,423,2896,42,28,1176.0,crop-classifier
439,17560,571,2879,75,41,3075.0,crop-classifier
439,17560,784,2896,56,16,896.0,crop-classifier
439,17560,935,2898,53,17,901.0,crop-classifier
439,17560,1798,3076,12,6,72.0,crop-classifier
440,17600,13,2933,44,13,572.0,crop-classifier
440,17600,77,2935,62,10,620.0,crop-classifier
440,17600,419,2895,42,26,1092.0,crop-classifier
440,17600,562,2876,78,39,3042.0,crop-classifier
440,17600,776,2894,60,16,960.0,crop-classifier
440,17600,1800,3076,13,6,78.0,crop-classifier
441,17640,2,2930,76,15,1140.0,crop-classifier
441,17640,128,2922,72,19,1368.0,crop-classifier
441,17640,414,2895,30,26,780.0,crop-classifier
441,17640,511,2899,57,8,456.0,crop-classifier
441,17640,773,2894,55,17,935.0,crop-classifier
441,17640,1035,2906,45,19,855.0,crop-classifier
441,17640,1800,3077,15,5,75.0,crop-classifier
442,17680,0,2932,22,8,176.0,crop-classifier
442,17680,38,2934,62,11,682.0,crop-classifier
442,17680,124,2922,71,18,1278.0,crop-classifier
442,17680,230,2916,49,14,686.0,crop-classifier
442,17680,408,2892,44,28,1232.0,crop-classifier
442,17680,482,2894,59,13,767.0,crop-classifier
442,17680,550,2876,78,40,3120.0,crop-classifier
442,17680,765,2897,40,13,520.0,crop-classifier
442,17680,1028,2908,25,8,200.0,crop-classifier
442,17680,1807,3078,9,5,45.0,crop-classifier
443,17720,8,2932,60,14,840.0,crop-classifier
443,17720,116,2921,76,16,1216.0,crop-classifier
443,17720,202,2920,52,6,312.0,crop-classifier
443,17720,404,2893,30,28,840.0,crop-classifier
443,17720,455,2894,57,11,627.0,crop-classifier
443,17720,548,2875,73,37,2701.0,crop-classifier
443,17720,763,2895,36,15,540.0,crop-classifier
443,17720,1022,2909,42,14,588.0,crop-classifier
443,17720,1807,3078,9,5,45.0,crop-classifier
444,17760,2,2932,59,12,708.0,crop-classifier
444,17760,84,2925,63,17,1071.0,crop-classifier
444,17760,395,2893,32,27,864.0,crop-classifier
444,17760,472,2866,116,44,5104.0,crop-classifier
444,17760,755,2893,37,13,481.0,crop-classifier
444,17760,900,2867,93,45,4185.0,crop-classifier
444,17760,1013,2904,43,17,731.0,crop-classifier
444,17760,1810,3079,9,5,45.0,crop-classifier
445,17800,0,2931,57,12,684.0,crop-classifier
445,17800,107,2921,74,17,1258.0,crop-classifier
445,17800,389,2892,46,27,1242.0,crop-classifier
445,17800,495,2864,89,46,4094.0,crop-classifier
445,17800,751,2895,34,10,340.0,crop-classifier
445,17800,981,2906,53,8,424.0,crop-classifier
445,17800,1047,2906,35,16,560.0,crop-classifier
445,17800,1812,3079,9,5,45.0,crop-classifier
446,17840,14,2927,65,17,1105.0,crop-classifier
446,17840,105,2920,72,15,1080.0,crop-classifier
446,17840,185,2918,71,9,639.0,crop-classifier
446,17840,383,2891,47,29,1363.0,crop-classifier
446,17840,745,2895,35,13,455.0,crop-classifier
446,17840,877,2853,53,55,2915.0,crop-classifier
446,17840,1003,2905,49,16,784.0,crop-classifier
446,17840,1813,3080,10,5,50.0,crop-classifier
447,17880,13,2931,33,9,297.0,crop-classifier
447,17880,99,2919,71,17,1207.0,crop-classifier
447,17880,375,2890,48,28,1344.0,crop-classifier
447,17880,459,2863,72,43,3096.0,crop-classifier
447,17880,740,2893,35,15,525.0,crop-classifier
447,17880,1038,2908,36,16,576.0,crop-classifier
447,17880,1815,3080,10,6,60.0,crop-classifier
448,17920,2,2930,38,10,380.0,crop-classifier
448,17920,58,2921,76,17,1292.0,crop-classifier
448,17920,174,2914,72,11,792.0,crop-classifier
448,17920,369,2890,43,27,1161.0,crop-classifier
448,17920,389,0,92,66,6072.0,crop-classifier
448,17920,455,2874,73,31,2263.0,crop-classifier
448,17920,603,2904,41,43,1763.0,crop-classifier
448,17920,734,2892,34,13,442.0,crop-classifier
448,17920,994,2903,49,17,833.0,crop-classifier
448,17920,1817,3081,10,6,60.0,crop-classifier
449,17960,34,2927,56,13,728.0,crop-classifier
449,17960,121,2917,41,8,328.0,crop-classifier
449,17960,358,19,56,14,784.0,crop-classifier
449,17960,364,2889,44,30,1320.0,crop-classifier
449,17960,420,14,61,51,3111.0,crop-classifier
449,17960,451,2885,74,18,1332.0,crop-classifier
449,17960,595,2903,45,41,1845.0,crop-classifier
449,17960,728,2894,32,9,288.0,crop-classifier
449,17960,903,2900,61,8,488.0,crop-classifier
449,17960,988,2903,47,16,752.0,crop-classifier
449,17960,1819,3082,9,5,45.0,crop-classifier
450,18000,0,2929,31,9,279.0,crop-classifier
450,18000,49,2918,73,17,1241.0,crop-classifier
450,18000,148,2915,54,9,486.0,crop-classifier
450,18000,333,19,58,33,1914.0,crop-classifier
450,18000,359,2888,45,31,1395.0,crop-classifier
450,18000,592,2902,40,45,1800.0,crop-classifier
450,18000,722,2893,37,11,407.0,crop-classifier
450,18000,980,2902,27,10,270.0,crop-classifier
450,18000,1022,2903,36,18,648.0,crop-classifier
450,18000,1820,3083,11,5,55.0,crop-classifier
451,18040,18,2932,6,5,30.0,crop-classifier
451,18040,43,2919,74,15,1110.0,crop-classifier
451,18040,118,2915,50,13,650.0,crop-classifier
451,18040,278,19,47,33,1551.0,crop-classifier
451,18040,352,2888,46,29,1334.0,crop-classifier
451,18040,442,2894,74,26,1924.0,crop-classifier
451,18040,715,2890,93,46,4278.0,crop-classifier
451,18040,943,2902,41,9,369.0,crop-classifier
451,18040,1823,3084,10,5,50.0,crop-classifier
452,18080,11,2926,8,9,72.0,crop-classifier
452,18080,39,2917,75,18,1350.0,crop-classifier
452,18080,213,19,41,33,1353.0,crop-classifier
452,18080,345,2887,46,27,1242.0,crop-classifier
452,18080,440,2892,72,40,2880.0,crop-classifier
452,18080,577,2900,40,9,360.0,crop-classifier
452,18080,710,2892,35,9,315.0,crop-classifier
452,18080,909,2895,64,17,1088.0,crop-classifier
452,18080,1011,2904,33,14,462.0,crop-classifier
452,18080,1825,3085,10,5,50.0,crop-classifier
453,18120,8,2927,34,9,306.0,crop-classifier
453,18120,106,2914,55,10,550.0,crop-classifier
453,18120,149,19,57,32,1824.0,crop-classifier
453,18120,339,2886,47,31,1457.0,crop-classifier
453,18120,390,2893,53,21,1113.0,crop-classifier
453,18120,571,2898,43,14,602.0,crop-classifier
453,18120,706,2890,30,11,330.0,crop-classifier
453,18120,1827,3085,9,5,45.0,crop-classifier
454,18160,30,2916,73,19,1387.0,crop-classifier
454,18160,335,2884,46,32,1472.0,crop-classifier
454,18160,565,2898,44,11,484.0,crop-classifier
454,18160,701,2890,30,11,330.0,crop-classifier
454,18160,875,2896,30,8,240.0,crop-classifier
454,18160,1000,2903,37,17,629.0,crop-classifier
454,18160,1826,3086,12,5,60.0,crop-classifier
455,18200,0,2922,63,10,630.0,crop-classifier
455,18200,46,19,64,32,2048.0,crop-classifier
455,18200,95,2913,43,12,516.0,crop-classifier
455,18200,329,2884,43,31,1333.0,crop-classifier
455,18200,559,2896,44,13,572.0,crop-classifier
455,18200,695,2890,89,42,3738.0,crop-classifier
455,18200,1826,3086,14,4,56.0,crop-classifier
456,18240,0,2924,58,9,522.0,crop-classifier
456,18240,7,19,13,33,429.0,crop-classifier
456,18240,91,2913,38,8,304.0,crop-classifier
456,18240,321,2884,46,29,1334.0,crop-classifier
456,18240,556,2896,40,9,360.0,crop-classifier
456,18240,688,2890,33,10,330.0,crop-classifier
456,18240,862,2895,62,7,434.0,crop-classifier
456,18240,990,2902,34,14,476.0,crop-classifier
456,18240,1829,3087,13,5,65.0,crop-classifier
457,18280,14,2922,37,7,259.0,crop-classifier
457,18280,89,2914,33,7,231.0,crop-classifier
457,18280,315,2884,47,30,1410.0,crop-classifier
457,18280,547,2895,43,9,387.0,crop-classifier
457,18280,684,2890,31,8,248.0,crop-classifier
457,18280,857,2895,62,7,434.0,crop-classifier
457,18280,983,2898,36,18,648.0,crop-classifier
457,18280,1832,3087,12,5,60.0,crop-classifier
458,18320,8,2918,38,11,418.0,crop-classifier
458,18320,80,2913,36,6,216.0,crop-classifier
458,18320,310,2882,7,5,35.0,crop-classifier
458,18320,542,2895,43,10,430.0,crop-classifier
458,18320,674,2886,36,13,468.0,crop-classifier
458,18320,851,2890,29,10,290.0,crop-classifier
458,18320,955,2899,60,18,1080.0,crop-classifier
458,18320,1833,3087,12,4,48.0,crop-classifier
459,18360,5,2921,47,9,423.0,crop-classifier
459,18360,79,2910,33,7,231.0,crop-classifier
459,18360,304,2880,7,7,49.0,crop-classifier
459,18360,536,2894,40,9,360.0,crop-classifier
459,18360,670,2887,30,10,300.0,crop-classifier
459,18360,845,2890,30,8,240.0,crop-classifier
459,18360,930,2894,54,23,1242.0,crop-classifier
459,18360,1833,3087,14,5,70.0,crop-classifier
460,18400,0,2921,52,9,468.0,crop-classifier
460,18400,76,2909,42,8,336.0,crop-classifier
460,18400,298,2880,9,7,63.0,crop-classifier
460,18400,530,2891,40,12,480.0,crop-classifier
460,18400,665,2887,28,11,308.0,crop-classifier
460,18400,839,2891,31,10,310.0,crop-classifier
460,18400,926,2894,27,10,270.0,crop-classifier
460,18400,966,2898,36,16,576.0,crop-classifier
460,18400,1837,3087,12,5,60.0,crop-classifier
461,18440,0,2918,37,8,296.0,crop-classifier
461,18440,47,2911,55,19,1045.0,crop-classifier
461,18440,292,2880,10,6,60.0,crop-classifier
461,18440,524,2891,40,9,360.0,crop-classifier
461,18440,659,2886,30,11,330.0,crop-classifier
461,18440,834,2890,31,10,310.0,crop-classifier
461,18440,921,2894,54,23,1242.0,crop-classifier
461,18440,1837,3087,14,5,70.0,crop-classifier
462,18480,21,2911,50,13,650.0,crop-classifier
462,18480,287,2879,7,5,35.0,crop-classifier
462,18480,338,2885,69,27,1863.0,crop-classifier
462,18480,519,2892,41,8,328.0,crop-classifier
462,18480,655,2887,29,9,261.0,crop-classifier
462,18480,827,2889,63,10,630.0,crop-classifier
462,18480,914,2896,54,16,864.0,crop-classifier
462,18480,1837,3087,17,5,85.0,crop-classifier
463,18520,13,2909,51,17,867.0,crop-classifier
463,18520,279,2878,9,6,54.0,crop-classifier
463,18520,334,2887,28,23,644.0,crop-classifier
463,18520,389,0,91,66,6006.0,crop-classifier
463,18520,513,2890,39,10,390.0,crop-classifier
463,18520,641,2887,35,11,385.0,crop-classifier
463,18520,789,2857,96,43,4128.0,crop-classifier
463,18520,908,2894,59,18,1062.0,crop-classifier
463,18520,1841,3084,16,8,128.0,crop-classifier
464,18560,8,2918,12,5,60.0,crop-classifier
464,18560,275,2878,10,6,60.0,crop-classifier
464,18560,318,19,75,46,3450.0,crop-classifier
464,18560,331,2886,13,26,338.0,crop-classifier
464,18560,507,2889,41,8,328.0,crop-classifier
464,18560,638,2887,33,10,330.0,crop-classifier
464,18560,921,2892,60,21,1260.0,crop-classifier
464,18560,1842,3084,18,7,126.0,crop-classifier
465,18600,7,2915,9,6,54.0,crop-classifier
465,18600,267,2878,9,5,45.0,crop-classifier
465,18600,287,19,64,34,2176.0,crop-classifier
465,18600,500,2889,43,6,258.0,crop-classifier
465,18600,634,2885,31,12,372.0,crop-classifier
465,18600,765,3119,69,242,16698.0,crop-classifier
465,18600,897,2893,29,7,203.0,crop-classifier
465,18600,944,2895,34,18,612.0,crop-classifier
465,18600,1843,3085,16,6,96.0,crop-classifier
466,18640,0,2911,49,10,490.0,crop-classifier
466,18640,244,19,64,34,2176.0,crop-classifier
466,18640,262,2876,64,36,2304.0,crop-classifier
466,18640,375,2885,69,16,1104.0,crop-classifier
466,18640,495,2888,40,7,280.0,crop-classifier
466,18640,630,2886,28,11,308.0,crop-classifier
466,18640,764,3130,77,223,17171.0,crop-classifier
466,18640,891,2893,46,10,460.0,crop-classifier
466,18640,1844,3085,16,5,80.0,crop-classifier
467,18680,189,19,64,35,2240.0,crop-classifier
467,18680,256,2874,8,6,48.0,crop-classifier
467,18680,334,2885,50,18,900.0,crop-classifier
467,18680,489,2887,41,9,369.0,crop-classifier
467,18680,622,2883,29,12,348.0,crop-classifier
467,18680,886,2890,25,9,225.0,crop-classifier
467,18680,1844,3084,18,6,108.0,crop-classifier
468,18720,134,19,57,34,1938.0,crop-classifier
468,18720,251,2876,9,8,72.0,crop-classifier
468,18720,316,2882,35,25,875.0,crop-classifier
468,18720,366,2882,68,15,1020.0,crop-classifier
468,18720,452,2886,72,13,936.0,crop-classifier
468,18720,618,2884,27,10,270.0,crop-classifier
468,18720,761,2855,96,70,6720.0,crop-classifier
468,18720,766,3112,87,222,19314.0,crop-classifier
468,18720,927,2892,33,17,561.0,crop-classifier
468,18720,1847,3083,16,6,96.0,crop-classifier
469,18760,32,2903,5,8,40.0,crop-classifier
469,18760,244,2875,9,8,72.0,crop-classifier
469,18760,309,2878,23,30,690.0,crop-classifier
469,18760,445,2885,73,12,876.0,crop-classifier
469,18760,613,2884,26,10,260.0,crop-classifier
469,18760,755,2853,93,72,6696.0,crop-classifier
469,18760,766,3104,92,222,20424.0,crop-classifier
469,18760,891,2890,65,18,1170.0,crop-classifier
469,18760,1847,3083,16,5,80.0,crop-classifier
470,18800,18,19,64,34,2176.0,crop-classifier
470,18800,29,2906,9,6,54.0,crop-classifier
470,18800,239,2874,8,5,40.0,crop-classifier
470,18800,303,2880,39,27,1053.0,crop-classifier
470,18800,439,2886,73,11,803.0,crop-classifier
470,18800,604,2883,30,13,390.0,crop-classifier
470,18800,886,2889,61,24,1464.0,crop-classifier
470,18800,1848,3082,17,5,85.0,crop-classifier
471,18840,26,2904,8,9,72.0,crop-classifier
471,18840,230,2870,12,9,108.0,crop-classifier
471,18840,298,2881,16,24,384.0,crop-classifier
471,18840,414,2884,61,13,793.0,crop-classifier
471,18840,598,2884,28,8,224.0,crop-classifier
471,18840,884,2887,60,18,1080.0,crop-classifier
471,18840,1849,3081,17,5,85.0,crop-classifier
471,18840,1873,3400,74,34,2516.0,crop-classifier
472,18880,19,2903,22,8,176.0,crop-classifier
472,18880,229,2874,8,5,40.0,crop-classifier
472,18880,295,2876,12,28,336.0,crop-classifier
472,18880,427,2883,72,16,1152.0,crop-classifier
472,18880,593,2840,170,99,16830.0,crop-classifier
472,18880,765,3086,109,209,22781.0,crop-classifier
472,18880,877,2887,62,19,1178.0,crop-classifier
472,18880,1842,3400,64,33,2112.0,crop-classifier
472,18880,1850,3080,17,5,85.0,crop-classifier
473,18920,14,2903,28,8,224.0,crop-classifier
473,18920,219,2873,14,7,98.0,crop-classifier
473,18920,291,2879,13,25,325.0,crop-classifier
473,18920,417,0,63,65,4095.0,crop-classifier
473,18920,423,2883,69,14,966.0,crop-classifier
473,18920,853,2886,54,17,918.0,crop-classifier
473,18920,1851,3080,16,5,80.0,crop-classifier
474,18960,10,2901,30,7,210.0,crop-classifier
474,18960,217,2873,7,5,35.0,crop-classifier
474,18960,283,2878,21,24,504.0,crop-classifier
474,18960,386,19,56,14,784.0,crop-classifier
474,18960,419,2882,67,15,1005.0,crop-classifier
474,18960,580,2843,176,96,16896.0,crop-classifier
474,18960,844,2886,28,8,224.0,crop-classifier
474,18960,1851,3079,17,6,102.0,crop-classifier
475,19000,7,2899,39,9,351.0,crop-classifier
475,19000,210,2871,8,6,48.0,crop-classifier
475,19000,283,2878,19,24,456.0,crop-classifier
475,19000,374,2879,50,16,800.0,crop-classifier
475,19000,376,19,63,34,2142.0,crop-classifier
475,19000,440,2881,41,8,328.0,crop-classifier
475,19000,839,2884,25,8,200.0,crop-classifier
475,19000,1855,3078,13,9,117.0,crop-classifier
476,19040,3,2900,40,8,320.0,crop-classifier
476,19040,207,2872,7,6,42.0,crop-classifier
476,19040,277,2873,25,28,700.0,crop-classifier
476,19040,332,2875,64,21,1344.0,crop-classifier
476,19040,348,19,64,34,2176.0,crop-classifier
476,19040,411,2880,63,15,945.0,crop-classifier
476,19040,766,3069,127,184,23368.0,crop-classifier
476,19040,851,2884,65,19,1235.0,crop-classifier
476,19040,1855,3076,14,7,98.0,crop-classifier
477,19080,0,2898,42,8,336.0,crop-classifier
477,19080,200,2872,8,7,56.0,crop-classifier
477,19080,270,2875,28,29,812.0,crop-classifier
477,19080,317,19,64,34,2176.0,crop-classifier
477,19080,383,2879,54,17,918.0,crop-classifier
477,19080,829,2884,48,8,384.0,crop-classifier
477,19080,1860,3073,10,10,100.0,crop-classifier
478,19120,0,2898,38,7,266.0,crop-classifier
478,19120,195,2871,7,4,28.0,crop-classifier
478,19120,267,2875,61,24,1464.0,crop-classifier
478,19120,279,19,62,34,2108.0,crop-classifier
478,19120,352,2877,59,16,944.0,crop-classifier
478,19120,421,2878,40,7,280.0,crop-classifier
478,19120,839,2882,67,16,1072.0,crop-classifier
478,19120,1854,3070,18,11,198.0,crop-classifier
479,19160,3,2899,28,7,196.0,crop-classifier
479,19160,187,2867,10,9,90.0,crop-classifier
479,19160,237,19,54,34,1836.0,crop-classifier
479,19160,262,2870,40,28,1120.0,crop-classifier
479,19160,375,2877,50,16,800.0,crop-classifier
479,19160,640,2867,50,35,1750.0,crop-classifier
479,19160,863,2884,41,14,574.0,crop-classifier
479,19160,1858,3075,15,10,150.0,crop-classifier
480,19200,1,2898,60,11,660.0,crop-classifier
480,19200,184,2869,8,8,64.0,crop-classifier
480,19200,188,19,64,33,2112.0,crop-classifier
480,19200,254,2869,39,28,1092.0,crop-classifier
480,19200,341,2875,58,20,1160.0,crop-classifier
480,19200,408,2876,41,8,328.0,crop-classifier
480,19200,828,2880,68,21,1428.0,crop-classifier
480,19200,1858,3074,15,9,135.0,crop-classifier
481,19240,0,2895,58,10,580.0,crop-classifier
481,19240,140,19,59,33,1947.0,crop-classifier
481,19240,177,2869,10,8,80.0,crop-classifier
481,19240,279,2867,64,22,1408.0,crop-classifier
481,19240,366,2875,46,17,782.0,crop-classifier
481,19240,1863,3071,14,7,98.0,crop-classifier
482,19280,7,2894,44,11,484.0,crop-classifier
482,19280,87,19,64,33,2112.0,crop-classifier
482,19280,173,2868,8,5,40.0,crop-classifier
482,19280,248,2866,61,29,1769.0,crop-classifier
482,19280,330,2873,41,15,615.0,crop-classifier
482,19280,394,2875,40,6,240.0,crop-classifier
482,19280,550,2872,61,11,671.0,crop-classifier
482,19280,819,2878,64,18,1152.0,crop-classifier
482,19280,1862,3067,13,10,130.0,crop-classifier
483,19320,2,2894,45,14,630.0,crop-classifier
483,19320,34,19,58,33,1914.0,crop-classifier
483,19320,167,2867,9,5,45.0,crop-classifier
483,19320,243,2867,40,26,1040.0,crop-classifier
483,19320,354,2874,43,19,817.0,crop-classifier
483,19320,527,2872,63,17,1071.0,crop-classifier
483,19320,727,2867,75,52,3900.0,crop-classifier
483,19320,812,2879,68,17,1156.0,crop-classifier
483,19320,1855,3400,72,34,2448.0,crop-classifier
483,19320,1859,3072,17,5,85.0,crop-classifier
484,19360,0,2896,44,8,352.0,crop-classifier
484,19360,163,2869,7,4,28.0,crop-classifier
484,19360,239,2869,37,24,888.0,crop-classifier
484,19360,318,2872,44,17,748.0,crop-classifier
484,19360,380,2871,43,19,817.0,crop-classifier
484,19360,519,2870,64,17,1088.0,crop-classifier
484,19360,720,2845,76,75,5700.0,crop-classifier
484,19360,806,2878,68,17,1156.0,crop-classifier
484,19360,1862,3071,13,9,117.0,crop-classifier
485,19400,0,2894,79,11,869.0,crop-classifier
485,19400,156,2867,10,7,70.0,crop-classifier
485,19400,231,2870,37,24,888.0,crop-classifier
485,19400,314,2870,61,18,1098.0,crop-classifier
485,19400,512,2871,64,14,896.0,crop-classifier
485,19400,654,2634,129,421,54309.0,crop-classifier
485,19400,1866,3067,9,9,81.0,crop-classifier
486,19440,22,2894,52,11,572.0,crop-classifier
486,19440,151,2867,8,4,32.0,crop-classifier
486,19440,227,2867,32,23,736.0,crop-classifier
486,19440,265,2862,57,17,969.0,crop-classifier
486,19440,368,2871,41,16,656.0,crop-classifier
486,19440,505,2871,44,16,704.0,crop-classifier
486,19440,639,2810,64,64,4096.0,crop-classifier
486,19440,709,2844,74,74,5476.0,crop-classifier
486,19440,1868,3063,10,10,100.0,crop-classifier
487,19480,19,2895,51,8,408.0,crop-classifier
487,19480,146,2865,9,6,54.0,crop-classifier
487,19480,231,2866,64,23,1472.0,crop-classifier
487,19480,311,2871,63,17,1071.0,crop-classifier
487,19480,499,2869,27,17,459.0,crop-classifier
487,19480,703,2846,75,72,5400.0,crop-classifier
487,19480,1863,3063,17,10,170.0,crop-classifier
488,19520,15,2894,49,9,441.0,crop-classifier
488,19520,143,2866,4,4,16.0,crop-classifier
488,19520,220,2862,63,26,1638.0,crop-classifier
488,19520,354,2870,42,17,714.0,crop-classifier
488,19520,491,2866,19,17,323.0,crop-classifier
488,19520,1863,3066,17,8,136.0,crop-classifier
489,19560,7,2890,54,11,594.0,crop-classifier
489,19560,135,2865,9,7,63.0,crop-classifier
489,19560,210,2866,63,23,1449.0,crop-classifier
489,19560,349,2869,40,15,600.0,crop-classifier
489,19560,487,2867,9,5,45.0,crop-classifier
489,19560,1867,3063,13,9,117.0,crop-classifier
490,19600,0,2890,56,11,616.0,crop-classifier
490,19600,129,2864,9,7,63.0,crop-classifier
490,19600,208,2865,40,20,800.0,crop-classifier
490,19600,343,2868,39,15,585.0,crop-classifier
490,19600,480,2867,22,17,374.0,crop-classifier
490,19600,1871,3060,9,8,72.0,crop-classifier
491,19640,0,2892,52,8,416.0,crop-classifier
491,19640,123,2863,13,10,130.0,crop-classifier
491,19640,202,2861,38,24,912.0,crop-classifier
491,19640,296,2868,56,20,1120.0,crop-classifier
491,19640,474,2865,19,16,304.0,crop-classifier
491,19640,763,2870,72,22,1584.0,crop-classifier
491,19640,1869,3056,13,11,143.0,crop-classifier
492,19680,0,2890,46,10,460.0,crop-classifier
492,19680,119,2864,9,4,36.0,crop-classifier
492,19680,199,2862,30,21,630.0,crop-classifier
492,19680,331,2867,39,17,663.0,crop-classifier
492,19680,468,2865,19,16,304.0,crop-classifier
492,19680,739,2870,30,10,300.0,crop-classifier
492,19680,788,2876,39,13,507.0,crop-classifier
492,19680,1874,3058,7,8,56.0,crop-classifier
493,19720,11,2891,30,7,210.0,crop-classifier
493,19720,113,2863,9,5,45.0,crop-classifier
493,19720,193,2863,30,22,660.0,crop-classifier
493,19720,272,2862,64,17,1088.0,crop-classifier
493,19720,459,2864,23,18,414.0,crop-classifier
493,19720,753,2872,64,16,1024.0,crop-classifier
493,19720,1870,3058,15,10,150.0,crop-classifier
493,19720,1874,3400,71,34,2414.0,crop-classifier
494,19760,6,2890,32,8,256.0,crop-classifier
494,19760,109,2862,8,6,48.0,crop-classifier
494,19760,190,2861,26,20,520.0,crop-classifier
494,19760,454,2862,21,19,399.0,crop-classifier
494,19760,747,2871,67,19,1273.0,crop-classifier
494,19760,1871,3057,10,6,60.0,crop-classifier
495,19800,4,2890,29,7,203.0,crop-classifier
495,19800,103,2859,9,7,63.0,crop-classifier
495,19800,181,2860,31,20,620.0,crop-classifier
495,19800,450,2859,19,21,399.0,crop-classifier
495,19800,742,2867,68,23,1564.0,crop-classifier
495,19800,1873,3400,70,34,2380.0,crop-classifier
495,19800,1874,3051,11,9,99.0,crop-classifier
496,19840,0,2889,28,9,252.0,crop-classifier
496,19840,95,2859,12,7,84.0,crop-classifier
496,19840,174,2858,33,23,759.0,crop-classifier
496,19840,439,2859,24,21,504.0,crop-classifier
496,19840,715,2870,30,10,300.0,crop-classifier
496,19840,1866,3050,17,9,153.0,crop-classifier
497,19880,0,2888,22,7,154.0,crop-classifier
497,19880,91,2861,10,7,70.0,crop-classifier
497,19880,170,2857,29,24,696.0,crop-classifier
497,19880,435,2861,21,19,399.0,crop-classifier
497,19880,731,2869,65,17,1105.0,crop-classifier
497,19880,1871,3053,13,5,65.0,crop-classifier
498,19920,10,2887,6,7,42.0,crop-classifier
498,19920,87,2859,8,5,40.0,crop-classifier
498,19920,166,2856,25,21,525.0,crop-classifier
498,19920,417,0,63,65,4095.0,crop-classifier
498,19920,428,2861,24,18,432.0,crop-classifier
498,19920,705,2868,29,10,290.0,crop-classifier
498,19920,1871,3051,12,7,84.0,crop-classifier
499,19960,2,2886,10,7,70.0,crop-classifier
499,19960,81,2859,9,4,36.0,crop-classifier
499,19960,161,2858,27,18,486.0,crop-classifier
499,19960,386,19,56,14,784.0,crop-classifier
499,19960,423,2859,25,19,475.0,crop-classifier
499,19960,678,2865,52,36,1872.0,crop-classifier
499,19960,1871,3046,14,11,154.0,crop-classifier
500,20000,75,2858,9,5,45.0,crop-classifier
500,20000,155,2859,31,17,527.0,crop-classifier
500,20000,376,19,63,34,2142.0,crop-classifier
500,20000,415,2855,29,25,725.0,crop-classifier
500,20000,715,2867,67,17,1139.0,crop-classifier
500,20000,1870,3042,12,10,120.0,crop-classifier
501,20040,69,2858,11,7,77.0,crop-classifier
501,20040,151,2857,32,20,640.0,crop-classifier
501,20040,348,19,64,34,2176.0,crop-classifier
501,20040,407,2857,28,20,560.0,crop-classifier
501,20040,583,2830,56,44,2464.0,crop-classifier
501,20040,710,2866,65,19,1235.0,crop-classifier
501,20040,1866,3042,16,8,128.0,crop-classifier
502,20080,65,2857,10,4,40.0,crop-classifier
502,20080,145,2855,33,18,594.0,crop-classifier
502,20080,317,19,64,34,2176.0,crop-classifier
502,20080,403,2857,27,20,540.0,crop-classifier
502,20080,531,2850,56,26,1456.0,crop-classifier
502,20080,1871,3043,12,9,108.0,crop-classifier
503,20120,59,2854,12,7,84.0,crop-classifier
503,20120,139,2858,35,15,525.0,crop-classifier
503,20120,229,2857,74,15,1110.0,crop-classifier
503,20120,279,19,62,34,2108.0,crop-classifier
503,20120,399,2854,26,23,598.0,crop-classifier
503,20120,725,2865,39,16,624.0,crop-classifier
503,20120,1871,3041,10,7,70.0,crop-classifier
504,20160,55,2855,8,5,40.0,crop-classifier
504,20160,135,2854,36,18,648.0,crop-classifier
504,20160,223,2855,73,17,1241.0,crop-classifier
504,20160,237,19,54,34,1836.0,crop-classifier
504,20160,392,2855,28,21,588.0,crop-classifier
504,20160,1871,3038,11,6,66.0,crop-classifier
505,20200,48,2854,10,6,60.0,crop-classifier
505,20200,126,2855,39,17,663.0,crop-classifier
505,20200,188,19,64,33,2112.0,crop-classifier
505,20200,219,2853,70,17,1190.0,crop-classifier
505,20200,383,2854,31,21,651.0,crop-classifier
505,20200,429,2851,45,10,450.0,crop-classifier
505,20200,687,2863,57,17,969.0,crop-classifier
505,20200,1870,3031,10,12,120.0,crop-classifier
506,20240,43,2853,8,6,48.0,crop-classifier
506,20240,122,2852,37,21,777.0,crop-classifier
506,20240,140,19,59,33,1947.0,crop-classifier
506,20240,378,2854,52,20,1040.0,crop-classifier
506,20240,683,2861,55,17,935.0,crop-classifier
506,20240,1866,3034,16,7,112.0,crop-classifier
507,20280,39,2851,10,6,60.0,crop-classifier
507,20280,87,19,64,33,2112.0,crop-classifier
507,20280,117,2856,34,12,408.0,crop-classifier
507,20280,372,2850,30,24,720.0,crop-classifier
507,20280,655,2858,53,12,636.0,crop-classifier
507,20280,1868,3034,13,9,117.0,crop-classifier
508,20320,34,19,58,33,1914.0,crop-classifier
508,20320,34,2852,7,4,28.0,crop-classifier
508,20320,112,2854,36,14,504.0,crop-classifier
508,20320,202,2853,69,17,1173.0,crop-classifier
508,20320,366,2851,28,22,616.0,crop-classifier
508,20320,698,2864,39,13,507.0,crop-classifier
508,20320,1869,3032,7,7,49.0,crop-classifier
509,20360,26,2851,9,8,72.0,crop-classifier
509,20360,109,2850,35,23,805.0,crop-classifier
509,20360,167,2850,37,10,370.0,crop-classifier
509,20360,359,2851,29,21,609.0,crop-classifier
509,20360,664,2858,67,18,1206.0,crop-classifier
509,20360,1863,3028,17,6,102.0,crop-classifier
510,20400,21,2850,9,8,72.0,crop-classifier
510,20400,103,2852,31,19,589.0,crop-classifier
510,20400,192,2850,67,15,1005.0,crop-classifier
510,20400,353,2850,28,22,616.0,crop-classifier
510,20400,661,2857,66,17,1122.0,crop-classifier
510,20400,1863,3023,19,11,209.0,crop-classifier
511,20440,15,2847,11,8,88.0,crop-classifier
511,20440,92,2854,36,12,432.0,crop-classifier
511,20440,187,2847,66,20,1320.0,crop-classifier
511,20440,346,2846,28,24,672.0,crop-classifier
511,20440,655,2858,60,15,900.0,crop-classifier
511,20440,1864,3023,17,11,187.0,crop-classifier
512,20480,9,2847,11,7,77.0,crop-classifier
512,20480,89,2854,35,15,525.0,crop-classifier
512,20480,181,2847,67,18,1206.0,crop-classifier
512,20480,342,2849,27,20,540.0,crop-classifier
512,20480,674,2860,43,17,731.0,crop-classifier
512,20480,1866,3025,12,8,96.0,crop-classifier
513,20520,2,2847,14,12,168.0,crop-classifier
513,20520,83,2850,36,18,648.0,crop-classifier
513,20520,176,2849,67,14,938.0,crop-classifier
513,20520,330,2848,33,21,693.0,crop-classifier
513,20520,438,2844,109,67,7303.0,crop-classifier
513,20520,641,2854,72,19,1368.0,crop-classifier
513,20520,1866,3023,11,7,77.0,crop-classifier
514,20560,0,2849,12,7,84.0,crop-classifier
514,20560,76,2851,35,17,595.0,crop-classifier
514,20560,171,2846,65,19,1235.0,crop-classifier
514,20560,329,2847,26,21,546.0,crop-classifier
514,20560,432,2844,107,68,7276.0,crop-classifier
514,20560,667,2857,40,16,640.0,crop-classifier
514,20560,1866,3019,10,9,90.0,crop-classifier
515,20600,70,2854,34,10,340.0,crop-classifier
515,20600,163,2846,67,18,1206.0,crop-classifier
515,20600,322,2844,29,23,667.0,crop-classifier
515,20600,629,2853,63,17,1071.0,crop-classifier
515,20600,1866,3015,9,9,81.0,crop-classifier
516,20640,65,2853,36,11,396.0,crop-classifier
516,20640,159,2846,64,18,1152.0,crop-classifier
516,20640,316,2845,28,21,588.0,crop-classifier
516,20640,655,2856,41,16,656.0,crop-classifier
516,20640,1863,3017,12,8,96.0,crop-classifier
517,20680,59,2849,38,15,570.0,crop-classifier
517,20680,152,2846,69,14,966.0,crop-classifier
517,20680,309,2844,28,24,672.0,crop-classifier
517,20680,463,2842,121,34,4114.0,crop-classifier
517,20680,618,2853,73,18,1314.0,crop-classifier
517,20680,1862,3014,10,11,110.0,crop-classifier
518,20720,51,2851,38,17,646.0,crop-classifier
518,20720,119,2845,64,12,768.0,crop-classifier
518,20720,303,2841,27,23,621.0,crop-classifier
518,20720,437,2838,59,36,2124.0,crop-classifier
518,20720,612,2847,64,17,1088.0,crop-classifier
518,20720,725,2727,167,360,60120.0,crop-classifier
518,20720,1861,3015,10,7,70.0,crop-classifier
519,20760,47,2853,32,12,384.0,crop-classifier
519,20760,143,2845,62,16,992.0,crop-classifier
519,20760,298,2841,29,22,638.0,crop-classifier
519,20760,374,2838,34,9,306.0,crop-classifier
519,20760,607,2850,71,19,1349.0,crop-classifier
519,20760,1859,3011,11,7,77.0,crop-classifier
520,20800,67,2841,53,23,1219.0,crop-classifier
520,20800,135,2843,66,17,1122.0,crop-classifier
520,20800,290,2841,30,23,690.0,crop-classifier
520,20800,632,2853,45,14,630.0,crop-classifier
520,20800,1856,3006,14,11,154.0,crop-classifier
521,20840,35,2844,53,21,1113.0,crop-classifier
521,20840,129,2844,67,16,1072.0,crop-classifier
521,20840,284,2838,28,23,644.0,crop-classifier
521,20840,440,2838,120,37,4440.0,crop-classifier
521,20840,595,2847,78,17,1326.0,crop-classifier
521,20840,1854,3010,15,7,105.0,crop-classifier
522,20880,27,2844,46,25,1150.0,crop-classifier
522,20880,123,2842,67,15,1005.0,crop-classifier
522,20880,278,2838,25,21,525.0,crop-classifier
522,20880,416,2834,60,36,2160.0,crop-classifier
522,20880,593,2842,64,18,1152.0,crop-classifier
522,20880,1854,3010,11,10,110.0,crop-classifier
523,20920,22,2852,34,17,578.0,crop-classifier
523,20920,93,2843,64,15,960.0,crop-classifier
523,20920,270,2838,30,21,630.0,crop-classifier
523,20920,402,2839,59,29,1711.0,crop-classifier
523,20920,417,0,63,65,4095.0,crop-classifier
523,20920,615,2850,47,14,658.0,crop-classifier
523,20920,1854,3008,9,8,72.0,crop-classifier
524,20960,14,2848,34,14,476.0,crop-classifier
524,20960,111,2838,66,19,1254.0,crop-classifier
524,20960,262,2837,34,24,816.0,crop-classifier
524,20960,396,2838,46,32,1472.0,crop-classifier
524,20960,421,0,59,60,3540.0,crop-classifier
524,20960,540,2838,80,17,1360.0,crop-classifier
524,20960,1852,3004,10,7,70.0,crop-classifier
525,21000,7,2848,35,14,490.0,crop-classifier
525,21000,48,2838,64,20,1280.0,crop-classifier
525,21000,259,2835,27,21,567.0,crop-classifier
525,21000,318,19,86,46,3956.0,crop-classifier
525,21000,417,0,64,65,4160.0,crop-classifier
525,21000,500,2835,79,16,1264.0,crop-classifier
525,21000,605,2843,50,19,950.0,crop-classifier
525,21000,1848,3001,11,9,99.0,crop-classifier
526,21040,0,2852,36,13,468.0,crop-classifier
526,21040,69,2838,75,18,1350.0,crop-classifier
526,21040,253,2834,25,21,525.0,crop-classifier
526,21040,318,19,75,46,3450.0,crop-classifier
526,21040,386,2838,38,28,1064.0,crop-classifier
526,21040,489,2836,49,10,490.0,crop-classifier
526,21040,570,2838,61,16,976.0,crop-classifier
526,21040,1850,3002,9,8,72.0,crop-classifier
527,21080,0,2838,51,26,1326.0,crop-classifier
527,21080,62,2838,75,18,1350.0,crop-classifier
527,21080,247,2834,26,20,520.0,crop-classifier
527,21080,281,19,60,33,1980.0,crop-classifier
527,21080,386,19,56,14,784.0,crop-classifier
527,21080,459,2834,38,11,418.0,crop-classifier
527,21080,591,2845,52,15,780.0,crop-classifier
527,21080,1843,3004,12,8,96.0,crop-classifier
528,21120,25,2839,64,26,1664.0,crop-classifier
528,21120,239,2833,34,23,782.0,crop-classifier
528,21120,244,19,64,32,2048.0,crop-classifier
528,21120,372,2837,35,11,385.0,crop-classifier
528,21120,376,19,61,34,2074.0,crop-classifier
528,21120,416,2833,47,32,1504.0,crop-classifier
528,21120,484,2833,77,14,1078.0,crop-classifier
528,21120,587,2842,50,15,750.0,crop-classifier
528,21120,736,3118,94,277,26038.0,crop-classifier
528,21120,1843,3003,13,7,91.0,crop-classifier
529,21160,1,2838,90,27,2430.0,crop-classifier
529,21160,197,19,57,33,1881.0,crop-classifier
529,21160,230,2830,37,21,777.0,crop-classifier
529,21160,348,19,64,34,2176.0,crop-classifier
529,21160,367,2831,87,33,2871.0,crop-classifier
529,21160,552,2836,62,15,930.0,crop-classifier
529,21160,736,3105,99,282,27918.0,crop-classifier
529,21160,1843,3000,9,7,63.0,crop-classifier
530,21200,3,2839,52,26,1352.0,crop-classifier
530,21200,74,2838,68,15,1020.0,crop-classifier
530,21200,138,19,61,33,2013.0,crop-classifier
530,21200,226,2827,31,24,744.0,crop-classifier
530,21200,322,19,64,34,2176.0,crop-classifier
530,21200,359,2837,50,27,1350.0,crop-classifier
530,21200,504,2830,85,15,1275.0,crop-classifier
530,21200,736,3094,104,284,29536.0,crop-classifier
530,21200,1838,2999,12,6,72.0,crop-classifier
531,21240,37,2841,63,16,1008.0,crop-classifier
531,21240,219,2831,31,21,651.0,crop-classifier
531,21240,304,19,50,34,1700.0,crop-classifier
531,21240,316,2831,60,13,780.0,crop-classifier
531,21240,499,2830,55,10,550.0,crop-classifier
531,21240,573,2839,49,16,784.0,crop-classifier
531,21240,736,3086,111,283,31413.0,crop-classifier
531,21240,1834,2998,14,8,112.0,crop-classifier
532,21280,0,2839,73,25,1825.0,crop-classifier
532,21280,37,19,55,33,1815.0,crop-classifier
532,21280,211,2830,29,19,551.0,crop-classifier
532,21280,309,2831,60,13,780.0,crop-classifier
532,21280,494,2830,38,11,418.0,crop-classifier
532,21280,542,2830,64,20,1280.0,crop-classifier
532,21280,738,3077,113,283,31979.0,crop-classifier
532,21280,1834,2998,10,7,70.0,crop-classifier
533,21320,27,2835,72,21,1512.0,crop-classifier
533,21320,203,2829,28,20,560.0,crop-classifier
533,21320,242,19,64,34,2176.0,crop-classifier
533,21320,252,2829,56,9,504.0,crop-classifier
533,21320,340,2826,92,37,3404.0,crop-classifier
533,21320,452,2829,46,8,368.0,crop-classifier
533,21320,566,2831,51,20,1020.0,crop-classifier
533,21320,1832,3000,11,4,44.0,crop-classifier
534,21360,19,2838,73,18,1314.0,crop-classifier
534,21360,204,19,50,34,1700.0,crop-classifier
534,21360,209,2827,56,19,1064.0,crop-classifier
534,21360,298,2826,59,18,1062.0,crop-classifier
534,21360,490,3033,283,155,43865.0,crop-classifier
534,21360,527,2826,39,15,585.0,crop-classifier
534,21360,586,2838,32,17,544.0,crop-classifier
534,21360,1829,2999,12,5,60.0,crop-classifier
535,21400,11,2838,42,19,798.0,crop-classifier
535,21400,159,19,64,34,2176.0,crop-classifier
535,21400,190,2826,52,22,1144.0,crop-classifier
535,21400,287,2829,49,15,735.0,crop-classifier
535,21400,475,2826,55,10,550.0,crop-classifier
535,21400,553,2832,53,19,1007.0,crop-classifier
535,21400,735,3056,133,275,36575.0,crop-classifier
535,21400,1828,2999,10,4,40.0,crop-classifier
536,21440,3,2838,46,27,1242.0,crop-classifier
536,21440,183,2827,46,21,966.0,crop-classifier
536,21440,259,2827,31,10,310.0,crop-classifier
536,21440,471,2828,39,9,351.0,crop-classifier
536,21440,524,2826,64,19,1216.0,crop-classifier
536,21440,709,2623,111,424,47064.0,crop-classifier
536,21440,1826,2998,11,5,55.0,crop-classifier
537,21480,0,2834,75,23,1725.0,crop-classifier
537,21480,177,2825,46,20,920.0,crop-classifier
537,21480,464,2824,41,12,492.0,crop-classifier
537,21480,543,2826,49,21,1029.0,crop-classifier
537,21480,735,3021,143,288,41184.0,crop-classifier
537,21480,1823,2998,10,4,40.0,crop-classifier
538,21520,22,2834,68,22,1496.0,crop-classifier
538,21520,171,2823,28,21,588.0,crop-classifier
538,21520,215,2826,58,11,638.0,crop-classifier
538,21520,424,2827,44,5,220.0,crop-classifier
538,21520,535,2828,60,22,1320.0,crop-classifier
538,21520,1823,2998,9,4,36.0,crop-classifier
539,21560,19,2847,6,4,24.0,crop-classifier
539,21560,46,2835,39,20,780.0,crop-classifier
539,21560,163,2824,29,20,580.0,crop-classifier
539,21560,412,2825,51,12,612.0,crop-classifier
539,21560,530,2826,54,18,972.0,crop-classifier
539,21560,1820,2997,11,4,44.0,crop-classifier
540,21600,8,2836,72,21,1512.0,crop-classifier
540,21600,169,2822,55,13,715.0,crop-classifier
540,21600,380,2823,35,7,245.0,crop-classifier
540,21600,526,2821,53,23,1219.0,crop-classifier
540,21600,1817,2997,12,4,48.0,crop-classifier
541,21640,3,2836,71,19,1349.0,crop-classifier
541,21640,155,2818,62,20,1240.0,crop-classifier
541,21640,346,2822,62,21,1302.0,crop-classifier
541,21640,487,2819,81,27,2187.0,crop-classifier
541,21640,1815,2997,12,4,48.0,crop-classifier
542,21680,0,2835,42,21,882.0,crop-classifier
542,21680,138,2819,56,24,1344.0,crop-classifier
542,21680,295,2825,56,28,1568.0,crop-classifier
542,21680,516,2822,51,22,1122.0,crop-classifier
542,21680,1813,2996,11,5,55.0,crop-classifier
543,21720,0,2834,61,23,1403.0,crop-classifier
543,21720,131,2818,32,24,768.0,crop-classifier
543,21720,270,2823,27,13,351.0,crop-classifier
543,21720,425,2821,41,11,451.0,crop-classifier
543,21720,507,2822,56,18,1008.0,crop-classifier
543,21720,1811,2996,11,5,55.0,crop-classifier
544,21760,5,2837,49,17,833.0,crop-classifier
544,21760,122,2817,34,24,816.0,crop-classifier
544,21760,221,2823,53,10,530.0,crop-classifier
544,21760,420,2822,38,6,228.0,crop-classifier
544,21760,503,2817,52,23,1196.0,crop-classifier
544,21760,1811,2997,9,4,36.0,crop-classifier
545,21800,0,2836,49,18,882.0,crop-classifier
545,21800,115,2819,28,19,532.0,crop-classifier
545,21800,181,2822,43,7,301.0,crop-classifier
545,21800,413,2818,40,11,440.0,crop-classifier
545,21800,497,2816,55,26,1430.0,crop-classifier
545,21800,1809,2997,9,4,36.0,crop-classifier
546,21840,2,2836,39,21,819.0,crop-classifier
546,21840,106,2817,30,22,660.0,crop-classifier
546,21840,155,2822,43,10,430.0,crop-classifier
546,21840,406,2821,42,6,252.0,crop-classifier
546,21840,491,2818,53,20,1060.0,crop-classifier
546,21840,1807,2997,10,5,50.0,crop-classifier
547,21880,0,2835,35,22,770.0,crop-classifier
547,21880,103,2819,55,18,990.0,crop-classifier
547,21880,399,2818,41,10,410.0,crop-classifier
547,21880,483,2818,58,18,1044.0,crop-classifier
547,21880,1805,2997,10,5,50.0,crop-classifier
548,21920,2,2836,26,19,494.0,crop-classifier
548,21920,89,2819,54,18,972.0,crop-classifier
548,21920,395,2818,48,11,528.0,crop-classifier
548,21920,416,0,65,65,4225.0,crop-classifier
548,21920,479,2814,54,23,1242.0,crop-classifier
548,21920,1804,2998,9,4,36.0,crop-classifier
549,21960,0,2837,21,15,315.0,crop-classifier
549,21960,80,2818,38,20,760.0,crop-classifier
549,21960,386,2818,42,10,420.0,crop-classifier
549,21960,435,11,46,53,2438.0,crop-classifier
549,21960,472,2815,56,23,1288.0,crop-classifier
549,21960,1802,2998,9,5,45.0,crop-classifier
550,22000,2,2843,12,9,108.0,crop-classifier
550,22000,70,2817,35,21,735.0,crop-classifier
550,22000,378,2819,36,6,216.0,crop-classifier
550,22000,406,19,59,25,1475.0,crop-classifier
550,22000,467,2814,57,19,1083.0,crop-classifier
550,22000,1801,2999,10,5,50.0,crop-classifier
551,22040,0,2847,7,5,35.0,crop-classifier
551,22040,64,2817,26,19,494.0,crop-classifier
551,22040,341,2816,75,11,825.0,crop-classifier
551,22040,392,19,64,34,2176.0,crop-classifier
551,22040,459,2816,59,16,944.0,crop-classifier
551,22040,1799,3000,9,5,45.0,crop-classifier
552,22080,55,2816,30,20,600.0,crop-classifier
552,22080,328,2818,49,7,343.0,crop-classifier
552,22080,366,19,64,34,2176.0,crop-classifier
552,22080,454,2810,53,22,1166.0,crop-classifier
552,22080,1798,3001,9,5,45.0,crop-classifier
553,22120,47,2814,27,23,621.0,crop-classifier
553,22120,328,2815,73,11,803.0,crop-classifier
553,22120,337,19,61,34,2074.0,crop-classifier
553,22120,447,2811,54,20,1080.0,crop-classifier
553,22120,1797,3000,13,7,91.0,crop-classifier
554,22160,39,2815,27,22,594.0,crop-classifier
554,22160,304,19,62,34,2108.0,crop-classifier
554,22160,354,2818,38,7,266.0,crop-classifier
554,22160,442,2813,57,17,969.0,crop-classifier
554,22160,1796,3003,9,5,45.0,crop-classifier
555,22200,31,2816,27,20,540.0,crop-classifier
555,22200,308,2813,50,12,600.0,crop-classifier
555,22200,432,2814,57,17,969.0,crop-classifier
555,22200,1795,3005,9,4,36.0,crop-classifier
556,22240,22,2816,30,20,600.0,crop-classifier
556,22240,242,19,64,34,2176.0,crop-classifier
556,22240,274,2815,34,6,204.0,crop-classifier
556,22240,341,2812,49,13,637.0,crop-classifier
556,22240,427,2811,60,21,1260.0,crop-classifier
556,22240,1793,3006,10,5,50.0,crop-classifier
557,22280,10,2816,35,25,875.0,crop-classifier
557,22280,203,19,51,33,1683.0,crop-classifier
557,22280,244,2815,60,11,660.0,crop-classifier
557,22280,335,2815,40,10,400.0,crop-classifier
557,22280,422,2810,58,18,1044.0,crop-classifier
557,22280,1791,3007,11,5,55.0,crop-classifier
558,22320,3,2814,30,24,720.0,crop-classifier
558,22320,155,19,64,33,2112.0,crop-classifier
558,22320,211,2815,61,25,1525.0,crop-classifier
558,22320,328,2814,40,10,400.0,crop-classifier
558,22320,415,2810,57,16,912.0,crop-classifier
558,22320,1791,3009,9,5,45.0,crop-classifier
559,22360,110,19,60,33,1980.0,crop-classifier
559,22360,287,2811,73,14,1022.0,crop-classifier
559,22360,407,2810,61,19,1159.0,crop-classifier
559,22360,1788,3010,12,5,60.0,crop-classifier
560,22400,273,2814,48,10,480.0,crop-classifier
560,22400,401,2811,60,17,1020.0,crop-classifier
560,22400,1789,3011,9,5,45.0,crop-classifier
561,22440,31,19,61,33,2013.0,crop-classifier
561,22440,131,2811,27,8,216.0,crop-classifier
561,22440,241,2814,33,6,198.0,crop-classifier
561,22440,395,2810,56,14,784.0,crop-classifier
561,22440,1786,3013,11,4,44.0,crop-classifier
562,22480,89,2811,58,12,696.0,crop-classifier
562,22480,201,2813,64,18,1152.0,crop-classifier
562,22480,301,2811,41,11,451.0,crop-classifier
562,22480,388,2810,58,13,754.0,crop-classifier
562,22480,1786,3014,10,5,50.0,crop-classifier
563,22520,44,2813,45,12,540.0,crop-classifier
563,22520,171,2818,36,16,576.0,crop-classifier
563,22520,293,2808,49,14,686.0,crop-classifier
563,22520,381,2810,59,14,826.0,crop-classifier
563,22520,591,3022,188,449,84412.0,crop-classifier
563,22520,1784,3016,12,5,60.0,crop-classifier
564,22560,0,2810,62,21,1302.0,crop-classifier
564,22560,109,2810,64,26,1664.0,crop-classifier
564,22560,287,2810,48,14,672.0,crop-classifier
564,22560,375,2807,57,17,969.0,crop-classifier
564,22560,1784,3017,10,5,50.0,crop-classifier
565,22600,50,2809,60,12,720.0,crop-classifier
565,22600,159,2814,62,20,1240.0,crop-classifier
565,22600,279,2809,50,16,800.0,crop-classifier
565,22600,370,2807,59,14,826.0,crop-classifier
565,22600,1783,3019,9,4,36.0,crop-classifier
566,22640,63,2809,56,12,672.0,crop-classifier
566,22640,272,2808,49,13,637.0,crop-classifier
566,22640,325,2802,75,18,1350.0,crop-classifier
566,22640,1783,3020,9,5,45.0,crop-classifier
567,22680,27,2812,29,10,290.0,crop-classifier
567,22680,264,2807,51,14,714.0,crop-classifier
567,22680,319,2802,77,15,1155.0,crop-classifier
567,22680,1783,3023,8,4,32.0,crop-classifier
568,22720,0,2811,31,13,403.0,crop-classifier
568,22720,290,2807,64,18,1152.0,crop-classifier
568,22720,1780,3024,10,4,40.0,crop-classifier
569,22760,251,2806,56,17,952.0,crop-classifier
569,22760,340,2806,61,18,1098.0,crop-classifier
569,22760,1779,3026,10,4,40.0,crop-classifier
570,22800,0,2807,69,17,1173.0,crop-classifier
570,22800,244,2807,38,14,532.0,crop-classifier
570,22800,332,2809,59,15,885.0,crop-classifier
570,22800,1780,3028,8,4,32.0,crop-classifier
571,22840,0,2810,58,12,696.0,crop-classifier
571,22840,234,2812,37,9,333.0,crop-classifier
571,22840,326,2806,60,18,1080.0,crop-classifier
571,22840,1773,3029,20,7,140.0,crop-classifier
572,22880,2,2809,48,11,528.0,crop-classifier
572,22880,99,2807,70,26,1820.0,crop-classifier
572,22880,228,2804,49,17,833.0,crop-classifier
572,22880,284,2806,76,11,836.0,crop-classifier
572,22880,1778,3030,9,7,63.0,crop-classifier
573,22920,0,2802,42,15,630.0,crop-classifier
573,22920,91,2813,69,19,1311.0,crop-classifier
573,22920,222,2809,28,10,280.0,crop-classifier
573,22920,268,2802,50,17,850.0,crop-classifier
573,22920,416,0,65,65,4225.0,crop-classifier
573,22920,1777,3033,7,7,49.0,crop-classifier
574,22960,21,2806,12,10,120.0,crop-classifier
574,22960,83,2813,69,18,1242.0,crop-classifier
574,22960,212,2803,50,14,700.0,crop-classifier
574,22960,303,2808,59,12,708.0,crop-classifier
574,22960,419,13,62,51,3162.0,crop-classifier
574,22960,1775,3035,9,4,36.0,crop-classifier
575,23000,10,2807,73,28,2044.0,crop-classifier
575,23000,205,2810,33,9,297.0,crop-classifier
575,23000,296,2802,59,20,1180.0,crop-classifier
575,23000,1775,3037,8,5,40.0,crop-classifier
576,23040,1,2803,32,13,416.0,crop-classifier
576,23040,63,2810,73,22,1606.0,crop-classifier
576,23040,197,2810,34,13,442.0,crop-classifier
576,23040,289,2804,60,17,1020.0,crop-classifier
576,23040,1775,3039,7,6,42.0,crop-classifier
577,23080,0,2805,65,27,1755.0,crop-classifier
577,23080,85,2811,66,16,1056.0,crop-classifier
577,23080,191,2806,9,8,72.0,crop-classifier
577,23080,281,2804,64,17,1088.0,crop-classifier
577,23080,1773,3041,9,6,54.0,crop-classifier
578,23120,48,2811,69,21,1449.0,crop-classifier
578,23120,179,2805,14,9,126.0,crop-classifier
578,23120,274,2806,61,19,1159.0,crop-classifier
578,23120,1772,3043,9,6,54.0,crop-classifier
579,23160,39,2807,71,29,2059.0,crop-classifier
579,23160,172,2806,10,10,100.0,crop-classifier
579,23160,267,2803,58,18,1044.0,crop-classifier
579,23160,1771,3046,10,5,50.0,crop-classifier
580,23200,31,2825,6,7,42.0,crop-classifier
580,23200,58,2810,65,22,1430.0,crop-classifier
580,23200,165,2807,12,11,132.0,crop-classifier
580,23200,260,2802,60,18,1080.0,crop-classifier
580,23200,1770,3048,10,5,50.0,crop-classifier
581,23240,22,2811,69,21,1449.0,crop-classifier
581,23240,156,2805,12,8,96.0,crop-classifier
581,23240,251,2806,57,15,855.0,crop-classifier
581,23240,725,2730,168,338,56784.0,crop-classifier
581,23240,1769,3051,10,5,50.0,crop-classifier
582,23280,14,2811,68,26,1768.0,crop-classifier
582,23280,148,2803,13,10,130.0,crop-classifier
582,23280,238,2803,48,13,624.0,crop-classifier
582,23280,1768,3053,8,4,32.0,crop-classifier
583,23320,5,2811,69,22,1518.0,crop-classifier
583,23320,135,2806,14,11,154.0,crop-classifier
583,23320,235,2803,61,18,1098.0,crop-classifier
583,23320,1768,3055,8,5,40.0,crop-classifier
584,23360,23,2807,65,23,1495.0,crop-classifier
584,23360,128,2807,13,9,117.0,crop-classifier
584,23360,219,2802,49,14,686.0,crop-classifier
584,23360,1767,3057,8,5,40.0,crop-classifier
585,23400,13,2806,66,19,1254.0,crop-classifier
585,23400,123,2804,10,8,80.0,crop-classifier
585,23400,211,2805,9,8,72.0,crop-classifier
585,23400,251,2806,28,19,532.0,crop-classifier
585,23400,722,2698,152,355,53960.0,crop-classifier
585,23400,1767,3059,7,5,35.0,crop-classifier
586,23440,4,2804,69,21,1449.0,crop-classifier
586,23440,116,2803,8,9,72.0,crop-classifier
586,23440,205,2799,47,15,705.0,crop-classifier
586,23440,1765,3054,8,12,96.0,crop-classifier
587,23480,0,2812,37,15,555.0,crop-classifier
587,23480,102,2807,32,8,256.0,crop-classifier
587,23480,191,2802,53,12,636.0,crop-classifier
587,23480,318,19,86,46,3956.0,crop-classifier
587,23480,417,0,63,66,4158.0,crop-classifier
587,23480,1764,3064,8,4,32.0,crop-classifier
588,23520,17,2808,36,12,432.0,crop-classifier
588,23520,96,2806,35,12,420.0,crop-classifier
588,23520,182,2802,54,13,702.0,crop-classifier
588,23520,318,19,75,45,3375.0,crop-classifier
588,23520,1763,3065,9,5,45.0,crop-classifier
589,23560,7,2805,35,12,420.0,crop-classifier
589,23560,87,2802,37,12,444.0,crop-classifier
589,23560,174,2800,52,15,780.0,crop-classifier
589,23560,282,19,59,33,1947.0,crop-classifier
589,23560,1762,3067,8,4,32.0,crop-classifier
590,23600,0,2803,35,14,490.0,crop-classifier
590,23600,79,2802,37,10,370.0,crop-classifier
590,23600,165,2800,53,17,901.0,crop-classifier
590,23600,245,19,64,33,2112.0,crop-classifier
590,23600,1761,3068,9,5,45.0,crop-classifier
591,23640,13,2806,10,8,80.0,crop-classifier
591,23640,68,2802,40,9,360.0,crop-classifier
591,23640,155,2803,53,10,530.0,crop-classifier
591,23640,197,19,57,33,1881.0,crop-classifier
591,23640,735,3120,90,279,25110.0,crop-classifier
591,23640,1760,3070,8,5,40.0,crop-classifier
592,23680,4,2806,11,7,77.0,crop-classifier
592,23680,59,2802,36,14,504.0,crop-classifier
592,23680,139,19,60,33,1980.0,crop-classifier
592,23680,147,2803,52,10,520.0,crop-classifier
592,23680,738,3107,94,284,26696.0,crop-classifier
592,23680,740,2651,102,366,37332.0,crop-classifier
592,23680,1759,3071,8,5,40.0,crop-classifier
593,23720,49,2803,37,9,333.0,crop-classifier
593,23720,138,2799,52,16,832.0,crop-classifier
593,23720,738,3095,100,288,28800.0,crop-classifier
593,23720,1759,3074,6,4,24.0,crop-classifier
594,23760,38,19,54,33,1782.0,crop-classifier
594,23760,39,2800,38,10,380.0,crop-classifier
594,23760,127,2799,53,15,795.0,crop-classifier
594,23760,715,2642,107,415,44405.0,crop-classifier
594,23760,765,3121,80,223,17840.0,crop-classifier
594,23760,1756,3075,9,4,36.0,crop-classifier
595,23800,29,2798,39,11,429.0,crop-classifier
595,23800,119,2802,11,8,88.0,crop-classifier
595,23800,168,2799,23,21,483.0,crop-classifier
595,23800,738,3081,111,284,31524.0,crop-classifier
595,23800,1756,3077,7,4,28.0,crop-classifier
596,23840,21,2799,35,14,490.0,crop-classifier
596,23840,72,2792,46,18,828.0,crop-classifier
596,23840,155,2803,27,19,513.0,crop-classifier
596,23840,738,3071,117,285,33345.0,crop-classifier
596,23840,1754,3078,10,5,50.0,crop-classifier
597,23880,38,2790,27,22,594.0,crop-classifier
597,23880,98,2795,53,15,795.0,crop-classifier
597,23880,1752,3079,10,6,60.0,crop-classifier
598,23920,0,2798,41,14,574.0,crop-classifier
598,23920,42,2792,57,15,855.0,crop-classifier
598,23920,137,2802,28,18,504.0,crop-classifier
598,23920,417,0,64,66,4224.0,crop-classifier
598,23920,721,2628,99,409,40491.0,crop-classifier
598,23920,1752,3081,8,6,48.0,crop-classifier
599,23960,17,2790,71,19,1349.0,crop-classifier
599,23960,127,2802,27,19,513.0,crop-classifier
599,23960,421,0,60,57,3420.0,crop-classifier
599,23960,1750,3083,8,5,40.0,crop-classifier
600,24000,7,2789,71,18,1278.0,crop-classifier
600,24000,116,2803,28,18,504.0,crop-classifier
600,24000,392,19,64,14,896.0,crop-classifier
600,24000,1751,3085,7,4,28.0,crop-classifier
601,24040,0,2786,29,23,667.0,crop-classifier
601,24040,63,2793,64,23,1472.0,crop-classifier
601,24040,386,19,57,34,1938.0,crop-classifier
601,24040,1748,3086,7,4,28.0,crop-classifier
602,24080,6,2790,53,13,689.0,crop-classifier
602,24080,102,2798,24,20,480.0,crop-classifier
602,24080,354,19,60,34,2040.0,crop-classifier
602,24080,1747,3088,8,4,32.0,crop-classifier
603,24120,0,2789,45,16,720.0,crop-classifier
603,24120,89,2798,26,22,572.0,crop-classifier
603,24120,323,19,64,34,2176.0,crop-classifier
603,24120,1745,3089,7,4,28.0,crop-classifier
604,24160,33,2792,64,24,1536.0,crop-classifier
604,24160,287,19,64,34,2176.0,crop-classifier
604,24160,1743,3091,10,4,40.0,crop-classifier
605,24200,25,2791,64,25,1600.0,crop-classifier
605,24200,247,19,64,33,2112.0,crop-classifier
605,24200,1743,3092,6,5,30.0,crop-classifier
606,24240,7,2793,12,8,96.0,crop-classifier
606,24240,59,2795,27,21,567.0,crop-classifier
606,24240,205,19,49,34,1666.0,crop-classifier
606,24240,1743,3094,7,4,28.0,crop-classifier
607,24280,0,2792,10,7,70.0,crop-classifier
607,24280,49,2798,28,22,616.0,crop-classifier
607,24280,153,19,64,34,2176.0,crop-classifier
607,24280,1738,3094,11,6,66.0,crop-classifier
608,24320,40,2798,27,18,486.0,crop-classifier
608,24320,105,19,63,34,2142.0,crop-classifier
608,24320,1736,3096,13,6,78.0,crop-classifier
609,24360,28,2795,29,19,551.0,crop-classifier
609,24360,1735,3098,11,6,66.0,crop-classifier
610,24400,17,19,64,34,2176.0,crop-classifier
610,24400,18,2791,29,28,812.0,crop-classifier
610,24400,1734,3099,10,5,50.0,crop-classifier
611,24440,8,2794,28,22,616.0,crop-classifier
611,24440,1733,3101,10,5,50.0,crop-classifier
612,24480,0,2793,27,20,540.0,crop-classifier
612,24480,1731,3102,10,5,50.0,crop-classifier
613,24520,5,2807,10,5,50.0,crop-classifier
613,24520,1730,3101,13,7,91.0,crop-classifier
614,24560,0,2807,7,5,35.0,crop-classifier
614,24560,1729,3106,12,6,72.0,crop-classifier
615,24600,1728,3107,10,6,60.0,crop-classifier
616,24640,1727,3108,10,5,50.0,crop-classifier
617,24680,1725,3106,14,9,126.0,crop-classifier
619,24760,1719,3115,14,9,126.0,crop-classifier
620,24800,1720,3116,9,7,63.0,crop-classifier
621,24840,1718,3113,10,9,90.0,crop-classifier
622,24880,1716,3116,10,9,90.0,crop-classifier
623,24920,417,0,64,66,4224.0,crop-classifier
623,24920,1712,3120,12,8,96.0,crop-classifier
624,24960,431,0,50,66,3300.0,crop-classifier
624,24960,1710,3121,10,7,70.0,crop-classifier
625,25000,393,19,64,14,896.0,crop-classifier
625,25000,1711,3119,9,6,54.0,crop-classifier
626,25040,387,19,56,34,1904.0,crop-classifier
626,25040,1703,3119,12,9,108.0,crop-classifier
627,25080,355,19,59,34,2006.0,crop-classifier
627,25080,1703,3124,10,5,50.0,crop-classifier
628,25120,322,19,64,34,2176.0,crop-classifier
628,25120,1699,3124,15,9,135.0,crop-classifier
629,25160,284,19,57,34,1938.0,crop-classifier
629,25160,1695,3124,19,6,114.0,crop-classifier
630,25200,240,19,51,34,1734.0,crop-classifier
630,25200,1691,3119,23,11,253.0,crop-classifier
631,25240,190,19,64,34,2176.0,crop-classifier
631,25240,1683,3124,31,9,279.0,crop-classifier
632,25280,148,19,58,34,1972.0,crop-classifier
632,25280,1680,3128,12,8,96.0,crop-classifier
633,25320,105,19,53,34,1802.0,crop-classifier
633,25320,1680,3127,9,6,54.0,crop-classifier
634,25360,46,19,64,33,2112.0,crop-classifier
634,25360,1676,3124,11,8,88.0,crop-classifier
635,25400,1669,3123,10,10,100.0,crop-classifier
636,25440,1665,3128,11,9,99.0,crop-classifier
637,25480,1662,3128,10,8,80.0,crop-classifier
638,25520,1657,3125,10,10,100.0,crop-classifier
639,25560,1650,3120,14,13,182.0,crop-classifier
640,25600,1647,3125,10,11,110.0,crop-classifier
641,25640,1642,3126,9,10,90.0,crop-classifier
642,25680,1639,3125,9,5,45.0,crop-classifier
643,25720,1633,3118,8,10,80.0,crop-classifier
644,25760,1624,3120,12,8,96.0,crop-classifier
645,25800,1620,3123,12,10,120.0,crop-classifier
646,25840,1616,3122,10,7,70.0,crop-classifier
647,25880,1611,3118,9,6,54.0,crop-classifier
648,25920,417,0,64,66,4224.0,crop-classifier
648,25920,1603,3115,12,10,120.0,crop-classifier
649,25960,318,19,86,46,3956.0,crop-classifier
649,25960,417,0,64,66,4224.0,crop-classifier
649,25960,1597,3119,12,9,108.0,crop-classifier
650,26000,318,19,75,46,3450.0,crop-classifier
650,26000,1593,3119,9,8,72.0,crop-classifier
651,26040,281,19,60,33,1980.0,crop-classifier
651,26040,1588,3115,8,5,40.0,crop-classifier
652,26080,244,19,64,32,2048.0,crop-classifier
652,26080,1581,3111,8,8,64.0,crop-classifier
653,26120,197,19,57,33,1881.0,crop-classifier
653,26120,1575,3109,8,10,80.0,crop-classifier
654,26160,138,19,61,33,2013.0,crop-classifier
654,26160,706,2658,139,399,55461.0,crop-classifier
654,26160,1567,3110,9,10,90.0,crop-classifier
655,26200,736,3116,94,279,26226.0,crop-classifier
655,26200,1563,3111,7,8,56.0,crop-classifier
656,26240,37,19,55,33,1815.0,crop-classifier
656,26240,736,3104,99,283,28017.0,crop-classifier
656,26240,1558,3106,7,6,42.0,crop-classifier
657,26280,736,3094,106,284,30104.0,crop-classifier
657,26280,1550,3103,10,10,100.0,crop-classifier
658,26320,736,3086,111,284,31524.0,crop-classifier
658,26320,1542,3102,9,11,99.0,crop-classifier
659,26360,736,3077,116,283,32828.0,crop-classifier
659,26360,1534,3103,11,9,99.0,crop-classifier
660,26400,736,3070,122,281,34282.0,crop-classifier
660,26400,1530,3099,8,10,80.0,crop-classifier
661,26440,737,3064,126,278,35028.0,crop-classifier
661,26440,1525,3095,7,9,63.0,crop-classifier
662,26480,700,2627,120,427,51240.0,crop-classifier
662,26480,736,3055,133,276,36708.0,crop-classifier
662,26480,1517,3094,9,9,81.0,crop-classifier
663,26520,735,3039,138,281,38778.0,crop-classifier
663,26520,1511,3095,10,9,90.0,crop-classifier
664,26560,735,3021,144,291,41904.0,crop-classifier
664,26560,1506,3092,10,7,70.0,crop-classifier
665,26600,735,3043,148,258,38184.0,crop-classifier
665,26600,1499,3086,12,8,96.0,crop-classifier
666,26640,1492,3083,11,12,132.0,crop-classifier
667,26680,1484,3086,11,8,88.0,crop-classifier
668,26720,1478,3082,11,8,88.0,crop-classifier
669,26760,1473,3077,8,8,64.0,crop-classifier
670,26800,1466,3071,10,9,90.0,crop-classifier
671,26840,1459,3070,10,11,110.0,crop-classifier
672,26880,1452,3071,8,9,72.0,crop-classifier
673,26920,417,0,64,66,4224.0,crop-classifier
673,26920,1447,3067,9,8,72.0,crop-classifier
674,26960,419,0,62,66,4092.0,crop-classifier
674,26960,1441,3061,8,8,64.0,crop-classifier
675,27000,387,19,64,14,896.0,crop-classifier
675,27000,1434,3058,6,8,48.0,crop-classifier
676,27040,380,19,63,34,2142.0,crop-classifier
676,27040,1426,3058,11,10,110.0,crop-classifier
677,27080,352,19,62,34,2108.0,crop-classifier
677,27080,1418,3055,12,10,120.0,crop-classifier
678,27120,321,19,64,34,2176.0,crop-classifier
678,27120,1415,3051,6,5,30.0,crop-classifier
679,27160,284,19,57,34,1938.0,crop-classifier
679,27160,1409,3046,7,7,49.0,crop-classifier
680,27200,241,19,50,34,1700.0,crop-classifier
680,27200,1402,3040,6,13,78.0,crop-classifier
681,27240,191,19,63,34,2142.0,crop-classifier
681,27240,1395,3042,9,11,99.0,crop-classifier
682,27280,148,19,59,34,2006.0,crop-classifier
682,27280,1391,3041,10,9,90.0,crop-classifier
683,27320,105,19,54,34,1836.0,crop-classifier
683,27320,1385,3037,7,5,35.0,crop-classifier
684,27360,47,19,64,33,2112.0,crop-classifier
684,27360,1377,3031,11,7,77.0,crop-classifier
685,27400,7,19,47,33,1551.0,crop-classifier
685,27400,1371,3028,11,8,88.0,crop-classifier
686,27440,1366,3030,9,5,45.0,crop-classifier
687,27480,1361,3026,6,6,36.0,crop-classifier
688,27520,1355,3022,7,5,35.0,crop-classifier
689,27560,1346,3014,10,10,100.0,crop-classifier
690,27600,1342,3015,9,9,81.0,crop-classifier
691,27640,1336,3015,8,9,72.0,crop-classifier
692,27680,1332,3011,6,5,30.0,crop-classifier
693,27720,1327,3008,6,6,36.0,crop-classifier
694,27760,1322,3003,6,6,36.0,crop-classifier
695,27800,1316,3000,5,7,35.0,crop-classifier
696,27840,1309,3000,6,7,42.0,crop-classifier
697,27880,1304,2997,8,6,48.0,crop-classifier
698,27920,1299,2993,8,5,40.0,crop-classifier
699,27960,388,19,76,45,3420.0,crop-classifier
699,27960,1293,2988,7,7,49.0,crop-classifier
700,28000,357,19,64,33,2112.0,crop-classifier
700,28000,1287,2986,9,8,72.0,crop-classifier
701,28040,333,19,59,33,1947.0,crop-classifier
701,28040,1281,2987,7,6,42.0,crop-classifier
702,28080,304,19,51,33,1683.0,crop-classifier
702,28080,1274,2983,9,10,90.0,crop-classifier
703,28120,251,19,64,33,2112.0,crop-classifier
703,28120,1272,2981,8,5,40.0,crop-classifier
704,28160,203,19,51,33,1683.0,crop-classifier
704,28160,1267,2977,8,7,56.0,crop-classifier
705,28200,147,19,52,33,1716.0,crop-classifier
705,28200,1259,2973,11,9,99.0,crop-classifier
706,28240,1256,2974,7,6,42.0,crop-classifier
707,28280,41,19,51,32,1632.0,crop-classifier
707,28280,1248,2970,9,11,99.0,crop-classifier
708,28320,7,19,13,32,416.0,crop-classifier
708,28320,1244,2969,6,7,42.0,crop-classifier
709,28360,1240,2965,7,7,49.0,crop-classifier
710,28400,1235,2963,7,6,42.0,crop-classifier
711,28440,318,19,86,46,3956.0,crop-classifier
711,28440,1226,2963,13,5,65.0,crop-classifier
712,28480,318,19,75,46,3450.0,crop-classifier
712,28480,1221,2961,11,8,88.0,crop-classifier
713,28520,281,19,60,33,1980.0,crop-classifier
713,28520,1218,2958,7,7,49.0,crop-classifier
714,28560,244,19,64,32,2048.0,crop-classifier
714,28560,1213,2953,7,7,49.0,crop-classifier
715,28600,197,19,57,33,1881.0,crop-classifier
715,28600,1208,2951,9,10,90.0,crop-classifier
716,28640,138,19,61,33,2013.0,crop-classifier
716,28640,1202,2951,9,8,72.0,crop-classifier
717,28680,767,3017,52,69,3588.0,crop-classifier
717,28680,1197,2949,9,8,72.0,crop-classifier
718,28720,37,19,55,33,1815.0,crop-classifier
718,28720,1192,2947,7,8,56.0,crop-classifier
719,28760,735,3103,96,286,27456.0,crop-classifier
719,28760,1187,2947,6,5,30.0,crop-classifier
720,28800,766,3110,73,241,17593.0,crop-classifier
720,28800,1183,2944,6,5,30.0,crop-classifier
721,28840,736,3087,107,286,30602.0,crop-classifier
721,28840,1178,2943,6,4,24.0,crop-classifier
722,28880,703,2636,117,449,52533.0,crop-classifier
722,28880,1173,2941,6,5,30.0,crop-classifier
723,28920,412,0,69,66,4554.0,crop-classifier
723,28920,1168,2939,7,5,35.0,crop-classifier
724,28960,381,19,59,14,826.0,crop-classifier
724,28960,1164,2938,7,5,35.0,crop-classifier
725,29000,376,18,59,35,2065.0,crop-classifier
725,29000,1159,2937,7,4,28.0,crop-classifier
726,29040,347,19,61,34,2074.0,crop-classifier
726,29040,1154,2935,7,4,28.0,crop-classifier
727,29080,314,19,64,34,2176.0,crop-classifier
727,29080,721,3012,153,302,46206.0,crop-classifier
727,29080,1151,2934,5,4,20.0,crop-classifier
728,29120,278,19,61,34,2074.0,crop-classifier
728,29120,735,3021,145,282,40890.0,crop-classifier
728,29120,1146,2932,6,5,30.0,crop-classifier
729,29160,234,19,57,34,1938.0,crop-classifier
729,29160,1141,2931,6,4,24.0,crop-classifier
730,29200,185,19,64,33,2112.0,crop-classifier
730,29200,1137,2930,6,4,24.0,crop-classifier
731,29240,137,19,62,33,2046.0,crop-classifier
731,29240,1132,2929,7,4,28.0,crop-classifier
732,29280,85,19,56,33,1848.0,crop-classifier
732,29280,1129,2927,7,5,35.0,crop-classifier
733,29320,31,19,61,33,2013.0,crop-classifier
733,29320,1124,2926,7,4,28.0,crop-classifier
734,29360,1120,2925,7,4,28.0,crop-classifier
735,29400,1116,2924,7,4,28.0,crop-classifier
736,29440,1112,2922,8,5,40.0,crop-classifier
737,29480,1108,2922,7,4,28.0,crop-classifier
738,29520,1103,2921,8,4,32.0,crop-classifier
739,29560,1099,2920,9,4,36.0,crop-classifier
740,29600,1096,2919,8,4,32.0,crop-classifier
741,29640,1092,2918,9,4,36.0,crop-classifier
742,29680,1088,2917,9,5,45.0,crop-classifier
743,29720,1084,2916,10,5,50.0,crop-classifier
744,29760,1081,2916,9,5,45.0,crop-classifier
745,29800,1077,2915,9,5,45.0,crop-classifier
746,29840,1073,2915,32,8,256.0,crop-classifier
747,29880,1070,2913,8,5,40.0,crop-classifier
748,29920,417,0,64,66,4224.0,crop-classifier
748,29920,1065,2914,10,4,40.0,crop-classifier
749,29960,386,19,54,14,756.0,crop-classifier
749,29960,1062,2913,9,4,36.0,crop-classifier
750,30000,376,19,62,34,2108.0,crop-classifier
750,30000,1059,2912,9,5,45.0,crop-classifier
751,30040,347,19,64,34,2176.0,crop-classifier
751,30040,1055,2912,9,4,36.0,crop-classifier
752,30080,316,19,64,34,2176.0,crop-classifier
752,30080,1052,2911,9,5,45.0,crop-classifier
753,30120,278,19,64,34,2176.0,crop-classifier
753,30120,1049,2911,7,4,28.0,crop-classifier
754,30160,236,19,55,34,1870.0,crop-classifier
754,30160,1045,2911,7,4,28.0,crop-classifier
755,30200,187,19,64,33,2112.0,crop-classifier
755,30200,1041,2910,9,4,36.0,crop-classifier
756,30240,139,19,60,33,1980.0,crop-classifier
756,30240,1039,2909,8,5,40.0,crop-classifier
757,30280,87,19,64,33,2112.0,crop-classifier
757,30280,1035,2909,8,5,40.0,crop-classifier
758,30320,33,19,59,33,1947.0,crop-classifier
758,30320,1031,2908,8,5,40.0,crop-classifier
759,30360,1028,2908,8,5,40.0,crop-classifier
760,30400,1025,2908,8,4,32.0,crop-classifier
761,30440,1021,2907,9,5,45.0,crop-classifier
762,30480,1018,2907,8,5,40.0,crop-classifier
763,30520,1015,2906,8,5,40.0,crop-classifier
764,30560,1011,2906,8,4,32.0,crop-classifier
765,30600,1008,2906,10,5,50.0,crop-classifier
766,30640,1005,2905,10,5,50.0,crop-classifier
767,30680,1002,2905,6,4,24.0,crop-classifier
768,30720,999,2905,6,4,24.0,crop-classifier
769,30760,995,2904,8,5,40.0,crop-classifier
770,30800,992,2904,8,5,40.0,crop-classifier
771,30840,989,2904,7,5,35.0,crop-classifier
772,30880,986,2904,8,5,40.0,crop-classifier
773,30920,388,0,93,66,6138.0,crop-classifier
773,30920,983,2903,8,5,40.0,crop-classifier
774,30960,390,19,78,46,3588.0,crop-classifier
774,30960,979,2904,9,5,45.0,crop-classifier
775,31000,366,19,64,34,2176.0,crop-classifier
775,31000,977,2903,9,5,45.0,crop-classifier
776,31040,337,19,61,34,2074.0,crop-classifier
776,31040,973,2903,9,5,45.0,crop-classifier
777,31080,304,19,54,34,1836.0,crop-classifier
777,31080,970,2904,10,4,40.0,crop-classifier
778,31120,252,19,64,34,2176.0,crop-classifier
778,31120,967,2903,11,5,55.0,crop-classifier
779,31160,203,19,51,33,1683.0,crop-classifier
779,31160,965,2903,11,5,55.0,crop-classifier
780,31200,147,19,59,33,1947.0,crop-classifier
780,31200,962,2903,10,5,50.0,crop-classifier
781,31240,85,19,56,33,1848.0,crop-classifier
781,31240,702,2659,139,397,55183.0,crop-classifier
781,31240,959,2903,10,5,50.0,crop-classifier
782,31280,31,19,53,33,1749.0,crop-classifier
782,31280,956,2903,10,5,50.0,crop-classifier
783,31320,953,2903,9,5,45.0,crop-classifier
784,31360,765,3121,80,225,18000.0,crop-classifier
784,31360,950,2903,9,6,54.0,crop-classifier
785,31400,765,3112,85,225,19125.0,crop-classifier
785,31400,947,2903,10,6,60.0,crop-classifier
786,31440,766,3105,90,222,19980.0,crop-classifier
786,31440,942,2904,12,10,120.0,crop-classifier
787,31480,942,2904,6,5,30.0,crop-classifier
788,31520,752,3070,114,238,27132.0,crop-classifier
788,31520,939,2898,6,10,60.0,crop-classifier
789,31560,709,2626,114,426,48564.0,crop-classifier
789,31560,935,2899,7,11,77.0,crop-classifier
790,31600,766,3080,110,207,22770.0,crop-classifier
790,31600,933,2905,6,9,54.0,crop-classifier
791,31640,928,2903,10,10,100.0,crop-classifier
792,31680,927,2903,8,8,64.0,crop-classifier
793,31720,922,2901,8,9,72.0,crop-classifier
794,31760,770,3016,53,70,3710.0,crop-classifier
794,31760,920,2906,9,7,63.0,crop-classifier
795,31800,915,2906,7,10,70.0,crop-classifier
796,31840,912,2903,9,9,81.0,crop-classifier
797,31880,908,2900,11,12,132.0,crop-classifier
798,31920,416,0,65,66,4290.0,crop-classifier
798,31920,903,2904,9,6,54.0,crop-classifier
799,31960,435,11,46,54,2484.0,crop-classifier
799,31960,899,2902,10,10,100.0,crop-classifier
800,32000,406,19,59,25,1475.0,crop-classifier
800,32000,897,2903,7,5,35.0,crop-classifier
801,32040,393,19,64,34,2176.0,crop-classifier
801,32040,890,2897,14,12,168.0,crop-classifier
802,32080,368,19,64,34,2176.0,crop-classifier
802,32080,889,2902,7,4,28.0,crop-classifier
803,32120,340,19,58,34,1972.0,crop-classifier
803,32120,884,2901,8,9,72.0,crop-classifier
804,32160,304,19,64,34,2176.0,crop-classifier
804,32160,881,2898,8,7,56.0,crop-classifier
805,32200,877,2891,7,11,77.0,crop-classifier
806,32240,244,19,64,34,2176.0,crop-classifier
806,32240,871,2894,10,11,110.0,crop-classifier
807,32280,203,19,51,33,1683.0,crop-classifier
807,32280,866,2894,11,11,121.0,crop-classifier
808,32320,155,19,64,33,2112.0,crop-classifier
808,32320,863,2892,9,7,63.0,crop-classifier
809,32360,110,19,60,33,1980.0,crop-classifier
809,32360,860,2886,8,10,80.0,crop-classifier
810,32400,855,2887,8,8,64.0,crop-classifier
811,32440,31,19,61,33,2013.0,crop-classifier
811,32440,846,2886,13,11,143.0,crop-classifier
812,32480,846,2887,10,6,60.0,crop-classifier
813,32520,842,2882,9,7,63.0,crop-classifier
814,32560,838,2875,8,11,88.0,crop-classifier
815,32600,832,2881,8,5,40.0,crop-classifier
816,32640,828,2879,8,9,72.0,crop-classifier
817,32680,592,3036,180,434,78120.0,crop-classifier
817,32680,824,2875,8,5,40.0,crop-classifier
818,32720,820,2867,8,14,112.0,crop-classifier
819,32760,813,2870,12,9,108.0,crop-classifier
820,32800,809,2871,9,7,63.0,crop-classifier
821,32840,802,2867,13,8,104.0,crop-classifier
822,32880,801,2863,12,8,96.0,crop-classifier
823,32920,412,0,69,66,4554.0,crop-classifier
823,32920,796,2857,8,10,80.0,crop-classifier
824,32960,419,13,62,52,3224.0,crop-classifier
824,32960,793,2860,7,5,35.0,crop-classifier
825,33000,392,19,64,27,1728.0,crop-classifier
825,33000,787,2858,12,8,96.0,crop-classifier
826,33040,377,19,64,34,2176.0,crop-classifier
826,33040,782,2854,11,8,88.0,crop-classifier
827,33080,348,19,64,34,2176.0,crop-classifier
827,33080,778,2850,10,9,90.0,crop-classifier
828,33120,315,19,64,34,2176.0,crop-classifier
828,33120,773,2845,10,11,110.0,crop-classifier
829,33160,278,19,63,34,2142.0,crop-classifier
829,33160,766,2846,11,10,110.0,crop-classifier
830,33200,236,19,55,34,1870.0,crop-classifier
830,33200,762,2846,7,7,49.0,crop-classifier
831,33240,188,19,64,34,2176.0,crop-classifier
831,33240,758,2843,9,5,45.0,crop-classifier
832,33280,140,19,59,33,1947.0,crop-classifier
832,33280,750,2834,12,13,156.0,crop-classifier
833,33320,88,19,64,33,2112.0,crop-classifier
833,33320,747,2833,11,13,143.0,crop-classifier
834,33360,35,19,57,33,1881.0,crop-classifier
834,33360,741,2837,11,10,110.0,crop-classifier
835,33400,318,19,86,46,3956.0,crop-classifier
835,33400,417,0,64,66,4224.0,crop-classifier
835,33400,737,2835,10,7,70.0,crop-classifier
836,33440,318,19,75,46,3450.0,crop-classifier
836,33440,733,2831,9,6,54.0,crop-classifier
837,33480,281,19,60,33,1980.0,crop-classifier
837,33480,702,3039,77,216,16632.0,crop-classifier
837,33480,727,2825,12,13,156.0,crop-classifier
838,33520,244,19,64,32,2048.0,crop-classifier
838,33520,721,2825,9,7,63.0,crop-classifier
839,33560,197,19,57,33,1881.0,crop-classifier
839,33560,714,2695,161,360,57960.0,crop-classifier
840,33600,138,19,61,33,2013.0,crop-classifier
840,33600,710,2823,11,8,88.0,crop-classifier
841,33640,706,2819,10,6,60.0,crop-classifier
842,33680,37,19,55,33,1815.0,crop-classifier
842,33680,701,2814,9,11,99.0,crop-classifier
843,33720,695,2814,9,8,72.0,crop-classifier
844,33760,691,2814,9,10,90.0,crop-classifier
845,33800,686,2813,6,5,30.0,crop-classifier
846,33840,680,2808,9,9,81.0,crop-classifier
846,33840,766,3118,71,241,17111.0,crop-classifier
847,33880,675,2805,9,9,81.0,crop-classifier
847,33880,712,2644,114,397,45258.0,crop-classifier
847,33880,738,3071,102,309,31518.0,crop-classifier
848,33920,417,0,64,66,4224.0,crop-classifier
848,33920,666,2807,11,9,99.0,crop-classifier
848,33920,735,3073,110,297,32670.0,crop-classifier
849,33960,421,0,60,57,3420.0,crop-classifier
849,33960,664,2802,6,11,66.0,crop-classifier
849,33960,711,2635,109,411,44799.0,crop-classifier
850,34000,392,19,64,14,896.0,crop-classifier
850,34000,659,2802,5,4,20.0,crop-classifier
851,34040,386,19,59,34,2006.0,crop-classifier
851,34040,651,2799,9,5,45.0,crop-classifier
852,34080,355,19,59,34,2006.0,crop-classifier
852,34080,648,2795,6,8,48.0,crop-classifier
853,34120,324,19,64,34,2176.0,crop-classifier
853,34120,642,2797,8,6,48.0,crop-classifier
854,34160,288,19,64,34,2176.0,crop-classifier
854,34160,635,2795,10,10,100.0,crop-classifier
854,34160,766,3078,114,203,23142.0,crop-classifier
855,34200,248,19,64,33,2112.0,crop-classifier
855,34200,631,2793,9,5,45.0,crop-classifier
855,34200,766,3074,117,197,23049.0,crop-classifier
856,34240,206,19,48,34,1632.0,crop-classifier
856,34240,627,2789,8,6,48.0,crop-classifier
856,34240,766,3051,122,208,25376.0,crop-classifier
857,34280,154,19,64,34,2176.0,crop-classifier
857,34280,618,2786,12,10,120.0,crop-classifier
858,34320,614,2786,11,10,110.0,crop-classifier
859,34360,611,2786,5,4,20.0,crop-classifier
860,34400,38,19,54,34,1836.0,crop-classifier
860,34400,605,2785,9,5,45.0,crop-classifier
861,34440,600,2784,9,4,36.0,crop-classifier
862,34480,595,2783,9,4,36.0,crop-classifier
863,34520,590,2781,11,5,55.0,crop-classifier
864,34560,584,2779,11,6,66.0,crop-classifier
865,34600,579,2777,11,7,77.0,crop-classifier
866,34640,575,2777,9,5,45.0,crop-classifier
867,34680,571,2776,8,5,40.0,crop-classifier
868,34720,565,2775,9,4,36.0,crop-classifier
869,34760,561,2774,32,12,384.0,crop-classifier
870,34800,555,2773,38,13,494.0,crop-classifier
871,34840,550,2773,10,5,50.0,crop-classifier
872,34880,546,2771,10,5,50.0,crop-classifier
873,34920,417,0,64,66,4224.0,crop-classifier
873,34920,541,2770,9,5,45.0,crop-classifier
874,34960,423,0,58,66,3828.0,crop-classifier
874,34960,537,2769,7,4,28.0,crop-classifier
875,35000,389,19,64,14,896.0,crop-classifier
875,35000,533,2768,7,5,35.0,crop-classifier
876,35040,382,19,63,34,2142.0,crop-classifier
876,35040,528,2767,8,5,40.0,crop-classifier
877,35080,354,19,60,34,2040.0,crop-classifier
877,35080,523,2766,8,4,32.0,crop-classifier
878,35120,322,19,64,34,2176.0,crop-classifier
878,35120,519,2765,9,5,45.0,crop-classifier
879,35160,285,19,64,34,2176.0,crop-classifier
879,35160,514,2764,10,5,50.0,crop-classifier
880,35200,245,19,64,33,2112.0,crop-classifier
880,35200,511,2763,9,5,45.0,crop-classifier
881,35240,204,19,50,34,1700.0,crop-classifier
881,35240,506,2762,10,5,50.0,crop-classifier
882,35280,152,19,64,34,2176.0,crop-classifier
882,35280,503,2761,9,5,45.0,crop-classifier
883,35320,105,19,62,34,2108.0,crop-classifier
883,35320,498,2760,10,5,50.0,crop-classifier
884,35360,493,2759,10,5,50.0,crop-classifier
885,35400,16,19,53,34,1802.0,crop-classifier
885,35400,490,2757,9,5,45.0,crop-classifier
886,35440,485,2756,9,4,36.0,crop-classifier
887,35480,481,2755,11,5,55.0,crop-classifier
888,35520,479,2754,7,4,28.0,crop-classifier
889,35560,473,2752,10,5,50.0,crop-classifier
890,35600,470,2751,9,5,45.0,crop-classifier
891,35640,466,2750,9,5,45.0,crop-classifier
892,35680,463,2749,9,5,45.0,crop-classifier
893,35720,459,2748,9,5,45.0,crop-classifier
894,35760,455,2746,7,5,35.0,crop-classifier
895,35800,451,2745,9,5,45.0,crop-classifier
896,35840,448,2744,8,4,32.0,crop-classifier
897,35880,388,0,93,66,6138.0,crop-classifier
897,35880,444,2743,12,7,84.0,crop-classifier
898,35920,390,19,78,46,3588.0,crop-classifier
898,35920,441,2742,12,5,60.0,crop-classifier
899,35960,366,19,64,34,2176.0,crop-classifier
899,35960,431,15,49,50,2450.0,crop-classifier
899,35960,437,2741,11,5,55.0,crop-classifier
900,36000,337,19,61,34,2074.0,crop-classifier
900,36000,406,19,58,29,1682.0,crop-classifier
900,36000,436,2741,10,4,40.0,crop-classifier
901,36040,304,19,54,34,1836.0,crop-classifier
901,36040,388,19,64,33,2112.0,crop-classifier
901,36040,431,2740,11,4,44.0,crop-classifier
902,36080,252,19,64,34,2176.0,crop-classifier
902,36080,364,19,64,33,2112.0,crop-classifier
902,36080,427,2739,10,5,50.0,crop-classifier
902,36080,767,3016,56,70,3920.0,crop-classifier
903,36120,203,19,51,33,1683.0,crop-classifier
903,36120,335,19,63,33,2079.0,crop-classifier
903,36120,424,2738,12,5,60.0,crop-classifier
904,36160,147,19,59,33,1947.0,crop-classifier
904,36160,304,19,61,33,2013.0,crop-classifier
904,36160,422,2738,9,4,36.0,crop-classifier
905,36200,85,19,56,33,1848.0,crop-classifier
905,36200,278,19,48,33,1584.0,crop-classifier
905,36200,418,2737,11,5,55.0,crop-classifier
906,36240,31,19,53,33,1749.0,crop-classifier
906,36240,233,19,58,33,1914.0,crop-classifier
906,36240,415,2737,9,4,36.0,crop-classifier
907,36280,188,19,64,33,2112.0,crop-classifier
907,36280,412,2737,10,4,40.0,crop-classifier
908,36320,147,19,61,33,2013.0,crop-classifier
908,36320,409,2736,10,5,50.0,crop-classifier
909,36360,105,19,58,33,1914.0,crop-classifier
909,36360,406,2737,9,6,54.0,crop-classifier
909,36360,736,3105,94,286,26884.0,crop-classifier
910,36400,403,2736,11,5,55.0,crop-classifier
910,36400,707,2646,121,395,47795.0,crop-classifier
911,36440,31,19,52,33,1716.0,crop-classifier
911,36440,400,2737,9,6,54.0,crop-classifier
911,36440,736,3072,106,301,31906.0,crop-classifier
912,36480,397,2737,9,6,54.0,crop-classifier
912,36480,736,3080,113,285,32205.0,crop-classifier
913,36520,394,2736,8,7,56.0,crop-classifier
913,36520,698,2635,122,425,51850.0,crop-classifier
913,36520,766,3104,91,222,20202.0,crop-classifier
914,36560,391,2738,6,4,24.0,crop-classifier
915,36600,388,2738,7,4,28.0,crop-classifier
915,36600,766,3091,100,215,21500.0,crop-classifier
916,36640,385,2738,8,5,40.0,crop-classifier
917,36680,381,2738,9,5,45.0,crop-classifier
918,36720,378,2738,8,6,48.0,crop-classifier
919,36760,375,2739,11,6,66.0,crop-classifier
919,36760,767,3072,119,193,22967.0,crop-classifier
920,36800,372,2740,11,6,66.0,crop-classifier
921,36840,369,2741,7,6,42.0,crop-classifier
922,36880,366,2741,11,7,77.0,crop-classifier
923,36920,363,2742,6,7,42.0,crop-classifier
923,36920,418,0,63,66,4158.0,crop-classifier
924,36960,360,2743,6,7,42.0,crop-classifier
924,36960,418,0,63,66,4158.0,crop-classifier
925,37000,357,2743,8,8,64.0,crop-classifier
925,37000,387,19,53,14,742.0,crop-classifier
926,37040,354,2745,7,7,49.0,crop-classifier
926,37040,376,19,62,34,2108.0,crop-classifier
927,37080,347,19,64,34,2176.0,crop-classifier
927,37080,351,2746,7,7,49.0,crop-classifier
928,37120,316,19,64,34,2176.0,crop-classifier
928,37120,348,2747,6,8,48.0,crop-classifier
929,37160,279,19,62,34,2108.0,crop-classifier
929,37160,344,2748,7,8,56.0,crop-classifier
929,37160,422,2,59,63,3717.0,crop-classifier
930,37200,238,19,53,34,1802.0,crop-classifier
930,37200,341,2749,8,8,64.0,crop-classifier
930,37200,391,19,64,16,1024.0,crop-classifier
931,37240,190,19,64,34,2176.0,crop-classifier
931,37240,337,2751,8,7,56.0,crop-classifier
931,37240,383,19,62,34,2108.0,crop-classifier
932,37280,148,19,59,34,2006.0,crop-classifier
932,37280,335,2752,7,8,56.0,crop-classifier
932,37280,355,19,59,34,2006.0,crop-classifier
933,37320,105,19,55,34,1870.0,crop-classifier
933,37320,322,19,64,34,2176.0,crop-classifier
933,37320,332,2753,7,8,56.0,crop-classifier
934,37360,48,19,64,33,2112.0,crop-classifier
934,37360,284,19,57,34,1938.0,crop-classifier
934,37360,329,2754,8,8,64.0,crop-classifier
935,37400,7,19,47,33,1551.0,crop-classifier
935,37400,240,19,51,34,1734.0,crop-classifier
935,37400,326,2757,8,6,48.0,crop-classifier
936,37440,190,19,64,33,2112.0,crop-classifier
936,37440,322,2758,10,7,70.0,crop-classifier
937,37480,147,19,59,33,1947.0,crop-classifier
937,37480,319,2758,10,8,80.0,crop-classifier
938,37520,105,19,52,33,1716.0,crop-classifier
938,37520,316,2760,10,8,80.0,crop-classifier
939,37560,45,19,64,33,2112.0,crop-classifier
939,37560,313,2761,10,9,90.0,crop-classifier
940,37600,7,19,47,33,1551.0,crop-classifier
940,37600,310,2763,12,8,96.0,crop-classifier
941,37640,307,2765,12,8,96.0,crop-classifier
942,37680,305,2767,11,7,77.0,crop-classifier
943,37720,301,2767,10,8,80.0,crop-classifier
944,37760,298,2769,13,7,91.0,crop-classifier
945,37800,296,2771,10,7,70.0,crop-classifier
946,37840,293,2772,11,7,77.0,crop-classifier
947,37880,290,2773,11,8,88.0,crop-classifier
948,37920,287,2775,11,8,88.0,crop-classifier
948,37920,379,0,102,66,6732.0,crop-classifier
949,37960,285,2777,11,8,88.0,crop-classifier
949,37960,353,19,59,14,826.0,crop-classifier
949,37960,417,0,64,66,4224.0,crop-classifier
950,38000,281,2778,12,9,108.0,crop-classifier
950,38000,339,19,59,34,2006.0,crop-classifier
951,38040,279,2780,15,8,120.0,crop-classifier
951,38040,304,19,53,34,1802.0,crop-classifier
952,38080,251,19,64,34,2176.0,crop-classifier
952,38080,276,2782,12,7,84.0,crop-classifier
953,38120,275,2781,14,7,98.0,crop-classifier
954,38160,161,19,64,34,2176.0,crop-classifier
954,38160,270,2779,15,9,135.0,crop-classifier
955,38200,105,19,57,33,1881.0,crop-classifier
955,38200,270,2786,10,7,70.0,crop-classifier
956,38240,39,19,53,33,1749.0,crop-classifier
956,38240,267,2787,10,9,90.0,crop-classifier
957,38280,7,19,13,33,429.0,crop-classifier
957,38280,265,2787,7,5,35.0,crop-classifier
958,38320,260,2783,13,10,130.0,crop-classifier
959,38360,253,2790,15,5,75.0,crop-classifier
959,38360,378,0,103,66,6798.0,crop-classifier
960,38400,252,2791,13,9,117.0,crop-classifier
960,38400,318,19,75,46,3450.0,crop-classifier
961,38440,251,2790,8,6,48.0,crop-classifier
961,38440,284,19,57,34,1938.0,crop-classifier
962,38480,234,19,57,34,1938.0,crop-classifier
962,38480,247,2787,10,10,100.0,crop-classifier
963,38520,177,19,49,34,1666.0,crop-classifier
963,38520,238,2790,16,7,112.0,crop-classifier
964,38560,105,19,60,34,2040.0,crop-classifier
964,38560,238,2794,9,6,54.0,crop-classifier
965,38600,31,19,61,33,2013.0,crop-classifier
965,38600,235,2793,5,6,30.0,crop-classifier
966,38640,230,2791,10,10,100.0,crop-classifier
967,38680,222,2791,15,10,150.0,crop-classifier
968,38720,219,2795,13,9,117.0,crop-classifier
969,38760,214,2791,11,10,110.0,crop-classifier
970,38800,212,2791,10,7,70.0,crop-classifier
971,38840,205,2789,10,9,90.0,crop-classifier
972,38880,198,2790,12,10,120.0,crop-classifier
972,38880,736,3103,94,291,27354.0,crop-classifier
973,38920,196,2791,10,5,50.0,crop-classifier
973,38920,417,0,64,66,4224.0,crop-classifier
974,38960,192,2787,8,6,48.0,crop-classifier
974,38960,386,19,55,14,770.0,crop-classifier
974,38960,766,3118,77,230,17710.0,crop-classifier
975,39000,182,2782,13,10,130.0,crop-classifier
975,39000,376,19,62,34,2108.0,crop-classifier
975,39000,730,3055,118,315,37170.0,crop-classifier
976,39040,180,2788,8,6,48.0,crop-classifier
976,39040,347,19,64,34,2176.0,crop-classifier
976,39040,734,3078,118,282,33276.0,crop-classifier
977,39080,175,2786,12,6,72.0,crop-classifier
977,39080,316,19,64,34,2176.0,crop-classifier
977,39080,764,3102,96,219,21024.0,crop-classifier
978,39120,171,2781,8,8,64.0,crop-classifier
978,39120,278,19,64,34,2176.0,crop-classifier
979,39160,164,2778,10,9,90.0,crop-classifier
979,39160,236,19,55,34,1870.0,crop-classifier
980,39200,156,2781,13,7,91.0,crop-classifier
980,39200,187,19,64,33,2112.0,crop-classifier
980,39200,766,3083,110,207,22770.0,crop-classifier
981,39240,139,19,60,33,1980.0,crop-classifier
981,39240,153,2778,10,6,60.0,crop-classifier
981,39240,766,3070,114,210,23940.0,crop-classifier
982,39280,87,19,64,33,2112.0,crop-classifier
982,39280,149,2774,10,6,60.0,crop-classifier
983,39320,33,19,59,33,1947.0,crop-classifier
983,39320,143,2768,10,9,90.0,crop-classifier
984,39360,135,2771,11,6,66.0,crop-classifier
985,39400,131,2766,9,10,90.0,crop-classifier
986,39440,127,2765,7,4,28.0,crop-classifier
987,39480,121,2755,8,14,112.0,crop-classifier
988,39520,113,2757,11,7,77.0,crop-classifier
989,39560,107,2757,10,12,120.0,crop-classifier
990,39600,105,2753,7,7,49.0,crop-classifier
991,39640,99,2748,9,7,63.0,crop-classifier
992,39680,93,2741,11,14,154.0,crop-classifier
993,39720,87,2745,9,4,36.0,crop-classifier
993,39720,193,2421,3,2,6.0,crop-classifier
994,39760,78,2743,12,10,120.0,crop-classifier
995,39800,76,2739,7,5,35.0,crop-classifier
996,39840,71,2733,10,7,70.0,crop-classifier
997,39880,64,2727,8,11,88.0,crop-classifier
998,39920,57,2730,11,10,110.0,crop-classifier
998,39920,417,0,64,66,4224.0,crop-classifier
998,39920,531,2386,5,4,20.0,crop-classifier
999,39960,49,2727,14,9,126.0,crop-classifier
999,39960,386,19,55,14,770.0,crop-classifier
1000,40000,47,2725,8,4,32.0,crop-classifier
1000,40000,376,19,62,34,2108.0,crop-classifier
1001,40040,42,2719,9,7,63.0,crop-classifier
1001,40040,347,19,64,34,2176.0,crop-classifier
1002,40080,35,2715,9,9,81.0,crop-classifier
1002,40080,316,19,64,34,2176.0,crop-classifier
1003,40120,27,2718,10,7,70.0,crop-classifier
1003,40120,278,19,64,34,2176.0,crop-classifier
1004,40160,23,2715,10,9,90.0,crop-classifier
1004,40160,236,19,55,34,1870.0,crop-classifier
1005,40200,18,2711,9,5,45.0,crop-classifier
1005,40200,187,19,64,33,2112.0,crop-classifier
1006,40240,10,2703,11,10,110.0,crop-classifier
1006,40240,139,19,60,33,1980.0,crop-classifier
1007,40280,7,2703,10,9,90.0,crop-classifier
1007,40280,87,19,64,33,2112.0,crop-classifier
1008,40320,0,2705,10,9,90.0,crop-classifier
1008,40320,33,19,59,33,1947.0,crop-classifier
1008,40320,595,3023,183,448,81984.0,crop-classifier
