frame_number,obj_id,x1,y1,x2,y2,bbox_size,frame_timestamp
0,491,1857.0,3450.0,1874.0,3469.0,323.0,2025-10-12 14:43:11.783143+00:00
1,491,1850.0,3450.0,1874.0,3466.0,384.0,2025-10-12 14:43:11.823143+00:00
2,491,1850.0,3449.0,1873.0,3463.0,322.0,2025-10-12 14:43:11.863143+00:00
3,491,1851.0,3417.0,1887.0,3457.0,1440.0,2025-10-12 14:43:11.903143+00:00
4,491,1849.0,3440.0,1868.0,3457.0,323.0,2025-10-12 14:43:11.943143+00:00
6,491,1843.0,3400.0,1896.0,3441.0,2173.0,2025-10-12 14:43:12.023143+00:00
20,491,1823.0,3389.0,1875.0,3430.0,2132.0,2025-10-12 14:43:12.583143+00:00
21,491,1823.0,3387.0,1841.0,3393.0,108.0,2025-10-12 14:43:12.623143+00:00
22,491,1820.0,3383.0,1871.0,3424.0,2091.0,2025-10-12 14:43:12.663143+00:00
23,491,1819.0,3381.0,1871.0,3422.0,2132.0,2025-10-12 14:43:12.703143+00:00
24,491,1817.0,3379.0,1837.0,3386.0,140.0,2025-10-12 14:43:12.743143+00:00
25,491,1816.0,3376.0,1836.0,3383.0,140.0,2025-10-12 14:43:12.783143+00:00
26,491,1815.0,3374.0,1834.0,3381.0,133.0,2025-10-12 14:43:12.823143+00:00
27,491,1813.0,3372.0,1833.0,3379.0,140.0,2025-10-12 14:43:12.863143+00:00
28,491,1811.0,3370.0,1830.0,3378.0,152.0,2025-10-12 14:43:12.903143+00:00
29,491,1810.0,3367.0,1833.0,3376.0,207.0,2025-10-12 14:43:12.943143+00:00
30,491,1809.0,3364.0,1830.0,3374.0,210.0,2025-10-12 14:43:12.983143+00:00
31,491,1808.0,3362.0,1830.0,3372.0,220.0,2025-10-12 14:43:13.023143+00:00
32,491,1807.0,3360.0,1826.0,3371.0,209.0,2025-10-12 14:43:13.063143+00:00
33,491,1805.0,3359.0,1824.0,3371.0,228.0,2025-10-12 14:43:13.103143+00:00
34,491,1803.0,3358.0,1822.0,3368.0,190.0,2025-10-12 14:43:13.143143+00:00
35,491,1801.0,3357.0,1820.0,3367.0,190.0,2025-10-12 14:43:13.183143+00:00
36,491,1800.0,3355.0,1819.0,3365.0,190.0,2025-10-12 14:43:13.223143+00:00
37,491,1798.0,3355.0,1815.0,3364.0,153.0,2025-10-12 14:43:13.263143+00:00
38,491,1796.0,3354.0,1815.0,3365.0,209.0,2025-10-12 14:43:13.303143+00:00
39,491,1795.0,3353.0,1811.0,3360.0,112.0,2025-10-12 14:43:13.343143+00:00
40,491,1793.0,3350.0,1810.0,3360.0,170.0,2025-10-12 14:43:13.383143+00:00
41,491,1791.0,3350.0,1808.0,3359.0,153.0,2025-10-12 14:43:13.423143+00:00
42,491,1789.0,3350.0,1810.0,3359.0,189.0,2025-10-12 14:43:13.463143+00:00
43,491,1788.0,3352.0,1805.0,3357.0,85.0,2025-10-12 14:43:13.503143+00:00
44,491,1786.0,3351.0,1803.0,3357.0,102.0,2025-10-12 14:43:13.543143+00:00
45,491,1785.0,3349.0,1805.0,3357.0,160.0,2025-10-12 14:43:13.583143+00:00
46,491,1783.0,3350.0,1799.0,3356.0,96.0,2025-10-12 14:43:13.623143+00:00
47,491,1781.0,3350.0,1797.0,3356.0,96.0,2025-10-12 14:43:13.663143+00:00
48,491,1779.0,3350.0,1796.0,3357.0,119.0,2025-10-12 14:43:13.703143+00:00
49,491,1777.0,3350.0,1794.0,3357.0,119.0,2025-10-12 14:43:13.743143+00:00
50,491,1776.0,3349.0,1793.0,3355.0,102.0,2025-10-12 14:43:13.783143+00:00
51,491,1774.0,3349.0,1790.0,3355.0,96.0,2025-10-12 14:43:13.823143+00:00
52,491,1771.0,3348.0,1789.0,3355.0,126.0,2025-10-12 14:43:13.863143+00:00
53,491,1771.0,3348.0,1788.0,3354.0,102.0,2025-10-12 14:43:13.903143+00:00
54,491,1769.0,3348.0,1786.0,3354.0,102.0,2025-10-12 14:43:13.943143+00:00
55,491,1768.0,3348.0,1785.0,3354.0,102.0,2025-10-12 14:43:13.983143+00:00
56,491,1766.0,3348.0,1783.0,3354.0,102.0,2025-10-12 14:43:14.023143+00:00
57,491,1765.0,3348.0,1781.0,3354.0,96.0,2025-10-12 14:43:14.063143+00:00
58,491,1764.0,3348.0,1781.0,3354.0,102.0,2025-10-12 14:43:14.103143+00:00
59,491,1763.0,3348.0,1780.0,3354.0,102.0,2025-10-12 14:43:14.143143+00:00
60,491,1762.0,3348.0,1780.0,3354.0,108.0,2025-10-12 14:43:14.183143+00:00
61,491,1761.0,3348.0,1776.0,3353.0,75.0,2025-10-12 14:43:14.223143+00:00
62,491,1757.0,3348.0,1775.0,3355.0,126.0,2025-10-12 14:43:14.263143+00:00
63,491,1757.0,3348.0,1773.0,3353.0,80.0,2025-10-12 14:43:14.303143+00:00
64,491,1756.0,3348.0,1773.0,3354.0,102.0,2025-10-12 14:43:14.343143+00:00
65,491,1756.0,3348.0,1772.0,3354.0,96.0,2025-10-12 14:43:14.383143+00:00
66,491,1755.0,3348.0,1770.0,3354.0,90.0,2025-10-12 14:43:14.423143+00:00
67,491,1754.0,3347.0,1771.0,3355.0,136.0,2025-10-12 14:43:14.463143+00:00
68,491,1752.0,3349.0,1769.0,3357.0,136.0,2025-10-12 14:43:14.503143+00:00
69,491,1751.0,3349.0,1767.0,3355.0,96.0,2025-10-12 14:43:14.543143+00:00
70,491,1750.0,3350.0,1767.0,3358.0,136.0,2025-10-12 14:43:14.583143+00:00
71,491,1749.0,3349.0,1767.0,3357.0,144.0,2025-10-12 14:43:14.623143+00:00
72,491,1749.0,3352.0,1765.0,3362.0,160.0,2025-10-12 14:43:14.663143+00:00
73,491,1750.0,3350.0,1762.0,3361.0,132.0,2025-10-12 14:43:14.703143+00:00
74,491,1750.0,3346.0,1765.0,3360.0,210.0,2025-10-12 14:43:14.743143+00:00
75,491,1746.0,3347.0,1765.0,3360.0,247.0,2025-10-12 14:43:14.783143+00:00
76,491,1743.0,3354.0,1764.0,3364.0,210.0,2025-10-12 14:43:14.823143+00:00
77,491,1746.0,3357.0,1759.0,3369.0,156.0,2025-10-12 14:43:14.863143+00:00
78,491,1748.0,3357.0,1760.0,3362.0,60.0,2025-10-12 14:43:14.903143+00:00
78,496,2143.0,3031.0,2148.0,3036.0,25.0,2025-10-12 14:43:14.903143+00:00
79,491,1748.0,3351.0,1760.0,3362.0,132.0,2025-10-12 14:43:14.943143+00:00
79,496,2136.0,3028.0,2141.0,3035.0,35.0,2025-10-12 14:43:14.943143+00:00
80,491,1739.0,3355.0,1761.0,3365.0,220.0,2025-10-12 14:43:14.983143+00:00
80,496,2129.0,3031.0,2160.0,3036.0,155.0,2025-10-12 14:43:14.983143+00:00
81,491,1742.0,3358.0,1760.0,3373.0,270.0,2025-10-12 14:43:15.023143+00:00
81,496,2122.0,3030.0,2157.0,3036.0,210.0,2025-10-12 14:43:15.023143+00:00
82,491,1744.0,3359.0,1756.0,3369.0,120.0,2025-10-12 14:43:15.063143+00:00
82,496,2117.0,3029.0,2150.0,3035.0,198.0,2025-10-12 14:43:15.063143+00:00
83,491,1744.0,3358.0,1761.0,3367.0,153.0,2025-10-12 14:43:15.103143+00:00
83,496,2111.0,3029.0,2160.0,3036.0,343.0,2025-10-12 14:43:15.103143+00:00
84,491,1739.0,3356.0,1759.0,3369.0,260.0,2025-10-12 14:43:15.143143+00:00
84,496,2104.0,3031.0,2160.0,3038.0,392.0,2025-10-12 14:43:15.143143+00:00
85,491,1744.0,3365.0,1759.0,3372.0,105.0,2025-10-12 14:43:15.183143+00:00
85,496,2098.0,3026.0,2160.0,3036.0,620.0,2025-10-12 14:43:15.183143+00:00
86,491,1738.0,3365.0,1752.0,3376.0,154.0,2025-10-12 14:43:15.223143+00:00
86,496,2093.0,3027.0,2123.0,3035.0,240.0,2025-10-12 14:43:15.223143+00:00
87,491,1738.0,3363.0,1752.0,3370.0,98.0,2025-10-12 14:43:15.263143+00:00
87,496,2087.0,3030.0,2134.0,3036.0,282.0,2025-10-12 14:43:15.263143+00:00
88,491,1734.0,3358.0,1753.0,3371.0,247.0,2025-10-12 14:43:15.303143+00:00
88,496,2081.0,3030.0,2153.0,3037.0,504.0,2025-10-12 14:43:15.303143+00:00
89,491,1738.0,3366.0,1752.0,3372.0,84.0,2025-10-12 14:43:15.343143+00:00
89,496,2075.0,3026.0,2160.0,3038.0,1020.0,2025-10-12 14:43:15.343143+00:00
90,491,1730.0,3367.0,1747.0,3376.0,153.0,2025-10-12 14:43:15.383143+00:00
90,496,2068.0,3028.0,2125.0,3036.0,456.0,2025-10-12 14:43:15.383143+00:00
91,491,1732.0,3364.0,1746.0,3370.0,84.0,2025-10-12 14:43:15.423143+00:00
91,496,2059.0,3028.0,2114.0,3037.0,495.0,2025-10-12 14:43:15.423143+00:00
92,491,1726.0,3358.0,1747.0,3371.0,273.0,2025-10-12 14:43:15.463143+00:00
92,496,2055.0,3028.0,2100.0,3037.0,405.0,2025-10-12 14:43:15.463143+00:00
93,491,1722.0,3363.0,1742.0,3371.0,160.0,2025-10-12 14:43:15.503143+00:00
93,496,2048.0,3031.0,2081.0,3037.0,198.0,2025-10-12 14:43:15.503143+00:00
94,491,1723.0,3363.0,1739.0,3376.0,208.0,2025-10-12 14:43:15.543143+00:00
94,496,2044.0,3026.0,2074.0,3035.0,270.0,2025-10-12 14:43:15.543143+00:00
95,491,1723.0,3361.0,1733.0,3373.0,120.0,2025-10-12 14:43:15.583143+00:00
95,496,2037.0,3030.0,2068.0,3035.0,155.0,2025-10-12 14:43:15.583143+00:00
96,491,1721.0,3358.0,1735.0,3368.0,140.0,2025-10-12 14:43:15.623143+00:00
96,496,2031.0,3031.0,2062.0,3037.0,186.0,2025-10-12 14:43:15.623143+00:00
97,491,1716.0,3357.0,1732.0,3368.0,176.0,2025-10-12 14:43:15.663143+00:00
97,496,2025.0,3031.0,2056.0,3038.0,217.0,2025-10-12 14:43:15.663143+00:00
98,491,1714.0,3363.0,1731.0,3370.0,119.0,2025-10-12 14:43:15.703143+00:00
98,496,2019.0,3029.0,2049.0,3035.0,180.0,2025-10-12 14:43:15.703143+00:00
99,491,1711.0,3359.0,1727.0,3372.0,208.0,2025-10-12 14:43:15.743143+00:00
99,496,2010.0,3031.0,2044.0,3037.0,204.0,2025-10-12 14:43:15.743143+00:00
100,491,1713.0,3359.0,1728.0,3366.0,105.0,2025-10-12 14:43:15.783143+00:00
100,496,2005.0,3030.0,2037.0,3037.0,224.0,2025-10-12 14:43:15.783143+00:00
101,491,1707.0,3350.0,1724.0,3363.0,221.0,2025-10-12 14:43:15.823143+00:00
101,496,1999.0,3030.0,2031.0,3036.0,192.0,2025-10-12 14:43:15.823143+00:00
102,491,1701.0,3357.0,1723.0,3364.0,154.0,2025-10-12 14:43:15.863143+00:00
102,496,1993.0,3029.0,2025.0,3035.0,192.0,2025-10-12 14:43:15.863143+00:00
103,491,1703.0,3356.0,1721.0,3368.0,216.0,2025-10-12 14:43:15.903143+00:00
103,496,1985.0,3029.0,2018.0,3036.0,231.0,2025-10-12 14:43:15.903143+00:00
104,491,1702.0,3355.0,1714.0,3361.0,72.0,2025-10-12 14:43:15.943143+00:00
104,496,1980.0,3030.0,2012.0,3038.0,256.0,2025-10-12 14:43:15.943143+00:00
105,491,1700.0,3350.0,1717.0,3362.0,204.0,2025-10-12 14:43:15.983143+00:00
105,496,1975.0,3031.0,2020.0,3037.0,270.0,2025-10-12 14:43:15.983143+00:00
106,491,1694.0,3346.0,1712.0,3361.0,270.0,2025-10-12 14:43:16.023143+00:00
106,496,1969.0,3031.0,2000.0,3036.0,155.0,2025-10-12 14:43:16.023143+00:00
107,491,1690.0,3351.0,1710.0,3361.0,200.0,2025-10-12 14:43:16.063143+00:00
108,491,1692.0,3349.0,1707.0,3362.0,195.0,2025-10-12 14:43:16.103143+00:00
108,496,1955.0,3031.0,1989.0,3038.0,238.0,2025-10-12 14:43:16.103143+00:00
109,491,1690.0,3346.0,1704.0,3352.0,84.0,2025-10-12 14:43:16.143143+00:00
109,496,1948.0,3030.0,1981.0,3037.0,231.0,2025-10-12 14:43:16.143143+00:00
110,491,1686.0,3339.0,1700.0,3353.0,196.0,2025-10-12 14:43:16.183143+00:00
110,496,1941.0,3031.0,1975.0,3036.0,170.0,2025-10-12 14:43:16.183143+00:00
111,491,1679.0,3342.0,1701.0,3352.0,220.0,2025-10-12 14:43:16.223143+00:00
111,496,1934.0,3029.0,1968.0,3038.0,306.0,2025-10-12 14:43:16.223143+00:00
112,491,1679.0,3342.0,1697.0,3352.0,180.0,2025-10-12 14:43:16.263143+00:00
112,496,1929.0,3033.0,1962.0,3040.0,231.0,2025-10-12 14:43:16.263143+00:00
113,491,1678.0,3340.0,1689.0,3348.0,88.0,2025-10-12 14:43:16.303143+00:00
113,496,1924.0,3031.0,1956.0,3037.0,192.0,2025-10-12 14:43:16.303143+00:00
114,491,1674.0,3335.0,1693.0,3343.0,152.0,2025-10-12 14:43:16.343143+00:00
114,496,1914.0,3031.0,1949.0,3037.0,210.0,2025-10-12 14:43:16.343143+00:00
115,491,1671.0,3330.0,1688.0,3342.0,204.0,2025-10-12 14:43:16.383143+00:00
115,496,1908.0,3030.0,1942.0,3038.0,272.0,2025-10-12 14:43:16.383143+00:00
116,491,1671.0,3332.0,1682.0,3341.0,99.0,2025-10-12 14:43:16.423143+00:00
116,496,1904.0,3033.0,1936.0,3041.0,256.0,2025-10-12 14:43:16.423143+00:00
117,491,1666.0,3331.0,1681.0,3340.0,135.0,2025-10-12 14:43:16.463143+00:00
117,496,1899.0,3032.0,1930.0,3037.0,155.0,2025-10-12 14:43:16.463143+00:00
118,491,1662.0,3329.0,1676.0,3335.0,84.0,2025-10-12 14:43:16.503143+00:00
118,496,1892.0,3032.0,1924.0,3037.0,160.0,2025-10-12 14:43:16.503143+00:00
119,491,1662.0,3322.0,1677.0,3332.0,150.0,2025-10-12 14:43:16.543143+00:00
119,496,1883.0,3030.0,1916.0,3038.0,264.0,2025-10-12 14:43:16.543143+00:00
120,491,1656.0,3320.0,1675.0,3333.0,247.0,2025-10-12 14:43:16.583143+00:00
120,496,1878.0,3032.0,1910.0,3040.0,256.0,2025-10-12 14:43:16.583143+00:00
121,491,1651.0,3323.0,1672.0,3331.0,168.0,2025-10-12 14:43:16.623143+00:00
121,496,1872.0,3030.0,1904.0,3038.0,256.0,2025-10-12 14:43:16.623143+00:00
122,491,1651.0,3321.0,1670.0,3330.0,171.0,2025-10-12 14:43:16.663143+00:00
122,496,1866.0,3028.0,1894.0,3038.0,280.0,2025-10-12 14:43:16.663143+00:00
123,491,1653.0,3318.0,1667.0,3325.0,98.0,2025-10-12 14:43:16.703143+00:00
123,496,1859.0,3033.0,1891.0,3038.0,160.0,2025-10-12 14:43:16.703143+00:00
124,491,1651.0,3315.0,1664.0,3322.0,91.0,2025-10-12 14:43:16.743143+00:00
124,496,1852.0,3032.0,1884.0,3039.0,224.0,2025-10-12 14:43:16.743143+00:00
125,491,1649.0,3313.0,1662.0,3320.0,91.0,2025-10-12 14:43:16.783143+00:00
125,496,1841.0,3031.0,1877.0,3036.0,180.0,2025-10-12 14:43:16.783143+00:00
126,491,1648.0,3312.0,1659.0,3319.0,77.0,2025-10-12 14:43:16.823143+00:00
126,496,1839.0,3028.0,1870.0,3037.0,279.0,2025-10-12 14:43:16.823143+00:00
127,491,1639.0,3311.0,1655.0,3317.0,96.0,2025-10-12 14:43:16.863143+00:00
127,496,1832.0,3030.0,1864.0,3040.0,320.0,2025-10-12 14:43:16.863143+00:00
128,491,1639.0,3309.0,1651.0,3317.0,96.0,2025-10-12 14:43:16.903143+00:00
128,496,1822.0,3031.0,1863.0,3037.0,246.0,2025-10-12 14:43:16.903143+00:00
129,491,1635.0,3307.0,1651.0,3312.0,80.0,2025-10-12 14:43:16.943143+00:00
129,496,1819.0,3029.0,1849.0,3036.0,210.0,2025-10-12 14:43:16.943143+00:00
130,491,1632.0,3306.0,1650.0,3311.0,90.0,2025-10-12 14:43:16.983143+00:00
130,496,1812.0,3027.0,1843.0,3037.0,310.0,2025-10-12 14:43:16.983143+00:00
131,491,1631.0,3304.0,1648.0,3309.0,85.0,2025-10-12 14:43:17.023143+00:00
131,496,1805.0,3031.0,1836.0,3037.0,186.0,2025-10-12 14:43:17.023143+00:00
132,491,1628.0,3301.0,1646.0,3307.0,108.0,2025-10-12 14:43:17.063143+00:00
132,496,1799.0,3029.0,1830.0,3036.0,217.0,2025-10-12 14:43:17.063143+00:00
133,491,1626.0,3299.0,1645.0,3305.0,114.0,2025-10-12 14:43:17.103143+00:00
133,496,1792.0,3030.0,1823.0,3035.0,155.0,2025-10-12 14:43:17.103143+00:00
134,491,1624.0,3297.0,1642.0,3303.0,108.0,2025-10-12 14:43:17.143143+00:00
134,496,1785.0,3029.0,1815.0,3035.0,180.0,2025-10-12 14:43:17.143143+00:00
135,491,1623.0,3295.0,1641.0,3300.0,90.0,2025-10-12 14:43:17.183143+00:00
135,496,1779.0,3030.0,1809.0,3036.0,180.0,2025-10-12 14:43:17.183143+00:00
136,491,1621.0,3292.0,1639.0,3299.0,126.0,2025-10-12 14:43:17.223143+00:00
136,496,1772.0,3029.0,1802.0,3036.0,210.0,2025-10-12 14:43:17.223143+00:00
137,491,1619.0,3290.0,1638.0,3297.0,133.0,2025-10-12 14:43:17.263143+00:00
137,496,1764.0,3029.0,1796.0,3035.0,192.0,2025-10-12 14:43:17.263143+00:00
137,503,2125.0,3014.0,2156.0,3021.0,217.0,2025-10-12 14:43:17.263143+00:00
138,491,1618.0,3288.0,1636.0,3294.0,108.0,2025-10-12 14:43:17.303143+00:00
138,496,1759.0,3028.0,1791.0,3036.0,256.0,2025-10-12 14:43:17.303143+00:00
138,503,2102.0,3014.0,2150.0,3021.0,336.0,2025-10-12 14:43:17.303143+00:00
139,491,1616.0,3286.0,1634.0,3292.0,108.0,2025-10-12 14:43:17.343143+00:00
139,496,1751.0,3030.0,1781.0,3036.0,180.0,2025-10-12 14:43:17.343143+00:00
139,503,2083.0,3010.0,2142.0,3028.0,1062.0,2025-10-12 14:43:17.343143+00:00
140,491,1614.0,3284.0,1631.0,3290.0,102.0,2025-10-12 14:43:17.383143+00:00
140,496,1744.0,3029.0,1774.0,3035.0,180.0,2025-10-12 14:43:17.383143+00:00
140,503,2107.0,3012.0,2138.0,3018.0,186.0,2025-10-12 14:43:17.383143+00:00
141,491,1612.0,3282.0,1630.0,3288.0,108.0,2025-10-12 14:43:17.423143+00:00
141,496,1738.0,3028.0,1768.0,3034.0,180.0,2025-10-12 14:43:17.423143+00:00
142,491,1611.0,3280.0,1628.0,3287.0,119.0,2025-10-12 14:43:17.463143+00:00
142,496,1731.0,3028.0,1762.0,3034.0,186.0,2025-10-12 14:43:17.463143+00:00
142,503,2046.0,3015.0,2084.0,3028.0,494.0,2025-10-12 14:43:17.463143+00:00
143,491,1609.0,3279.0,1626.0,3285.0,102.0,2025-10-12 14:43:17.503143+00:00
143,496,1723.0,3029.0,1755.0,3034.0,160.0,2025-10-12 14:43:17.503143+00:00
144,491,1608.0,3277.0,1625.0,3283.0,102.0,2025-10-12 14:43:17.543143+00:00
144,496,1714.0,3028.0,1748.0,3035.0,238.0,2025-10-12 14:43:17.543143+00:00
144,503,2086.0,3013.0,2114.0,3020.0,196.0,2025-10-12 14:43:17.543143+00:00
145,491,1606.0,3275.0,1623.0,3281.0,102.0,2025-10-12 14:43:17.583143+00:00
145,496,1711.0,3027.0,1739.0,3033.0,168.0,2025-10-12 14:43:17.583143+00:00
145,503,2031.0,3014.0,2083.0,3026.0,624.0,2025-10-12 14:43:17.583143+00:00
146,491,1605.0,3274.0,1622.0,3280.0,102.0,2025-10-12 14:43:17.623143+00:00
146,496,1703.0,3026.0,1769.0,3036.0,660.0,2025-10-12 14:43:17.623143+00:00
147,491,1604.0,3272.0,1620.0,3278.0,96.0,2025-10-12 14:43:17.663143+00:00
147,496,1696.0,3026.0,1727.0,3039.0,403.0,2025-10-12 14:43:17.663143+00:00
148,491,1602.0,3271.0,1618.0,3278.0,112.0,2025-10-12 14:43:17.703143+00:00
148,496,1690.0,3028.0,1719.0,3036.0,232.0,2025-10-12 14:43:17.703143+00:00
149,491,1601.0,3270.0,1618.0,3277.0,119.0,2025-10-12 14:43:17.743143+00:00
149,496,1683.0,3027.0,1712.0,3034.0,203.0,2025-10-12 14:43:17.743143+00:00
149,503,2055.0,3013.0,2085.0,3019.0,180.0,2025-10-12 14:43:17.743143+00:00
150,491,1600.0,3268.0,1618.0,3276.0,144.0,2025-10-12 14:43:17.783143+00:00
150,496,1676.0,3026.0,1704.0,3032.0,168.0,2025-10-12 14:43:17.783143+00:00
150,503,2018.0,3014.0,2054.0,3026.0,432.0,2025-10-12 14:43:17.783143+00:00
151,491,1599.0,3267.0,1616.0,3274.0,119.0,2025-10-12 14:43:17.823143+00:00
151,496,1669.0,3026.0,1697.0,3033.0,196.0,2025-10-12 14:43:17.823143+00:00
152,491,1599.0,3266.0,1614.0,3272.0,90.0,2025-10-12 14:43:17.863143+00:00
152,496,1662.0,3027.0,1692.0,3033.0,180.0,2025-10-12 14:43:17.863143+00:00
152,503,2037.0,3010.0,2067.0,3017.0,210.0,2025-10-12 14:43:17.863143+00:00
153,491,1598.0,3265.0,1613.0,3273.0,120.0,2025-10-12 14:43:17.903143+00:00
153,496,1655.0,3024.0,1684.0,3032.0,232.0,2025-10-12 14:43:17.903143+00:00
153,503,1999.0,3013.0,2040.0,3028.0,615.0,2025-10-12 14:43:17.903143+00:00
154,491,1598.0,3264.0,1614.0,3273.0,144.0,2025-10-12 14:43:17.943143+00:00
154,496,1648.0,3025.0,1677.0,3033.0,232.0,2025-10-12 14:43:17.943143+00:00
155,491,1595.0,3264.0,1612.0,3272.0,136.0,2025-10-12 14:43:17.983143+00:00
155,496,1641.0,3026.0,1670.0,3033.0,203.0,2025-10-12 14:43:17.983143+00:00
156,491,1596.0,3263.0,1612.0,3271.0,128.0,2025-10-12 14:43:18.023143+00:00
156,496,1635.0,3027.0,1663.0,3032.0,140.0,2025-10-12 14:43:18.023143+00:00
157,491,1594.0,3262.0,1610.0,3271.0,144.0,2025-10-12 14:43:18.063143+00:00
157,496,1628.0,3025.0,1656.0,3030.0,140.0,2025-10-12 14:43:18.063143+00:00
157,503,2006.0,3011.0,2039.0,3018.0,231.0,2025-10-12 14:43:18.063143+00:00
158,491,1596.0,3261.0,1611.0,3270.0,135.0,2025-10-12 14:43:18.103143+00:00
158,496,1620.0,3025.0,1649.0,3033.0,232.0,2025-10-12 14:43:18.103143+00:00
158,503,1969.0,3013.0,2006.0,3026.0,481.0,2025-10-12 14:43:18.103143+00:00
159,491,1594.0,3261.0,1610.0,3269.0,128.0,2025-10-12 14:43:18.143143+00:00
159,496,1613.0,3024.0,1642.0,3031.0,203.0,2025-10-12 14:43:18.143143+00:00
159,503,1945.0,3010.0,1982.0,3024.0,518.0,2025-10-12 14:43:18.143143+00:00
160,491,1595.0,3260.0,1610.0,3269.0,135.0,2025-10-12 14:43:18.183143+00:00
160,496,1607.0,3023.0,1636.0,3030.0,203.0,2025-10-12 14:43:18.183143+00:00
161,491,1593.0,3260.0,1608.0,3267.0,105.0,2025-10-12 14:43:18.223143+00:00
161,496,1598.0,3021.0,1627.0,3029.0,232.0,2025-10-12 14:43:18.223143+00:00
161,503,1950.0,3010.0,2013.0,3028.0,1134.0,2025-10-12 14:43:18.223143+00:00
162,491,1593.0,3260.0,1608.0,3268.0,120.0,2025-10-12 14:43:18.263143+00:00
162,496,1590.0,3022.0,1620.0,3029.0,210.0,2025-10-12 14:43:18.263143+00:00
163,491,1593.0,3260.0,1608.0,3268.0,120.0,2025-10-12 14:43:18.303143+00:00
163,496,1584.0,3022.0,1652.0,3030.0,544.0,2025-10-12 14:43:18.303143+00:00
163,503,1969.0,3013.0,2001.0,3021.0,256.0,2025-10-12 14:43:18.303143+00:00
164,491,1593.0,3260.0,1609.0,3268.0,128.0,2025-10-12 14:43:18.343143+00:00
164,496,1578.0,3023.0,1607.0,3030.0,203.0,2025-10-12 14:43:18.343143+00:00
164,503,1931.0,3010.0,1969.0,3024.0,532.0,2025-10-12 14:43:18.343143+00:00
165,491,1593.0,3259.0,1609.0,3267.0,128.0,2025-10-12 14:43:18.383143+00:00
165,496,1573.0,3015.0,1600.0,3027.0,324.0,2025-10-12 14:43:18.383143+00:00
165,503,1906.0,3014.0,1942.0,3026.0,432.0,2025-10-12 14:43:18.383143+00:00
165,508,1956.0,3010.0,2002.0,3020.0,460.0,2025-10-12 14:43:18.383143+00:00
166,491,1593.0,3259.0,1609.0,3267.0,128.0,2025-10-12 14:43:18.423143+00:00
166,496,1563.0,3019.0,1589.0,3026.0,182.0,2025-10-12 14:43:18.423143+00:00
166,503,1867.0,3015.0,1924.0,3026.0,627.0,2025-10-12 14:43:18.423143+00:00
166,508,1932.0,3013.0,1981.0,3019.0,294.0,2025-10-12 14:43:18.423143+00:00
167,491,1593.0,3259.0,1609.0,3267.0,128.0,2025-10-12 14:43:18.463143+00:00
167,496,1557.0,3019.0,1584.0,3027.0,216.0,2025-10-12 14:43:18.463143+00:00
167,508,1945.0,3014.0,1974.0,3020.0,174.0,2025-10-12 14:43:18.463143+00:00
168,491,1596.0,3259.0,1609.0,3267.0,104.0,2025-10-12 14:43:18.503143+00:00
168,496,1552.0,3019.0,1578.0,3026.0,182.0,2025-10-12 14:43:18.503143+00:00
168,508,1939.0,3012.0,1968.0,3020.0,232.0,2025-10-12 14:43:18.503143+00:00
169,491,1596.0,3260.0,1610.0,3267.0,98.0,2025-10-12 14:43:18.543143+00:00
169,496,1544.0,3016.0,1572.0,3025.0,252.0,2025-10-12 14:43:18.543143+00:00
169,503,1813.0,3019.0,1861.0,3027.0,384.0,2025-10-12 14:43:18.543143+00:00
169,508,1900.0,3012.0,1962.0,3028.0,992.0,2025-10-12 14:43:18.543143+00:00
170,491,1596.0,3260.0,1611.0,3267.0,105.0,2025-10-12 14:43:18.583143+00:00
170,496,1539.0,3018.0,1564.0,3025.0,175.0,2025-10-12 14:43:18.583143+00:00
170,503,1874.0,3014.0,1911.0,3024.0,370.0,2025-10-12 14:43:18.583143+00:00
170,508,1925.0,3011.0,1955.0,3020.0,270.0,2025-10-12 14:43:18.583143+00:00
171,491,1596.0,3260.0,1611.0,3267.0,105.0,2025-10-12 14:43:18.623143+00:00
171,496,1531.0,3019.0,1557.0,3025.0,156.0,2025-10-12 14:43:18.623143+00:00
171,503,1831.0,3018.0,1872.0,3025.0,287.0,2025-10-12 14:43:18.623143+00:00
172,491,1595.0,3260.0,1613.0,3268.0,144.0,2025-10-12 14:43:18.663143+00:00
172,496,1524.0,3016.0,1552.0,3024.0,224.0,2025-10-12 14:43:18.663143+00:00
172,508,1908.0,3011.0,1943.0,3021.0,350.0,2025-10-12 14:43:18.663143+00:00
173,491,1595.0,3260.0,1613.0,3269.0,162.0,2025-10-12 14:43:18.703143+00:00
173,496,1519.0,3015.0,1544.0,3022.0,175.0,2025-10-12 14:43:18.703143+00:00
173,503,1799.0,3018.0,1834.0,3025.0,245.0,2025-10-12 14:43:18.703143+00:00
173,508,1858.0,3011.0,1913.0,3024.0,715.0,2025-10-12 14:43:18.703143+00:00
174,491,1595.0,3261.0,1614.0,3269.0,152.0,2025-10-12 14:43:18.743143+00:00
174,496,1510.0,3014.0,1537.0,3022.0,216.0,2025-10-12 14:43:18.743143+00:00
174,503,1823.0,3014.0,1885.0,3022.0,496.0,2025-10-12 14:43:18.743143+00:00
174,508,1899.0,3011.0,1930.0,3018.0,217.0,2025-10-12 14:43:18.743143+00:00
175,491,1596.0,3263.0,1615.0,3270.0,133.0,2025-10-12 14:43:18.783143+00:00
175,496,1504.0,3016.0,1530.0,3022.0,156.0,2025-10-12 14:43:18.783143+00:00
175,503,1841.0,3011.0,1899.0,3024.0,754.0,2025-10-12 14:43:18.783143+00:00
176,491,1600.0,3263.0,1616.0,3270.0,112.0,2025-10-12 14:43:18.823143+00:00
176,496,1498.0,3014.0,1524.0,3022.0,208.0,2025-10-12 14:43:18.823143+00:00
176,503,1799.0,3017.0,1859.0,3026.0,540.0,2025-10-12 14:43:18.823143+00:00
176,508,1887.0,3011.0,1917.0,3021.0,300.0,2025-10-12 14:43:18.823143+00:00
177,491,1603.0,3265.0,1616.0,3271.0,78.0,2025-10-12 14:43:18.863143+00:00
177,496,1492.0,3011.0,1517.0,3019.0,200.0,2025-10-12 14:43:18.863143+00:00
177,503,1793.0,3014.0,1832.0,3024.0,390.0,2025-10-12 14:43:18.863143+00:00
177,508,1848.0,3011.0,1886.0,3024.0,494.0,2025-10-12 14:43:18.863143+00:00
178,491,1604.0,3264.0,1618.0,3272.0,112.0,2025-10-12 14:43:18.903143+00:00
178,496,1483.0,3012.0,1509.0,3019.0,182.0,2025-10-12 14:43:18.903143+00:00
178,503,1821.0,3014.0,1859.0,3023.0,342.0,2025-10-12 14:43:18.903143+00:00
178,508,1874.0,3011.0,1905.0,3020.0,279.0,2025-10-12 14:43:18.903143+00:00
179,491,1602.0,3266.0,1623.0,3274.0,168.0,2025-10-12 14:43:18.943143+00:00
179,496,1477.0,3012.0,1530.0,3021.0,477.0,2025-10-12 14:43:18.943143+00:00
179,503,1819.0,3012.0,1873.0,3022.0,540.0,2025-10-12 14:43:18.943143+00:00
180,491,1607.0,3268.0,1623.0,3277.0,144.0,2025-10-12 14:43:18.983143+00:00
180,496,1471.0,3011.0,1524.0,3021.0,530.0,2025-10-12 14:43:18.983143+00:00
180,503,1811.0,3011.0,1867.0,3025.0,784.0,2025-10-12 14:43:18.983143+00:00
181,491,1607.0,3268.0,1625.0,3277.0,162.0,2025-10-12 14:43:19.023143+00:00
181,496,1465.0,3009.0,1516.0,3025.0,816.0,2025-10-12 14:43:19.023143+00:00
181,503,1777.0,3014.0,1837.0,3022.0,480.0,2025-10-12 14:43:19.023143+00:00
181,508,1855.0,3012.0,1885.0,3021.0,270.0,2025-10-12 14:43:19.023143+00:00
182,491,1612.0,3266.0,1625.0,3277.0,143.0,2025-10-12 14:43:19.063143+00:00
182,496,1456.0,3010.0,1484.0,3017.0,196.0,2025-10-12 14:43:19.063143+00:00
182,508,1816.0,3013.0,1875.0,3021.0,472.0,2025-10-12 14:43:19.063143+00:00
183,491,1607.0,3266.0,1631.0,3276.0,240.0,2025-10-12 14:43:19.103143+00:00
183,496,1450.0,3010.0,1476.0,3016.0,156.0,2025-10-12 14:43:19.103143+00:00
183,508,1809.0,3011.0,1847.0,3022.0,418.0,2025-10-12 14:43:19.103143+00:00
183,511,1546.0,3017.0,1603.0,3025.0,456.0,2025-10-12 14:43:19.103143+00:00
184,491,1615.0,3272.0,1633.0,3283.0,198.0,2025-10-12 14:43:19.143143+00:00
184,496,1445.0,3009.0,1469.0,3016.0,168.0,2025-10-12 14:43:19.143143+00:00
184,503,1782.0,3011.0,1821.0,3023.0,468.0,2025-10-12 14:43:19.143143+00:00
184,511,1521.0,3015.0,1570.0,3025.0,490.0,2025-10-12 14:43:19.143143+00:00
185,491,1615.0,3272.0,1627.0,3280.0,96.0,2025-10-12 14:43:19.183143+00:00
185,496,1438.0,3008.0,1463.0,3015.0,175.0,2025-10-12 14:43:19.183143+00:00
185,503,1775.0,3012.0,1812.0,3021.0,333.0,2025-10-12 14:43:19.183143+00:00
185,508,1826.0,3012.0,1859.0,3019.0,231.0,2025-10-12 14:43:19.183143+00:00
185,511,1484.0,3014.0,1540.0,3025.0,616.0,2025-10-12 14:43:19.183143+00:00
186,491,1619.0,3270.0,1633.0,3278.0,112.0,2025-10-12 14:43:19.223143+00:00
186,496,1451.0,3008.0,1499.0,3020.0,576.0,2025-10-12 14:43:19.223143+00:00
186,508,1790.0,3012.0,1827.0,3020.0,296.0,2025-10-12 14:43:19.223143+00:00
186,511,1526.0,3014.0,1583.0,3024.0,570.0,2025-10-12 14:43:19.223143+00:00
187,491,1615.0,3267.0,1633.0,3281.0,252.0,2025-10-12 14:43:19.263143+00:00
187,496,1424.0,3009.0,1450.0,3014.0,130.0,2025-10-12 14:43:19.263143+00:00
187,503,1762.0,3010.0,1820.0,3021.0,638.0,2025-10-12 14:43:19.263143+00:00
187,511,1472.0,3010.0,1527.0,3021.0,605.0,2025-10-12 14:43:19.263143+00:00
188,491,1615.0,3274.0,1635.0,3283.0,180.0,2025-10-12 14:43:19.303143+00:00
188,496,1438.0,3010.0,1486.0,3018.0,384.0,2025-10-12 14:43:19.303143+00:00
188,503,1730.0,3010.0,1792.0,3021.0,682.0,2025-10-12 14:43:19.303143+00:00
188,508,1809.0,3011.0,1840.0,3021.0,310.0,2025-10-12 14:43:19.303143+00:00
189,491,1619.0,3274.0,1634.0,3286.0,180.0,2025-10-12 14:43:19.343143+00:00
189,496,1411.0,3005.0,1475.0,3017.0,768.0,2025-10-12 14:43:19.343143+00:00
189,503,1716.0,3014.0,1752.0,3021.0,252.0,2025-10-12 14:43:19.343143+00:00
189,508,1770.0,3011.0,1808.0,3019.0,304.0,2025-10-12 14:43:19.343143+00:00
190,491,1624.0,3274.0,1636.0,3280.0,72.0,2025-10-12 14:43:19.383143+00:00
190,496,1405.0,3005.0,1430.0,3011.0,150.0,2025-10-12 14:43:19.383143+00:00
190,508,1796.0,3012.0,1826.0,3019.0,210.0,2025-10-12 14:43:19.383143+00:00
191,491,1621.0,3270.0,1639.0,3281.0,198.0,2025-10-12 14:43:19.423143+00:00
191,496,1398.0,3006.0,1423.0,3013.0,175.0,2025-10-12 14:43:19.423143+00:00
191,508,1757.0,3009.0,1795.0,3020.0,418.0,2025-10-12 14:43:19.423143+00:00
192,491,1618.0,3277.0,1640.0,3283.0,132.0,2025-10-12 14:43:19.463143+00:00
192,496,1391.0,3005.0,1443.0,3014.0,468.0,2025-10-12 14:43:19.463143+00:00
192,508,1783.0,3010.0,1812.0,3021.0,319.0,2025-10-12 14:43:19.463143+00:00
192,511,1486.0,3013.0,1544.0,3021.0,464.0,2025-10-12 14:43:19.463143+00:00
193,491,1623.0,3277.0,1639.0,3289.0,192.0,2025-10-12 14:43:19.503143+00:00
193,496,1382.0,3003.0,1449.0,3015.0,804.0,2025-10-12 14:43:19.503143+00:00
193,508,1744.0,3009.0,1782.0,3018.0,342.0,2025-10-12 14:43:19.503143+00:00
194,491,1627.0,3276.0,1641.0,3282.0,84.0,2025-10-12 14:43:19.543143+00:00
194,496,1378.0,3003.0,1430.0,3013.0,520.0,2025-10-12 14:43:19.543143+00:00
194,508,1771.0,3010.0,1800.0,3019.0,261.0,2025-10-12 14:43:19.543143+00:00
195,491,1626.0,3271.0,1641.0,3282.0,165.0,2025-10-12 14:43:19.583143+00:00
195,496,1372.0,3003.0,1423.0,3011.0,408.0,2025-10-12 14:43:19.583143+00:00
195,508,1730.0,3008.0,1769.0,3021.0,507.0,2025-10-12 14:43:19.583143+00:00
195,511,1469.0,3009.0,1525.0,3019.0,560.0,2025-10-12 14:43:19.583143+00:00
196,491,1622.0,3278.0,1645.0,3285.0,161.0,2025-10-12 14:43:19.623143+00:00
196,496,1364.0,3002.0,1417.0,3011.0,477.0,2025-10-12 14:43:19.623143+00:00
196,508,1726.0,3007.0,1786.0,3021.0,840.0,2025-10-12 14:43:19.623143+00:00
196,511,1463.0,3010.0,1518.0,3017.0,385.0,2025-10-12 14:43:19.623143+00:00
197,491,1628.0,3278.0,1643.0,3288.0,150.0,2025-10-12 14:43:19.663143+00:00
197,496,1359.0,2999.0,1384.0,3008.0,225.0,2025-10-12 14:43:19.663143+00:00
197,508,1719.0,3007.0,1780.0,3019.0,732.0,2025-10-12 14:43:19.663143+00:00
197,511,1479.0,3009.0,1546.0,3019.0,670.0,2025-10-12 14:43:19.663143+00:00
198,491,1629.0,3276.0,1644.0,3282.0,90.0,2025-10-12 14:43:19.703143+00:00
198,496,1353.0,3000.0,1404.0,3011.0,561.0,2025-10-12 14:43:19.703143+00:00
198,508,1744.0,3009.0,1773.0,3017.0,232.0,2025-10-12 14:43:19.703143+00:00
198,511,1449.0,3008.0,1506.0,3015.0,399.0,2025-10-12 14:43:19.703143+00:00
199,491,1630.0,3271.0,1645.0,3281.0,150.0,2025-10-12 14:43:19.743143+00:00
199,496,1345.0,2999.0,1410.0,3010.0,715.0,2025-10-12 14:43:19.743143+00:00
199,508,1705.0,3003.0,1745.0,3019.0,640.0,2025-10-12 14:43:19.743143+00:00
199,511,1444.0,3005.0,1500.0,3015.0,560.0,2025-10-12 14:43:19.743143+00:00
200,491,1625.0,3273.0,1648.0,3282.0,207.0,2025-10-12 14:43:19.783143+00:00
200,496,1339.0,3000.0,1365.0,3005.0,130.0,2025-10-12 14:43:19.783143+00:00
200,503,1676.0,3003.0,1713.0,3016.0,481.0,2025-10-12 14:43:19.783143+00:00
200,508,1732.0,3007.0,1760.0,3020.0,364.0,2025-10-12 14:43:19.783143+00:00
201,491,1630.0,3275.0,1649.0,3287.0,228.0,2025-10-12 14:43:19.823143+00:00
201,496,1332.0,2997.0,1358.0,3005.0,208.0,2025-10-12 14:43:19.823143+00:00
201,503,1627.0,3009.0,1673.0,3017.0,368.0,2025-10-12 14:43:19.823143+00:00
201,508,1722.0,3005.0,1754.0,3019.0,448.0,2025-10-12 14:43:19.823143+00:00
201,511,1453.0,3005.0,1522.0,3018.0,897.0,2025-10-12 14:43:19.823143+00:00
202,491,1631.0,3273.0,1648.0,3283.0,170.0,2025-10-12 14:43:19.863143+00:00
202,496,1327.0,2998.0,1378.0,3008.0,510.0,2025-10-12 14:43:19.863143+00:00
202,508,1685.0,3006.0,1725.0,3016.0,400.0,2025-10-12 14:43:19.863143+00:00
202,511,1422.0,3005.0,1480.0,3014.0,522.0,2025-10-12 14:43:19.863143+00:00
202,514,2146.0,2985.0,2160.0,2993.0,112.0,2025-10-12 14:43:19.863143+00:00
203,491,1636.0,3270.0,1649.0,3279.0,117.0,2025-10-12 14:43:19.903143+00:00
203,496,1320.0,2997.0,1372.0,3006.0,468.0,2025-10-12 14:43:19.903143+00:00
203,508,1712.0,3007.0,1740.0,3017.0,280.0,2025-10-12 14:43:19.903143+00:00
203,511,1397.0,3002.0,1449.0,3012.0,520.0,2025-10-12 14:43:19.903143+00:00
203,514,2138.0,2984.0,2154.0,2994.0,160.0,2025-10-12 14:43:19.903143+00:00
204,491,1630.0,3266.0,1649.0,3279.0,247.0,2025-10-12 14:43:19.943143+00:00
204,496,1311.0,2997.0,1365.0,3006.0,486.0,2025-10-12 14:43:19.943143+00:00
204,508,1672.0,3004.0,1710.0,3015.0,418.0,2025-10-12 14:43:19.943143+00:00
204,511,1411.0,3004.0,1469.0,3011.0,406.0,2025-10-12 14:43:19.943143+00:00
204,514,2130.0,2982.0,2148.0,2994.0,216.0,2025-10-12 14:43:19.943143+00:00
205,491,1630.0,3273.0,1648.0,3281.0,144.0,2025-10-12 14:43:19.983143+00:00
205,496,1307.0,2995.0,1357.0,3006.0,550.0,2025-10-12 14:43:19.983143+00:00
205,508,1699.0,3005.0,1726.0,3017.0,324.0,2025-10-12 14:43:19.983143+00:00
205,511,1428.0,3003.0,1497.0,3015.0,828.0,2025-10-12 14:43:19.983143+00:00
205,514,2123.0,2982.0,2140.0,2992.0,170.0,2025-10-12 14:43:19.983143+00:00
206,491,1633.0,3272.0,1646.0,3281.0,117.0,2025-10-12 14:43:20.023143+00:00
206,496,1300.0,2996.0,1352.0,3006.0,520.0,2025-10-12 14:43:20.023143+00:00
206,508,1658.0,3004.0,1698.0,3017.0,520.0,2025-10-12 14:43:20.023143+00:00
206,511,1382.0,3000.0,1428.0,3008.0,368.0,2025-10-12 14:43:20.023143+00:00
206,514,2115.0,2982.0,2132.0,2991.0,153.0,2025-10-12 14:43:20.023143+00:00
207,491,1635.0,3269.0,1649.0,3276.0,98.0,2025-10-12 14:43:20.063143+00:00
207,496,1294.0,2996.0,1318.0,3002.0,144.0,2025-10-12 14:43:20.063143+00:00
207,508,1629.0,3001.0,1688.0,3016.0,885.0,2025-10-12 14:43:20.063143+00:00
207,511,1416.0,3003.0,1484.0,3013.0,680.0,2025-10-12 14:43:20.063143+00:00
207,514,2106.0,2982.0,2124.0,2992.0,180.0,2025-10-12 14:43:20.063143+00:00
208,491,1636.0,3265.0,1650.0,3275.0,140.0,2025-10-12 14:43:20.103143+00:00
208,496,1288.0,2995.0,1351.0,3005.0,630.0,2025-10-12 14:43:20.103143+00:00
208,503,1600.0,3003.0,1661.0,3014.0,671.0,2025-10-12 14:43:20.103143+00:00
208,508,1677.0,3003.0,1708.0,3016.0,403.0,2025-10-12 14:43:20.103143+00:00
208,511,1382.0,3000.0,1443.0,3010.0,610.0,2025-10-12 14:43:20.103143+00:00
208,514,2101.0,2983.0,2106.0,2989.0,30.0,2025-10-12 14:43:20.103143+00:00
209,491,1631.0,3266.0,1650.0,3275.0,171.0,2025-10-12 14:43:20.143143+00:00
209,496,1281.0,2994.0,1332.0,3003.0,459.0,2025-10-12 14:43:20.143143+00:00
209,511,1405.0,3001.0,1472.0,3013.0,804.0,2025-10-12 14:43:20.143143+00:00
209,514,2093.0,2982.0,2099.0,2986.0,24.0,2025-10-12 14:43:20.143143+00:00
210,491,1635.0,3266.0,1650.0,3280.0,210.0,2025-10-12 14:43:20.183143+00:00
210,496,1275.0,2994.0,1325.0,3003.0,450.0,2025-10-12 14:43:20.183143+00:00
210,511,1373.0,2999.0,1433.0,3006.0,420.0,2025-10-12 14:43:20.183143+00:00
210,514,2085.0,2982.0,2090.0,2987.0,25.0,2025-10-12 14:43:20.183143+00:00
211,491,1636.0,3262.0,1648.0,3273.0,132.0,2025-10-12 14:43:20.223143+00:00
211,496,1268.0,2993.0,1320.0,3002.0,468.0,2025-10-12 14:43:20.223143+00:00
211,511,1367.0,2997.0,1425.0,3007.0,580.0,2025-10-12 14:43:20.223143+00:00
211,514,2077.0,2983.0,2083.0,2988.0,30.0,2025-10-12 14:43:20.223143+00:00
212,491,1641.0,3261.0,1652.0,3269.0,88.0,2025-10-12 14:43:20.263143+00:00
212,496,1261.0,2994.0,1313.0,3000.0,312.0,2025-10-12 14:43:20.263143+00:00
212,511,1384.0,2998.0,1455.0,3009.0,781.0,2025-10-12 14:43:20.263143+00:00
212,514,2067.0,2981.0,2075.0,2985.0,32.0,2025-10-12 14:43:20.263143+00:00
213,491,1635.0,3258.0,1653.0,3269.0,198.0,2025-10-12 14:43:20.303143+00:00
213,496,1255.0,2991.0,1320.0,3000.0,585.0,2025-10-12 14:43:20.303143+00:00
213,503,1562.0,3002.0,1628.0,3013.0,726.0,2025-10-12 14:43:20.303143+00:00
213,511,1378.0,2995.0,1449.0,3010.0,1065.0,2025-10-12 14:43:20.303143+00:00
213,514,2061.0,2979.0,2067.0,2984.0,30.0,2025-10-12 14:43:20.303143+00:00
214,491,1639.0,3262.0,1657.0,3272.0,180.0,2025-10-12 14:43:20.343143+00:00
214,496,1248.0,2991.0,1300.0,3000.0,468.0,2025-10-12 14:43:20.343143+00:00
214,511,1332.0,2994.0,1378.0,3003.0,414.0,2025-10-12 14:43:20.343143+00:00
214,514,2051.0,2980.0,2058.0,2985.0,35.0,2025-10-12 14:43:20.343143+00:00
215,491,1638.0,3255.0,1652.0,3271.0,224.0,2025-10-12 14:43:20.383143+00:00
215,496,1238.0,2988.0,1296.0,2999.0,638.0,2025-10-12 14:43:20.383143+00:00
215,503,1547.0,2998.0,1618.0,3014.0,1136.0,2025-10-12 14:43:20.383143+00:00
215,511,1338.0,2993.0,1399.0,3005.0,732.0,2025-10-12 14:43:20.383143+00:00
215,514,2045.0,2980.0,2052.0,2986.0,42.0,2025-10-12 14:43:20.383143+00:00
216,491,1640.0,3254.0,1655.0,3264.0,150.0,2025-10-12 14:43:20.423143+00:00
216,496,1233.0,2991.0,1288.0,2998.0,385.0,2025-10-12 14:43:20.423143+00:00
216,511,1299.0,2993.0,1340.0,3001.0,328.0,2025-10-12 14:43:20.423143+00:00
216,514,2035.0,2978.0,2044.0,2984.0,54.0,2025-10-12 14:43:20.423143+00:00
217,491,1640.0,3250.0,1657.0,3262.0,204.0,2025-10-12 14:43:20.463143+00:00
217,496,1229.0,2991.0,1280.0,3000.0,459.0,2025-10-12 14:43:20.463143+00:00
217,503,1499.0,3001.0,1543.0,3011.0,440.0,2025-10-12 14:43:20.463143+00:00
217,511,1327.0,2993.0,1386.0,3001.0,472.0,2025-10-12 14:43:20.463143+00:00
217,514,2026.0,2978.0,2036.0,2983.0,50.0,2025-10-12 14:43:20.463143+00:00
218,491,1640.0,3255.0,1656.0,3261.0,96.0,2025-10-12 14:43:20.503143+00:00
218,496,1219.0,2991.0,1288.0,3000.0,621.0,2025-10-12 14:43:20.503143+00:00
218,503,1475.0,2999.0,1529.0,3011.0,648.0,2025-10-12 14:43:20.503143+00:00
218,511,1345.0,2994.0,1419.0,3005.0,814.0,2025-10-12 14:43:20.503143+00:00
218,514,2020.0,2978.0,2028.0,2984.0,48.0,2025-10-12 14:43:20.503143+00:00
219,491,1640.0,3251.0,1654.0,3264.0,182.0,2025-10-12 14:43:20.543143+00:00
219,496,1215.0,2989.0,1270.0,2998.0,495.0,2025-10-12 14:43:20.543143+00:00
219,511,1339.0,2993.0,1412.0,3003.0,730.0,2025-10-12 14:43:20.543143+00:00
219,514,2013.0,2978.0,2020.0,2983.0,35.0,2025-10-12 14:43:20.543143+00:00
220,491,1638.0,3250.0,1656.0,3257.0,126.0,2025-10-12 14:43:20.583143+00:00
220,496,1210.0,2986.0,1264.0,2997.0,594.0,2025-10-12 14:43:20.583143+00:00
220,503,1432.0,2997.0,1496.0,3007.0,640.0,2025-10-12 14:43:20.583143+00:00
220,511,1336.0,2992.0,1406.0,3003.0,770.0,2025-10-12 14:43:20.583143+00:00
220,514,2006.0,2975.0,2012.0,2984.0,54.0,2025-10-12 14:43:20.583143+00:00
221,491,1642.0,3245.0,1656.0,3255.0,140.0,2025-10-12 14:43:20.623143+00:00
221,496,1203.0,2989.0,1255.0,2996.0,364.0,2025-10-12 14:43:20.623143+00:00
221,503,1399.0,2997.0,1463.0,3004.0,448.0,2025-10-12 14:43:20.623143+00:00
221,508,1563.0,2995.0,1624.0,3010.0,915.0,2025-10-12 14:43:20.623143+00:00
221,511,1303.0,2991.0,1361.0,3000.0,522.0,2025-10-12 14:43:20.623143+00:00
221,514,1996.0,2976.0,2004.0,2981.0,40.0,2025-10-12 14:43:20.623143+00:00
222,491,1639.0,3245.0,1656.0,3256.0,187.0,2025-10-12 14:43:20.663143+00:00
222,496,1196.0,2990.0,1249.0,2996.0,318.0,2025-10-12 14:43:20.663143+00:00
222,508,1557.0,2997.0,1615.0,3010.0,754.0,2025-10-12 14:43:20.663143+00:00
222,511,1322.0,2990.0,1394.0,3001.0,792.0,2025-10-12 14:43:20.663143+00:00
222,514,1989.0,2977.0,1996.0,2983.0,42.0,2025-10-12 14:43:20.663143+00:00
223,491,1641.0,3245.0,1658.0,3256.0,187.0,2025-10-12 14:43:20.703143+00:00
223,496,1189.0,2989.0,1243.0,2996.0,378.0,2025-10-12 14:43:20.703143+00:00
223,508,1559.0,2995.0,1612.0,3008.0,689.0,2025-10-12 14:43:20.703143+00:00
223,511,1317.0,2990.0,1387.0,3000.0,700.0,2025-10-12 14:43:20.703143+00:00
223,514,1981.0,2975.0,1989.0,2981.0,48.0,2025-10-12 14:43:20.703143+00:00
224,491,1642.0,3242.0,1659.0,3251.0,153.0,2025-10-12 14:43:20.743143+00:00
224,496,1184.0,2987.0,1236.0,2995.0,416.0,2025-10-12 14:43:20.743143+00:00
224,508,1544.0,2994.0,1605.0,3009.0,915.0,2025-10-12 14:43:20.743143+00:00
224,511,1310.0,2989.0,1382.0,3002.0,936.0,2025-10-12 14:43:20.743143+00:00
224,514,1974.0,2972.0,1980.0,2979.0,42.0,2025-10-12 14:43:20.743143+00:00
225,491,1647.0,3238.0,1660.0,3247.0,117.0,2025-10-12 14:43:20.783143+00:00
225,496,1177.0,2988.0,1230.0,2994.0,318.0,2025-10-12 14:43:20.783143+00:00
225,508,1514.0,2995.0,1574.0,3009.0,840.0,2025-10-12 14:43:20.783143+00:00
225,511,1277.0,2989.0,1336.0,2997.0,472.0,2025-10-12 14:43:20.783143+00:00
225,514,1967.0,2974.0,1972.0,2978.0,20.0,2025-10-12 14:43:20.783143+00:00
226,491,1645.0,3232.0,1659.0,3245.0,182.0,2025-10-12 14:43:20.823143+00:00
226,496,1171.0,2988.0,1224.0,2997.0,477.0,2025-10-12 14:43:20.823143+00:00
226,511,1253.0,2987.0,1303.0,2997.0,500.0,2025-10-12 14:43:20.823143+00:00
226,514,1959.0,2974.0,1964.0,2979.0,25.0,2025-10-12 14:43:20.823143+00:00
227,491,1644.0,3234.0,1661.0,3242.0,136.0,2025-10-12 14:43:20.863143+00:00
227,496,1163.0,2989.0,1191.0,2995.0,168.0,2025-10-12 14:43:20.863143+00:00
227,508,1477.0,2991.0,1539.0,3008.0,1054.0,2025-10-12 14:43:20.863143+00:00
227,511,1265.0,2987.0,1325.0,2997.0,600.0,2025-10-12 14:43:20.863143+00:00
227,514,1951.0,2973.0,1957.0,2977.0,24.0,2025-10-12 14:43:20.863143+00:00
228,491,1646.0,3233.0,1660.0,3244.0,154.0,2025-10-12 14:43:20.903143+00:00
228,496,1157.0,2985.0,1211.0,2996.0,594.0,2025-10-12 14:43:20.903143+00:00
228,508,1442.0,2991.0,1499.0,3007.0,912.0,2025-10-12 14:43:20.903143+00:00
228,511,1256.0,2987.0,1318.0,2996.0,558.0,2025-10-12 14:43:20.903143+00:00
228,514,1943.0,2971.0,1948.0,2976.0,25.0,2025-10-12 14:43:20.903143+00:00
229,491,1647.0,3230.0,1659.0,3240.0,120.0,2025-10-12 14:43:20.943143+00:00
229,496,1151.0,2987.0,1205.0,2993.0,324.0,2025-10-12 14:43:20.943143+00:00
229,503,1407.0,2993.0,1468.0,3007.0,854.0,2025-10-12 14:43:20.943143+00:00
229,508,1512.0,2992.0,1570.0,3007.0,870.0,2025-10-12 14:43:20.943143+00:00
229,511,1251.0,2986.0,1311.0,2995.0,540.0,2025-10-12 14:43:20.943143+00:00
229,514,1935.0,2972.0,1940.0,2977.0,25.0,2025-10-12 14:43:20.943143+00:00
230,491,1650.0,3223.0,1664.0,3233.0,140.0,2025-10-12 14:43:20.983143+00:00
230,496,1144.0,2986.0,1197.0,2994.0,424.0,2025-10-12 14:43:20.983143+00:00
230,503,1373.0,2992.0,1426.0,3000.0,424.0,2025-10-12 14:43:20.983143+00:00
230,508,1446.0,2991.0,1508.0,3007.0,992.0,2025-10-12 14:43:20.983143+00:00
230,511,1214.0,2986.0,1278.0,2996.0,640.0,2025-10-12 14:43:20.983143+00:00
230,514,1927.0,2972.0,1932.0,2976.0,20.0,2025-10-12 14:43:20.983143+00:00
231,491,1647.0,3222.0,1664.0,3232.0,170.0,2025-10-12 14:43:21.023143+00:00
231,496,1138.0,2986.0,1192.0,2993.0,378.0,2025-10-12 14:43:21.023143+00:00
231,503,1347.0,2991.0,1370.0,2997.0,138.0,2025-10-12 14:43:21.023143+00:00
231,508,1415.0,2988.0,1479.0,3008.0,1280.0,2025-10-12 14:43:21.023143+00:00
231,511,1266.0,2986.0,1337.0,2997.0,781.0,2025-10-12 14:43:21.023143+00:00
231,514,1919.0,2970.0,1925.0,2975.0,30.0,2025-10-12 14:43:21.023143+00:00
232,491,1647.0,3225.0,1668.0,3233.0,168.0,2025-10-12 14:43:21.063143+00:00
232,496,1131.0,2984.0,1188.0,2994.0,570.0,2025-10-12 14:43:21.063143+00:00
232,508,1391.0,2995.0,1438.0,3004.0,423.0,2025-10-12 14:43:21.063143+00:00
232,511,1258.0,2984.0,1331.0,2998.0,1022.0,2025-10-12 14:43:21.063143+00:00
232,514,1911.0,2969.0,1918.0,2974.0,35.0,2025-10-12 14:43:21.063143+00:00
232,521,2146.0,2991.0,2154.0,2997.0,48.0,2025-10-12 14:43:21.063143+00:00
233,491,1649.0,3222.0,1663.0,3232.0,140.0,2025-10-12 14:43:21.103143+00:00
233,496,1125.0,2986.0,1180.0,2993.0,385.0,2025-10-12 14:43:21.103143+00:00
233,503,1355.0,2990.0,1417.0,3002.0,744.0,2025-10-12 14:43:21.103143+00:00
233,511,1250.0,2985.0,1313.0,2994.0,567.0,2025-10-12 14:43:21.103143+00:00
233,514,1903.0,2970.0,1910.0,2975.0,35.0,2025-10-12 14:43:21.103143+00:00
233,521,2138.0,2986.0,2149.0,2994.0,88.0,2025-10-12 14:43:21.103143+00:00
234,491,1652.0,3218.0,1666.0,3225.0,98.0,2025-10-12 14:43:21.143143+00:00
234,496,1119.0,2987.0,1172.0,2994.0,371.0,2025-10-12 14:43:21.143143+00:00
234,503,1348.0,2992.0,1400.0,2998.0,312.0,2025-10-12 14:43:21.143143+00:00
234,511,1244.0,2986.0,1308.0,2993.0,448.0,2025-10-12 14:43:21.143143+00:00
234,514,1896.0,2970.0,1902.0,2974.0,24.0,2025-10-12 14:43:21.143143+00:00
234,521,2130.0,2990.0,2138.0,2995.0,40.0,2025-10-12 14:43:21.143143+00:00
235,491,1658.0,3215.0,1669.0,3222.0,77.0,2025-10-12 14:43:21.183143+00:00
235,496,1111.0,2987.0,1139.0,2993.0,168.0,2025-10-12 14:43:21.183143+00:00
235,503,1315.0,2988.0,1379.0,2999.0,704.0,2025-10-12 14:43:21.183143+00:00
235,511,1213.0,2983.0,1273.0,2992.0,540.0,2025-10-12 14:43:21.183143+00:00
235,514,1888.0,2967.0,1894.0,2972.0,30.0,2025-10-12 14:43:21.183143+00:00
235,521,2122.0,2990.0,2128.0,2995.0,30.0,2025-10-12 14:43:21.183143+00:00
236,491,1650.0,3210.0,1669.0,3221.0,209.0,2025-10-12 14:43:21.223143+00:00
236,496,1104.0,2983.0,1160.0,2994.0,616.0,2025-10-12 14:43:21.223143+00:00
236,503,1286.0,2986.0,1340.0,2996.0,540.0,2025-10-12 14:43:21.223143+00:00
236,511,1208.0,2984.0,1267.0,2990.0,354.0,2025-10-12 14:43:21.223143+00:00
236,514,1879.0,2967.0,1886.0,2972.0,35.0,2025-10-12 14:43:21.223143+00:00
236,521,2116.0,2988.0,2121.0,2992.0,20.0,2025-10-12 14:43:21.223143+00:00
237,491,1655.0,3214.0,1669.0,3222.0,112.0,2025-10-12 14:43:21.263143+00:00
237,496,1099.0,2985.0,1151.0,2993.0,416.0,2025-10-12 14:43:21.263143+00:00
237,503,1256.0,2984.0,1316.0,2997.0,780.0,2025-10-12 14:43:21.263143+00:00
237,514,1871.0,2967.0,1878.0,2972.0,35.0,2025-10-12 14:43:21.263143+00:00
237,521,2107.0,2984.0,2113.0,2992.0,48.0,2025-10-12 14:43:21.263143+00:00
238,491,1654.0,3211.0,1668.0,3220.0,126.0,2025-10-12 14:43:21.303143+00:00
238,496,1093.0,2985.0,1147.0,2993.0,432.0,2025-10-12 14:43:21.303143+00:00
238,508,1455.0,2989.0,1513.0,3000.0,638.0,2025-10-12 14:43:21.303143+00:00
238,511,1222.0,2984.0,1282.0,2992.0,480.0,2025-10-12 14:43:21.303143+00:00
238,514,1863.0,2966.0,1870.0,2970.0,28.0,2025-10-12 14:43:21.303143+00:00
238,521,2097.0,2986.0,2104.0,2992.0,42.0,2025-10-12 14:43:21.303143+00:00
238,522,2147.0,2986.0,2160.0,2997.0,143.0,2025-10-12 14:43:21.303143+00:00
239,491,1657.0,3208.0,1671.0,3214.0,84.0,2025-10-12 14:43:21.343143+00:00
239,496,1087.0,2984.0,1141.0,2993.0,486.0,2025-10-12 14:43:21.343143+00:00
239,508,1427.0,2983.0,1486.0,2996.0,767.0,2025-10-12 14:43:21.343143+00:00
239,511,1214.0,2983.0,1276.0,2993.0,620.0,2025-10-12 14:43:21.343143+00:00
239,514,1855.0,2964.0,1862.0,2969.0,35.0,2025-10-12 14:43:21.343143+00:00
239,521,2089.0,2987.0,2096.0,2992.0,35.0,2025-10-12 14:43:21.343143+00:00
239,522,2139.0,2987.0,2144.0,2991.0,20.0,2025-10-12 14:43:21.343143+00:00
240,491,1659.0,3202.0,1672.0,3212.0,130.0,2025-10-12 14:43:21.383143+00:00
240,496,1079.0,2983.0,1135.0,2994.0,616.0,2025-10-12 14:43:21.383143+00:00
240,508,1452.0,2983.0,1500.0,3000.0,816.0,2025-10-12 14:43:21.383143+00:00
240,511,1207.0,2983.0,1270.0,2992.0,567.0,2025-10-12 14:43:21.383143+00:00
240,514,1847.0,2964.0,1857.0,2969.0,50.0,2025-10-12 14:43:21.383143+00:00
240,521,2081.0,2984.0,2088.0,2991.0,49.0,2025-10-12 14:43:21.383143+00:00
240,522,2130.0,2988.0,2135.0,2992.0,20.0,2025-10-12 14:43:21.383143+00:00
241,491,1654.0,3202.0,1674.0,3210.0,160.0,2025-10-12 14:43:21.423143+00:00
241,496,1073.0,2983.0,1128.0,2993.0,550.0,2025-10-12 14:43:21.423143+00:00
241,508,1415.0,2986.0,1470.0,2995.0,495.0,2025-10-12 14:43:21.423143+00:00
241,511,1202.0,2982.0,1263.0,2991.0,549.0,2025-10-12 14:43:21.423143+00:00
241,514,1838.0,2963.0,1848.0,2973.0,100.0,2025-10-12 14:43:21.423143+00:00
241,521,2073.0,2985.0,2079.0,2990.0,30.0,2025-10-12 14:43:21.423143+00:00
241,522,2123.0,2986.0,2128.0,2990.0,20.0,2025-10-12 14:43:21.423143+00:00
242,491,1657.0,3203.0,1674.0,3213.0,170.0,2025-10-12 14:43:21.463143+00:00
242,496,1067.0,2984.0,1122.0,2994.0,550.0,2025-10-12 14:43:21.463143+00:00
242,508,1409.0,2984.0,1446.0,2994.0,370.0,2025-10-12 14:43:21.463143+00:00
242,511,1197.0,2982.0,1258.0,2991.0,549.0,2025-10-12 14:43:21.463143+00:00
242,514,1832.0,2964.0,1839.0,2968.0,28.0,2025-10-12 14:43:21.463143+00:00
242,521,2064.0,2986.0,2071.0,2993.0,49.0,2025-10-12 14:43:21.463143+00:00
242,522,2114.0,2983.0,2157.0,2992.0,387.0,2025-10-12 14:43:21.463143+00:00
243,491,1660.0,3200.0,1672.0,3210.0,120.0,2025-10-12 14:43:21.503143+00:00
243,496,1061.0,2987.0,1088.0,2993.0,162.0,2025-10-12 14:43:21.503143+00:00
243,508,1376.0,2982.0,1440.0,3001.0,1216.0,2025-10-12 14:43:21.503143+00:00
243,511,1188.0,2983.0,1251.0,2993.0,630.0,2025-10-12 14:43:21.503143+00:00
243,514,1824.0,2961.0,1831.0,2967.0,42.0,2025-10-12 14:43:21.503143+00:00
243,521,2057.0,2985.0,2062.0,2990.0,25.0,2025-10-12 14:43:21.503143+00:00
243,522,2106.0,2985.0,2150.0,2991.0,264.0,2025-10-12 14:43:21.503143+00:00
244,491,1661.0,3194.0,1675.0,3205.0,154.0,2025-10-12 14:43:21.543143+00:00
244,496,1053.0,2981.0,1110.0,2995.0,798.0,2025-10-12 14:43:21.543143+00:00
244,508,1344.0,2985.0,1401.0,3000.0,855.0,2025-10-12 14:43:21.543143+00:00
244,511,1184.0,2982.0,1246.0,2992.0,620.0,2025-10-12 14:43:21.543143+00:00
244,514,1815.0,2958.0,1824.0,2967.0,81.0,2025-10-12 14:43:21.543143+00:00
244,521,2049.0,2983.0,2053.0,2989.0,24.0,2025-10-12 14:43:21.543143+00:00
244,522,2097.0,2982.0,2143.0,2990.0,368.0,2025-10-12 14:43:21.543143+00:00
245,496,1047.0,2983.0,1104.0,2993.0,570.0,2025-10-12 14:43:21.583143+00:00
245,503,1179.0,2982.0,1239.0,2990.0,480.0,2025-10-12 14:43:21.583143+00:00
245,508,1314.0,2984.0,1371.0,3000.0,912.0,2025-10-12 14:43:21.583143+00:00
245,514,1809.0,2962.0,1815.0,2968.0,36.0,2025-10-12 14:43:21.583143+00:00
245,521,2041.0,2985.0,2044.0,2989.0,12.0,2025-10-12 14:43:21.583143+00:00
245,522,2089.0,2982.0,2134.0,2988.0,270.0,2025-10-12 14:43:21.583143+00:00
246,491,1657.0,3194.0,1677.0,3200.0,120.0,2025-10-12 14:43:21.623143+00:00
246,496,1039.0,2984.0,1095.0,2994.0,560.0,2025-10-12 14:43:21.623143+00:00
246,503,1168.0,2982.0,1232.0,2992.0,640.0,2025-10-12 14:43:21.623143+00:00
246,508,1307.0,2988.0,1337.0,2998.0,300.0,2025-10-12 14:43:21.623143+00:00
246,514,1799.0,2961.0,1808.0,2968.0,63.0,2025-10-12 14:43:21.623143+00:00
246,521,2031.0,2985.0,2037.0,2993.0,48.0,2025-10-12 14:43:21.623143+00:00
246,522,2080.0,2981.0,2127.0,2990.0,423.0,2025-10-12 14:43:21.623143+00:00
247,491,1661.0,3192.0,1675.0,3202.0,140.0,2025-10-12 14:43:21.663143+00:00
247,496,1034.0,2984.0,1091.0,2992.0,456.0,2025-10-12 14:43:21.663143+00:00
247,503,1162.0,2981.0,1227.0,2989.0,520.0,2025-10-12 14:43:21.663143+00:00
247,508,1269.0,2986.0,1325.0,2995.0,504.0,2025-10-12 14:43:21.663143+00:00
247,514,1791.0,2959.0,1799.0,2964.0,40.0,2025-10-12 14:43:21.663143+00:00
247,521,2022.0,2982.0,2029.0,2988.0,42.0,2025-10-12 14:43:21.663143+00:00
247,522,2112.0,2983.0,2148.0,2990.0,252.0,2025-10-12 14:43:21.663143+00:00
248,491,1663.0,3189.0,1677.0,3198.0,126.0,2025-10-12 14:43:21.703143+00:00
248,496,1027.0,2987.0,1056.0,2994.0,203.0,2025-10-12 14:43:21.703143+00:00
248,503,1131.0,2979.0,1191.0,2990.0,660.0,2025-10-12 14:43:21.703143+00:00
248,514,1783.0,2958.0,1791.0,2964.0,48.0,2025-10-12 14:43:21.703143+00:00
248,521,2015.0,2982.0,2019.0,2988.0,24.0,2025-10-12 14:43:21.703143+00:00
248,522,2105.0,2979.0,2160.0,2993.0,770.0,2025-10-12 14:43:21.703143+00:00
249,491,1666.0,3182.0,1680.0,3194.0,168.0,2025-10-12 14:43:21.743143+00:00
249,496,1022.0,2981.0,1078.0,2993.0,672.0,2025-10-12 14:43:21.743143+00:00
249,508,1228.0,2981.0,1262.0,2990.0,306.0,2025-10-12 14:43:21.743143+00:00
249,511,1151.0,2980.0,1184.0,2989.0,297.0,2025-10-12 14:43:21.743143+00:00
249,514,1774.0,2959.0,1783.0,2966.0,63.0,2025-10-12 14:43:21.743143+00:00
249,521,2002.0,2982.0,2012.0,2988.0,60.0,2025-10-12 14:43:21.743143+00:00
249,522,2095.0,2979.0,2160.0,2993.0,910.0,2025-10-12 14:43:21.743143+00:00
250,491,1662.0,3178.0,1681.0,3194.0,304.0,2025-10-12 14:43:21.783143+00:00
250,496,1015.0,2985.0,1042.0,2994.0,243.0,2025-10-12 14:43:21.783143+00:00
250,503,1119.0,2980.0,1177.0,2991.0,638.0,2025-10-12 14:43:21.783143+00:00
250,508,1201.0,2981.0,1239.0,2989.0,304.0,2025-10-12 14:43:21.783143+00:00
250,514,1767.0,2958.0,1776.0,2966.0,72.0,2025-10-12 14:43:21.783143+00:00
250,521,1997.0,2983.0,2002.0,2988.0,25.0,2025-10-12 14:43:21.783143+00:00
250,522,2088.0,2981.0,2152.0,2990.0,576.0,2025-10-12 14:43:21.783143+00:00
251,496,1009.0,2988.0,1036.0,2992.0,108.0,2025-10-12 14:43:21.823143+00:00
251,503,1078.0,2983.0,1117.0,2993.0,390.0,2025-10-12 14:43:21.823143+00:00
251,511,1139.0,2979.0,1203.0,2989.0,640.0,2025-10-12 14:43:21.823143+00:00
251,514,1759.0,2956.0,1767.0,2965.0,72.0,2025-10-12 14:43:21.823143+00:00
251,521,1988.0,2981.0,1994.0,2986.0,30.0,2025-10-12 14:43:21.823143+00:00
251,522,2080.0,2980.0,2116.0,2988.0,288.0,2025-10-12 14:43:21.823143+00:00
252,491,1662.0,3180.0,1681.0,3192.0,228.0,2025-10-12 14:43:21.863143+00:00
252,496,999.0,2981.0,1059.0,2993.0,720.0,2025-10-12 14:43:21.863143+00:00
252,511,1106.0,2981.0,1165.0,2990.0,531.0,2025-10-12 14:43:21.863143+00:00
252,514,1752.0,2957.0,1759.0,2962.0,35.0,2025-10-12 14:43:21.863143+00:00
252,521,1980.0,2982.0,1985.0,2986.0,20.0,2025-10-12 14:43:21.863143+00:00
252,522,2031.0,2975.0,2076.0,2986.0,495.0,2025-10-12 14:43:21.863143+00:00
253,491,1667.0,3177.0,1677.0,3183.0,60.0,2025-10-12 14:43:21.903143+00:00
253,496,992.0,2978.0,1053.0,2993.0,915.0,2025-10-12 14:43:21.903143+00:00
253,503,1076.0,2983.0,1133.0,2991.0,456.0,2025-10-12 14:43:21.903143+00:00
253,514,1743.0,2957.0,1752.0,2965.0,72.0,2025-10-12 14:43:21.903143+00:00
253,521,1971.0,2983.0,1976.0,2987.0,20.0,2025-10-12 14:43:21.903143+00:00
253,522,2022.0,2979.0,2068.0,2984.0,230.0,2025-10-12 14:43:21.903143+00:00
254,491,1671.0,3174.0,1680.0,3180.0,54.0,2025-10-12 14:43:21.943143+00:00
254,496,989.0,2982.0,1046.0,2995.0,741.0,2025-10-12 14:43:21.943143+00:00
254,511,1091.0,2980.0,1152.0,2991.0,671.0,2025-10-12 14:43:21.943143+00:00
254,514,1736.0,2956.0,1743.0,2961.0,35.0,2025-10-12 14:43:21.943143+00:00
254,521,1963.0,2982.0,1968.0,2986.0,20.0,2025-10-12 14:43:21.943143+00:00
254,522,2014.0,2979.0,2060.0,2985.0,276.0,2025-10-12 14:43:21.943143+00:00
255,491,1670.0,3170.0,1684.0,3179.0,126.0,2025-10-12 14:43:21.983143+00:00
255,496,982.0,2982.0,1040.0,2992.0,580.0,2025-10-12 14:43:21.983143+00:00
255,503,1053.0,2984.0,1092.0,2992.0,312.0,2025-10-12 14:43:21.983143+00:00
255,514,1727.0,2955.0,1735.0,2960.0,40.0,2025-10-12 14:43:21.983143+00:00
255,521,1955.0,2979.0,1960.0,2985.0,30.0,2025-10-12 14:43:21.983143+00:00
255,522,2046.0,2978.0,2085.0,2989.0,429.0,2025-10-12 14:43:21.983143+00:00
256,491,1673.0,3170.0,1684.0,3175.0,55.0,2025-10-12 14:43:22.023143+00:00
256,496,976.0,2981.0,1034.0,2994.0,754.0,2025-10-12 14:43:22.023143+00:00
256,503,1045.0,2982.0,1085.0,2992.0,400.0,2025-10-12 14:43:22.023143+00:00
256,514,1720.0,2956.0,1728.0,2960.0,32.0,2025-10-12 14:43:22.023143+00:00
256,521,1946.0,2981.0,1950.0,2985.0,16.0,2025-10-12 14:43:22.023143+00:00
256,522,1996.0,2975.0,2042.0,2984.0,414.0,2025-10-12 14:43:22.023143+00:00
257,491,1667.0,3167.0,1684.0,3173.0,102.0,2025-10-12 14:43:22.063143+00:00
257,496,993.0,2979.0,1055.0,2993.0,868.0,2025-10-12 14:43:22.063143+00:00
257,508,1100.0,2980.0,1164.0,2988.0,512.0,2025-10-12 14:43:22.063143+00:00
257,514,1711.0,2955.0,1719.0,2962.0,56.0,2025-10-12 14:43:22.063143+00:00
257,521,1936.0,2983.0,1940.0,2986.0,12.0,2025-10-12 14:43:22.063143+00:00
257,522,2029.0,2975.0,2067.0,2983.0,304.0,2025-10-12 14:43:22.063143+00:00
258,491,1668.0,3166.0,1685.0,3171.0,85.0,2025-10-12 14:43:22.103143+00:00
258,496,963.0,2984.0,1020.0,2994.0,570.0,2025-10-12 14:43:22.103143+00:00
258,511,1066.0,2981.0,1126.0,2992.0,660.0,2025-10-12 14:43:22.103143+00:00
258,514,1702.0,2955.0,1711.0,2960.0,45.0,2025-10-12 14:43:22.103143+00:00
258,521,1928.0,2980.0,1933.0,2984.0,20.0,2025-10-12 14:43:22.103143+00:00
258,522,1980.0,2978.0,2026.0,2984.0,276.0,2025-10-12 14:43:22.103143+00:00
259,491,1671.0,3163.0,1686.0,3168.0,75.0,2025-10-12 14:43:22.143143+00:00
259,496,979.0,2979.0,1032.0,2992.0,689.0,2025-10-12 14:43:22.143143+00:00
259,508,1089.0,2979.0,1153.0,2989.0,640.0,2025-10-12 14:43:22.143143+00:00
259,514,1694.0,2952.0,1703.0,2961.0,81.0,2025-10-12 14:43:22.143143+00:00
259,521,1919.0,2975.0,1924.0,2984.0,45.0,2025-10-12 14:43:22.143143+00:00
259,522,1971.0,2976.0,2019.0,2984.0,384.0,2025-10-12 14:43:22.143143+00:00
260,491,1672.0,3161.0,1689.0,3167.0,102.0,2025-10-12 14:43:22.183143+00:00
260,496,947.0,2981.0,1008.0,2993.0,732.0,2025-10-12 14:43:22.183143+00:00
260,511,1054.0,2981.0,1113.0,2990.0,531.0,2025-10-12 14:43:22.183143+00:00
260,514,1687.0,2954.0,1695.0,2959.0,40.0,2025-10-12 14:43:22.183143+00:00
260,521,1911.0,2980.0,1916.0,2985.0,25.0,2025-10-12 14:43:22.183143+00:00
260,522,1963.0,2979.0,1968.0,2983.0,20.0,2025-10-12 14:43:22.183143+00:00
261,491,1673.0,3159.0,1689.0,3164.0,80.0,2025-10-12 14:43:22.223143+00:00
261,496,943.0,2986.0,971.0,2992.0,168.0,2025-10-12 14:43:22.223143+00:00
261,511,1048.0,2981.0,1107.0,2991.0,590.0,2025-10-12 14:43:22.223143+00:00
261,514,1679.0,2954.0,1687.0,2960.0,48.0,2025-10-12 14:43:22.223143+00:00
261,521,1903.0,2981.0,1908.0,2985.0,20.0,2025-10-12 14:43:22.223143+00:00
261,522,1954.0,2977.0,2000.0,2984.0,322.0,2025-10-12 14:43:22.223143+00:00
262,491,1673.0,3157.0,1690.0,3164.0,119.0,2025-10-12 14:43:22.263143+00:00
262,496,934.0,2984.0,965.0,2997.0,403.0,2025-10-12 14:43:22.263143+00:00
262,511,1040.0,2981.0,1100.0,2992.0,660.0,2025-10-12 14:43:22.263143+00:00
262,514,1672.0,2953.0,1679.0,2958.0,35.0,2025-10-12 14:43:22.263143+00:00
262,521,1890.0,2978.0,1899.0,2984.0,54.0,2025-10-12 14:43:22.263143+00:00
262,522,1945.0,2976.0,1992.0,2983.0,329.0,2025-10-12 14:43:22.263143+00:00
263,491,1674.0,3154.0,1691.0,3159.0,85.0,2025-10-12 14:43:22.303143+00:00
263,508,1062.0,2980.0,1126.0,2991.0,704.0,2025-10-12 14:43:22.303143+00:00
263,511,1001.0,2983.0,1040.0,2992.0,351.0,2025-10-12 14:43:22.303143+00:00
263,514,1664.0,2951.0,1671.0,2958.0,49.0,2025-10-12 14:43:22.303143+00:00
263,521,1883.0,2978.0,1889.0,2983.0,30.0,2025-10-12 14:43:22.303143+00:00
263,522,1937.0,2976.0,1983.0,2984.0,368.0,2025-10-12 14:43:22.303143+00:00
264,491,1675.0,3153.0,1692.0,3158.0,85.0,2025-10-12 14:43:22.343143+00:00
264,503,923.0,2983.0,984.0,2993.0,610.0,2025-10-12 14:43:22.343143+00:00
264,508,1026.0,2981.0,1087.0,2991.0,610.0,2025-10-12 14:43:22.343143+00:00
264,514,1655.0,2951.0,1663.0,2957.0,48.0,2025-10-12 14:43:22.343143+00:00
264,521,1875.0,2980.0,1881.0,2984.0,24.0,2025-10-12 14:43:22.343143+00:00
264,522,1928.0,2977.0,1934.0,2982.0,30.0,2025-10-12 14:43:22.343143+00:00
264,527,1970.0,2975.0,2009.0,2984.0,351.0,2025-10-12 14:43:22.343143+00:00
265,491,1676.0,3149.0,1694.0,3155.0,108.0,2025-10-12 14:43:22.383143+00:00
265,503,917.0,2979.0,976.0,2993.0,826.0,2025-10-12 14:43:22.383143+00:00
265,511,997.0,2983.0,1056.0,2992.0,531.0,2025-10-12 14:43:22.383143+00:00
265,514,1646.0,2953.0,1655.0,2959.0,54.0,2025-10-12 14:43:22.383143+00:00
265,521,1868.0,2978.0,1872.0,2983.0,20.0,2025-10-12 14:43:22.383143+00:00
265,522,1920.0,2975.0,1927.0,2980.0,35.0,2025-10-12 14:43:22.383143+00:00
265,527,1963.0,2973.0,1999.0,2982.0,324.0,2025-10-12 14:43:22.383143+00:00
266,491,1679.0,3148.0,1696.0,3153.0,85.0,2025-10-12 14:43:22.423143+00:00
266,503,911.0,2982.0,971.0,2996.0,840.0,2025-10-12 14:43:22.423143+00:00
266,508,1016.0,2980.0,1075.0,2992.0,708.0,2025-10-12 14:43:22.423143+00:00
266,514,1640.0,2952.0,1646.0,2957.0,30.0,2025-10-12 14:43:22.423143+00:00
266,521,1858.0,2976.0,1864.0,2982.0,36.0,2025-10-12 14:43:22.423143+00:00
266,522,1911.0,2977.0,1916.0,2981.0,20.0,2025-10-12 14:43:22.423143+00:00
266,527,1955.0,2975.0,1990.0,2981.0,210.0,2025-10-12 14:43:22.423143+00:00
267,491,1680.0,3145.0,1696.0,3150.0,80.0,2025-10-12 14:43:22.463143+00:00
267,503,902.0,2987.0,909.0,2992.0,35.0,2025-10-12 14:43:22.463143+00:00
267,508,1037.0,2980.0,1101.0,2990.0,640.0,2025-10-12 14:43:22.463143+00:00
267,511,958.0,2982.0,1011.0,2991.0,477.0,2025-10-12 14:43:22.463143+00:00
267,514,1633.0,2951.0,1638.0,2957.0,30.0,2025-10-12 14:43:22.463143+00:00
267,521,1850.0,2979.0,1854.0,2982.0,12.0,2025-10-12 14:43:22.463143+00:00
267,522,1903.0,2976.0,1908.0,2982.0,30.0,2025-10-12 14:43:22.463143+00:00
267,527,1946.0,2975.0,1982.0,2984.0,324.0,2025-10-12 14:43:22.463143+00:00
267,528,2126.0,2977.0,2160.0,2984.0,238.0,2025-10-12 14:43:22.463143+00:00
268,491,1680.0,3143.0,1700.0,3148.0,100.0,2025-10-12 14:43:22.503143+00:00
268,503,896.0,2982.0,960.0,2993.0,704.0,2025-10-12 14:43:22.503143+00:00
268,508,1002.0,2981.0,1061.0,2991.0,590.0,2025-10-12 14:43:22.503143+00:00
268,514,1623.0,2952.0,1631.0,2959.0,56.0,2025-10-12 14:43:22.503143+00:00
268,521,1840.0,2979.0,1847.0,2984.0,35.0,2025-10-12 14:43:22.503143+00:00
268,522,1894.0,2974.0,1900.0,2980.0,36.0,2025-10-12 14:43:22.503143+00:00
268,527,1934.0,2974.0,1974.0,2982.0,320.0,2025-10-12 14:43:22.503143+00:00
268,528,2101.0,2975.0,2154.0,2983.0,424.0,2025-10-12 14:43:22.503143+00:00
269,491,1682.0,3141.0,1700.0,3146.0,90.0,2025-10-12 14:43:22.543143+00:00
269,496,768.0,3016.0,822.0,3087.0,3834.0,2025-10-12 14:43:22.543143+00:00
269,508,996.0,2982.0,1056.0,2992.0,600.0,2025-10-12 14:43:22.543143+00:00
269,511,914.0,2979.0,968.0,2992.0,702.0,2025-10-12 14:43:22.543143+00:00
269,514,1616.0,2952.0,1626.0,2959.0,70.0,2025-10-12 14:43:22.543143+00:00
269,521,1832.0,2978.0,1838.0,2982.0,24.0,2025-10-12 14:43:22.543143+00:00
269,522,1885.0,2975.0,1932.0,2982.0,329.0,2025-10-12 14:43:22.543143+00:00
269,527,2077.0,2975.0,2117.0,2986.0,440.0,2025-10-12 14:43:22.543143+00:00
269,528,2138.0,2974.0,2160.0,2982.0,176.0,2025-10-12 14:43:22.543143+00:00
270,491,1683.0,3138.0,1701.0,3144.0,108.0,2025-10-12 14:43:22.583143+00:00
270,496,735.0,3091.0,838.0,3423.0,34196.0,2025-10-12 14:43:22.583143+00:00
270,503,882.0,2982.0,948.0,2994.0,792.0,2025-10-12 14:43:22.583143+00:00
270,514,1606.0,2950.0,1614.0,2957.0,56.0,2025-10-12 14:43:22.583143+00:00
270,521,1823.0,2975.0,1829.0,2982.0,42.0,2025-10-12 14:43:22.583143+00:00
270,522,1876.0,2975.0,1923.0,2981.0,282.0,2025-10-12 14:43:22.583143+00:00
270,527,2022.0,2973.0,2078.0,2994.0,1176.0,2025-10-12 14:43:22.583143+00:00
270,528,2102.0,2975.0,2137.0,2985.0,350.0,2025-10-12 14:43:22.583143+00:00
271,491,1685.0,3137.0,1703.0,3143.0,108.0,2025-10-12 14:43:22.623143+00:00
271,503,878.0,2987.0,907.0,2992.0,145.0,2025-10-12 14:43:22.623143+00:00
271,508,1009.0,2981.0,1076.0,2991.0,670.0,2025-10-12 14:43:22.623143+00:00
271,511,947.0,2983.0,988.0,2992.0,369.0,2025-10-12 14:43:22.623143+00:00
271,514,1601.0,2949.0,1606.0,2956.0,35.0,2025-10-12 14:43:22.623143+00:00
271,521,1814.0,2979.0,1820.0,2984.0,30.0,2025-10-12 14:43:22.623143+00:00
271,522,1866.0,2974.0,1914.0,2981.0,336.0,2025-10-12 14:43:22.623143+00:00
271,527,2005.0,2973.0,2066.0,2994.0,1281.0,2025-10-12 14:43:22.623143+00:00
271,528,2068.0,2973.0,2130.0,2982.0,558.0,2025-10-12 14:43:22.623143+00:00
272,491,1686.0,3134.0,1704.0,3141.0,126.0,2025-10-12 14:43:22.663143+00:00
272,508,1003.0,2981.0,1069.0,2990.0,594.0,2025-10-12 14:43:22.663143+00:00
272,511,895.0,2983.0,948.0,2995.0,636.0,2025-10-12 14:43:22.663143+00:00
272,514,1591.0,2953.0,1597.0,2957.0,24.0,2025-10-12 14:43:22.663143+00:00
272,521,1805.0,2979.0,1811.0,2983.0,24.0,2025-10-12 14:43:22.663143+00:00
272,522,1858.0,2972.0,1907.0,2980.0,392.0,2025-10-12 14:43:22.663143+00:00
272,527,1990.0,2971.0,2054.0,2992.0,1344.0,2025-10-12 14:43:22.663143+00:00
272,528,2087.0,2971.0,2122.0,2980.0,315.0,2025-10-12 14:43:22.663143+00:00
273,491,1686.0,3132.0,1705.0,3138.0,114.0,2025-10-12 14:43:22.703143+00:00
273,503,865.0,2986.0,870.0,2991.0,25.0,2025-10-12 14:43:22.703143+00:00
273,508,997.0,2981.0,1065.0,2990.0,612.0,2025-10-12 14:43:22.703143+00:00
273,514,1583.0,2951.0,1591.0,2957.0,48.0,2025-10-12 14:43:22.703143+00:00
273,521,1797.0,2976.0,1803.0,2981.0,30.0,2025-10-12 14:43:22.703143+00:00
273,522,1853.0,2976.0,1856.0,2978.0,6.0,2025-10-12 14:43:22.703143+00:00
273,527,1979.0,2972.0,2035.0,2991.0,1064.0,2025-10-12 14:43:22.703143+00:00
273,528,2043.0,2970.0,2085.0,2983.0,546.0,2025-10-12 14:43:22.703143+00:00
273,530,1894.0,2973.0,1931.0,2980.0,259.0,2025-10-12 14:43:22.703143+00:00
274,491,1687.0,3128.0,1706.0,3138.0,190.0,2025-10-12 14:43:22.743143+00:00
274,508,964.0,2981.0,1024.0,2993.0,720.0,2025-10-12 14:43:22.743143+00:00
274,511,859.0,2981.0,922.0,2992.0,693.0,2025-10-12 14:43:22.743143+00:00
274,514,1576.0,2951.0,1580.0,2955.0,16.0,2025-10-12 14:43:22.743143+00:00
274,521,1787.0,2975.0,1793.0,2981.0,36.0,2025-10-12 14:43:22.743143+00:00
274,522,1843.0,2975.0,1849.0,2980.0,30.0,2025-10-12 14:43:22.743143+00:00
274,527,1971.0,2967.0,2025.0,2992.0,1350.0,2025-10-12 14:43:22.743143+00:00
274,528,2146.0,2973.0,2148.0,2976.0,6.0,2025-10-12 14:43:22.743143+00:00
274,530,1887.0,2972.0,1922.0,2980.0,280.0,2025-10-12 14:43:22.743143+00:00
275,491,1689.0,3129.0,1708.0,3135.0,114.0,2025-10-12 14:43:22.783143+00:00
275,511,850.0,2987.0,881.0,2993.0,186.0,2025-10-12 14:43:22.783143+00:00
275,514,1567.0,2951.0,1574.0,2957.0,42.0,2025-10-12 14:43:22.783143+00:00
275,521,1779.0,2977.0,1785.0,2983.0,36.0,2025-10-12 14:43:22.783143+00:00
275,522,1835.0,2974.0,1840.0,2978.0,20.0,2025-10-12 14:43:22.783143+00:00
275,527,1944.0,2972.0,2005.0,2990.0,1098.0,2025-10-12 14:43:22.783143+00:00
275,528,2064.0,2972.0,2098.0,2980.0,272.0,2025-10-12 14:43:22.783143+00:00
275,530,1879.0,2975.0,1915.0,2980.0,180.0,2025-10-12 14:43:22.783143+00:00
275,532,2135.0,2974.0,2143.0,2978.0,32.0,2025-10-12 14:43:22.783143+00:00
276,491,1691.0,3124.0,1709.0,3133.0,162.0,2025-10-12 14:43:22.823143+00:00
276,503,813.0,2983.0,874.0,3024.0,2501.0,2025-10-12 14:43:22.823143+00:00
276,508,976.0,2979.0,1044.0,2991.0,816.0,2025-10-12 14:43:22.823143+00:00
276,514,1554.0,2952.0,1564.0,2960.0,80.0,2025-10-12 14:43:22.823143+00:00
276,521,1771.0,2977.0,1776.0,2980.0,15.0,2025-10-12 14:43:22.823143+00:00
276,522,1826.0,2971.0,1831.0,2977.0,30.0,2025-10-12 14:43:22.823143+00:00
276,527,1927.0,2971.0,1990.0,2988.0,1071.0,2025-10-12 14:43:22.823143+00:00
276,528,2030.0,2968.0,2089.0,2976.0,472.0,2025-10-12 14:43:22.823143+00:00
276,530,1870.0,2973.0,1906.0,2980.0,252.0,2025-10-12 14:43:22.823143+00:00
276,532,2128.0,2973.0,2160.0,2981.0,256.0,2025-10-12 14:43:22.823143+00:00
277,491,1691.0,3122.0,1712.0,3131.0,189.0,2025-10-12 14:43:22.863143+00:00
277,503,806.0,2985.0,868.0,3024.0,2418.0,2025-10-12 14:43:22.863143+00:00
277,514,1550.0,2951.0,1557.0,2956.0,35.0,2025-10-12 14:43:22.863143+00:00
277,521,1759.0,2973.0,1767.0,2980.0,56.0,2025-10-12 14:43:22.863143+00:00
277,522,1814.0,2973.0,1863.0,2980.0,343.0,2025-10-12 14:43:22.863143+00:00
277,527,1915.0,2972.0,1974.0,2988.0,944.0,2025-10-12 14:43:22.863143+00:00
277,528,2012.0,2971.0,2053.0,2982.0,451.0,2025-10-12 14:43:22.863143+00:00
277,532,2121.0,2969.0,2150.0,2977.0,232.0,2025-10-12 14:43:22.863143+00:00
278,491,1693.0,3122.0,1712.0,3129.0,133.0,2025-10-12 14:43:22.903143+00:00
278,514,1543.0,2949.0,1552.0,2955.0,54.0,2025-10-12 14:43:22.903143+00:00
278,521,1750.0,2975.0,1758.0,2980.0,40.0,2025-10-12 14:43:22.903143+00:00
278,522,1810.0,2970.0,1855.0,2979.0,405.0,2025-10-12 14:43:22.903143+00:00
278,527,1972.0,2971.0,2028.0,2989.0,1008.0,2025-10-12 14:43:22.903143+00:00
278,528,2038.0,2971.0,2073.0,2978.0,245.0,2025-10-12 14:43:22.903143+00:00
278,530,1907.0,2971.0,1956.0,2980.0,441.0,2025-10-12 14:43:22.903143+00:00
278,532,2112.0,2971.0,2145.0,2978.0,231.0,2025-10-12 14:43:22.903143+00:00
279,491,1694.0,3119.0,1712.0,3128.0,162.0,2025-10-12 14:43:22.943143+00:00
279,503,795.0,2986.0,832.0,3023.0,1369.0,2025-10-12 14:43:22.943143+00:00
279,508,960.0,2980.0,1026.0,2991.0,726.0,2025-10-12 14:43:22.943143+00:00
279,511,738.0,3064.0,861.0,3348.0,34932.0,2025-10-12 14:43:22.943143+00:00
279,514,1532.0,2950.0,1544.0,2955.0,60.0,2025-10-12 14:43:22.943143+00:00
279,521,1744.0,2977.0,1752.0,2984.0,56.0,2025-10-12 14:43:22.943143+00:00
279,522,1798.0,2969.0,1805.0,2976.0,49.0,2025-10-12 14:43:22.943143+00:00
279,527,1927.0,2969.0,1987.0,2987.0,1080.0,2025-10-12 14:43:22.943143+00:00
279,530,1847.0,2973.0,1880.0,2978.0,165.0,2025-10-12 14:43:22.943143+00:00
279,532,2103.0,2971.0,2134.0,2977.0,186.0,2025-10-12 14:43:22.943143+00:00
280,491,1695.0,3119.0,1714.0,3125.0,114.0,2025-10-12 14:43:22.983143+00:00
280,503,735.0,3055.0,866.0,3338.0,37073.0,2025-10-12 14:43:22.983143+00:00
280,508,952.0,2979.0,1019.0,2993.0,938.0,2025-10-12 14:43:22.983143+00:00
280,514,1522.0,2951.0,1535.0,2957.0,78.0,2025-10-12 14:43:22.983143+00:00
280,521,1736.0,2975.0,1740.0,2979.0,16.0,2025-10-12 14:43:22.983143+00:00
280,522,1791.0,2970.0,1796.0,2977.0,35.0,2025-10-12 14:43:22.983143+00:00
280,527,1907.0,2970.0,1969.0,2987.0,1054.0,2025-10-12 14:43:22.983143+00:00
280,528,1971.0,2968.0,2032.0,2977.0,549.0,2025-10-12 14:43:22.983143+00:00
280,530,1836.0,2970.0,1896.0,2980.0,600.0,2025-10-12 14:43:22.983143+00:00
280,532,2121.0,2967.0,2156.0,2977.0,350.0,2025-10-12 14:43:22.983143+00:00
281,491,1696.0,3117.0,1714.0,3123.0,108.0,2025-10-12 14:43:23.023143+00:00
281,508,914.0,2986.0,952.0,2992.0,228.0,2025-10-12 14:43:23.023143+00:00
281,514,1516.0,2951.0,1528.0,2957.0,72.0,2025-10-12 14:43:23.023143+00:00
281,521,1727.0,2972.0,1732.0,2978.0,30.0,2025-10-12 14:43:23.023143+00:00
281,522,1784.0,2972.0,1829.0,2980.0,360.0,2025-10-12 14:43:23.023143+00:00
281,527,1940.0,2969.0,2004.0,2988.0,1216.0,2025-10-12 14:43:23.023143+00:00
281,532,2088.0,2968.0,2151.0,2978.0,630.0,2025-10-12 14:43:23.023143+00:00
282,491,1697.0,3116.0,1717.0,3123.0,140.0,2025-10-12 14:43:23.063143+00:00
282,508,941.0,2983.0,1007.0,2992.0,594.0,2025-10-12 14:43:23.063143+00:00
282,514,1509.0,2949.0,1519.0,2955.0,60.0,2025-10-12 14:43:23.063143+00:00
282,521,1719.0,2975.0,1724.0,2979.0,20.0,2025-10-12 14:43:23.063143+00:00
282,522,1775.0,2972.0,1780.0,2976.0,20.0,2025-10-12 14:43:23.063143+00:00
282,527,1927.0,2969.0,1991.0,2986.0,1088.0,2025-10-12 14:43:23.063143+00:00
282,528,2007.0,2969.0,2041.0,2976.0,238.0,2025-10-12 14:43:23.063143+00:00
282,530,1818.0,2971.0,1854.0,2980.0,324.0,2025-10-12 14:43:23.063143+00:00
282,532,2080.0,2970.0,2143.0,2977.0,441.0,2025-10-12 14:43:23.063143+00:00
283,491,1699.0,3114.0,1718.0,3122.0,152.0,2025-10-12 14:43:23.103143+00:00
283,503,735.0,3021.0,882.0,3308.0,42189.0,2025-10-12 14:43:23.103143+00:00
283,508,861.0,2984.0,940.0,2992.0,632.0,2025-10-12 14:43:23.103143+00:00
283,514,1498.0,2949.0,1508.0,2955.0,60.0,2025-10-12 14:43:23.103143+00:00
283,521,1709.0,2975.0,1715.0,2979.0,24.0,2025-10-12 14:43:23.103143+00:00
283,522,1766.0,2967.0,1772.0,2976.0,54.0,2025-10-12 14:43:23.103143+00:00
283,527,1899.0,2966.0,1955.0,2986.0,1120.0,2025-10-12 14:43:23.103143+00:00
283,528,1964.0,2967.0,2006.0,2975.0,336.0,2025-10-12 14:43:23.103143+00:00
283,530,1811.0,2972.0,1846.0,2979.0,245.0,2025-10-12 14:43:23.103143+00:00
283,532,2096.0,2969.0,2160.0,2976.0,448.0,2025-10-12 14:43:23.103143+00:00
284,491,1699.0,3113.0,1719.0,3121.0,160.0,2025-10-12 14:43:23.143143+00:00
284,514,1491.0,2950.0,1499.0,2956.0,48.0,2025-10-12 14:43:23.143143+00:00
284,521,1701.0,2973.0,1705.0,2977.0,16.0,2025-10-12 14:43:23.143143+00:00
284,522,1759.0,2971.0,1763.0,2976.0,20.0,2025-10-12 14:43:23.143143+00:00
284,527,1930.0,2967.0,1993.0,2988.0,1323.0,2025-10-12 14:43:23.143143+00:00
284,530,1803.0,2971.0,1837.0,2979.0,272.0,2025-10-12 14:43:23.143143+00:00
284,532,2065.0,2967.0,2128.0,2976.0,567.0,2025-10-12 14:43:23.143143+00:00
285,491,1700.0,3112.0,1720.0,3122.0,200.0,2025-10-12 14:43:23.183143+00:00
285,508,815.0,2983.0,928.0,3024.0,4633.0,2025-10-12 14:43:23.183143+00:00
285,514,1483.0,2950.0,1491.0,2955.0,40.0,2025-10-12 14:43:23.183143+00:00
285,521,1690.0,2968.0,1697.0,2976.0,56.0,2025-10-12 14:43:23.183143+00:00
285,522,1747.0,2969.0,1795.0,2979.0,480.0,2025-10-12 14:43:23.183143+00:00
285,527,1918.0,2967.0,1972.0,2985.0,972.0,2025-10-12 14:43:23.183143+00:00
285,532,2054.0,2967.0,2120.0,2978.0,726.0,2025-10-12 14:43:23.183143+00:00
286,491,1703.0,3110.0,1722.0,3118.0,152.0,2025-10-12 14:43:23.223143+00:00
286,508,766.0,2987.0,848.0,3067.0,6560.0,2025-10-12 14:43:23.223143+00:00
286,514,1476.0,2948.0,1483.0,2956.0,56.0,2025-10-12 14:43:23.223143+00:00
286,521,1684.0,2972.0,1690.0,2978.0,36.0,2025-10-12 14:43:23.223143+00:00
286,522,1737.0,2968.0,1786.0,2976.0,392.0,2025-10-12 14:43:23.223143+00:00
286,527,1886.0,2968.0,1947.0,2984.0,976.0,2025-10-12 14:43:23.223143+00:00
286,532,2073.0,2968.0,2152.0,2975.0,553.0,2025-10-12 14:43:23.223143+00:00
287,491,1704.0,3109.0,1723.0,3118.0,171.0,2025-10-12 14:43:23.263143+00:00
287,514,1466.0,2949.0,1472.0,2954.0,30.0,2025-10-12 14:43:23.263143+00:00
287,521,1675.0,2972.0,1680.0,2978.0,30.0,2025-10-12 14:43:23.263143+00:00
287,522,1729.0,2968.0,1737.0,2974.0,48.0,2025-10-12 14:43:23.263143+00:00
287,527,1863.0,2967.0,1921.0,2984.0,986.0,2025-10-12 14:43:23.263143+00:00
287,528,1968.0,2965.0,2000.0,2972.0,224.0,2025-10-12 14:43:23.263143+00:00
287,530,1777.0,2966.0,1851.0,2979.0,962.0,2025-10-12 14:43:23.263143+00:00
287,532,2040.0,2967.0,2103.0,2975.0,504.0,2025-10-12 14:43:23.263143+00:00
288,491,1704.0,3108.0,1724.0,3117.0,180.0,2025-10-12 14:43:23.303143+00:00
288,514,1458.0,2950.0,1465.0,2957.0,49.0,2025-10-12 14:43:23.303143+00:00
288,521,1666.0,2969.0,1671.0,2975.0,30.0,2025-10-12 14:43:23.303143+00:00
288,522,1721.0,2970.0,1729.0,2976.0,48.0,2025-10-12 14:43:23.303143+00:00
288,528,1960.0,2966.0,1993.0,2971.0,165.0,2025-10-12 14:43:23.303143+00:00
288,530,1767.0,2966.0,1842.0,2976.0,750.0,2025-10-12 14:43:23.303143+00:00
288,532,2032.0,2965.0,2063.0,2971.0,186.0,2025-10-12 14:43:23.303143+00:00
289,491,1705.0,3108.0,1724.0,3117.0,171.0,2025-10-12 14:43:23.343143+00:00
289,514,1451.0,2949.0,1456.0,2953.0,20.0,2025-10-12 14:43:23.343143+00:00
289,521,1656.0,2968.0,1662.0,2974.0,36.0,2025-10-12 14:43:23.343143+00:00
289,522,1715.0,2970.0,1720.0,2975.0,25.0,2025-10-12 14:43:23.343143+00:00
289,527,1831.0,2966.0,1895.0,2984.0,1152.0,2025-10-12 14:43:23.343143+00:00
289,528,1923.0,2966.0,1984.0,2973.0,427.0,2025-10-12 14:43:23.343143+00:00
289,530,1759.0,2968.0,1795.0,2976.0,288.0,2025-10-12 14:43:23.343143+00:00
289,532,2025.0,2966.0,2055.0,2972.0,180.0,2025-10-12 14:43:23.343143+00:00
290,491,1705.0,3107.0,1726.0,3117.0,210.0,2025-10-12 14:43:23.383143+00:00
290,514,1444.0,2947.0,1448.0,2953.0,24.0,2025-10-12 14:43:23.383143+00:00
290,521,1646.0,2969.0,1656.0,2977.0,80.0,2025-10-12 14:43:23.383143+00:00
290,522,1707.0,2967.0,1711.0,2973.0,24.0,2025-10-12 14:43:23.383143+00:00
290,528,1905.0,2967.0,1948.0,2973.0,258.0,2025-10-12 14:43:23.383143+00:00
290,530,1750.0,2968.0,1826.0,2979.0,836.0,2025-10-12 14:43:23.383143+00:00
290,532,2016.0,2967.0,2080.0,2973.0,384.0,2025-10-12 14:43:23.383143+00:00
291,491,1700.0,3106.0,1727.0,3122.0,432.0,2025-10-12 14:43:23.423143+00:00
291,514,1433.0,2949.0,1439.0,2953.0,24.0,2025-10-12 14:43:23.423143+00:00
291,521,1640.0,2969.0,1647.0,2974.0,35.0,2025-10-12 14:43:23.423143+00:00
291,528,1874.0,2966.0,1938.0,2984.0,1152.0,2025-10-12 14:43:23.423143+00:00
291,530,1741.0,2966.0,1817.0,2979.0,988.0,2025-10-12 14:43:23.423143+00:00
291,532,2007.0,2965.0,2040.0,2970.0,165.0,2025-10-12 14:43:23.423143+00:00
292,491,1700.0,3106.0,1727.0,3122.0,432.0,2025-10-12 14:43:23.463143+00:00
292,514,1426.0,2949.0,1432.0,2955.0,36.0,2025-10-12 14:43:23.463143+00:00
292,521,1632.0,2965.0,1637.0,2972.0,35.0,2025-10-12 14:43:23.463143+00:00
292,522,1687.0,2968.0,1695.0,2975.0,56.0,2025-10-12 14:43:23.463143+00:00
292,527,1838.0,2966.0,1880.0,2981.0,630.0,2025-10-12 14:43:23.463143+00:00
292,528,1927.0,2965.0,1960.0,2970.0,165.0,2025-10-12 14:43:23.463143+00:00
292,530,1735.0,2966.0,1809.0,2976.0,740.0,2025-10-12 14:43:23.463143+00:00
292,532,2000.0,2962.0,2064.0,2973.0,704.0,2025-10-12 14:43:23.463143+00:00
293,491,1700.0,3105.0,1727.0,3122.0,459.0,2025-10-12 14:43:23.503143+00:00
293,514,1419.0,2949.0,1424.0,2953.0,20.0,2025-10-12 14:43:23.503143+00:00
293,521,1622.0,2967.0,1628.0,2973.0,36.0,2025-10-12 14:43:23.503143+00:00
293,522,1678.0,2968.0,1686.0,2973.0,40.0,2025-10-12 14:43:23.503143+00:00
293,527,1848.0,2966.0,1907.0,2982.0,944.0,2025-10-12 14:43:23.503143+00:00
293,528,1919.0,2966.0,1952.0,2972.0,198.0,2025-10-12 14:43:23.503143+00:00
293,530,1724.0,2966.0,1760.0,2977.0,396.0,2025-10-12 14:43:23.503143+00:00
293,532,2015.0,2966.0,2084.0,2973.0,483.0,2025-10-12 14:43:23.503143+00:00
293,542,2120.0,2966.0,2149.0,2976.0,290.0,2025-10-12 14:43:23.503143+00:00
294,491,1699.0,3105.0,1728.0,3122.0,493.0,2025-10-12 14:43:23.543143+00:00
294,514,1410.0,2947.0,1416.0,2952.0,30.0,2025-10-12 14:43:23.543143+00:00
294,521,1612.0,2967.0,1619.0,2974.0,49.0,2025-10-12 14:43:23.543143+00:00
294,522,1671.0,2967.0,1718.0,2976.0,423.0,2025-10-12 14:43:23.543143+00:00
294,528,1911.0,2964.0,1944.0,2971.0,231.0,2025-10-12 14:43:23.543143+00:00
294,532,1983.0,2964.0,2048.0,2972.0,520.0,2025-10-12 14:43:23.543143+00:00
294,542,2089.0,2967.0,2144.0,2976.0,495.0,2025-10-12 14:43:23.543143+00:00
295,491,1699.0,3105.0,1728.0,3122.0,493.0,2025-10-12 14:43:23.583143+00:00
295,514,1401.0,2947.0,1407.0,2952.0,30.0,2025-10-12 14:43:23.583143+00:00
295,521,1606.0,2966.0,1611.0,2972.0,30.0,2025-10-12 14:43:23.583143+00:00
295,522,1663.0,2968.0,1669.0,2973.0,30.0,2025-10-12 14:43:23.583143+00:00
295,527,1814.0,2962.0,1867.0,2981.0,1007.0,2025-10-12 14:43:23.583143+00:00
295,530,1710.0,2962.0,1784.0,2975.0,962.0,2025-10-12 14:43:23.583143+00:00
295,532,2001.0,2963.0,2068.0,2973.0,670.0,2025-10-12 14:43:23.583143+00:00
295,542,2101.0,2968.0,2137.0,2977.0,324.0,2025-10-12 14:43:23.583143+00:00
296,491,1699.0,3104.0,1727.0,3122.0,504.0,2025-10-12 14:43:23.623143+00:00
296,514,1391.0,2948.0,1399.0,2954.0,48.0,2025-10-12 14:43:23.623143+00:00
296,521,1594.0,2962.0,1602.0,2971.0,72.0,2025-10-12 14:43:23.623143+00:00
296,522,1655.0,2968.0,1660.0,2972.0,20.0,2025-10-12 14:43:23.623143+00:00
296,528,1895.0,2964.0,1928.0,2969.0,165.0,2025-10-12 14:43:23.623143+00:00
296,530,1698.0,2966.0,1734.0,2974.0,288.0,2025-10-12 14:43:23.623143+00:00
296,532,1969.0,2963.0,2032.0,2972.0,567.0,2025-10-12 14:43:23.623143+00:00
296,542,2071.0,2967.0,2128.0,2976.0,513.0,2025-10-12 14:43:23.623143+00:00
297,491,1699.0,3104.0,1727.0,3122.0,504.0,2025-10-12 14:43:23.663143+00:00
297,514,1383.0,2947.0,1393.0,2953.0,60.0,2025-10-12 14:43:23.663143+00:00
297,521,1586.0,2966.0,1594.0,2971.0,40.0,2025-10-12 14:43:23.663143+00:00
297,522,1647.0,2964.0,1652.0,2971.0,35.0,2025-10-12 14:43:23.663143+00:00
297,527,1781.0,2962.0,1833.0,2976.0,728.0,2025-10-12 14:43:23.663143+00:00
297,528,1885.0,2963.0,1919.0,2970.0,238.0,2025-10-12 14:43:23.663143+00:00
297,530,1690.0,2969.0,1726.0,2977.0,288.0,2025-10-12 14:43:23.663143+00:00
297,532,1985.0,2963.0,2052.0,2973.0,670.0,2025-10-12 14:43:23.663143+00:00
297,542,2083.0,2967.0,2117.0,2974.0,238.0,2025-10-12 14:43:23.663143+00:00
298,491,1699.0,3104.0,1727.0,3122.0,504.0,2025-10-12 14:43:23.703143+00:00
298,514,1374.0,2944.0,1383.0,2951.0,63.0,2025-10-12 14:43:23.703143+00:00
298,521,1579.0,2966.0,1585.0,2972.0,36.0,2025-10-12 14:43:23.703143+00:00
298,522,1639.0,2966.0,1644.0,2970.0,20.0,2025-10-12 14:43:23.703143+00:00
298,528,1876.0,2962.0,1912.0,2971.0,324.0,2025-10-12 14:43:23.703143+00:00
298,530,1682.0,2963.0,1759.0,2977.0,1078.0,2025-10-12 14:43:23.703143+00:00
298,532,1977.0,2963.0,2045.0,2970.0,476.0,2025-10-12 14:43:23.703143+00:00
298,542,2056.0,2965.0,2111.0,2977.0,660.0,2025-10-12 14:43:23.703143+00:00
299,491,1699.0,3105.0,1728.0,3122.0,493.0,2025-10-12 14:43:23.743143+00:00
299,496,917.0,2980.0,930.0,2991.0,143.0,2025-10-12 14:43:23.743143+00:00
299,514,1366.0,2947.0,1374.0,2952.0,40.0,2025-10-12 14:43:23.743143+00:00
299,521,1571.0,2965.0,1577.0,2970.0,30.0,2025-10-12 14:43:23.743143+00:00
299,522,1628.0,2967.0,1636.0,2973.0,48.0,2025-10-12 14:43:23.743143+00:00
299,528,1871.0,2960.0,1903.0,2969.0,288.0,2025-10-12 14:43:23.743143+00:00
299,530,1675.0,2963.0,1750.0,2973.0,750.0,2025-10-12 14:43:23.743143+00:00
299,532,1969.0,2963.0,2036.0,2971.0,536.0,2025-10-12 14:43:23.743143+00:00
300,491,1699.0,3105.0,1728.0,3122.0,493.0,2025-10-12 14:43:23.783143+00:00
300,496,910.0,2977.0,962.0,2992.0,780.0,2025-10-12 14:43:23.783143+00:00
300,514,1358.0,2947.0,1368.0,2953.0,60.0,2025-10-12 14:43:23.783143+00:00
300,521,1561.0,2963.0,1568.0,2969.0,42.0,2025-10-12 14:43:23.783143+00:00
300,522,1620.0,2965.0,1626.0,2972.0,42.0,2025-10-12 14:43:23.783143+00:00
300,528,1826.0,2963.0,1868.0,2971.0,336.0,2025-10-12 14:43:23.783143+00:00
300,530,1665.0,2965.0,1728.0,2973.0,504.0,2025-10-12 14:43:23.783143+00:00
300,532,1961.0,2963.0,2030.0,2971.0,552.0,2025-10-12 14:43:23.783143+00:00
300,542,2061.0,2964.0,2096.0,2973.0,315.0,2025-10-12 14:43:23.783143+00:00
301,491,1708.0,3105.0,1726.0,3116.0,198.0,2025-10-12 14:43:23.823143+00:00
301,496,903.0,2979.0,955.0,2992.0,676.0,2025-10-12 14:43:23.823143+00:00
301,514,1351.0,2946.0,1358.0,2950.0,28.0,2025-10-12 14:43:23.823143+00:00
301,521,1551.0,2965.0,1558.0,2970.0,35.0,2025-10-12 14:43:23.823143+00:00
301,522,1611.0,2962.0,1617.0,2968.0,36.0,2025-10-12 14:43:23.823143+00:00
301,530,1656.0,2964.0,1721.0,2974.0,650.0,2025-10-12 14:43:23.823143+00:00
301,532,1952.0,2963.0,2021.0,2972.0,621.0,2025-10-12 14:43:23.823143+00:00
302,491,1708.0,3106.0,1727.0,3116.0,190.0,2025-10-12 14:43:23.863143+00:00
302,496,897.0,2979.0,940.0,2988.0,387.0,2025-10-12 14:43:23.863143+00:00
302,514,1342.0,2943.0,1351.0,2950.0,63.0,2025-10-12 14:43:23.863143+00:00
302,521,1545.0,2965.0,1551.0,2970.0,30.0,2025-10-12 14:43:23.863143+00:00
302,522,1602.0,2962.0,1609.0,2970.0,56.0,2025-10-12 14:43:23.863143+00:00
302,528,1784.0,2963.0,1835.0,2976.0,663.0,2025-10-12 14:43:23.863143+00:00
302,530,1649.0,2961.0,1724.0,2975.0,1050.0,2025-10-12 14:43:23.863143+00:00
302,532,1944.0,2961.0,2013.0,2969.0,552.0,2025-10-12 14:43:23.863143+00:00
302,542,2024.0,2964.0,2077.0,2972.0,424.0,2025-10-12 14:43:23.863143+00:00
303,491,1708.0,3107.0,1728.0,3116.0,180.0,2025-10-12 14:43:23.903143+00:00
303,496,892.0,2976.0,935.0,2990.0,602.0,2025-10-12 14:43:23.903143+00:00
303,514,1335.0,2945.0,1342.0,2952.0,49.0,2025-10-12 14:43:23.903143+00:00
303,521,1537.0,2961.0,1541.0,2968.0,28.0,2025-10-12 14:43:23.903143+00:00
303,522,1594.0,2964.0,1600.0,2969.0,30.0,2025-10-12 14:43:23.903143+00:00
303,527,1751.0,2959.0,1804.0,2975.0,848.0,2025-10-12 14:43:23.903143+00:00
303,528,1839.0,2964.0,1870.0,2969.0,155.0,2025-10-12 14:43:23.903143+00:00
303,530,1638.0,2960.0,1716.0,2973.0,1014.0,2025-10-12 14:43:23.903143+00:00
303,532,1912.0,2961.0,1976.0,2968.0,448.0,2025-10-12 14:43:23.903143+00:00
303,542,1999.0,2964.0,2046.0,2972.0,376.0,2025-10-12 14:43:23.903143+00:00
304,491,1708.0,3108.0,1723.0,3116.0,120.0,2025-10-12 14:43:23.943143+00:00
304,503,662.0,2947.0,708.0,2983.0,1656.0,2025-10-12 14:43:23.943143+00:00
304,514,1327.0,2945.0,1333.0,2951.0,36.0,2025-10-12 14:43:23.943143+00:00
304,522,1586.0,2961.0,1591.0,2967.0,30.0,2025-10-12 14:43:23.943143+00:00
304,527,1770.0,2963.0,1834.0,2975.0,768.0,2025-10-12 14:43:23.943143+00:00
304,530,1631.0,2966.0,1667.0,2972.0,216.0,2025-10-12 14:43:23.943143+00:00
304,532,1928.0,2962.0,1997.0,2968.0,414.0,2025-10-12 14:43:23.943143+00:00
305,491,1707.0,3109.0,1723.0,3117.0,128.0,2025-10-12 14:43:23.983143+00:00
305,503,655.0,2943.0,703.0,2984.0,1968.0,2025-10-12 14:43:23.983143+00:00
305,514,1319.0,2944.0,1324.0,2948.0,20.0,2025-10-12 14:43:23.983143+00:00
305,521,1515.0,2963.0,1524.0,2970.0,63.0,2025-10-12 14:43:23.983143+00:00
305,527,1758.0,2962.0,1810.0,2973.0,572.0,2025-10-12 14:43:23.983143+00:00
305,528,1823.0,2963.0,1856.0,2973.0,330.0,2025-10-12 14:43:23.983143+00:00
305,530,1623.0,2961.0,1699.0,2973.0,912.0,2025-10-12 14:43:23.983143+00:00
305,532,1919.0,2961.0,1989.0,2970.0,630.0,2025-10-12 14:43:23.983143+00:00
306,491,1707.0,3110.0,1722.0,3118.0,120.0,2025-10-12 14:43:24.023143+00:00
306,514,1311.0,2941.0,1316.0,2948.0,35.0,2025-10-12 14:43:24.023143+00:00
306,521,1511.0,2962.0,1521.0,2969.0,70.0,2025-10-12 14:43:24.023143+00:00
306,522,1568.0,2963.0,1574.0,2968.0,30.0,2025-10-12 14:43:24.023143+00:00
306,527,1775.0,2962.0,1820.0,2972.0,450.0,2025-10-12 14:43:24.023143+00:00
306,530,1615.0,2958.0,1691.0,2973.0,1140.0,2025-10-12 14:43:24.023143+00:00
306,532,1888.0,2959.0,1946.0,2967.0,464.0,2025-10-12 14:43:24.023143+00:00
306,542,1949.0,2959.0,2013.0,2969.0,640.0,2025-10-12 14:43:24.023143+00:00
307,491,1705.0,3111.0,1720.0,3119.0,120.0,2025-10-12 14:43:24.063143+00:00
307,503,646.0,2945.0,714.0,3008.0,4284.0,2025-10-12 14:43:24.063143+00:00
307,514,1302.0,2944.0,1309.0,2949.0,35.0,2025-10-12 14:43:24.063143+00:00
307,521,1498.0,2958.0,1508.0,2967.0,90.0,2025-10-12 14:43:24.063143+00:00
307,522,1561.0,2962.0,1566.0,2966.0,20.0,2025-10-12 14:43:24.063143+00:00
307,527,1739.0,2962.0,1793.0,2973.0,594.0,2025-10-12 14:43:24.063143+00:00
307,528,1807.0,2960.0,1841.0,2969.0,306.0,2025-10-12 14:43:24.063143+00:00
307,530,1607.0,2964.0,1641.0,2972.0,272.0,2025-10-12 14:43:24.063143+00:00
307,532,1878.0,2961.0,1909.0,2966.0,155.0,2025-10-12 14:43:24.063143+00:00
307,542,1936.0,2961.0,1972.0,2968.0,252.0,2025-10-12 14:43:24.063143+00:00
308,491,1704.0,3112.0,1720.0,3120.0,128.0,2025-10-12 14:43:24.103143+00:00
308,503,638.0,2940.0,708.0,2995.0,3850.0,2025-10-12 14:43:24.103143+00:00
308,514,1295.0,2943.0,1301.0,2948.0,30.0,2025-10-12 14:43:24.103143+00:00
308,521,1495.0,2962.0,1499.0,2967.0,20.0,2025-10-12 14:43:24.103143+00:00
308,522,1552.0,2959.0,1557.0,2965.0,30.0,2025-10-12 14:43:24.103143+00:00
308,527,1719.0,2958.0,1774.0,2971.0,715.0,2025-10-12 14:43:24.103143+00:00
308,528,1800.0,2959.0,1830.0,2970.0,330.0,2025-10-12 14:43:24.103143+00:00
308,530,1599.0,2964.0,1632.0,2970.0,198.0,2025-10-12 14:43:24.103143+00:00
308,532,1895.0,2960.0,1965.0,2968.0,560.0,2025-10-12 14:43:24.103143+00:00
308,542,1997.0,2963.0,2032.0,2970.0,245.0,2025-10-12 14:43:24.103143+00:00
309,491,1704.0,3110.0,1719.0,3121.0,165.0,2025-10-12 14:43:24.143143+00:00
309,503,632.0,2942.0,701.0,2991.0,3381.0,2025-10-12 14:43:24.143143+00:00
309,514,1286.0,2942.0,1292.0,2949.0,42.0,2025-10-12 14:43:24.143143+00:00
309,521,1483.0,2963.0,1490.0,2968.0,35.0,2025-10-12 14:43:24.143143+00:00
309,522,1543.0,2961.0,1548.0,2965.0,20.0,2025-10-12 14:43:24.143143+00:00
309,527,1702.0,2958.0,1753.0,2972.0,714.0,2025-10-12 14:43:24.143143+00:00
309,528,1791.0,2960.0,1822.0,2972.0,372.0,2025-10-12 14:43:24.143143+00:00
309,530,1589.0,2963.0,1624.0,2971.0,280.0,2025-10-12 14:43:24.143143+00:00
309,532,1887.0,2959.0,1957.0,2972.0,910.0,2025-10-12 14:43:24.143143+00:00
310,491,1700.0,3114.0,1718.0,3122.0,144.0,2025-10-12 14:43:24.183143+00:00
310,503,625.0,2939.0,695.0,2991.0,3640.0,2025-10-12 14:43:24.183143+00:00
310,514,1279.0,2939.0,1284.0,2946.0,35.0,2025-10-12 14:43:24.183143+00:00
310,521,1476.0,2961.0,1480.0,2965.0,16.0,2025-10-12 14:43:24.183143+00:00
310,522,1534.0,2962.0,1540.0,2969.0,42.0,2025-10-12 14:43:24.183143+00:00
310,528,1782.0,2955.0,1813.0,2971.0,496.0,2025-10-12 14:43:24.183143+00:00
310,530,1583.0,2964.0,1618.0,2972.0,280.0,2025-10-12 14:43:24.183143+00:00
310,532,1855.0,2957.0,1920.0,2969.0,780.0,2025-10-12 14:43:24.183143+00:00
310,542,1945.0,2959.0,1992.0,2971.0,564.0,2025-10-12 14:43:24.183143+00:00
311,491,1703.0,3114.0,1718.0,3122.0,120.0,2025-10-12 14:43:24.223143+00:00
311,503,623.0,2943.0,688.0,2990.0,3055.0,2025-10-12 14:43:24.223143+00:00
311,514,1271.0,2943.0,1276.0,2948.0,25.0,2025-10-12 14:43:24.223143+00:00
311,521,1467.0,2959.0,1472.0,2968.0,45.0,2025-10-12 14:43:24.223143+00:00
311,522,1524.0,2958.0,1532.0,2964.0,48.0,2025-10-12 14:43:24.223143+00:00
311,528,1774.0,2958.0,1807.0,2970.0,396.0,2025-10-12 14:43:24.223143+00:00
311,530,1573.0,2959.0,1638.0,2970.0,715.0,2025-10-12 14:43:24.223143+00:00
311,532,1871.0,2960.0,1941.0,2968.0,560.0,2025-10-12 14:43:24.223143+00:00
312,491,1704.0,3118.0,1718.0,3123.0,70.0,2025-10-12 14:43:24.263143+00:00
312,496,871.0,2931.0,1007.0,2988.0,7752.0,2025-10-12 14:43:24.263143+00:00
312,503,615.0,2936.0,682.0,2989.0,3551.0,2025-10-12 14:43:24.263143+00:00
312,514,1262.0,2939.0,1269.0,2948.0,63.0,2025-10-12 14:43:24.263143+00:00
312,521,1458.0,2964.0,1463.0,2968.0,20.0,2025-10-12 14:43:24.263143+00:00
312,522,1518.0,2959.0,1523.0,2963.0,20.0,2025-10-12 14:43:24.263143+00:00
312,528,1727.0,2958.0,1773.0,2972.0,644.0,2025-10-12 14:43:24.263143+00:00
312,530,1563.0,2962.0,1598.0,2969.0,245.0,2025-10-12 14:43:24.263143+00:00
312,532,1838.0,2958.0,1873.0,2967.0,315.0,2025-10-12 14:43:24.263143+00:00
312,542,1896.0,2960.0,1950.0,2969.0,486.0,2025-10-12 14:43:24.263143+00:00
313,491,1699.0,3118.0,1714.0,3124.0,90.0,2025-10-12 14:43:24.303143+00:00
313,496,866.0,2931.0,1002.0,2988.0,7752.0,2025-10-12 14:43:24.303143+00:00
313,503,607.0,2940.0,677.0,2992.0,3640.0,2025-10-12 14:43:24.303143+00:00
313,514,1255.0,2939.0,1261.0,2944.0,30.0,2025-10-12 14:43:24.303143+00:00
313,521,1447.0,2961.0,1455.0,2968.0,56.0,2025-10-12 14:43:24.303143+00:00
313,522,1507.0,2958.0,1514.0,2965.0,49.0,2025-10-12 14:43:24.303143+00:00
313,527,1692.0,2958.0,1745.0,2973.0,795.0,2025-10-12 14:43:24.303143+00:00
313,528,1757.0,2959.0,1793.0,2971.0,432.0,2025-10-12 14:43:24.303143+00:00
313,530,1555.0,2954.0,1621.0,2970.0,1056.0,2025-10-12 14:43:24.303143+00:00
313,532,1831.0,2959.0,1858.0,2964.0,135.0,2025-10-12 14:43:24.303143+00:00
313,542,1888.0,2958.0,1925.0,2969.0,407.0,2025-10-12 14:43:24.303143+00:00
314,491,1699.0,3120.0,1713.0,3126.0,84.0,2025-10-12 14:43:24.343143+00:00
314,503,601.0,2943.0,671.0,2988.0,3150.0,2025-10-12 14:43:24.343143+00:00
314,514,1247.0,2939.0,1253.0,2944.0,30.0,2025-10-12 14:43:24.343143+00:00
314,521,1440.0,2960.0,1446.0,2965.0,30.0,2025-10-12 14:43:24.343143+00:00
314,522,1500.0,2960.0,1506.0,2965.0,30.0,2025-10-12 14:43:24.343143+00:00
314,527,1661.0,2955.0,1701.0,2970.0,600.0,2025-10-12 14:43:24.343143+00:00
314,528,1749.0,2957.0,1782.0,2970.0,429.0,2025-10-12 14:43:24.343143+00:00
314,530,1549.0,2964.0,1552.0,2966.0,6.0,2025-10-12 14:43:24.343143+00:00
314,542,1847.0,2960.0,1916.0,2966.0,414.0,2025-10-12 14:43:24.343143+00:00
315,491,1698.0,3122.0,1711.0,3127.0,65.0,2025-10-12 14:43:24.383143+00:00
315,503,596.0,2939.0,665.0,2988.0,3381.0,2025-10-12 14:43:24.383143+00:00
315,514,1238.0,2938.0,1245.0,2948.0,70.0,2025-10-12 14:43:24.383143+00:00
315,522,1489.0,2954.0,1497.0,2964.0,80.0,2025-10-12 14:43:24.383143+00:00
315,527,1634.0,2959.0,1685.0,2968.0,459.0,2025-10-12 14:43:24.383143+00:00
315,528,1703.0,2962.0,1747.0,2969.0,308.0,2025-10-12 14:43:24.383143+00:00
315,530,1539.0,2957.0,1605.0,2968.0,726.0,2025-10-12 14:43:24.383143+00:00
315,532,1816.0,2960.0,1820.0,2966.0,24.0,2025-10-12 14:43:24.383143+00:00
315,542,1839.0,2959.0,1909.0,2968.0,630.0,2025-10-12 14:43:24.383143+00:00
316,491,1695.0,3124.0,1710.0,3128.0,60.0,2025-10-12 14:43:24.423143+00:00
316,496,845.0,2930.0,985.0,2989.0,8260.0,2025-10-12 14:43:24.423143+00:00
316,503,591.0,2936.0,658.0,2988.0,3484.0,2025-10-12 14:43:24.423143+00:00
316,514,1230.0,2940.0,1237.0,2947.0,49.0,2025-10-12 14:43:24.423143+00:00
316,521,1423.0,2960.0,1430.0,2968.0,56.0,2025-10-12 14:43:24.423143+00:00
316,522,1483.0,2959.0,1488.0,2963.0,20.0,2025-10-12 14:43:24.423143+00:00
316,528,1676.0,2959.0,1740.0,2973.0,896.0,2025-10-12 14:43:24.423143+00:00
316,530,1530.0,2962.0,1565.0,2968.0,210.0,2025-10-12 14:43:24.423143+00:00
316,542,1831.0,2958.0,1900.0,2968.0,690.0,2025-10-12 14:43:24.423143+00:00
317,491,1694.0,3126.0,1708.0,3130.0,56.0,2025-10-12 14:43:24.463143+00:00
317,496,943.0,2959.0,1050.0,2972.0,1391.0,2025-10-12 14:43:24.463143+00:00
317,503,587.0,2939.0,652.0,2991.0,3380.0,2025-10-12 14:43:24.463143+00:00
317,514,1222.0,2938.0,1229.0,2944.0,42.0,2025-10-12 14:43:24.463143+00:00
317,521,1417.0,2961.0,1422.0,2965.0,20.0,2025-10-12 14:43:24.463143+00:00
317,522,1473.0,2959.0,1480.0,2966.0,49.0,2025-10-12 14:43:24.463143+00:00
317,527,1646.0,2957.0,1703.0,2970.0,741.0,2025-10-12 14:43:24.463143+00:00
317,528,1723.0,2955.0,1757.0,2970.0,510.0,2025-10-12 14:43:24.463143+00:00
317,530,1522.0,2953.0,1588.0,2968.0,990.0,2025-10-12 14:43:24.463143+00:00
317,542,1823.0,2956.0,1893.0,2968.0,840.0,2025-10-12 14:43:24.463143+00:00
318,491,1693.0,3124.0,1704.0,3131.0,77.0,2025-10-12 14:43:24.503143+00:00
318,496,831.0,2932.0,973.0,2988.0,7952.0,2025-10-12 14:43:24.503143+00:00
318,503,576.0,2939.0,647.0,2988.0,3479.0,2025-10-12 14:43:24.503143+00:00
318,514,1215.0,2936.0,1221.0,2944.0,48.0,2025-10-12 14:43:24.503143+00:00
318,521,1407.0,2955.0,1413.0,2963.0,48.0,2025-10-12 14:43:24.503143+00:00
318,522,1467.0,2959.0,1472.0,2963.0,20.0,2025-10-12 14:43:24.503143+00:00
318,527,1655.0,2957.0,1705.0,2969.0,600.0,2025-10-12 14:43:24.503143+00:00
318,528,1718.0,2956.0,1750.0,2969.0,416.0,2025-10-12 14:43:24.503143+00:00
318,530,1515.0,2959.0,1548.0,2968.0,297.0,2025-10-12 14:43:24.503143+00:00
318,542,1815.0,2959.0,1885.0,2968.0,630.0,2025-10-12 14:43:24.503143+00:00
319,491,1694.0,3126.0,1704.0,3133.0,70.0,2025-10-12 14:43:24.543143+00:00
319,503,574.0,2937.0,640.0,2986.0,3234.0,2025-10-12 14:43:24.543143+00:00
319,514,1208.0,2939.0,1216.0,2946.0,56.0,2025-10-12 14:43:24.543143+00:00
319,521,1396.0,2957.0,1404.0,2963.0,48.0,2025-10-12 14:43:24.543143+00:00
319,522,1457.0,2954.0,1463.0,2962.0,48.0,2025-10-12 14:43:24.543143+00:00
319,527,1618.0,2955.0,1675.0,2968.0,741.0,2025-10-12 14:43:24.543143+00:00
319,530,1506.0,2959.0,1540.0,2966.0,238.0,2025-10-12 14:43:24.543143+00:00
319,542,1784.0,2957.0,1844.0,2968.0,660.0,2025-10-12 14:43:24.543143+00:00
320,491,1689.0,3128.0,1703.0,3135.0,98.0,2025-10-12 14:43:24.583143+00:00
320,496,820.0,2929.0,963.0,2988.0,8437.0,2025-10-12 14:43:24.583143+00:00
320,503,565.0,2934.0,635.0,2987.0,3710.0,2025-10-12 14:43:24.583143+00:00
320,514,1200.0,2938.0,1208.0,2945.0,56.0,2025-10-12 14:43:24.583143+00:00
320,521,1389.0,2959.0,1397.0,2967.0,64.0,2025-10-12 14:43:24.583143+00:00
320,528,1704.0,2958.0,1736.0,2969.0,352.0,2025-10-12 14:43:24.583143+00:00
320,530,1495.0,2960.0,1531.0,2968.0,288.0,2025-10-12 14:43:24.583143+00:00
320,542,1776.0,2956.0,1804.0,2963.0,196.0,2025-10-12 14:43:24.583143+00:00
321,491,1688.0,3131.0,1701.0,3136.0,65.0,2025-10-12 14:43:24.623143+00:00
321,503,563.0,2934.0,606.0,2978.0,1892.0,2025-10-12 14:43:24.623143+00:00
321,514,1191.0,2937.0,1197.0,2942.0,30.0,2025-10-12 14:43:24.623143+00:00
321,521,1383.0,2958.0,1390.0,2963.0,35.0,2025-10-12 14:43:24.623143+00:00
321,522,1440.0,2959.0,1446.0,2966.0,42.0,2025-10-12 14:43:24.623143+00:00
321,528,1693.0,2955.0,1727.0,2969.0,476.0,2025-10-12 14:43:24.623143+00:00
321,530,1488.0,2952.0,1557.0,2967.0,1035.0,2025-10-12 14:43:24.623143+00:00
322,491,1688.0,3133.0,1700.0,3138.0,60.0,2025-10-12 14:43:24.663143+00:00
322,496,807.0,2930.0,954.0,2988.0,8526.0,2025-10-12 14:43:24.663143+00:00
322,514,1183.0,2937.0,1188.0,2942.0,25.0,2025-10-12 14:43:24.663143+00:00
322,521,1370.0,2955.0,1380.0,2965.0,100.0,2025-10-12 14:43:24.663143+00:00
322,522,1431.0,2958.0,1438.0,2965.0,49.0,2025-10-12 14:43:24.663143+00:00
322,528,1687.0,2958.0,1719.0,2968.0,320.0,2025-10-12 14:43:24.663143+00:00
322,530,1479.0,2957.0,1516.0,2966.0,333.0,2025-10-12 14:43:24.663143+00:00
323,491,1685.0,3133.0,1699.0,3139.0,84.0,2025-10-12 14:43:24.703143+00:00
323,514,1175.0,2938.0,1182.0,2945.0,49.0,2025-10-12 14:43:24.703143+00:00
323,521,1367.0,2959.0,1372.0,2964.0,25.0,2025-10-12 14:43:24.703143+00:00
323,522,1423.0,2955.0,1429.0,2962.0,42.0,2025-10-12 14:43:24.703143+00:00
323,528,1649.0,2957.0,1708.0,2969.0,708.0,2025-10-12 14:43:24.703143+00:00
323,530,1470.0,2958.0,1506.0,2965.0,252.0,2025-10-12 14:43:24.703143+00:00
323,549,1906.0,2958.0,1922.0,2968.0,160.0,2025-10-12 14:43:24.703143+00:00
324,491,1684.0,3134.0,1698.0,3140.0,84.0,2025-10-12 14:43:24.743143+00:00
324,514,1168.0,2937.0,1175.0,2944.0,49.0,2025-10-12 14:43:24.743143+00:00
324,521,1356.0,2959.0,1363.0,2964.0,35.0,2025-10-12 14:43:24.743143+00:00
324,522,1415.0,2959.0,1420.0,2963.0,20.0,2025-10-12 14:43:24.743143+00:00
324,528,1667.0,2955.0,1702.0,2971.0,560.0,2025-10-12 14:43:24.743143+00:00
324,530,1462.0,2951.0,1532.0,2965.0,980.0,2025-10-12 14:43:24.743143+00:00
324,542,1744.0,2955.0,1805.0,2967.0,732.0,2025-10-12 14:43:24.743143+00:00
324,549,1875.0,2960.0,1905.0,2965.0,150.0,2025-10-12 14:43:24.743143+00:00
325,491,1681.0,3135.0,1695.0,3142.0,98.0,2025-10-12 14:43:24.783143+00:00
325,514,1160.0,2935.0,1166.0,2941.0,36.0,2025-10-12 14:43:24.783143+00:00
325,521,1349.0,2957.0,1356.0,2964.0,49.0,2025-10-12 14:43:24.783143+00:00
325,522,1408.0,2958.0,1412.0,2963.0,20.0,2025-10-12 14:43:24.783143+00:00
325,528,1622.0,2957.0,1667.0,2969.0,540.0,2025-10-12 14:43:24.783143+00:00
325,530,1455.0,2959.0,1490.0,2966.0,245.0,2025-10-12 14:43:24.783143+00:00
325,542,1759.0,2957.0,1829.0,2966.0,630.0,2025-10-12 14:43:24.783143+00:00
325,549,1863.0,2959.0,1896.0,2967.0,264.0,2025-10-12 14:43:24.783143+00:00
326,491,1681.0,3136.0,1695.0,3143.0,98.0,2025-10-12 14:43:24.823143+00:00
326,514,1151.0,2936.0,1158.0,2944.0,56.0,2025-10-12 14:43:24.823143+00:00
326,521,1340.0,2954.0,1347.0,2964.0,70.0,2025-10-12 14:43:24.823143+00:00
326,522,1398.0,2955.0,1403.0,2961.0,30.0,2025-10-12 14:43:24.823143+00:00
326,527,1593.0,2957.0,1641.0,2968.0,528.0,2025-10-12 14:43:24.823143+00:00
326,530,1446.0,2952.0,1515.0,2967.0,1035.0,2025-10-12 14:43:24.823143+00:00
326,532,1655.0,2957.0,1686.0,2968.0,341.0,2025-10-12 14:43:24.823143+00:00
326,542,1751.0,2958.0,1824.0,2968.0,730.0,2025-10-12 14:43:24.823143+00:00
326,549,1833.0,2955.0,1890.0,2966.0,627.0,2025-10-12 14:43:24.823143+00:00
327,491,1679.0,3137.0,1693.0,3144.0,98.0,2025-10-12 14:43:24.863143+00:00
327,496,860.0,2959.0,927.0,2981.0,1474.0,2025-10-12 14:43:24.863143+00:00
327,514,1143.0,2936.0,1152.0,2944.0,72.0,2025-10-12 14:43:24.863143+00:00
327,521,1331.0,2958.0,1338.0,2965.0,49.0,2025-10-12 14:43:24.863143+00:00
327,527,1583.0,2953.0,1634.0,2968.0,765.0,2025-10-12 14:43:24.863143+00:00
327,530,1440.0,2956.0,1472.0,2963.0,224.0,2025-10-12 14:43:24.863143+00:00
327,532,1646.0,2955.0,1679.0,2969.0,462.0,2025-10-12 14:43:24.863143+00:00
327,542,1721.0,2956.0,1780.0,2963.0,413.0,2025-10-12 14:43:24.863143+00:00
327,549,1810.0,2955.0,1856.0,2965.0,460.0,2025-10-12 14:43:24.863143+00:00
328,491,1677.0,3139.0,1693.0,3145.0,96.0,2025-10-12 14:43:24.903143+00:00
328,496,818.0,2967.0,881.0,2986.0,1197.0,2025-10-12 14:43:24.903143+00:00
328,514,1136.0,2935.0,1145.0,2944.0,81.0,2025-10-12 14:43:24.903143+00:00
328,521,1323.0,2957.0,1330.0,2965.0,56.0,2025-10-12 14:43:24.903143+00:00
328,522,1382.0,2959.0,1386.0,2964.0,20.0,2025-10-12 14:43:24.903143+00:00
328,527,1582.0,2956.0,1644.0,2969.0,806.0,2025-10-12 14:43:24.903143+00:00
328,530,1428.0,2950.0,1500.0,2964.0,1008.0,2025-10-12 14:43:24.903143+00:00
328,542,1736.0,2955.0,1807.0,2966.0,781.0,2025-10-12 14:43:24.903143+00:00
328,549,1837.0,2959.0,1873.0,2966.0,252.0,2025-10-12 14:43:24.903143+00:00
329,491,1676.0,3140.0,1691.0,3145.0,75.0,2025-10-12 14:43:24.943143+00:00
329,496,796.0,2974.0,854.0,2988.0,812.0,2025-10-12 14:43:24.943143+00:00
329,514,1131.0,2935.0,1136.0,2940.0,25.0,2025-10-12 14:43:24.943143+00:00
329,521,1316.0,2955.0,1320.0,2960.0,20.0,2025-10-12 14:43:24.943143+00:00
329,522,1371.0,2957.0,1379.0,2963.0,48.0,2025-10-12 14:43:24.943143+00:00
329,527,1568.0,2954.0,1617.0,2966.0,588.0,2025-10-12 14:43:24.943143+00:00
329,530,1453.0,2951.0,1548.0,2966.0,1425.0,2025-10-12 14:43:24.943143+00:00
329,532,1631.0,2956.0,1663.0,2967.0,352.0,2025-10-12 14:43:24.943143+00:00
329,542,1706.0,2955.0,1767.0,2964.0,549.0,2025-10-12 14:43:24.943143+00:00
329,549,1811.0,2958.0,1840.0,2966.0,232.0,2025-10-12 14:43:24.943143+00:00
330,491,1676.0,3139.0,1690.0,3146.0,98.0,2025-10-12 14:43:24.983143+00:00
330,496,767.0,2945.0,829.0,2999.0,3348.0,2025-10-12 14:43:24.983143+00:00
330,514,1121.0,2935.0,1129.0,2940.0,40.0,2025-10-12 14:43:24.983143+00:00
330,522,1364.0,2952.0,1370.0,2960.0,48.0,2025-10-12 14:43:24.983143+00:00
330,527,1570.0,2957.0,1628.0,2966.0,522.0,2025-10-12 14:43:24.983143+00:00
330,530,1411.0,2955.0,1449.0,2966.0,418.0,2025-10-12 14:43:24.983143+00:00
330,542,1696.0,2955.0,1758.0,2964.0,558.0,2025-10-12 14:43:24.983143+00:00
330,549,1783.0,2954.0,1832.0,2967.0,637.0,2025-10-12 14:43:24.983143+00:00
331,491,1675.0,3141.0,1688.0,3147.0,78.0,2025-10-12 14:43:25.023143+00:00
331,496,687.0,2957.0,764.0,3015.0,4466.0,2025-10-12 14:43:25.023143+00:00
331,503,503.0,2963.0,569.0,2982.0,1254.0,2025-10-12 14:43:25.023143+00:00
331,514,1115.0,2936.0,1124.0,2944.0,72.0,2025-10-12 14:43:25.023143+00:00
331,521,1296.0,2956.0,1305.0,2962.0,54.0,2025-10-12 14:43:25.023143+00:00
331,522,1354.0,2954.0,1362.0,2960.0,48.0,2025-10-12 14:43:25.023143+00:00
331,530,1407.0,2956.0,1441.0,2965.0,306.0,2025-10-12 14:43:25.023143+00:00
331,532,1616.0,2954.0,1648.0,2968.0,448.0,2025-10-12 14:43:25.023143+00:00
331,542,1712.0,2955.0,1782.0,2964.0,630.0,2025-10-12 14:43:25.023143+00:00
332,491,1674.0,3142.0,1688.0,3148.0,84.0,2025-10-12 14:43:25.063143+00:00
332,496,656.0,2969.0,720.0,2980.0,704.0,2025-10-12 14:43:25.063143+00:00
332,503,496.0,2963.0,528.0,2972.0,288.0,2025-10-12 14:43:25.063143+00:00
332,514,1108.0,2934.0,1117.0,2939.0,45.0,2025-10-12 14:43:25.063143+00:00
332,521,1292.0,2955.0,1297.0,2961.0,30.0,2025-10-12 14:43:25.063143+00:00
332,522,1345.0,2956.0,1354.0,2964.0,72.0,2025-10-12 14:43:25.063143+00:00
332,530,1397.0,2956.0,1432.0,2964.0,280.0,2025-10-12 14:43:25.063143+00:00
332,532,1607.0,2951.0,1640.0,2967.0,528.0,2025-10-12 14:43:25.063143+00:00
332,542,1703.0,2956.0,1774.0,2967.0,781.0,2025-10-12 14:43:25.063143+00:00
332,549,1806.0,2958.0,1842.0,2966.0,288.0,2025-10-12 14:43:25.063143+00:00
333,491,1673.0,3142.0,1687.0,3149.0,98.0,2025-10-12 14:43:25.103143+00:00
333,496,619.0,2970.0,689.0,2980.0,700.0,2025-10-12 14:43:25.103143+00:00
333,503,491.0,2964.0,523.0,2973.0,288.0,2025-10-12 14:43:25.103143+00:00
333,514,1099.0,2931.0,1107.0,2939.0,64.0,2025-10-12 14:43:25.103143+00:00
333,521,1282.0,2951.0,1289.0,2959.0,56.0,2025-10-12 14:43:25.103143+00:00
333,522,1338.0,2955.0,1346.0,2961.0,48.0,2025-10-12 14:43:25.103143+00:00
333,530,1390.0,2957.0,1424.0,2964.0,238.0,2025-10-12 14:43:25.103143+00:00
333,532,1599.0,2954.0,1632.0,2965.0,363.0,2025-10-12 14:43:25.103143+00:00
333,542,1696.0,2957.0,1769.0,2966.0,657.0,2025-10-12 14:43:25.103143+00:00
334,491,1672.0,3143.0,1687.0,3150.0,105.0,2025-10-12 14:43:25.143143+00:00
334,496,589.0,2970.0,652.0,2983.0,819.0,2025-10-12 14:43:25.143143+00:00
334,503,487.0,2964.0,518.0,2972.0,248.0,2025-10-12 14:43:25.143143+00:00
334,514,1091.0,2934.0,1099.0,2938.0,32.0,2025-10-12 14:43:25.143143+00:00
334,521,1274.0,2955.0,1281.0,2960.0,35.0,2025-10-12 14:43:25.143143+00:00
334,522,1331.0,2952.0,1337.0,2960.0,48.0,2025-10-12 14:43:25.143143+00:00
334,530,1378.0,2950.0,1450.0,2965.0,1080.0,2025-10-12 14:43:25.143143+00:00
334,532,1590.0,2954.0,1624.0,2965.0,374.0,2025-10-12 14:43:25.143143+00:00
334,549,1751.0,2950.0,1802.0,2964.0,714.0,2025-10-12 14:43:25.143143+00:00
335,491,1670.0,3143.0,1685.0,3150.0,105.0,2025-10-12 14:43:25.183143+00:00
335,503,482.0,2961.0,544.0,2980.0,1178.0,2025-10-12 14:43:25.183143+00:00
335,514,1084.0,2934.0,1094.0,2940.0,60.0,2025-10-12 14:43:25.183143+00:00
335,521,1264.0,2955.0,1272.0,2962.0,56.0,2025-10-12 14:43:25.183143+00:00
335,522,1325.0,2956.0,1329.0,2961.0,20.0,2025-10-12 14:43:25.183143+00:00
335,530,1374.0,2955.0,1408.0,2965.0,340.0,2025-10-12 14:43:25.183143+00:00
335,532,1579.0,2953.0,1615.0,2966.0,468.0,2025-10-12 14:43:25.183143+00:00
335,542,1679.0,2955.0,1751.0,2965.0,720.0,2025-10-12 14:43:25.183143+00:00
336,491,1669.0,3143.0,1685.0,3151.0,128.0,2025-10-12 14:43:25.223143+00:00
336,496,576.0,2966.0,640.0,2981.0,960.0,2025-10-12 14:43:25.223143+00:00
336,503,500.0,2962.0,552.0,2980.0,936.0,2025-10-12 14:43:25.223143+00:00
336,514,1077.0,2931.0,1087.0,2939.0,80.0,2025-10-12 14:43:25.223143+00:00
336,521,1259.0,2954.0,1264.0,2959.0,25.0,2025-10-12 14:43:25.223143+00:00
336,522,1313.0,2956.0,1320.0,2963.0,49.0,2025-10-12 14:43:25.223143+00:00
336,530,1363.0,2956.0,1397.0,2965.0,306.0,2025-10-12 14:43:25.223143+00:00
336,532,1570.0,2952.0,1607.0,2967.0,555.0,2025-10-12 14:43:25.223143+00:00
336,542,1705.0,2955.0,1764.0,2964.0,531.0,2025-10-12 14:43:25.223143+00:00
337,491,1668.0,3144.0,1683.0,3151.0,105.0,2025-10-12 14:43:25.263143+00:00
337,496,522.0,2963.0,560.0,2979.0,608.0,2025-10-12 14:43:25.263143+00:00
337,503,471.0,2963.0,502.0,2970.0,217.0,2025-10-12 14:43:25.263143+00:00
337,514,1070.0,2931.0,1076.0,2936.0,30.0,2025-10-12 14:43:25.263143+00:00
337,521,1249.0,2951.0,1256.0,2958.0,49.0,2025-10-12 14:43:25.263143+00:00
337,522,1307.0,2955.0,1312.0,2959.0,20.0,2025-10-12 14:43:25.263143+00:00
337,530,1355.0,2954.0,1391.0,2964.0,360.0,2025-10-12 14:43:25.263143+00:00
337,532,1566.0,2953.0,1600.0,2964.0,374.0,2025-10-12 14:43:25.263143+00:00
337,542,1695.0,2957.0,1756.0,2964.0,427.0,2025-10-12 14:43:25.263143+00:00
338,491,1668.0,3144.0,1683.0,3151.0,105.0,2025-10-12 14:43:25.303143+00:00
338,496,590.0,2969.0,660.0,2981.0,840.0,2025-10-12 14:43:25.303143+00:00
338,503,465.0,2962.0,520.0,2977.0,825.0,2025-10-12 14:43:25.303143+00:00
338,514,1063.0,2933.0,1069.0,2937.0,24.0,2025-10-12 14:43:25.303143+00:00
338,521,1243.0,2955.0,1248.0,2960.0,25.0,2025-10-12 14:43:25.303143+00:00
338,522,1297.0,2951.0,1304.0,2959.0,56.0,2025-10-12 14:43:25.303143+00:00
338,530,1347.0,2954.0,1384.0,2962.0,296.0,2025-10-12 14:43:25.303143+00:00
338,532,1558.0,2952.0,1593.0,2963.0,385.0,2025-10-12 14:43:25.303143+00:00
338,542,1657.0,2953.0,1729.0,2964.0,792.0,2025-10-12 14:43:25.303143+00:00
339,491,1667.0,3144.0,1684.0,3152.0,136.0,2025-10-12 14:43:25.343143+00:00
339,496,519.0,2966.0,567.0,2980.0,672.0,2025-10-12 14:43:25.343143+00:00
339,503,460.0,2959.0,490.0,2968.0,270.0,2025-10-12 14:43:25.343143+00:00
339,514,1051.0,2931.0,1062.0,2939.0,88.0,2025-10-12 14:43:25.343143+00:00
339,521,1231.0,2953.0,1240.0,2961.0,72.0,2025-10-12 14:43:25.343143+00:00
339,522,1288.0,2954.0,1296.0,2962.0,64.0,2025-10-12 14:43:25.343143+00:00
339,527,1512.0,2953.0,1555.0,2969.0,688.0,2025-10-12 14:43:25.343143+00:00
339,530,1338.0,2953.0,1370.0,2964.0,352.0,2025-10-12 14:43:25.343143+00:00
340,491,1667.0,3145.0,1684.0,3152.0,119.0,2025-10-12 14:43:25.383143+00:00
340,503,479.0,2963.0,538.0,2980.0,1003.0,2025-10-12 14:43:25.383143+00:00
340,514,1046.0,2931.0,1056.0,2937.0,60.0,2025-10-12 14:43:25.383143+00:00
340,521,1226.0,2951.0,1232.0,2957.0,36.0,2025-10-12 14:43:25.383143+00:00
340,522,1280.0,2954.0,1288.0,2961.0,56.0,2025-10-12 14:43:25.383143+00:00
340,528,1462.0,2948.0,1526.0,2968.0,1280.0,2025-10-12 14:43:25.383143+00:00
340,530,1329.0,2943.0,1402.0,2962.0,1387.0,2025-10-12 14:43:25.383143+00:00
340,532,1541.0,2949.0,1576.0,2963.0,490.0,2025-10-12 14:43:25.383143+00:00
340,542,1640.0,2955.0,1712.0,2965.0,720.0,2025-10-12 14:43:25.383143+00:00
341,491,1666.0,3145.0,1682.0,3152.0,112.0,2025-10-12 14:43:25.423143+00:00
341,496,488.0,3032.0,773.0,3159.0,36195.0,2025-10-12 14:43:25.423143+00:00
341,503,447.0,2960.0,506.0,2974.0,826.0,2025-10-12 14:43:25.423143+00:00
341,514,1039.0,2929.0,1049.0,2937.0,80.0,2025-10-12 14:43:25.423143+00:00
341,522,1274.0,2951.0,1280.0,2958.0,42.0,2025-10-12 14:43:25.423143+00:00
341,527,1493.0,2950.0,1538.0,2962.0,540.0,2025-10-12 14:43:25.423143+00:00
341,530,1322.0,2951.0,1358.0,2964.0,468.0,2025-10-12 14:43:25.423143+00:00
341,549,1738.0,2953.0,1772.0,2964.0,374.0,2025-10-12 14:43:25.423143+00:00
342,491,1666.0,3145.0,1682.0,3152.0,112.0,2025-10-12 14:43:25.463143+00:00
342,496,443.0,2958.0,475.0,2968.0,320.0,2025-10-12 14:43:25.463143+00:00
342,503,511.0,2967.0,549.0,2978.0,418.0,2025-10-12 14:43:25.463143+00:00
342,514,1033.0,2930.0,1040.0,2937.0,49.0,2025-10-12 14:43:25.463143+00:00
342,521,1208.0,2953.0,1216.0,2960.0,56.0,2025-10-12 14:43:25.463143+00:00
342,522,1264.0,2951.0,1272.0,2958.0,56.0,2025-10-12 14:43:25.463143+00:00
342,527,1483.0,2950.0,1531.0,2964.0,672.0,2025-10-12 14:43:25.463143+00:00
342,528,1417.0,2946.0,1467.0,2960.0,700.0,2025-10-12 14:43:25.463143+00:00
342,530,1317.0,2955.0,1351.0,2962.0,238.0,2025-10-12 14:43:25.463143+00:00
342,542,1601.0,2951.0,1664.0,2961.0,630.0,2025-10-12 14:43:25.463143+00:00
342,549,1693.0,2954.0,1737.0,2964.0,440.0,2025-10-12 14:43:25.463143+00:00
343,491,1667.0,3145.0,1682.0,3152.0,105.0,2025-10-12 14:43:25.503143+00:00
343,503,439.0,2956.0,499.0,2976.0,1200.0,2025-10-12 14:43:25.503143+00:00
343,514,1025.0,2930.0,1032.0,2936.0,42.0,2025-10-12 14:43:25.503143+00:00
343,521,1203.0,2950.0,1208.0,2957.0,35.0,2025-10-12 14:43:25.503143+00:00
343,522,1259.0,2955.0,1263.0,2961.0,24.0,2025-10-12 14:43:25.503143+00:00
343,527,1473.0,2950.0,1523.0,2964.0,700.0,2025-10-12 14:43:25.503143+00:00
343,528,1387.0,2944.0,1440.0,2961.0,901.0,2025-10-12 14:43:25.503143+00:00
343,530,1306.0,2941.0,1380.0,2963.0,1628.0,2025-10-12 14:43:25.503143+00:00
343,542,1596.0,2954.0,1624.0,2959.0,140.0,2025-10-12 14:43:25.503143+00:00
343,549,1683.0,2954.0,1727.0,2964.0,440.0,2025-10-12 14:43:25.503143+00:00
344,491,1666.0,3145.0,1682.0,3152.0,112.0,2025-10-12 14:43:25.543143+00:00
344,503,433.0,2959.0,464.0,2965.0,186.0,2025-10-12 14:43:25.543143+00:00
344,514,1017.0,2929.0,1024.0,2934.0,35.0,2025-10-12 14:43:25.543143+00:00
344,521,1194.0,2947.0,1201.0,2956.0,63.0,2025-10-12 14:43:25.543143+00:00
344,528,1362.0,2942.0,1404.0,2957.0,630.0,2025-10-12 14:43:25.543143+00:00
344,530,1301.0,2953.0,1334.0,2961.0,264.0,2025-10-12 14:43:25.543143+00:00
344,532,1509.0,2949.0,1544.0,2962.0,455.0,2025-10-12 14:43:25.543143+00:00
344,542,1587.0,2954.0,1615.0,2959.0,140.0,2025-10-12 14:43:25.543143+00:00
344,549,1675.0,2956.0,1700.0,2964.0,200.0,2025-10-12 14:43:25.543143+00:00
345,491,1666.0,3144.0,1683.0,3152.0,136.0,2025-10-12 14:43:25.583143+00:00
345,503,426.0,2959.0,487.0,2972.0,793.0,2025-10-12 14:43:25.583143+00:00
345,514,1010.0,2927.0,1017.0,2933.0,42.0,2025-10-12 14:43:25.583143+00:00
345,521,1183.0,2948.0,1193.0,2957.0,90.0,2025-10-12 14:43:25.583143+00:00
345,528,1319.0,2940.0,1381.0,2963.0,1426.0,2025-10-12 14:43:25.583143+00:00
345,532,1501.0,2950.0,1536.0,2961.0,385.0,2025-10-12 14:43:25.583143+00:00
345,542,1579.0,2951.0,1606.0,2957.0,162.0,2025-10-12 14:43:25.583143+00:00
345,549,1687.0,2950.0,1741.0,2963.0,702.0,2025-10-12 14:43:25.583143+00:00
346,491,1667.0,3144.0,1681.0,3151.0,98.0,2025-10-12 14:43:25.623143+00:00
346,503,423.0,2958.0,453.0,2968.0,300.0,2025-10-12 14:43:25.623143+00:00
346,514,1003.0,2928.0,1010.0,2934.0,42.0,2025-10-12 14:43:25.623143+00:00
346,521,1176.0,2951.0,1185.0,2958.0,63.0,2025-10-12 14:43:25.623143+00:00
346,522,1231.0,2950.0,1243.0,2960.0,120.0,2025-10-12 14:43:25.623143+00:00
346,527,1458.0,2951.0,1498.0,2962.0,440.0,2025-10-12 14:43:25.623143+00:00
346,530,1285.0,2954.0,1321.0,2961.0,252.0,2025-10-12 14:43:25.623143+00:00
346,542,1569.0,2951.0,1595.0,2958.0,182.0,2025-10-12 14:43:25.623143+00:00
346,549,1660.0,2955.0,1708.0,2961.0,288.0,2025-10-12 14:43:25.623143+00:00
347,491,1666.0,3143.0,1681.0,3151.0,120.0,2025-10-12 14:43:25.663143+00:00
347,503,417.0,2955.0,480.0,2972.0,1071.0,2025-10-12 14:43:25.663143+00:00
347,514,995.0,2928.0,1002.0,2934.0,42.0,2025-10-12 14:43:25.663143+00:00
347,521,1171.0,2950.0,1177.0,2956.0,36.0,2025-10-12 14:43:25.663143+00:00
347,522,1222.0,2952.0,1234.0,2960.0,96.0,2025-10-12 14:43:25.663143+00:00
347,527,1417.0,2946.0,1475.0,2964.0,1044.0,2025-10-12 14:43:25.663143+00:00
347,530,1274.0,2951.0,1311.0,2960.0,333.0,2025-10-12 14:43:25.663143+00:00
347,532,1483.0,2943.0,1521.0,2964.0,798.0,2025-10-12 14:43:25.663143+00:00
347,542,1562.0,2950.0,1624.0,2959.0,558.0,2025-10-12 14:43:25.663143+00:00
347,549,1652.0,2954.0,1698.0,2964.0,460.0,2025-10-12 14:43:25.663143+00:00
348,491,1667.0,3143.0,1681.0,3150.0,98.0,2025-10-12 14:43:25.703143+00:00
348,503,411.0,2958.0,442.0,2964.0,186.0,2025-10-12 14:43:25.703143+00:00
348,514,989.0,2927.0,994.0,2932.0,25.0,2025-10-12 14:43:25.703143+00:00
348,521,1162.0,2947.0,1168.0,2955.0,48.0,2025-10-12 14:43:25.703143+00:00
348,522,1219.0,2951.0,1234.0,2960.0,135.0,2025-10-12 14:43:25.703143+00:00
348,527,1391.0,2940.0,1444.0,2958.0,954.0,2025-10-12 14:43:25.703143+00:00
348,528,1268.0,2943.0,1340.0,2960.0,1224.0,2025-10-12 14:43:25.703143+00:00
348,532,1476.0,2946.0,1513.0,2961.0,555.0,2025-10-12 14:43:25.703143+00:00
348,542,1555.0,2950.0,1583.0,2959.0,252.0,2025-10-12 14:43:25.703143+00:00
348,549,1642.0,2955.0,1670.0,2961.0,168.0,2025-10-12 14:43:25.703143+00:00
349,491,1668.0,3142.0,1680.0,3149.0,84.0,2025-10-12 14:43:25.743143+00:00
349,503,406.0,2957.0,438.0,2965.0,256.0,2025-10-12 14:43:25.743143+00:00
349,514,980.0,2922.0,988.0,2931.0,72.0,2025-10-12 14:43:25.743143+00:00
349,521,1158.0,2951.0,1162.0,2955.0,16.0,2025-10-12 14:43:25.743143+00:00
349,522,1208.0,2946.0,1234.0,2960.0,364.0,2025-10-12 14:43:25.743143+00:00
349,527,1358.0,2945.0,1417.0,2957.0,708.0,2025-10-12 14:43:25.743143+00:00
349,532,1427.0,2950.0,1475.0,2960.0,480.0,2025-10-12 14:43:25.743143+00:00
349,542,1547.0,2947.0,1609.0,2958.0,682.0,2025-10-12 14:43:25.743143+00:00
349,549,1675.0,2950.0,1710.0,2963.0,455.0,2025-10-12 14:43:25.743143+00:00
350,491,1668.0,3142.0,1683.0,3151.0,135.0,2025-10-12 14:43:25.783143+00:00
350,503,403.0,2955.0,433.0,2964.0,270.0,2025-10-12 14:43:25.783143+00:00
350,514,974.0,2927.0,981.0,2933.0,42.0,2025-10-12 14:43:25.783143+00:00
350,521,1146.0,2949.0,1154.0,2956.0,56.0,2025-10-12 14:43:25.783143+00:00
350,522,1204.0,2952.0,1209.0,2961.0,45.0,2025-10-12 14:43:25.783143+00:00
350,527,1400.0,2943.0,1451.0,2960.0,867.0,2025-10-12 14:43:25.783143+00:00
350,528,1254.0,2939.0,1324.0,2961.0,1540.0,2025-10-12 14:43:25.783143+00:00
350,530,1331.0,2942.0,1383.0,2959.0,884.0,2025-10-12 14:43:25.783143+00:00
350,532,1464.0,2943.0,1496.0,2961.0,576.0,2025-10-12 14:43:25.783143+00:00
350,542,1538.0,2951.0,1565.0,2956.0,135.0,2025-10-12 14:43:25.783143+00:00
351,491,1668.0,3141.0,1682.0,3150.0,126.0,2025-10-12 14:43:25.823143+00:00
351,503,395.0,2953.0,426.0,2963.0,310.0,2025-10-12 14:43:25.823143+00:00
351,514,966.0,2927.0,973.0,2932.0,35.0,2025-10-12 14:43:25.823143+00:00
351,521,1137.0,2947.0,1145.0,2954.0,56.0,2025-10-12 14:43:25.823143+00:00
351,522,1194.0,2952.0,1201.0,2958.0,42.0,2025-10-12 14:43:25.823143+00:00
351,527,1342.0,2940.0,1406.0,2960.0,1280.0,2025-10-12 14:43:25.823143+00:00
351,528,1243.0,2951.0,1278.0,2960.0,315.0,2025-10-12 14:43:25.823143+00:00
351,530,1311.0,2938.0,1332.0,2945.0,147.0,2025-10-12 14:43:25.823143+00:00
351,532,1456.0,2957.0,1468.0,2962.0,60.0,2025-10-12 14:43:25.823143+00:00
351,542,1531.0,2951.0,1558.0,2956.0,135.0,2025-10-12 14:43:25.823143+00:00
351,549,1618.0,2953.0,1669.0,2960.0,357.0,2025-10-12 14:43:25.823143+00:00
352,491,1672.0,3139.0,1687.0,3145.0,90.0,2025-10-12 14:43:25.863143+00:00
352,503,391.0,2955.0,420.0,2962.0,203.0,2025-10-12 14:43:25.863143+00:00
352,514,959.0,2925.0,966.0,2930.0,35.0,2025-10-12 14:43:25.863143+00:00
352,521,1129.0,2945.0,1137.0,2953.0,64.0,2025-10-12 14:43:25.863143+00:00
352,522,1186.0,2948.0,1192.0,2955.0,42.0,2025-10-12 14:43:25.863143+00:00
352,528,1234.0,2950.0,1272.0,2961.0,418.0,2025-10-12 14:43:25.863143+00:00
352,530,1318.0,2937.0,1369.0,2960.0,1173.0,2025-10-12 14:43:25.863143+00:00
352,532,1408.0,2947.0,1453.0,2961.0,630.0,2025-10-12 14:43:25.863143+00:00
352,542,1524.0,2949.0,1552.0,2956.0,196.0,2025-10-12 14:43:25.863143+00:00
352,549,1611.0,2951.0,1660.0,2959.0,392.0,2025-10-12 14:43:25.863143+00:00
353,491,1671.0,3132.0,1687.0,3145.0,208.0,2025-10-12 14:43:25.903143+00:00
353,503,385.0,2956.0,417.0,2964.0,256.0,2025-10-12 14:43:25.903143+00:00
353,514,952.0,2924.0,960.0,2930.0,48.0,2025-10-12 14:43:25.903143+00:00
353,521,1123.0,2946.0,1131.0,2954.0,64.0,2025-10-12 14:43:25.903143+00:00
353,527,1375.0,2943.0,1429.0,2961.0,972.0,2025-10-12 14:43:25.903143+00:00
353,528,1227.0,2951.0,1264.0,2960.0,333.0,2025-10-12 14:43:25.903143+00:00
353,530,1294.0,2937.0,1334.0,2956.0,760.0,2025-10-12 14:43:25.903143+00:00
353,532,1438.0,2945.0,1474.0,2959.0,504.0,2025-10-12 14:43:25.903143+00:00
353,542,1514.0,2947.0,1578.0,2956.0,576.0,2025-10-12 14:43:25.903143+00:00
353,549,1605.0,2950.0,1632.0,2959.0,243.0,2025-10-12 14:43:25.903143+00:00
354,491,1677.0,3138.0,1689.0,3146.0,96.0,2025-10-12 14:43:25.943143+00:00
354,503,378.0,2955.0,439.0,2968.0,793.0,2025-10-12 14:43:25.943143+00:00
354,514,944.0,2924.0,952.0,2930.0,48.0,2025-10-12 14:43:25.943143+00:00
354,522,1170.0,2951.0,1178.0,2956.0,40.0,2025-10-12 14:43:25.943143+00:00
354,528,1219.0,2935.0,1296.0,2960.0,1925.0,2025-10-12 14:43:25.943143+00:00
354,532,1383.0,2946.0,1437.0,2963.0,918.0,2025-10-12 14:43:25.943143+00:00
354,542,1507.0,2949.0,1536.0,2956.0,203.0,2025-10-12 14:43:25.943143+00:00
354,549,1563.0,2946.0,1622.0,2960.0,826.0,2025-10-12 14:43:25.943143+00:00
354,559,1637.0,2954.0,1672.0,2964.0,350.0,2025-10-12 14:43:25.943143+00:00
355,491,1674.0,3135.0,1686.0,3145.0,120.0,2025-10-12 14:43:25.983143+00:00
355,503,375.0,2952.0,436.0,2969.0,1037.0,2025-10-12 14:43:25.983143+00:00
355,514,938.0,2922.0,945.0,2930.0,56.0,2025-10-12 14:43:25.983143+00:00
355,521,1110.0,2944.0,1116.0,2951.0,42.0,2025-10-12 14:43:25.983143+00:00
355,522,1165.0,2949.0,1170.0,2954.0,25.0,2025-10-12 14:43:25.983143+00:00
355,527,1314.0,2936.0,1371.0,2961.0,1425.0,2025-10-12 14:43:25.983143+00:00
355,528,1215.0,2938.0,1287.0,2957.0,1368.0,2025-10-12 14:43:25.983143+00:00
355,532,1425.0,2946.0,1458.0,2961.0,495.0,2025-10-12 14:43:25.983143+00:00
355,542,1499.0,2949.0,1528.0,2956.0,203.0,2025-10-12 14:43:25.983143+00:00
355,549,1556.0,2949.0,1595.0,2957.0,312.0,2025-10-12 14:43:25.983143+00:00
355,559,1629.0,2953.0,1665.0,2964.0,396.0,2025-10-12 14:43:25.983143+00:00
356,491,1676.0,3133.0,1688.0,3139.0,72.0,2025-10-12 14:43:26.023143+00:00
356,503,370.0,2954.0,402.0,2961.0,224.0,2025-10-12 14:43:26.023143+00:00
356,514,931.0,2921.0,937.0,2928.0,42.0,2025-10-12 14:43:26.023143+00:00
356,522,1154.0,2946.0,1164.0,2953.0,70.0,2025-10-12 14:43:26.023143+00:00
356,528,1205.0,2938.0,1279.0,2960.0,1628.0,2025-10-12 14:43:26.023143+00:00
356,532,1365.0,2943.0,1420.0,2963.0,1100.0,2025-10-12 14:43:26.023143+00:00
356,542,1516.0,2948.0,1555.0,2957.0,351.0,2025-10-12 14:43:26.023143+00:00
356,559,1600.0,2950.0,1659.0,2961.0,649.0,2025-10-12 14:43:26.023143+00:00
357,491,1677.0,3127.0,1692.0,3137.0,150.0,2025-10-12 14:43:26.063143+00:00
357,503,362.0,2954.0,433.0,2969.0,1065.0,2025-10-12 14:43:26.063143+00:00
357,514,923.0,2920.0,930.0,2928.0,56.0,2025-10-12 14:43:26.063143+00:00
357,521,1093.0,2946.0,1101.0,2954.0,64.0,2025-10-12 14:43:26.063143+00:00
357,522,1147.0,2948.0,1156.0,2954.0,54.0,2025-10-12 14:43:26.063143+00:00
357,527,1264.0,2935.0,1305.0,2956.0,861.0,2025-10-12 14:43:26.063143+00:00
357,528,1198.0,2952.0,1237.0,2960.0,312.0,2025-10-12 14:43:26.063143+00:00
357,532,1407.0,2943.0,1444.0,2958.0,555.0,2025-10-12 14:43:26.063143+00:00
357,542,1509.0,2945.0,1580.0,2960.0,1065.0,2025-10-12 14:43:26.063143+00:00
358,491,1674.0,3130.0,1694.0,3137.0,140.0,2025-10-12 14:43:26.103143+00:00
358,503,359.0,2954.0,392.0,2962.0,264.0,2025-10-12 14:43:26.103143+00:00
358,514,915.0,2920.0,923.0,2930.0,80.0,2025-10-12 14:43:26.103143+00:00
358,521,1087.0,2946.0,1095.0,2953.0,56.0,2025-10-12 14:43:26.103143+00:00
358,522,1139.0,2948.0,1150.0,2955.0,77.0,2025-10-12 14:43:26.103143+00:00
358,528,1190.0,2932.0,1265.0,2960.0,2100.0,2025-10-12 14:43:26.103143+00:00
358,532,1350.0,2943.0,1409.0,2961.0,1062.0,2025-10-12 14:43:26.103143+00:00
358,542,1499.0,2946.0,1540.0,2955.0,369.0,2025-10-12 14:43:26.103143+00:00
358,559,1569.0,2950.0,1615.0,2959.0,414.0,2025-10-12 14:43:26.103143+00:00
359,491,1678.0,3131.0,1693.0,3140.0,135.0,2025-10-12 14:43:26.143143+00:00
359,503,355.0,2951.0,386.0,2960.0,279.0,2025-10-12 14:43:26.143143+00:00
359,514,909.0,2920.0,916.0,2930.0,70.0,2025-10-12 14:43:26.143143+00:00
359,521,1079.0,2943.0,1088.0,2950.0,63.0,2025-10-12 14:43:26.143143+00:00
359,522,1135.0,2949.0,1141.0,2954.0,30.0,2025-10-12 14:43:26.143143+00:00
359,527,1212.0,2935.0,1258.0,2956.0,966.0,2025-10-12 14:43:26.143143+00:00
359,530,1322.0,2936.0,1380.0,2959.0,1334.0,2025-10-12 14:43:26.143143+00:00
359,532,1393.0,2946.0,1428.0,2959.0,455.0,2025-10-12 14:43:26.143143+00:00
359,542,1470.0,2946.0,1498.0,2957.0,308.0,2025-10-12 14:43:26.143143+00:00
359,559,1597.0,2950.0,1635.0,2962.0,456.0,2025-10-12 14:43:26.143143+00:00
360,491,1679.0,3126.0,1694.0,3136.0,150.0,2025-10-12 14:43:26.183143+00:00
360,514,903.0,2919.0,913.0,2929.0,100.0,2025-10-12 14:43:26.183143+00:00
360,521,1075.0,2946.0,1080.0,2950.0,20.0,2025-10-12 14:43:26.183143+00:00
360,528,1174.0,2934.0,1250.0,2959.0,1900.0,2025-10-12 14:43:26.183143+00:00
360,530,1276.0,2937.0,1340.0,2955.0,1152.0,2025-10-12 14:43:26.183143+00:00
360,532,1384.0,2943.0,1421.0,2958.0,555.0,2025-10-12 14:43:26.183143+00:00
360,542,1460.0,2944.0,1490.0,2953.0,270.0,2025-10-12 14:43:26.183143+00:00
360,559,1591.0,2950.0,1627.0,2961.0,396.0,2025-10-12 14:43:26.183143+00:00
361,491,1685.0,3123.0,1697.0,3133.0,120.0,2025-10-12 14:43:26.223143+00:00
361,503,344.0,2954.0,377.0,2961.0,231.0,2025-10-12 14:43:26.223143+00:00
361,514,895.0,2919.0,905.0,2928.0,90.0,2025-10-12 14:43:26.223143+00:00
361,521,1064.0,2942.0,1072.0,2952.0,80.0,2025-10-12 14:43:26.223143+00:00
361,522,1116.0,2947.0,1125.0,2956.0,81.0,2025-10-12 14:43:26.223143+00:00
361,528,1172.0,2934.0,1243.0,2958.0,1704.0,2025-10-12 14:43:26.223143+00:00
361,530,1253.0,2936.0,1317.0,2955.0,1216.0,2025-10-12 14:43:26.223143+00:00
361,532,1376.0,2938.0,1412.0,2958.0,720.0,2025-10-12 14:43:26.223143+00:00
361,542,1451.0,2946.0,1481.0,2956.0,300.0,2025-10-12 14:43:26.223143+00:00
361,559,1563.0,2947.0,1593.0,2959.0,360.0,2025-10-12 14:43:26.223143+00:00
362,491,1680.0,3120.0,1698.0,3131.0,198.0,2025-10-12 14:43:26.263143+00:00
362,503,363.0,2954.0,417.0,2967.0,702.0,2025-10-12 14:43:26.263143+00:00
362,514,887.0,2921.0,895.0,2930.0,72.0,2025-10-12 14:43:26.263143+00:00
362,521,1059.0,2945.0,1064.0,2949.0,20.0,2025-10-12 14:43:26.263143+00:00
362,522,1109.0,2947.0,1118.0,2953.0,54.0,2025-10-12 14:43:26.263143+00:00
362,528,1161.0,2931.0,1236.0,2958.0,2025.0,2025-10-12 14:43:26.263143+00:00
362,532,1331.0,2939.0,1376.0,2960.0,945.0,2025-10-12 14:43:26.263143+00:00
362,542,1447.0,2946.0,1509.0,2954.0,496.0,2025-10-12 14:43:26.263143+00:00
362,559,1574.0,2951.0,1612.0,2965.0,532.0,2025-10-12 14:43:26.263143+00:00
363,491,1681.0,3123.0,1698.0,3135.0,204.0,2025-10-12 14:43:26.303143+00:00
363,503,335.0,2951.0,393.0,2967.0,928.0,2025-10-12 14:43:26.303143+00:00
363,514,881.0,2921.0,889.0,2928.0,56.0,2025-10-12 14:43:26.303143+00:00
363,521,1051.0,2941.0,1058.0,2949.0,56.0,2025-10-12 14:43:26.303143+00:00
363,522,1103.0,2943.0,1111.0,2951.0,64.0,2025-10-12 14:43:26.303143+00:00
363,528,1154.0,2935.0,1228.0,2957.0,1628.0,2025-10-12 14:43:26.303143+00:00
363,530,1298.0,2936.0,1350.0,2957.0,1092.0,2025-10-12 14:43:26.303143+00:00
363,532,1364.0,2941.0,1400.0,2960.0,684.0,2025-10-12 14:43:26.303143+00:00
363,542,1439.0,2943.0,1467.0,2952.0,252.0,2025-10-12 14:43:26.303143+00:00
363,559,1568.0,2946.0,1604.0,2961.0,540.0,2025-10-12 14:43:26.303143+00:00
363,561,672.0,2959.0,704.0,2980.0,672.0,2025-10-12 14:43:26.303143+00:00
364,491,1687.0,3121.0,1698.0,3129.0,88.0,2025-10-12 14:43:26.343143+00:00
364,503,330.0,2950.0,387.0,2966.0,912.0,2025-10-12 14:43:26.343143+00:00
364,514,874.0,2916.0,882.0,2926.0,80.0,2025-10-12 14:43:26.343143+00:00
364,521,1046.0,2942.0,1051.0,2950.0,40.0,2025-10-12 14:43:26.343143+00:00
364,522,1100.0,2949.0,1104.0,2952.0,12.0,2025-10-12 14:43:26.343143+00:00
364,528,1175.0,2950.0,1183.0,2956.0,48.0,2025-10-12 14:43:26.343143+00:00
364,530,1215.0,2933.0,1273.0,2953.0,1160.0,2025-10-12 14:43:26.343143+00:00
364,532,1307.0,2942.0,1361.0,2958.0,864.0,2025-10-12 14:43:26.343143+00:00
364,549,1455.0,2943.0,1525.0,2958.0,1050.0,2025-10-12 14:43:26.343143+00:00
364,559,1562.0,2951.0,1596.0,2960.0,306.0,2025-10-12 14:43:26.343143+00:00
364,561,668.0,2928.0,731.0,2977.0,3087.0,2025-10-12 14:43:26.343143+00:00
365,491,1693.0,3117.0,1703.0,3124.0,70.0,2025-10-12 14:43:26.383143+00:00
365,503,324.0,2952.0,385.0,2962.0,610.0,2025-10-12 14:43:26.383143+00:00
365,514,866.0,2918.0,874.0,2926.0,64.0,2025-10-12 14:43:26.383143+00:00
365,521,1035.0,2943.0,1043.0,2950.0,56.0,2025-10-12 14:43:26.383143+00:00
365,522,1087.0,2947.0,1096.0,2954.0,63.0,2025-10-12 14:43:26.383143+00:00
365,528,1139.0,2931.0,1215.0,2957.0,1976.0,2025-10-12 14:43:26.383143+00:00
365,530,1280.0,2936.0,1336.0,2959.0,1288.0,2025-10-12 14:43:26.383143+00:00
365,532,1351.0,2936.0,1383.0,2958.0,704.0,2025-10-12 14:43:26.383143+00:00
365,542,1422.0,2944.0,1453.0,2952.0,248.0,2025-10-12 14:43:26.383143+00:00
365,559,1554.0,2949.0,1590.0,2961.0,432.0,2025-10-12 14:43:26.383143+00:00
365,561,663.0,2930.0,722.0,2996.0,3894.0,2025-10-12 14:43:26.383143+00:00
366,491,1690.0,3111.0,1703.0,3123.0,156.0,2025-10-12 14:43:26.423143+00:00
366,514,861.0,2918.0,868.0,2928.0,70.0,2025-10-12 14:43:26.423143+00:00
366,521,1030.0,2942.0,1040.0,2948.0,60.0,2025-10-12 14:43:26.423143+00:00
366,522,1083.0,2946.0,1088.0,2950.0,20.0,2025-10-12 14:43:26.423143+00:00
366,528,1135.0,2926.0,1207.0,2956.0,2160.0,2025-10-12 14:43:26.423143+00:00
366,530,1231.0,2931.0,1287.0,2954.0,1288.0,2025-10-12 14:43:26.423143+00:00
366,532,1291.0,2940.0,1347.0,2961.0,1176.0,2025-10-12 14:43:26.423143+00:00
366,542,1415.0,2940.0,1477.0,2952.0,744.0,2025-10-12 14:43:26.423143+00:00
366,559,1527.0,2946.0,1578.0,2960.0,714.0,2025-10-12 14:43:26.423143+00:00
367,491,1687.0,3115.0,1706.0,3122.0,133.0,2025-10-12 14:43:26.463143+00:00
367,514,855.0,2918.0,862.0,2924.0,42.0,2025-10-12 14:43:26.463143+00:00
367,521,1021.0,2939.0,1032.0,2948.0,99.0,2025-10-12 14:43:26.463143+00:00
367,522,1073.0,2943.0,1081.0,2950.0,56.0,2025-10-12 14:43:26.463143+00:00
367,528,1126.0,2931.0,1200.0,2957.0,1924.0,2025-10-12 14:43:26.463143+00:00
367,530,1262.0,2930.0,1320.0,2958.0,1624.0,2025-10-12 14:43:26.463143+00:00
367,542,1406.0,2942.0,1438.0,2950.0,256.0,2025-10-12 14:43:26.463143+00:00
367,559,1539.0,2943.0,1576.0,2961.0,666.0,2025-10-12 14:43:26.463143+00:00
367,561,655.0,2937.0,715.0,3004.0,4020.0,2025-10-12 14:43:26.463143+00:00
368,491,1690.0,3111.0,1704.0,3122.0,154.0,2025-10-12 14:43:26.503143+00:00
368,503,313.0,2953.0,342.0,2958.0,145.0,2025-10-12 14:43:26.503143+00:00
368,514,847.0,2915.0,855.0,2924.0,72.0,2025-10-12 14:43:26.503143+00:00
368,521,1016.0,2945.0,1023.0,2949.0,28.0,2025-10-12 14:43:26.503143+00:00
368,522,1071.0,2948.0,1074.0,2952.0,12.0,2025-10-12 14:43:26.503143+00:00
368,528,1121.0,2930.0,1193.0,2958.0,2016.0,2025-10-12 14:43:26.503143+00:00
368,530,1253.0,2935.0,1314.0,2960.0,1525.0,2025-10-12 14:43:26.503143+00:00
368,532,1327.0,2939.0,1362.0,2957.0,630.0,2025-10-12 14:43:26.503143+00:00
368,542,1399.0,2942.0,1464.0,2954.0,780.0,2025-10-12 14:43:26.503143+00:00
368,559,1488.0,2943.0,1540.0,2957.0,728.0,2025-10-12 14:43:26.503143+00:00
368,561,651.0,2927.0,711.0,2989.0,3720.0,2025-10-12 14:43:26.503143+00:00
369,491,1694.0,3107.0,1704.0,3116.0,90.0,2025-10-12 14:43:26.543143+00:00
369,503,302.0,2952.0,339.0,2959.0,259.0,2025-10-12 14:43:26.543143+00:00
369,514,784.0,2924.0,848.0,2963.0,2496.0,2025-10-12 14:43:26.543143+00:00
369,521,1006.0,2943.0,1015.0,2951.0,72.0,2025-10-12 14:43:26.543143+00:00
369,522,1058.0,2945.0,1067.0,2952.0,63.0,2025-10-12 14:43:26.543143+00:00
369,528,1110.0,2927.0,1187.0,2956.0,2233.0,2025-10-12 14:43:26.543143+00:00
369,530,1210.0,2932.0,1273.0,2953.0,1323.0,2025-10-12 14:43:26.543143+00:00
369,532,1274.0,2939.0,1326.0,2958.0,988.0,2025-10-12 14:43:26.543143+00:00
369,542,1396.0,2943.0,1423.0,2952.0,243.0,2025-10-12 14:43:26.543143+00:00
369,549,1480.0,2944.0,1510.0,2954.0,300.0,2025-10-12 14:43:26.543143+00:00
369,559,1526.0,2947.0,1560.0,2960.0,442.0,2025-10-12 14:43:26.543143+00:00
369,561,645.0,2928.0,706.0,2976.0,2928.0,2025-10-12 14:43:26.543143+00:00
370,491,1699.0,3103.0,1711.0,3113.0,120.0,2025-10-12 14:43:26.583143+00:00
370,503,299.0,2951.0,334.0,2959.0,280.0,2025-10-12 14:43:26.583143+00:00
370,514,834.0,2918.0,842.0,2926.0,64.0,2025-10-12 14:43:26.583143+00:00
370,521,1002.0,2939.0,1008.0,2947.0,48.0,2025-10-12 14:43:26.583143+00:00
370,522,1052.0,2943.0,1059.0,2950.0,49.0,2025-10-12 14:43:26.583143+00:00
370,528,1105.0,2927.0,1180.0,2956.0,2175.0,2025-10-12 14:43:26.583143+00:00
370,530,1185.0,2927.0,1248.0,2952.0,1575.0,2025-10-12 14:43:26.583143+00:00
370,532,1310.0,2939.0,1348.0,2960.0,798.0,2025-10-12 14:43:26.583143+00:00
370,542,1387.0,2939.0,1449.0,2952.0,806.0,2025-10-12 14:43:26.583143+00:00
370,549,1473.0,2939.0,1525.0,2957.0,936.0,2025-10-12 14:43:26.583143+00:00
370,561,642.0,2927.0,702.0,2976.0,2940.0,2025-10-12 14:43:26.583143+00:00
371,491,1696.0,3101.0,1712.0,3111.0,160.0,2025-10-12 14:43:26.623143+00:00
371,503,295.0,2950.0,328.0,2956.0,198.0,2025-10-12 14:43:26.623143+00:00
371,514,800.0,2915.0,836.0,2958.0,1548.0,2025-10-12 14:43:26.623143+00:00
371,521,993.0,2939.0,1001.0,2947.0,64.0,2025-10-12 14:43:26.623143+00:00
371,528,1099.0,2926.0,1172.0,2953.0,1971.0,2025-10-12 14:43:26.623143+00:00
371,532,1255.0,2935.0,1311.0,2958.0,1288.0,2025-10-12 14:43:26.623143+00:00
371,542,1383.0,2942.0,1408.0,2948.0,150.0,2025-10-12 14:43:26.623143+00:00
371,549,1470.0,2939.0,1518.0,2956.0,816.0,2025-10-12 14:43:26.623143+00:00
371,561,635.0,2924.0,698.0,2971.0,2961.0,2025-10-12 14:43:26.623143+00:00
372,491,1703.0,3104.0,1714.0,3116.0,132.0,2025-10-12 14:43:26.663143+00:00
372,503,291.0,2951.0,324.0,2957.0,198.0,2025-10-12 14:43:26.663143+00:00
372,514,821.0,2912.0,830.0,2925.0,117.0,2025-10-12 14:43:26.663143+00:00
372,521,987.0,2942.0,996.0,2948.0,54.0,2025-10-12 14:43:26.663143+00:00
372,522,1039.0,2945.0,1045.0,2952.0,42.0,2025-10-12 14:43:26.663143+00:00
372,528,1088.0,2927.0,1164.0,2956.0,2204.0,2025-10-12 14:43:26.663143+00:00
372,542,1372.0,2941.0,1400.0,2949.0,224.0,2025-10-12 14:43:26.663143+00:00
372,549,1459.0,2943.0,1510.0,2956.0,663.0,2025-10-12 14:43:26.663143+00:00
372,561,633.0,2924.0,692.0,2972.0,2832.0,2025-10-12 14:43:26.663143+00:00
373,491,1703.0,3102.0,1714.0,3110.0,88.0,2025-10-12 14:43:26.703143+00:00
373,503,285.0,2950.0,320.0,2958.0,280.0,2025-10-12 14:43:26.703143+00:00
373,514,815.0,2917.0,823.0,2925.0,64.0,2025-10-12 14:43:26.703143+00:00
373,521,979.0,2942.0,988.0,2949.0,63.0,2025-10-12 14:43:26.703143+00:00
373,528,1082.0,2923.0,1159.0,2953.0,2310.0,2025-10-12 14:43:26.703143+00:00
373,530,1220.0,2928.0,1276.0,2955.0,1512.0,2025-10-12 14:43:26.703143+00:00
373,532,1287.0,2934.0,1327.0,2960.0,1040.0,2025-10-12 14:43:26.703143+00:00
373,542,1365.0,2939.0,1394.0,2950.0,319.0,2025-10-12 14:43:26.703143+00:00
373,549,1420.0,2943.0,1481.0,2952.0,549.0,2025-10-12 14:43:26.703143+00:00
373,559,1494.0,2942.0,1531.0,2958.0,592.0,2025-10-12 14:43:26.703143+00:00
373,561,626.0,2925.0,688.0,2969.0,2728.0,2025-10-12 14:43:26.703143+00:00
374,491,1707.0,3099.0,1718.0,3104.0,55.0,2025-10-12 14:43:26.743143+00:00
374,503,280.0,2951.0,313.0,2957.0,198.0,2025-10-12 14:43:26.743143+00:00
374,514,810.0,2917.0,817.0,2925.0,56.0,2025-10-12 14:43:26.743143+00:00
374,521,974.0,2938.0,980.0,2946.0,48.0,2025-10-12 14:43:26.743143+00:00
374,527,1023.0,2939.0,1031.0,2948.0,72.0,2025-10-12 14:43:26.743143+00:00
374,528,1074.0,2924.0,1152.0,2952.0,2184.0,2025-10-12 14:43:26.743143+00:00
374,532,1230.0,2932.0,1291.0,2958.0,1586.0,2025-10-12 14:43:26.743143+00:00
374,542,1359.0,2939.0,1382.0,2946.0,161.0,2025-10-12 14:43:26.743143+00:00
374,549,1448.0,2939.0,1497.0,2956.0,833.0,2025-10-12 14:43:26.743143+00:00
374,561,625.0,2923.0,684.0,2968.0,2655.0,2025-10-12 14:43:26.743143+00:00
375,491,1710.0,3094.0,1722.0,3104.0,120.0,2025-10-12 14:43:26.783143+00:00
375,503,275.0,2951.0,309.0,2956.0,170.0,2025-10-12 14:43:26.783143+00:00
375,514,784.0,2915.0,849.0,2957.0,2730.0,2025-10-12 14:43:26.783143+00:00
375,521,933.0,2907.0,974.0,2946.0,1599.0,2025-10-12 14:43:26.783143+00:00
375,522,1066.0,2943.0,1106.0,2953.0,400.0,2025-10-12 14:43:26.783143+00:00
375,527,1015.0,2942.0,1024.0,2948.0,54.0,2025-10-12 14:43:26.783143+00:00
375,528,1140.0,2923.0,1195.0,2946.0,1265.0,2025-10-12 14:43:26.783143+00:00
375,530,1202.0,2928.0,1263.0,2957.0,1769.0,2025-10-12 14:43:26.783143+00:00
375,532,1275.0,2935.0,1314.0,2957.0,858.0,2025-10-12 14:43:26.783143+00:00
375,542,1376.0,2940.0,1445.0,2953.0,897.0,2025-10-12 14:43:26.783143+00:00
375,559,1479.0,2938.0,1515.0,2956.0,648.0,2025-10-12 14:43:26.783143+00:00
375,561,618.0,2923.0,682.0,2968.0,2880.0,2025-10-12 14:43:26.783143+00:00
376,491,1707.0,3093.0,1720.0,3102.0,117.0,2025-10-12 14:43:26.823143+00:00
376,503,271.0,2950.0,306.0,2956.0,210.0,2025-10-12 14:43:26.823143+00:00
376,514,796.0,2913.0,805.0,2921.0,72.0,2025-10-12 14:43:26.823143+00:00
376,521,958.0,2941.0,968.0,2948.0,70.0,2025-10-12 14:43:26.823143+00:00
376,522,1061.0,2925.0,1138.0,2954.0,2233.0,2025-10-12 14:43:26.823143+00:00
376,527,1009.0,2942.0,1017.0,2951.0,72.0,2025-10-12 14:43:26.823143+00:00
376,530,1217.0,2930.0,1275.0,2957.0,1566.0,2025-10-12 14:43:26.823143+00:00
376,542,1344.0,2940.0,1373.0,2947.0,203.0,2025-10-12 14:43:26.823143+00:00
376,549,1399.0,2941.0,1456.0,2952.0,627.0,2025-10-12 14:43:26.823143+00:00
376,559,1472.0,2943.0,1508.0,2956.0,468.0,2025-10-12 14:43:26.823143+00:00
376,561,615.0,2924.0,675.0,2968.0,2640.0,2025-10-12 14:43:26.823143+00:00
377,491,1711.0,3094.0,1726.0,3106.0,180.0,2025-10-12 14:43:26.863143+00:00
377,503,292.0,2951.0,346.0,2961.0,540.0,2025-10-12 14:43:26.863143+00:00
377,514,791.0,2917.0,800.0,2925.0,72.0,2025-10-12 14:43:26.863143+00:00
377,521,953.0,2941.0,962.0,2946.0,45.0,2025-10-12 14:43:26.863143+00:00
377,522,1055.0,2922.0,1131.0,2952.0,2280.0,2025-10-12 14:43:26.863143+00:00
377,530,1175.0,2923.0,1232.0,2950.0,1539.0,2025-10-12 14:43:26.863143+00:00
377,532,1259.0,2934.0,1299.0,2958.0,960.0,2025-10-12 14:43:26.863143+00:00
377,542,1338.0,2935.0,1366.0,2947.0,336.0,2025-10-12 14:43:26.863143+00:00
377,549,1392.0,2945.0,1430.0,2951.0,228.0,2025-10-12 14:43:26.863143+00:00
377,559,1466.0,2940.0,1500.0,2957.0,578.0,2025-10-12 14:43:26.863143+00:00
377,561,612.0,2924.0,672.0,2965.0,2460.0,2025-10-12 14:43:26.863143+00:00
378,491,1712.0,3093.0,1726.0,3101.0,112.0,2025-10-12 14:43:26.903143+00:00
378,503,262.0,2952.0,316.0,2957.0,270.0,2025-10-12 14:43:26.903143+00:00
378,514,754.0,2917.0,832.0,2956.0,3042.0,2025-10-12 14:43:26.903143+00:00
378,521,947.0,2936.0,955.0,2945.0,72.0,2025-10-12 14:43:26.903143+00:00
378,522,1047.0,2925.0,1125.0,2951.0,2028.0,2025-10-12 14:43:26.903143+00:00
378,527,995.0,2939.0,1004.0,2948.0,81.0,2025-10-12 14:43:26.903143+00:00
378,530,1149.0,2924.0,1207.0,2952.0,1624.0,2025-10-12 14:43:26.903143+00:00
378,532,1212.0,2934.0,1260.0,2957.0,1104.0,2025-10-12 14:43:26.903143+00:00
378,542,1334.0,2939.0,1358.0,2946.0,168.0,2025-10-12 14:43:26.903143+00:00
378,549,1384.0,2942.0,1423.0,2950.0,312.0,2025-10-12 14:43:26.903143+00:00
378,559,1455.0,2937.0,1494.0,2956.0,741.0,2025-10-12 14:43:26.903143+00:00
378,561,606.0,2919.0,667.0,2965.0,2806.0,2025-10-12 14:43:26.903143+00:00
379,491,1718.0,3091.0,1732.0,3096.0,70.0,2025-10-12 14:43:26.943143+00:00
379,503,257.0,2951.0,289.0,2958.0,224.0,2025-10-12 14:43:26.943143+00:00
379,514,780.0,2915.0,786.0,2920.0,30.0,2025-10-12 14:43:26.943143+00:00
379,521,938.0,2938.0,947.0,2945.0,63.0,2025-10-12 14:43:26.943143+00:00
379,522,1038.0,2943.0,1077.0,2951.0,312.0,2025-10-12 14:43:26.943143+00:00
379,527,987.0,2942.0,997.0,2948.0,60.0,2025-10-12 14:43:26.943143+00:00
379,528,1115.0,2922.0,1179.0,2947.0,1600.0,2025-10-12 14:43:26.943143+00:00
379,530,1181.0,2928.0,1236.0,2956.0,1540.0,2025-10-12 14:43:26.943143+00:00
379,532,1247.0,2934.0,1284.0,2956.0,814.0,2025-10-12 14:43:26.943143+00:00
379,542,1346.0,2938.0,1384.0,2951.0,494.0,2025-10-12 14:43:26.943143+00:00
379,559,1411.0,2943.0,1461.0,2952.0,450.0,2025-10-12 14:43:26.943143+00:00
379,561,604.0,2919.0,664.0,2967.0,2880.0,2025-10-12 14:43:26.943143+00:00
380,491,1722.0,3087.0,1733.0,3095.0,88.0,2025-10-12 14:43:26.983143+00:00
380,503,278.0,2951.0,332.0,2958.0,378.0,2025-10-12 14:43:26.983143+00:00
380,514,774.0,2915.0,818.0,2953.0,1672.0,2025-10-12 14:43:26.983143+00:00
380,521,932.0,2940.0,942.0,2948.0,80.0,2025-10-12 14:43:26.983143+00:00
380,522,1033.0,2922.0,1111.0,2952.0,2340.0,2025-10-12 14:43:26.983143+00:00
380,530,1134.0,2923.0,1191.0,2947.0,1368.0,2025-10-12 14:43:26.983143+00:00
380,532,1194.0,2931.0,1248.0,2956.0,1350.0,2025-10-12 14:43:26.983143+00:00
380,542,1338.0,2940.0,1378.0,2951.0,440.0,2025-10-12 14:43:26.983143+00:00
380,559,1403.0,2941.0,1452.0,2950.0,441.0,2025-10-12 14:43:26.983143+00:00
380,561,599.0,2923.0,660.0,2965.0,2562.0,2025-10-12 14:43:26.983143+00:00
381,491,1718.0,3085.0,1735.0,3097.0,204.0,2025-10-12 14:43:27.023143+00:00
381,503,245.0,2949.0,304.0,2960.0,649.0,2025-10-12 14:43:27.023143+00:00
381,514,739.0,2916.0,812.0,2955.0,2847.0,2025-10-12 14:43:27.023143+00:00
381,521,927.0,2939.0,936.0,2946.0,63.0,2025-10-12 14:43:27.023143+00:00
381,522,1028.0,2919.0,1104.0,2952.0,2508.0,2025-10-12 14:43:27.023143+00:00
381,527,974.0,2941.0,983.0,2947.0,54.0,2025-10-12 14:43:27.023143+00:00
381,530,1164.0,2924.0,1222.0,2953.0,1682.0,2025-10-12 14:43:27.023143+00:00
381,532,1233.0,2932.0,1311.0,2956.0,1872.0,2025-10-12 14:43:27.023143+00:00
381,542,1332.0,2940.0,1370.0,2948.0,304.0,2025-10-12 14:43:27.023143+00:00
381,559,1394.0,2940.0,1437.0,2952.0,516.0,2025-10-12 14:43:27.023143+00:00
381,561,596.0,2921.0,656.0,2962.0,2460.0,2025-10-12 14:43:27.023143+00:00
382,491,1722.0,3086.0,1741.0,3097.0,209.0,2025-10-12 14:43:27.063143+00:00
382,503,246.0,2951.0,298.0,2961.0,520.0,2025-10-12 14:43:27.063143+00:00
382,514,737.0,2916.0,808.0,2955.0,2769.0,2025-10-12 14:43:27.063143+00:00
382,521,921.0,2936.0,929.0,2944.0,64.0,2025-10-12 14:43:27.063143+00:00
382,522,1019.0,2921.0,1097.0,2949.0,2184.0,2025-10-12 14:43:27.063143+00:00
382,527,966.0,2938.0,975.0,2947.0,81.0,2025-10-12 14:43:27.063143+00:00
382,528,1122.0,2922.0,1177.0,2948.0,1430.0,2025-10-12 14:43:27.063143+00:00
382,532,1189.0,2927.0,1234.0,2954.0,1215.0,2025-10-12 14:43:27.063143+00:00
382,542,1306.0,2935.0,1362.0,2948.0,728.0,2025-10-12 14:43:27.063143+00:00
382,559,1429.0,2937.0,1466.0,2953.0,592.0,2025-10-12 14:43:27.063143+00:00
383,491,1726.0,3087.0,1738.0,3095.0,96.0,2025-10-12 14:43:27.103143+00:00
383,503,234.0,2950.0,269.0,2957.0,245.0,2025-10-12 14:43:27.103143+00:00
383,514,724.0,2915.0,802.0,2954.0,3042.0,2025-10-12 14:43:27.103143+00:00
383,521,914.0,2937.0,924.0,2944.0,70.0,2025-10-12 14:43:27.103143+00:00
383,522,1014.0,2943.0,1053.0,2951.0,312.0,2025-10-12 14:43:27.103143+00:00
383,527,962.0,2942.0,970.0,2948.0,48.0,2025-10-12 14:43:27.103143+00:00
383,528,1088.0,2919.0,1144.0,2943.0,1344.0,2025-10-12 14:43:27.103143+00:00
383,530,1156.0,2924.0,1208.0,2957.0,1716.0,2025-10-12 14:43:27.103143+00:00
383,532,1220.0,2927.0,1260.0,2954.0,1080.0,2025-10-12 14:43:27.103143+00:00
383,542,1298.0,2938.0,1326.0,2946.0,224.0,2025-10-12 14:43:27.103143+00:00
383,559,1380.0,2941.0,1434.0,2953.0,648.0,2025-10-12 14:43:27.103143+00:00
384,491,1729.0,3085.0,1742.0,3090.0,65.0,2025-10-12 14:43:27.143143+00:00
384,503,231.0,2952.0,264.0,2957.0,165.0,2025-10-12 14:43:27.143143+00:00
384,514,696.0,2916.0,757.0,2948.0,1952.0,2025-10-12 14:43:27.143143+00:00
384,521,906.0,2939.0,917.0,2946.0,77.0,2025-10-12 14:43:27.143143+00:00
384,522,1007.0,2943.0,1048.0,2952.0,369.0,2025-10-12 14:43:27.143143+00:00
384,527,955.0,2942.0,964.0,2948.0,54.0,2025-10-12 14:43:27.143143+00:00
384,528,1109.0,2918.0,1170.0,2945.0,1647.0,2025-10-12 14:43:27.143143+00:00
384,532,1212.0,2929.0,1252.0,2956.0,1080.0,2025-10-12 14:43:27.143143+00:00
384,542,1290.0,2933.0,1319.0,2944.0,319.0,2025-10-12 14:43:27.143143+00:00
384,559,1415.0,2939.0,1452.0,2954.0,555.0,2025-10-12 14:43:27.143143+00:00
385,491,1735.0,3080.0,1745.0,3089.0,90.0,2025-10-12 14:43:27.183143+00:00
385,503,225.0,2952.0,261.0,2961.0,324.0,2025-10-12 14:43:27.183143+00:00
385,514,712.0,2916.0,790.0,2953.0,2886.0,2025-10-12 14:43:27.183143+00:00
385,521,903.0,2938.0,911.0,2943.0,40.0,2025-10-12 14:43:27.183143+00:00
385,522,1003.0,2918.0,1077.0,2949.0,2294.0,2025-10-12 14:43:27.183143+00:00
385,527,949.0,2939.0,956.0,2945.0,42.0,2025-10-12 14:43:27.183143+00:00
385,528,1106.0,2919.0,1163.0,2948.0,1653.0,2025-10-12 14:43:27.183143+00:00
385,532,1167.0,2925.0,1216.0,2952.0,1323.0,2025-10-12 14:43:27.183143+00:00
385,561,672.0,2939.0,698.0,2948.0,234.0,2025-10-12 14:43:27.183143+00:00
386,491,1731.0,3081.0,1745.0,3088.0,98.0,2025-10-12 14:43:27.223143+00:00
386,503,218.0,2951.0,256.0,2960.0,342.0,2025-10-12 14:43:27.223143+00:00
386,514,707.0,2916.0,747.0,2953.0,1480.0,2025-10-12 14:43:27.223143+00:00
386,521,894.0,2935.0,904.0,2943.0,80.0,2025-10-12 14:43:27.223143+00:00
386,522,993.0,2939.0,1032.0,2948.0,351.0,2025-10-12 14:43:27.223143+00:00
386,527,938.0,2939.0,949.0,2946.0,77.0,2025-10-12 14:43:27.223143+00:00
386,528,1070.0,2919.0,1128.0,2944.0,1450.0,2025-10-12 14:43:27.223143+00:00
386,530,1140.0,2920.0,1188.0,2952.0,1536.0,2025-10-12 14:43:27.223143+00:00
386,532,1200.0,2929.0,1238.0,2951.0,836.0,2025-10-12 14:43:27.223143+00:00
386,542,1276.0,2936.0,1336.0,2946.0,600.0,2025-10-12 14:43:27.223143+00:00
386,559,1359.0,2939.0,1412.0,2950.0,583.0,2025-10-12 14:43:27.223143+00:00
386,561,675.0,2936.0,697.0,2948.0,264.0,2025-10-12 14:43:27.223143+00:00
387,491,1739.0,3083.0,1753.0,3092.0,126.0,2025-10-12 14:43:27.263143+00:00
387,514,705.0,2914.0,744.0,2952.0,1482.0,2025-10-12 14:43:27.263143+00:00
387,521,888.0,2935.0,898.0,2944.0,90.0,2025-10-12 14:43:27.263143+00:00
387,522,987.0,2943.0,1027.0,2950.0,280.0,2025-10-12 14:43:27.263143+00:00
387,527,935.0,2941.0,944.0,2948.0,63.0,2025-10-12 14:43:27.263143+00:00
387,528,1092.0,2919.0,1156.0,2944.0,1600.0,2025-10-12 14:43:27.263143+00:00
387,532,1194.0,2925.0,1232.0,2952.0,1026.0,2025-10-12 14:43:27.263143+00:00
387,542,1271.0,2935.0,1298.0,2943.0,216.0,2025-10-12 14:43:27.263143+00:00
387,559,1353.0,2939.0,1397.0,2951.0,528.0,2025-10-12 14:43:27.263143+00:00
388,491,1739.0,3081.0,1748.0,3088.0,63.0,2025-10-12 14:43:27.303143+00:00
388,503,209.0,2951.0,244.0,2957.0,210.0,2025-10-12 14:43:27.303143+00:00
388,514,699.0,2916.0,736.0,2952.0,1332.0,2025-10-12 14:43:27.303143+00:00
388,521,881.0,2938.0,892.0,2944.0,66.0,2025-10-12 14:43:27.303143+00:00
388,522,980.0,2943.0,1021.0,2951.0,328.0,2025-10-12 14:43:27.303143+00:00
388,527,929.0,2941.0,938.0,2946.0,45.0,2025-10-12 14:43:27.303143+00:00
388,528,1086.0,2917.0,1150.0,2944.0,1728.0,2025-10-12 14:43:27.303143+00:00
388,532,1186.0,2926.0,1226.0,2953.0,1080.0,2025-10-12 14:43:27.303143+00:00
388,542,1263.0,2933.0,1292.0,2943.0,290.0,2025-10-12 14:43:27.303143+00:00
388,559,1388.0,2937.0,1426.0,2952.0,570.0,2025-10-12 14:43:27.303143+00:00
389,491,1742.0,3078.0,1755.0,3084.0,78.0,2025-10-12 14:43:27.343143+00:00
389,503,204.0,2950.0,240.0,2960.0,360.0,2025-10-12 14:43:27.343143+00:00
389,521,877.0,2936.0,884.0,2942.0,42.0,2025-10-12 14:43:27.343143+00:00
389,522,977.0,2942.0,1012.0,2947.0,175.0,2025-10-12 14:43:27.343143+00:00
389,527,922.0,2937.0,930.0,2944.0,56.0,2025-10-12 14:43:27.343143+00:00
389,528,1081.0,2917.0,1145.0,2944.0,1728.0,2025-10-12 14:43:27.343143+00:00
389,532,1182.0,2927.0,1258.0,2950.0,1748.0,2025-10-12 14:43:27.343143+00:00
389,561,664.0,2916.0,728.0,2956.0,2560.0,2025-10-12 14:43:27.343143+00:00
390,491,1748.0,3074.0,1756.0,3084.0,80.0,2025-10-12 14:43:27.383143+00:00
390,503,203.0,2951.0,233.0,2958.0,210.0,2025-10-12 14:43:27.383143+00:00
390,514,694.0,2916.0,735.0,2954.0,1558.0,2025-10-12 14:43:27.383143+00:00
390,521,870.0,2935.0,879.0,2944.0,81.0,2025-10-12 14:43:27.383143+00:00
390,522,966.0,2938.0,1009.0,2946.0,344.0,2025-10-12 14:43:27.383143+00:00
390,527,914.0,2938.0,924.0,2945.0,70.0,2025-10-12 14:43:27.383143+00:00
390,532,1152.0,2923.0,1216.0,2952.0,1856.0,2025-10-12 14:43:27.383143+00:00
390,542,1250.0,2935.0,1277.0,2942.0,189.0,2025-10-12 14:43:27.383143+00:00
390,559,1374.0,2940.0,1411.0,2949.0,333.0,2025-10-12 14:43:27.383143+00:00
390,561,634.0,2930.0,683.0,2943.0,637.0,2025-10-12 14:43:27.383143+00:00
391,491,1743.0,3077.0,1761.0,3083.0,108.0,2025-10-12 14:43:27.423143+00:00
391,503,195.0,2949.0,228.0,2956.0,231.0,2025-10-12 14:43:27.423143+00:00
391,514,691.0,2914.0,734.0,2952.0,1634.0,2025-10-12 14:43:27.423143+00:00
391,521,866.0,2935.0,911.0,2944.0,405.0,2025-10-12 14:43:27.423143+00:00
391,522,960.0,2941.0,1005.0,2949.0,360.0,2025-10-12 14:43:27.423143+00:00
391,528,1041.0,2917.0,1092.0,2940.0,1173.0,2025-10-12 14:43:27.423143+00:00
391,532,1167.0,2924.0,1245.0,2951.0,2106.0,2025-10-12 14:43:27.423143+00:00
391,559,1349.0,2935.0,1401.0,2948.0,676.0,2025-10-12 14:43:27.423143+00:00
391,561,618.0,2929.0,680.0,2946.0,1054.0,2025-10-12 14:43:27.423143+00:00
392,491,1745.0,3078.0,1764.0,3089.0,209.0,2025-10-12 14:43:27.463143+00:00
392,503,189.0,2950.0,224.0,2956.0,210.0,2025-10-12 14:43:27.463143+00:00
392,514,673.0,2916.0,728.0,2952.0,1980.0,2025-10-12 14:43:27.463143+00:00
392,521,858.0,2934.0,905.0,2944.0,470.0,2025-10-12 14:43:27.463143+00:00
392,522,955.0,2942.0,998.0,2948.0,258.0,2025-10-12 14:43:27.463143+00:00
392,528,1035.0,2915.0,1087.0,2943.0,1456.0,2025-10-12 14:43:27.463143+00:00
392,532,1133.0,2917.0,1197.0,2952.0,2240.0,2025-10-12 14:43:27.463143+00:00
392,542,1235.0,2932.0,1264.0,2940.0,232.0,2025-10-12 14:43:27.463143+00:00
392,559,1323.0,2935.0,1373.0,2947.0,600.0,2025-10-12 14:43:27.463143+00:00
392,561,617.0,2926.0,656.0,2946.0,780.0,2025-10-12 14:43:27.463143+00:00
393,491,1751.0,3077.0,1764.0,3084.0,91.0,2025-10-12 14:43:27.503143+00:00
393,503,184.0,2951.0,217.0,2958.0,231.0,2025-10-12 14:43:27.503143+00:00
393,514,666.0,2916.0,727.0,2955.0,2379.0,2025-10-12 14:43:27.503143+00:00
393,521,855.0,2935.0,897.0,2944.0,378.0,2025-10-12 14:43:27.503143+00:00
393,522,950.0,2941.0,989.0,2946.0,195.0,2025-10-12 14:43:27.503143+00:00
393,528,1030.0,2916.0,1082.0,2939.0,1196.0,2025-10-12 14:43:27.503143+00:00
393,530,1102.0,2915.0,1163.0,2949.0,2074.0,2025-10-12 14:43:27.503143+00:00
393,542,1230.0,2933.0,1259.0,2942.0,261.0,2025-10-12 14:43:27.503143+00:00
393,559,1313.0,2935.0,1360.0,2948.0,611.0,2025-10-12 14:43:27.503143+00:00
393,561,553.0,2927.0,619.0,2952.0,1650.0,2025-10-12 14:43:27.503143+00:00
394,491,1751.0,3074.0,1767.0,3081.0,112.0,2025-10-12 14:43:27.543143+00:00
394,503,181.0,2950.0,213.0,2958.0,256.0,2025-10-12 14:43:27.543143+00:00
394,514,661.0,2916.0,724.0,2952.0,2268.0,2025-10-12 14:43:27.543143+00:00
394,521,847.0,2935.0,893.0,2942.0,322.0,2025-10-12 14:43:27.543143+00:00
394,522,942.0,2938.0,982.0,2946.0,320.0,2025-10-12 14:43:27.543143+00:00
394,528,1022.0,2914.0,1076.0,2938.0,1296.0,2025-10-12 14:43:27.543143+00:00
394,530,1094.0,2915.0,1156.0,2949.0,2108.0,2025-10-12 14:43:27.543143+00:00
394,542,1227.0,2933.0,1251.0,2940.0,168.0,2025-10-12 14:43:27.543143+00:00
394,549,1278.0,2937.0,1336.0,2945.0,464.0,2025-10-12 14:43:27.543143+00:00
394,559,1346.0,2938.0,1387.0,2946.0,328.0,2025-10-12 14:43:27.543143+00:00
394,561,547.0,2926.0,613.0,2954.0,1848.0,2025-10-12 14:43:27.543143+00:00
395,491,1758.0,3070.0,1769.0,3080.0,110.0,2025-10-12 14:43:27.583143+00:00
395,503,173.0,2947.0,209.0,2956.0,324.0,2025-10-12 14:43:27.583143+00:00
395,514,658.0,2916.0,720.0,2951.0,2170.0,2025-10-12 14:43:27.583143+00:00
395,521,841.0,2934.0,887.0,2945.0,506.0,2025-10-12 14:43:27.583143+00:00
395,522,935.0,2938.0,980.0,2948.0,450.0,2025-10-12 14:43:27.583143+00:00
395,528,1020.0,2915.0,1046.0,2936.0,546.0,2025-10-12 14:43:27.583143+00:00
395,530,1063.0,2911.0,1117.0,2944.0,1782.0,2025-10-12 14:43:27.583143+00:00
395,532,1141.0,2922.0,1220.0,2949.0,2133.0,2025-10-12 14:43:27.583143+00:00
395,549,1299.0,2935.0,1354.0,2945.0,550.0,2025-10-12 14:43:27.583143+00:00
395,561,545.0,2926.0,612.0,2954.0,1876.0,2025-10-12 14:43:27.583143+00:00
396,491,1753.0,3072.0,1768.0,3080.0,120.0,2025-10-12 14:43:27.623143+00:00
396,503,169.0,2950.0,202.0,2957.0,231.0,2025-10-12 14:43:27.623143+00:00
396,514,651.0,2916.0,719.0,2952.0,2448.0,2025-10-12 14:43:27.623143+00:00
396,521,834.0,2934.0,882.0,2942.0,384.0,2025-10-12 14:43:27.623143+00:00
396,522,929.0,2939.0,971.0,2948.0,378.0,2025-10-12 14:43:27.623143+00:00
396,528,1013.0,2912.0,1026.0,2922.0,130.0,2025-10-12 14:43:27.623143+00:00
396,530,1037.0,2910.0,1092.0,2939.0,1595.0,2025-10-12 14:43:27.623143+00:00
396,542,1211.0,2932.0,1240.0,2939.0,203.0,2025-10-12 14:43:27.623143+00:00
396,549,1294.0,2934.0,1346.0,2946.0,624.0,2025-10-12 14:43:27.623143+00:00
396,561,544.0,2922.0,608.0,2951.0,1856.0,2025-10-12 14:43:27.623143+00:00
397,491,1759.0,3075.0,1773.0,3083.0,112.0,2025-10-12 14:43:27.663143+00:00
397,503,163.0,2950.0,199.0,2957.0,252.0,2025-10-12 14:43:27.663143+00:00
397,514,649.0,2916.0,716.0,2952.0,2412.0,2025-10-12 14:43:27.663143+00:00
397,522,922.0,2937.0,963.0,2944.0,287.0,2025-10-12 14:43:27.663143+00:00
397,532,1102.0,2916.0,1166.0,2948.0,2048.0,2025-10-12 14:43:27.663143+00:00
397,542,1205.0,2931.0,1233.0,2941.0,280.0,2025-10-12 14:43:27.663143+00:00
397,549,1257.0,2931.0,1316.0,2943.0,708.0,2025-10-12 14:43:27.663143+00:00
397,559,1327.0,2934.0,1368.0,2946.0,492.0,2025-10-12 14:43:27.663143+00:00
397,561,539.0,2923.0,607.0,2949.0,1768.0,2025-10-12 14:43:27.663143+00:00
398,491,1761.0,3075.0,1772.0,3084.0,99.0,2025-10-12 14:43:27.703143+00:00
398,503,160.0,2948.0,192.0,2957.0,288.0,2025-10-12 14:43:27.703143+00:00
398,521,823.0,2932.0,831.0,2937.0,40.0,2025-10-12 14:43:27.703143+00:00
398,522,918.0,2938.0,957.0,2945.0,273.0,2025-10-12 14:43:27.703143+00:00
398,528,976.0,2914.0,1026.0,2944.0,1500.0,2025-10-12 14:43:27.703143+00:00
398,532,1123.0,2918.0,1201.0,2945.0,2106.0,2025-10-12 14:43:27.703143+00:00
398,549,1288.0,2935.0,1336.0,2944.0,432.0,2025-10-12 14:43:27.703143+00:00
398,561,563.0,2921.0,653.0,2951.0,2700.0,2025-10-12 14:43:27.703143+00:00
399,491,1761.0,3070.0,1775.0,3080.0,140.0,2025-10-12 14:43:27.743143+00:00
399,503,153.0,2948.0,187.0,2954.0,204.0,2025-10-12 14:43:27.743143+00:00
399,514,643.0,2914.0,711.0,2949.0,2380.0,2025-10-12 14:43:27.743143+00:00
399,521,815.0,2930.0,863.0,2943.0,624.0,2025-10-12 14:43:27.743143+00:00
399,522,910.0,2938.0,952.0,2947.0,378.0,2025-10-12 14:43:27.743143+00:00
399,530,999.0,2908.0,1049.0,2937.0,1450.0,2025-10-12 14:43:27.743143+00:00
399,532,1082.0,2913.0,1124.0,2946.0,1386.0,2025-10-12 14:43:27.743143+00:00
399,549,1245.0,2935.0,1304.0,2943.0,472.0,2025-10-12 14:43:27.743143+00:00
399,559,1317.0,2935.0,1355.0,2946.0,418.0,2025-10-12 14:43:27.743143+00:00
399,561,560.0,2923.0,631.0,2949.0,1846.0,2025-10-12 14:43:27.743143+00:00
400,491,1766.0,3069.0,1776.0,3079.0,100.0,2025-10-12 14:43:27.783143+00:00
400,503,147.0,2949.0,184.0,2957.0,296.0,2025-10-12 14:43:27.783143+00:00
400,514,638.0,2916.0,707.0,2949.0,2277.0,2025-10-12 14:43:27.783143+00:00
400,521,810.0,2932.0,820.0,2940.0,80.0,2025-10-12 14:43:27.783143+00:00
400,522,907.0,2938.0,947.0,2947.0,360.0,2025-10-12 14:43:27.783143+00:00
400,527,854.0,2935.0,860.0,2940.0,30.0,2025-10-12 14:43:27.783143+00:00
400,530,994.0,2915.0,1019.0,2933.0,450.0,2025-10-12 14:43:27.783143+00:00
400,549,1239.0,2934.0,1276.0,2941.0,259.0,2025-10-12 14:43:27.783143+00:00
400,559,1290.0,2936.0,1343.0,2945.0,477.0,2025-10-12 14:43:27.783143+00:00
400,561,533.0,2922.0,599.0,2947.0,1650.0,2025-10-12 14:43:27.783143+00:00
401,491,1762.0,3069.0,1779.0,3079.0,170.0,2025-10-12 14:43:27.823143+00:00
401,503,143.0,2948.0,189.0,2956.0,368.0,2025-10-12 14:43:27.823143+00:00
401,514,620.0,2916.0,698.0,2948.0,2496.0,2025-10-12 14:43:27.823143+00:00
401,521,770.0,2899.0,813.0,2945.0,1978.0,2025-10-12 14:43:27.823143+00:00
401,522,895.0,2935.0,939.0,2945.0,440.0,2025-10-12 14:43:27.823143+00:00
401,527,844.0,2932.0,854.0,2940.0,80.0,2025-10-12 14:43:27.823143+00:00
401,530,984.0,2912.0,1011.0,2932.0,540.0,2025-10-12 14:43:27.823143+00:00
401,532,1106.0,2917.0,1183.0,2943.0,2002.0,2025-10-12 14:43:27.823143+00:00
401,559,1302.0,2934.0,1340.0,2944.0,380.0,2025-10-12 14:43:27.823143+00:00
401,561,526.0,2918.0,596.0,2947.0,2030.0,2025-10-12 14:43:27.823143+00:00
402,491,1767.0,3074.0,1780.0,3081.0,91.0,2025-10-12 14:43:27.863143+00:00
402,503,140.0,2946.0,174.0,2955.0,306.0,2025-10-12 14:43:27.863143+00:00
402,514,599.0,2917.0,661.0,2941.0,1488.0,2025-10-12 14:43:27.863143+00:00
402,522,891.0,2936.0,934.0,2945.0,387.0,2025-10-12 14:43:27.863143+00:00
402,527,841.0,2934.0,849.0,2940.0,48.0,2025-10-12 14:43:27.863143+00:00
402,530,981.0,2911.0,1001.0,2931.0,400.0,2025-10-12 14:43:27.863143+00:00
402,532,1065.0,2913.0,1106.0,2944.0,1271.0,2025-10-12 14:43:27.863143+00:00
402,559,1278.0,2931.0,1309.0,2943.0,372.0,2025-10-12 14:43:27.863143+00:00
402,561,527.0,2919.0,593.0,2948.0,1914.0,2025-10-12 14:43:27.863143+00:00
403,491,1766.0,3074.0,1779.0,3082.0,104.0,2025-10-12 14:43:27.903143+00:00
403,503,135.0,2946.0,168.0,2954.0,264.0,2025-10-12 14:43:27.903143+00:00
403,514,627.0,2917.0,698.0,2944.0,1917.0,2025-10-12 14:43:27.903143+00:00
403,522,884.0,2937.0,928.0,2944.0,308.0,2025-10-12 14:43:27.903143+00:00
403,527,833.0,2934.0,842.0,2939.0,45.0,2025-10-12 14:43:27.903143+00:00
403,530,975.0,2911.0,987.0,2922.0,132.0,2025-10-12 14:43:27.903143+00:00
403,559,1250.0,2934.0,1304.0,2943.0,486.0,2025-10-12 14:43:27.903143+00:00
403,561,523.0,2920.0,588.0,2948.0,1820.0,2025-10-12 14:43:27.903143+00:00
404,491,1767.0,3070.0,1779.0,3078.0,96.0,2025-10-12 14:43:27.943143+00:00
404,503,127.0,2947.0,159.0,2954.0,224.0,2025-10-12 14:43:27.943143+00:00
404,522,881.0,2936.0,922.0,2944.0,328.0,2025-10-12 14:43:27.943143+00:00
404,527,827.0,2932.0,835.0,2937.0,40.0,2025-10-12 14:43:27.943143+00:00
404,530,971.0,2911.0,992.0,2930.0,399.0,2025-10-12 14:43:27.943143+00:00
404,532,1027.0,2909.0,1071.0,2944.0,1540.0,2025-10-12 14:43:27.943143+00:00
404,542,1087.0,2918.0,1166.0,2942.0,1896.0,2025-10-12 14:43:27.943143+00:00
404,559,1283.0,2931.0,1323.0,2944.0,520.0,2025-10-12 14:43:27.943143+00:00
404,561,521.0,2918.0,582.0,2944.0,1586.0,2025-10-12 14:43:27.943143+00:00
405,491,1772.0,3066.0,1782.0,3077.0,110.0,2025-10-12 14:43:27.983143+00:00
405,503,122.0,2947.0,154.0,2957.0,320.0,2025-10-12 14:43:27.983143+00:00
405,514,624.0,2917.0,692.0,2943.0,1768.0,2025-10-12 14:43:27.983143+00:00
405,522,874.0,2936.0,914.0,2941.0,200.0,2025-10-12 14:43:27.983143+00:00
405,527,821.0,2932.0,829.0,2937.0,40.0,2025-10-12 14:43:27.983143+00:00
405,530,983.0,2907.0,1042.0,2932.0,1475.0,2025-10-12 14:43:27.983143+00:00
405,532,1045.0,2912.0,1065.0,2944.0,640.0,2025-10-12 14:43:27.983143+00:00
405,542,1114.0,2914.0,1125.0,2921.0,77.0,2025-10-12 14:43:27.983143+00:00
405,559,1239.0,2933.0,1290.0,2941.0,408.0,2025-10-12 14:43:27.983143+00:00
405,561,543.0,2919.0,608.0,2944.0,1625.0,2025-10-12 14:43:27.983143+00:00
406,491,1766.0,3070.0,1783.0,3078.0,136.0,2025-10-12 14:43:28.023143+00:00
406,503,118.0,2943.0,153.0,2953.0,350.0,2025-10-12 14:43:28.023143+00:00
406,514,620.0,2916.0,690.0,2940.0,1680.0,2025-10-12 14:43:28.023143+00:00
406,522,867.0,2935.0,907.0,2942.0,280.0,2025-10-12 14:43:28.023143+00:00
406,527,814.0,2931.0,824.0,2940.0,90.0,2025-10-12 14:43:28.023143+00:00
406,530,977.0,2907.0,1041.0,2932.0,1600.0,2025-10-12 14:43:28.023143+00:00
406,542,1052.0,2912.0,1116.0,2945.0,2112.0,2025-10-12 14:43:28.023143+00:00
406,559,1236.0,2931.0,1279.0,2941.0,430.0,2025-10-12 14:43:28.023143+00:00
406,561,511.0,2918.0,578.0,2945.0,1809.0,2025-10-12 14:43:28.023143+00:00
407,491,1771.0,3071.0,1789.0,3081.0,180.0,2025-10-12 14:43:28.063143+00:00
407,503,114.0,2944.0,169.0,2954.0,550.0,2025-10-12 14:43:28.063143+00:00
407,522,861.0,2934.0,904.0,2945.0,473.0,2025-10-12 14:43:28.063143+00:00
407,530,972.0,2907.0,1030.0,2932.0,1450.0,2025-10-12 14:43:28.063143+00:00
407,542,1071.0,2917.0,1147.0,2941.0,1824.0,2025-10-12 14:43:28.063143+00:00
407,549,1200.0,2931.0,1255.0,2940.0,495.0,2025-10-12 14:43:28.063143+00:00
407,561,511.0,2919.0,572.0,2944.0,1525.0,2025-10-12 14:43:28.063143+00:00
408,491,1773.0,3070.0,1785.0,3081.0,132.0,2025-10-12 14:43:28.103143+00:00
408,503,105.0,2946.0,160.0,2956.0,550.0,2025-10-12 14:43:28.103143+00:00
408,514,610.0,2914.0,681.0,2940.0,1846.0,2025-10-12 14:43:28.103143+00:00
408,522,855.0,2933.0,897.0,2945.0,504.0,2025-10-12 14:43:28.103143+00:00
408,530,950.0,2906.0,1007.0,2930.0,1368.0,2025-10-12 14:43:28.103143+00:00
408,532,1010.0,2908.0,1068.0,2944.0,2088.0,2025-10-12 14:43:28.103143+00:00
408,542,1099.0,2915.0,1142.0,2931.0,688.0,2025-10-12 14:43:28.103143+00:00
408,549,1192.0,2929.0,1248.0,2939.0,560.0,2025-10-12 14:43:28.103143+00:00
408,559,1259.0,2932.0,1300.0,2942.0,410.0,2025-10-12 14:43:28.103143+00:00
408,561,509.0,2917.0,580.0,2942.0,1775.0,2025-10-12 14:43:28.103143+00:00
409,491,1775.0,3072.0,1783.0,3080.0,64.0,2025-10-12 14:43:28.143143+00:00
409,503,100.0,2946.0,136.0,2953.0,252.0,2025-10-12 14:43:28.143143+00:00
409,514,588.0,2914.0,640.0,2937.0,1196.0,2025-10-12 14:43:28.143143+00:00
409,522,847.0,2933.0,892.0,2944.0,495.0,2025-10-12 14:43:28.143143+00:00
409,527,798.0,2930.0,806.0,2935.0,40.0,2025-10-12 14:43:28.143143+00:00
409,530,961.0,2907.0,1025.0,2929.0,1408.0,2025-10-12 14:43:28.143143+00:00
409,542,1033.0,2911.0,1097.0,2941.0,1920.0,2025-10-12 14:43:28.143143+00:00
409,559,1251.0,2930.0,1293.0,2940.0,420.0,2025-10-12 14:43:28.143143+00:00
409,561,507.0,2915.0,576.0,2941.0,1794.0,2025-10-12 14:43:28.143143+00:00
410,491,1774.0,3068.0,1786.0,3080.0,144.0,2025-10-12 14:43:28.183143+00:00
410,503,95.0,2942.0,129.0,2951.0,306.0,2025-10-12 14:43:28.183143+00:00
410,522,840.0,2933.0,885.0,2943.0,450.0,2025-10-12 14:43:28.183143+00:00
410,527,789.0,2930.0,799.0,2936.0,60.0,2025-10-12 14:43:28.183143+00:00
410,530,953.0,2904.0,1015.0,2931.0,1674.0,2025-10-12 14:43:28.183143+00:00
410,542,1051.0,2914.0,1130.0,2942.0,2212.0,2025-10-12 14:43:28.183143+00:00
410,549,1150.0,2927.0,1184.0,2933.0,204.0,2025-10-12 14:43:28.183143+00:00
410,559,1214.0,2927.0,1258.0,2938.0,484.0,2025-10-12 14:43:28.183143+00:00
410,561,503.0,2916.0,574.0,2942.0,1846.0,2025-10-12 14:43:28.183143+00:00
411,491,1770.0,3070.0,1788.0,3078.0,144.0,2025-10-12 14:43:28.223143+00:00
411,522,835.0,2931.0,881.0,2941.0,460.0,2025-10-12 14:43:28.223143+00:00
411,527,752.0,2897.0,792.0,2968.0,2840.0,2025-10-12 14:43:28.223143+00:00
411,530,934.0,2905.0,987.0,2928.0,1219.0,2025-10-12 14:43:28.223143+00:00
411,532,994.0,2906.0,1050.0,2942.0,2016.0,2025-10-12 14:43:28.223143+00:00
411,549,1118.0,2922.0,1181.0,2936.0,882.0,2025-10-12 14:43:28.223143+00:00
411,559,1203.0,2928.0,1249.0,2940.0,552.0,2025-10-12 14:43:28.223143+00:00
411,561,499.0,2915.0,573.0,2942.0,1998.0,2025-10-12 14:43:28.223143+00:00
412,491,1774.0,3074.0,1788.0,3081.0,98.0,2025-10-12 14:43:28.263143+00:00
412,503,85.0,2946.0,119.0,2953.0,238.0,2025-10-12 14:43:28.263143+00:00
412,514,619.0,2922.0,670.0,2940.0,918.0,2025-10-12 14:43:28.263143+00:00
412,522,829.0,2931.0,874.0,2941.0,450.0,2025-10-12 14:43:28.263143+00:00
412,527,745.0,2895.0,784.0,2966.0,2769.0,2025-10-12 14:43:28.263143+00:00
412,530,927.0,2908.0,969.0,2928.0,840.0,2025-10-12 14:43:28.263143+00:00
412,532,982.0,2906.0,1044.0,2942.0,2232.0,2025-10-12 14:43:28.263143+00:00
412,549,1078.0,2912.0,1141.0,2930.0,1134.0,2025-10-12 14:43:28.263143+00:00
412,559,1235.0,2928.0,1273.0,2937.0,342.0,2025-10-12 14:43:28.263143+00:00
412,561,499.0,2914.0,570.0,2942.0,1988.0,2025-10-12 14:43:28.263143+00:00
413,491,1776.0,3073.0,1786.0,3080.0,70.0,2025-10-12 14:43:28.303143+00:00
413,503,79.0,2945.0,112.0,2952.0,231.0,2025-10-12 14:43:28.303143+00:00
413,522,823.0,2930.0,865.0,2938.0,336.0,2025-10-12 14:43:28.303143+00:00
413,530,940.0,2906.0,1004.0,2933.0,1728.0,2025-10-12 14:43:28.303143+00:00
413,542,1034.0,2911.0,1113.0,2940.0,2291.0,2025-10-12 14:43:28.303143+00:00
413,559,1188.0,2926.0,1243.0,2937.0,605.0,2025-10-12 14:43:28.303143+00:00
413,561,497.0,2914.0,568.0,2941.0,1917.0,2025-10-12 14:43:28.303143+00:00
414,491,1780.0,3073.0,1787.0,3079.0,42.0,2025-10-12 14:43:28.343143+00:00
414,496,243.0,2938.0,303.0,2952.0,840.0,2025-10-12 14:43:28.343143+00:00
414,503,74.0,2940.0,113.0,2953.0,507.0,2025-10-12 14:43:28.343143+00:00
414,522,816.0,2930.0,862.0,2938.0,368.0,2025-10-12 14:43:28.343143+00:00
414,530,931.0,2903.0,995.0,2932.0,1856.0,2025-10-12 14:43:28.343143+00:00
414,542,1027.0,2911.0,1070.0,2939.0,1204.0,2025-10-12 14:43:28.343143+00:00
414,549,1098.0,2922.0,1161.0,2931.0,567.0,2025-10-12 14:43:28.343143+00:00
414,559,1185.0,2922.0,1211.0,2935.0,338.0,2025-10-12 14:43:28.343143+00:00
414,561,491.0,2915.0,566.0,2941.0,1950.0,2025-10-12 14:43:28.343143+00:00
415,491,1777.0,3069.0,1788.0,3079.0,110.0,2025-10-12 14:43:28.383143+00:00
415,496,215.0,2940.0,275.0,2951.0,660.0,2025-10-12 14:43:28.383143+00:00
415,503,71.0,2943.0,116.0,2951.0,360.0,2025-10-12 14:43:28.383143+00:00
415,514,586.0,2917.0,641.0,2933.0,880.0,2025-10-12 14:43:28.383143+00:00
415,522,811.0,2928.0,857.0,2940.0,552.0,2025-10-12 14:43:28.383143+00:00
415,530,914.0,2902.0,952.0,2925.0,874.0,2025-10-12 14:43:28.383143+00:00
415,532,970.0,2906.0,1026.0,2940.0,1904.0,2025-10-12 14:43:28.383143+00:00
415,549,1056.0,2911.0,1104.0,2928.0,816.0,2025-10-12 14:43:28.383143+00:00
415,559,1198.0,2925.0,1257.0,2938.0,767.0,2025-10-12 14:43:28.383143+00:00
415,561,490.0,2914.0,564.0,2937.0,1702.0,2025-10-12 14:43:28.383143+00:00
416,491,1775.0,3071.0,1787.0,3080.0,108.0,2025-10-12 14:43:28.423143+00:00
416,496,188.0,2943.0,241.0,2952.0,477.0,2025-10-12 14:43:28.423143+00:00
416,503,63.0,2944.0,96.0,2950.0,198.0,2025-10-12 14:43:28.423143+00:00
416,528,805.0,2926.0,846.0,2936.0,410.0,2025-10-12 14:43:28.423143+00:00
416,530,907.0,2904.0,944.0,2923.0,703.0,2025-10-12 14:43:28.423143+00:00
416,532,959.0,2902.0,1020.0,2939.0,2257.0,2025-10-12 14:43:28.423143+00:00
416,559,1173.0,2924.0,1215.0,2936.0,504.0,2025-10-12 14:43:28.423143+00:00
416,561,487.0,2910.0,562.0,2936.0,1950.0,2025-10-12 14:43:28.423143+00:00
417,491,1776.0,3074.0,1793.0,3085.0,187.0,2025-10-12 14:43:28.463143+00:00
417,496,154.0,2947.0,211.0,2954.0,399.0,2025-10-12 14:43:28.463143+00:00
417,503,59.0,2943.0,91.0,2952.0,288.0,2025-10-12 14:43:28.463143+00:00
417,514,578.0,2913.0,634.0,2928.0,840.0,2025-10-12 14:43:28.463143+00:00
417,528,799.0,2926.0,840.0,2935.0,369.0,2025-10-12 14:43:28.463143+00:00
417,530,918.0,2903.0,982.0,2930.0,1728.0,2025-10-12 14:43:28.463143+00:00
417,542,990.0,2910.0,1051.0,2938.0,1708.0,2025-10-12 14:43:28.463143+00:00
417,549,1137.0,2923.0,1197.0,2931.0,480.0,2025-10-12 14:43:28.463143+00:00
417,559,1206.0,2926.0,1220.0,2936.0,140.0,2025-10-12 14:43:28.463143+00:00
417,561,485.0,2912.0,554.0,2936.0,1656.0,2025-10-12 14:43:28.463143+00:00
418,491,1778.0,3073.0,1788.0,3081.0,80.0,2025-10-12 14:43:28.503143+00:00
418,496,222.0,2939.0,282.0,2952.0,780.0,2025-10-12 14:43:28.503143+00:00
418,503,53.0,2939.0,86.0,2949.0,330.0,2025-10-12 14:43:28.503143+00:00
418,514,552.0,2912.0,604.0,2925.0,676.0,2025-10-12 14:43:28.503143+00:00
418,522,791.0,2928.0,836.0,2936.0,360.0,2025-10-12 14:43:28.503143+00:00
418,530,911.0,2906.0,975.0,2932.0,1664.0,2025-10-12 14:43:28.503143+00:00
418,542,1005.0,2910.0,1083.0,2936.0,2028.0,2025-10-12 14:43:28.503143+00:00
418,559,1161.0,2923.0,1211.0,2936.0,650.0,2025-10-12 14:43:28.503143+00:00
418,561,479.0,2913.0,548.0,2937.0,1656.0,2025-10-12 14:43:28.503143+00:00
419,491,1777.0,3071.0,1792.0,3082.0,165.0,2025-10-12 14:43:28.543143+00:00
419,496,218.0,2937.0,278.0,2948.0,660.0,2025-10-12 14:43:28.543143+00:00
419,503,47.0,2942.0,56.0,2946.0,36.0,2025-10-12 14:43:28.543143+00:00
419,514,529.0,2911.0,579.0,2926.0,750.0,2025-10-12 14:43:28.543143+00:00
419,521,593.0,2914.0,644.0,2928.0,714.0,2025-10-12 14:43:28.543143+00:00
419,522,787.0,2927.0,829.0,2937.0,420.0,2025-10-12 14:43:28.543143+00:00
419,530,903.0,2905.0,967.0,2929.0,1536.0,2025-10-12 14:43:28.543143+00:00
419,549,1074.0,2915.0,1132.0,2928.0,754.0,2025-10-12 14:43:28.543143+00:00
419,561,479.0,2927.0,515.0,2937.0,360.0,2025-10-12 14:43:28.543143+00:00
420,491,1777.0,3070.0,1792.0,3082.0,180.0,2025-10-12 14:43:28.583143+00:00
420,496,238.0,2934.0,299.0,2946.0,732.0,2025-10-12 14:43:28.583143+00:00
420,503,40.0,2942.0,76.0,2951.0,324.0,2025-10-12 14:43:28.583143+00:00
420,521,565.0,2913.0,620.0,2923.0,550.0,2025-10-12 14:43:28.583143+00:00
420,522,779.0,2925.0,821.0,2935.0,420.0,2025-10-12 14:43:28.583143+00:00
420,530,886.0,2903.0,938.0,2923.0,1040.0,2025-10-12 14:43:28.583143+00:00
420,532,949.0,2903.0,998.0,2936.0,1617.0,2025-10-12 14:43:28.583143+00:00
420,549,1032.0,2907.0,1095.0,2925.0,1134.0,2025-10-12 14:43:28.583143+00:00
420,559,1187.0,2926.0,1227.0,2934.0,320.0,2025-10-12 14:43:28.583143+00:00
420,561,474.0,2909.0,548.0,2937.0,2072.0,2025-10-12 14:43:28.583143+00:00
421,491,1773.0,3070.0,1792.0,3079.0,171.0,2025-10-12 14:43:28.623143+00:00
421,496,207.0,2939.0,269.0,2949.0,620.0,2025-10-12 14:43:28.623143+00:00
421,503,38.0,2941.0,83.0,2949.0,360.0,2025-10-12 14:43:28.623143+00:00
421,528,776.0,2926.0,817.0,2933.0,287.0,2025-10-12 14:43:28.623143+00:00
421,530,911.0,2901.0,968.0,2935.0,1938.0,2025-10-12 14:43:28.623143+00:00
421,542,990.0,2909.0,1032.0,2936.0,1134.0,2025-10-12 14:43:28.623143+00:00
421,559,1148.0,2923.0,1197.0,2933.0,490.0,2025-10-12 14:43:28.623143+00:00
421,561,473.0,2910.0,547.0,2937.0,1998.0,2025-10-12 14:43:28.623143+00:00
422,491,1777.0,3074.0,1792.0,3084.0,150.0,2025-10-12 14:43:28.663143+00:00
422,496,201.0,2937.0,264.0,2948.0,693.0,2025-10-12 14:43:28.663143+00:00
422,503,31.0,2937.0,65.0,2947.0,340.0,2025-10-12 14:43:28.663143+00:00
422,522,767.0,2926.0,810.0,2933.0,301.0,2025-10-12 14:43:28.663143+00:00
422,527,675.0,2891.0,725.0,2960.0,3450.0,2025-10-12 14:43:28.663143+00:00
422,530,905.0,2902.0,963.0,2934.0,1856.0,2025-10-12 14:43:28.663143+00:00
422,542,979.0,2908.0,1023.0,2933.0,1100.0,2025-10-12 14:43:28.663143+00:00
422,559,1140.0,2923.0,1184.0,2936.0,572.0,2025-10-12 14:43:28.663143+00:00
422,561,466.0,2911.0,512.0,2935.0,1104.0,2025-10-12 14:43:28.663143+00:00
423,491,1778.0,3074.0,1792.0,3081.0,98.0,2025-10-12 14:43:28.703143+00:00
423,496,196.0,2940.0,231.0,2948.0,280.0,2025-10-12 14:43:28.703143+00:00
423,503,27.0,2939.0,56.0,2947.0,232.0,2025-10-12 14:43:28.703143+00:00
423,514,516.0,2907.0,563.0,2920.0,611.0,2025-10-12 14:43:28.703143+00:00
423,522,732.0,2925.0,768.0,2958.0,1188.0,2025-10-12 14:43:28.703143+00:00
423,530,900.0,2902.0,957.0,2933.0,1767.0,2025-10-12 14:43:28.703143+00:00
423,542,978.0,2907.0,1055.0,2932.0,1925.0,2025-10-12 14:43:28.703143+00:00
423,549,1102.0,2918.0,1161.0,2928.0,590.0,2025-10-12 14:43:28.703143+00:00
423,559,1172.0,2921.0,1208.0,2932.0,396.0,2025-10-12 14:43:28.703143+00:00
423,561,466.0,2909.0,511.0,2933.0,1080.0,2025-10-12 14:43:28.703143+00:00
424,491,1783.0,3074.0,1791.0,3078.0,32.0,2025-10-12 14:43:28.743143+00:00
424,496,214.0,2932.0,283.0,2948.0,1104.0,2025-10-12 14:43:28.743143+00:00
424,503,19.0,2939.0,56.0,2949.0,370.0,2025-10-12 14:43:28.743143+00:00
424,527,662.0,2893.0,715.0,2953.0,3180.0,2025-10-12 14:43:28.743143+00:00
424,528,759.0,2924.0,797.0,2931.0,266.0,2025-10-12 14:43:28.743143+00:00
424,530,864.0,2902.0,920.0,2919.0,952.0,2025-10-12 14:43:28.743143+00:00
424,532,939.0,2906.0,977.0,2933.0,1026.0,2025-10-12 14:43:28.743143+00:00
424,559,1126.0,2919.0,1181.0,2932.0,715.0,2025-10-12 14:43:28.743143+00:00
424,561,465.0,2907.0,536.0,2933.0,1846.0,2025-10-12 14:43:28.743143+00:00
425,491,1783.0,3071.0,1796.0,3080.0,117.0,2025-10-12 14:43:28.783143+00:00
425,496,184.0,2938.0,243.0,2949.0,649.0,2025-10-12 14:43:28.783143+00:00
425,503,16.0,2937.0,44.0,2947.0,280.0,2025-10-12 14:43:28.783143+00:00
425,527,659.0,2888.0,706.0,2929.0,1927.0,2025-10-12 14:43:28.783143+00:00
425,530,859.0,2900.0,897.0,2920.0,760.0,2025-10-12 14:43:28.783143+00:00
425,532,933.0,2904.0,970.0,2932.0,1036.0,2025-10-12 14:43:28.783143+00:00
425,549,1096.0,2918.0,1151.0,2927.0,495.0,2025-10-12 14:43:28.783143+00:00
425,561,463.0,2906.0,504.0,2933.0,1107.0,2025-10-12 14:43:28.783143+00:00
426,491,1782.0,3071.0,1794.0,3079.0,96.0,2025-10-12 14:43:28.823143+00:00
426,496,206.0,2930.0,273.0,2944.0,938.0,2025-10-12 14:43:28.823143+00:00
426,503,10.0,2934.0,56.0,2949.0,690.0,2025-10-12 14:43:28.823143+00:00
426,527,653.0,2888.0,700.0,2927.0,1833.0,2025-10-12 14:43:28.823143+00:00
426,528,710.0,2891.0,789.0,2960.0,5451.0,2025-10-12 14:43:28.823143+00:00
426,530,854.0,2901.0,888.0,2919.0,612.0,2025-10-12 14:43:28.823143+00:00
426,532,927.0,2904.0,964.0,2933.0,1073.0,2025-10-12 14:43:28.823143+00:00
426,549,1089.0,2920.0,1143.0,2928.0,432.0,2025-10-12 14:43:28.823143+00:00
426,561,466.0,2906.0,530.0,2930.0,1536.0,2025-10-12 14:43:28.823143+00:00
427,491,1782.0,3073.0,1795.0,3081.0,104.0,2025-10-12 14:43:28.863143+00:00
427,496,174.0,2935.0,237.0,2947.0,756.0,2025-10-12 14:43:28.863143+00:00
427,522,604.0,2915.0,656.0,2925.0,520.0,2025-10-12 14:43:28.863143+00:00
427,530,847.0,2901.0,868.0,2918.0,357.0,2025-10-12 14:43:28.863143+00:00
427,532,894.0,2902.0,951.0,2933.0,1767.0,2025-10-12 14:43:28.863143+00:00
427,549,1081.0,2918.0,1138.0,2928.0,570.0,2025-10-12 14:43:28.863143+00:00
427,561,455.0,2906.0,501.0,2933.0,1242.0,2025-10-12 14:43:28.863143+00:00
428,491,1787.0,3075.0,1796.0,3080.0,45.0,2025-10-12 14:43:28.903143+00:00
428,496,170.0,2935.0,233.0,2947.0,756.0,2025-10-12 14:43:28.903143+00:00
428,503,0.0,2934.0,35.0,2945.0,385.0,2025-10-12 14:43:28.903143+00:00
428,521,452.0,2904.0,525.0,2931.0,1971.0,2025-10-12 14:43:28.903143+00:00
428,522,583.0,2910.0,609.0,2923.0,338.0,2025-10-12 14:43:28.903143+00:00
428,527,639.0,2919.0,681.0,2927.0,336.0,2025-10-12 14:43:28.903143+00:00
428,530,842.0,2898.0,863.0,2917.0,399.0,2025-10-12 14:43:28.903143+00:00
428,542,948.0,2904.0,1026.0,2928.0,1872.0,2025-10-12 14:43:28.903143+00:00
428,549,1074.0,2917.0,1112.0,2924.0,266.0,2025-10-12 14:43:28.903143+00:00
428,559,1145.0,2920.0,1180.0,2930.0,350.0,2025-10-12 14:43:28.903143+00:00
429,491,1787.0,3075.0,1797.0,3080.0,50.0,2025-10-12 14:43:28.943143+00:00
429,496,190.0,2928.0,259.0,2946.0,1242.0,2025-10-12 14:43:28.943143+00:00
429,521,451.0,2905.0,497.0,2930.0,1150.0,2025-10-12 14:43:28.943143+00:00
429,530,837.0,2898.0,859.0,2916.0,396.0,2025-10-12 14:43:28.943143+00:00
429,542,941.0,2904.0,1019.0,2928.0,1872.0,2025-10-12 14:43:28.943143+00:00
429,549,1102.0,2916.0,1153.0,2934.0,918.0,2025-10-12 14:43:28.943143+00:00
430,491,1790.0,3074.0,1800.0,3080.0,60.0,2025-10-12 14:43:28.983143+00:00
430,496,158.0,2930.0,224.0,2948.0,1188.0,2025-10-12 14:43:28.983143+00:00
430,503,16.0,2937.0,23.0,2945.0,56.0,2025-10-12 14:43:28.983143+00:00
430,522,508.0,2905.0,563.0,2915.0,550.0,2025-10-12 14:43:28.983143+00:00
430,527,628.0,2888.0,706.0,2957.0,5382.0,2025-10-12 14:43:28.983143+00:00
430,530,852.0,2903.0,916.0,2931.0,1792.0,2025-10-12 14:43:28.983143+00:00
430,542,1009.0,2909.0,1070.0,2922.0,793.0,2025-10-12 14:43:28.983143+00:00
430,549,1097.0,2917.0,1143.0,2929.0,552.0,2025-10-12 14:43:28.983143+00:00
430,561,447.0,2904.0,488.0,2930.0,1066.0,2025-10-12 14:43:28.983143+00:00
431,491,1790.0,3074.0,1800.0,3081.0,70.0,2025-10-12 14:43:29.023143+00:00
431,496,182.0,2926.0,250.0,2943.0,1156.0,2025-10-12 14:43:29.023143+00:00
431,527,621.0,2887.0,702.0,2955.0,5508.0,2025-10-12 14:43:29.023143+00:00
431,528,570.0,2908.0,593.0,2915.0,161.0,2025-10-12 14:43:29.023143+00:00
431,530,825.0,2898.0,866.0,2920.0,902.0,2025-10-12 14:43:29.023143+00:00
431,542,963.0,2901.0,1027.0,2918.0,1088.0,2025-10-12 14:43:29.023143+00:00
431,549,1092.0,2917.0,1141.0,2929.0,588.0,2025-10-12 14:43:29.023143+00:00
431,561,445.0,2903.0,513.0,2930.0,1836.0,2025-10-12 14:43:29.023143+00:00
432,491,1789.0,3074.0,1801.0,3080.0,72.0,2025-10-12 14:43:29.063143+00:00
432,496,173.0,2927.0,243.0,2945.0,1260.0,2025-10-12 14:43:29.063143+00:00
432,503,92.0,2941.0,155.0,2952.0,693.0,2025-10-12 14:43:29.063143+00:00
432,527,615.0,2887.0,694.0,2940.0,4187.0,2025-10-12 14:43:29.063143+00:00
432,528,567.0,2906.0,577.0,2911.0,50.0,2025-10-12 14:43:29.063143+00:00
432,530,821.0,2898.0,859.0,2917.0,722.0,2025-10-12 14:43:29.063143+00:00
432,542,956.0,2902.0,1005.0,2916.0,686.0,2025-10-12 14:43:29.063143+00:00
432,561,444.0,2903.0,509.0,2930.0,1755.0,2025-10-12 14:43:29.063143+00:00
433,491,1789.0,3074.0,1803.0,3080.0,84.0,2025-10-12 14:43:29.103143+00:00
433,496,169.0,2926.0,239.0,2944.0,1260.0,2025-10-12 14:43:29.103143+00:00
433,527,608.0,2886.0,687.0,2930.0,3476.0,2025-10-12 14:43:29.103143+00:00
433,528,515.0,2902.0,571.0,2914.0,672.0,2025-10-12 14:43:29.103143+00:00
433,530,815.0,2898.0,851.0,2916.0,648.0,2025-10-12 14:43:29.103143+00:00
433,542,951.0,2902.0,959.0,2908.0,48.0,2025-10-12 14:43:29.103143+00:00
433,549,993.0,2908.0,1051.0,2919.0,638.0,2025-10-12 14:43:29.103143+00:00
433,561,439.0,2901.0,488.0,2930.0,1421.0,2025-10-12 14:43:29.103143+00:00
434,491,1789.0,3073.0,1803.0,3081.0,112.0,2025-10-12 14:43:29.143143+00:00
434,496,137.0,2928.0,203.0,2945.0,1122.0,2025-10-12 14:43:29.143143+00:00
434,503,83.0,2943.0,121.0,2951.0,304.0,2025-10-12 14:43:29.143143+00:00
434,522,436.0,2899.0,479.0,2930.0,1333.0,2025-10-12 14:43:29.143143+00:00
434,527,604.0,2885.0,680.0,2924.0,2964.0,2025-10-12 14:43:29.143143+00:00
434,528,562.0,2903.0,581.0,2910.0,133.0,2025-10-12 14:43:29.143143+00:00
434,530,809.0,2898.0,844.0,2914.0,560.0,2025-10-12 14:43:29.143143+00:00
434,542,913.0,2901.0,991.0,2923.0,1716.0,2025-10-12 14:43:29.143143+00:00
434,559,1111.0,2911.0,1146.0,2927.0,560.0,2025-10-12 14:43:29.143143+00:00
435,491,1791.0,3074.0,1805.0,3080.0,84.0,2025-10-12 14:43:29.183143+00:00
435,496,160.0,2927.0,231.0,2942.0,1065.0,2025-10-12 14:43:29.183143+00:00
435,503,50.0,2939.0,113.0,2949.0,630.0,2025-10-12 14:43:29.183143+00:00
435,521,239.0,2922.0,303.0,2931.0,576.0,2025-10-12 14:43:29.183143+00:00
435,527,594.0,2884.0,674.0,2923.0,3120.0,2025-10-12 14:43:29.183143+00:00
435,528,562.0,2907.0,564.0,2910.0,6.0,2025-10-12 14:43:29.183143+00:00
435,530,804.0,2898.0,838.0,2914.0,544.0,2025-10-12 14:43:29.183143+00:00
435,532,878.0,2898.0,942.0,2925.0,1728.0,2025-10-12 14:43:29.183143+00:00
435,549,981.0,2909.0,1010.0,2917.0,232.0,2025-10-12 14:43:29.183143+00:00
435,559,1066.0,2911.0,1116.0,2927.0,800.0,2025-10-12 14:43:29.183143+00:00
435,561,433.0,2898.0,478.0,2926.0,1260.0,2025-10-12 14:43:29.183143+00:00
436,491,1793.0,3076.0,1805.0,3081.0,60.0,2025-10-12 14:43:29.223143+00:00
436,496,125.0,2931.0,185.0,2945.0,840.0,2025-10-12 14:43:29.223143+00:00
436,503,45.0,2939.0,107.0,2948.0,558.0,2025-10-12 14:43:29.223143+00:00
436,514,431.0,2899.0,452.0,2922.0,483.0,2025-10-12 14:43:29.223143+00:00
436,527,591.0,2882.0,668.0,2920.0,2926.0,2025-10-12 14:43:29.223143+00:00
436,528,528.0,2902.0,579.0,2916.0,714.0,2025-10-12 14:43:29.223143+00:00
436,530,799.0,2898.0,819.0,2916.0,360.0,2025-10-12 14:43:29.223143+00:00
436,532,850.0,2900.0,909.0,2928.0,1652.0,2025-10-12 14:43:29.223143+00:00
436,549,940.0,2902.0,1004.0,2917.0,960.0,2025-10-12 14:43:29.223143+00:00
436,559,1059.0,2913.0,1101.0,2928.0,630.0,2025-10-12 14:43:29.223143+00:00
437,491,1795.0,3075.0,1806.0,3081.0,66.0,2025-10-12 14:43:29.263143+00:00
437,496,149.0,2925.0,220.0,2942.0,1207.0,2025-10-12 14:43:29.263143+00:00
437,503,41.0,2936.0,95.0,2948.0,648.0,2025-10-12 14:43:29.263143+00:00
437,522,291.0,2925.0,295.0,2927.0,8.0,2025-10-12 14:43:29.263143+00:00
437,527,585.0,2882.0,660.0,2919.0,2775.0,2025-10-12 14:43:29.263143+00:00
437,528,498.0,2898.0,556.0,2912.0,812.0,2025-10-12 14:43:29.263143+00:00
437,530,793.0,2894.0,812.0,2913.0,361.0,2025-10-12 14:43:29.263143+00:00
437,532,863.0,2901.0,902.0,2926.0,975.0,2025-10-12 14:43:29.263143+00:00
437,549,970.0,2905.0,1027.0,2919.0,798.0,2025-10-12 14:43:29.263143+00:00
437,561,428.0,2897.0,471.0,2922.0,1075.0,2025-10-12 14:43:29.263143+00:00
438,491,1797.0,3076.0,1810.0,3081.0,65.0,2025-10-12 14:43:29.303143+00:00
438,496,113.0,2926.0,184.0,2944.0,1278.0,2025-10-12 14:43:29.303143+00:00
438,503,0.0,2934.0,68.0,2945.0,748.0,2025-10-12 14:43:29.303143+00:00
438,514,475.0,2899.0,531.0,2908.0,504.0,2025-10-12 14:43:29.303143+00:00
438,522,250.0,2921.0,292.0,2932.0,462.0,2025-10-12 14:43:29.303143+00:00
438,527,579.0,2880.0,655.0,2920.0,3040.0,2025-10-12 14:43:29.303143+00:00
438,528,547.0,2902.0,571.0,2909.0,168.0,2025-10-12 14:43:29.303143+00:00
438,530,788.0,2896.0,808.0,2909.0,260.0,2025-10-12 14:43:29.303143+00:00
438,532,822.0,2899.0,886.0,2926.0,1728.0,2025-10-12 14:43:29.303143+00:00
438,561,425.0,2894.0,451.0,2925.0,806.0,2025-10-12 14:43:29.303143+00:00
439,491,1798.0,3076.0,1810.0,3082.0,72.0,2025-10-12 14:43:29.343143+00:00
439,496,53.0,2934.0,119.0,2947.0,858.0,2025-10-12 14:43:29.343143+00:00
439,503,0.0,2935.0,37.0,2944.0,333.0,2025-10-12 14:43:29.343143+00:00
439,521,139.0,2922.0,211.0,2940.0,1296.0,2025-10-12 14:43:29.343143+00:00
439,527,571.0,2879.0,646.0,2920.0,3075.0,2025-10-12 14:43:29.343143+00:00
439,528,490.0,2897.0,549.0,2912.0,885.0,2025-10-12 14:43:29.343143+00:00
439,530,797.0,2896.0,861.0,2925.0,1856.0,2025-10-12 14:43:29.343143+00:00
439,559,1010.0,2911.0,1069.0,2918.0,413.0,2025-10-12 14:43:29.343143+00:00
439,561,423.0,2896.0,480.0,2924.0,1596.0,2025-10-12 14:43:29.343143+00:00
440,491,1800.0,3076.0,1813.0,3082.0,78.0,2025-10-12 14:43:29.383143+00:00
440,496,77.0,2935.0,139.0,2945.0,620.0,2025-10-12 14:43:29.383143+00:00
440,503,9.0,2933.0,33.0,2940.0,168.0,2025-10-12 14:43:29.383143+00:00
440,522,165.0,2918.0,224.0,2935.0,1003.0,2025-10-12 14:43:29.383143+00:00
440,527,562.0,2876.0,640.0,2915.0,3042.0,2025-10-12 14:43:29.383143+00:00
440,530,790.0,2894.0,854.0,2923.0,1856.0,2025-10-12 14:43:29.383143+00:00
440,559,1005.0,2909.0,1044.0,2919.0,390.0,2025-10-12 14:43:29.383143+00:00
440,561,419.0,2895.0,461.0,2921.0,1092.0,2025-10-12 14:43:29.383143+00:00
441,491,1800.0,3077.0,1815.0,3082.0,75.0,2025-10-12 14:43:29.423143+00:00
441,503,2.0,2930.0,78.0,2945.0,1140.0,2025-10-12 14:43:29.423143+00:00
441,522,128.0,2922.0,200.0,2941.0,1368.0,2025-10-12 14:43:29.423143+00:00
441,527,534.0,2899.0,561.0,2905.0,162.0,2025-10-12 14:43:29.423143+00:00
441,530,782.0,2894.0,846.0,2923.0,1856.0,2025-10-12 14:43:29.423143+00:00
441,549,915.0,2871.0,1006.0,2914.0,3913.0,2025-10-12 14:43:29.423143+00:00
441,561,414.0,2895.0,469.0,2921.0,1430.0,2025-10-12 14:43:29.423143+00:00
442,491,1807.0,3078.0,1816.0,3083.0,45.0,2025-10-12 14:43:29.463143+00:00
442,496,38.0,2934.0,100.0,2945.0,682.0,2025-10-12 14:43:29.463143+00:00
442,503,0.0,2932.0,22.0,2940.0,176.0,2025-10-12 14:43:29.463143+00:00
442,522,124.0,2922.0,195.0,2940.0,1278.0,2025-10-12 14:43:29.463143+00:00
442,527,550.0,2876.0,628.0,2916.0,3120.0,2025-10-12 14:43:29.463143+00:00
442,530,765.0,2897.0,817.0,2911.0,728.0,2025-10-12 14:43:29.463143+00:00
442,559,964.0,2906.0,1004.0,2916.0,400.0,2025-10-12 14:43:29.463143+00:00
442,561,408.0,2892.0,452.0,2920.0,1232.0,2025-10-12 14:43:29.463143+00:00
443,491,1807.0,3078.0,1816.0,3083.0,45.0,2025-10-12 14:43:29.503143+00:00
443,503,0.0,2932.0,69.0,2946.0,966.0,2025-10-12 14:43:29.503143+00:00
443,522,116.0,2921.0,192.0,2937.0,1216.0,2025-10-12 14:43:29.503143+00:00
443,527,507.0,2844.0,571.0,2907.0,4032.0,2025-10-12 14:43:29.503143+00:00
443,530,763.0,2895.0,799.0,2910.0,540.0,2025-10-12 14:43:29.503143+00:00
443,559,937.0,2903.0,967.0,2912.0,270.0,2025-10-12 14:43:29.503143+00:00
443,561,404.0,2893.0,434.0,2921.0,840.0,2025-10-12 14:43:29.503143+00:00
444,491,1810.0,3079.0,1819.0,3084.0,45.0,2025-10-12 14:43:29.543143+00:00
444,503,2.0,2932.0,61.0,2944.0,708.0,2025-10-12 14:43:29.543143+00:00
444,527,472.0,2866.0,588.0,2910.0,5104.0,2025-10-12 14:43:29.543143+00:00
444,530,755.0,2893.0,792.0,2906.0,481.0,2025-10-12 14:43:29.543143+00:00
444,559,901.0,2867.0,993.0,2912.0,4140.0,2025-10-12 14:43:29.543143+00:00
444,561,395.0,2893.0,425.0,2920.0,810.0,2025-10-12 14:43:29.543143+00:00
445,491,1812.0,3079.0,1821.0,3084.0,45.0,2025-10-12 14:43:29.583143+00:00
445,503,0.0,2931.0,57.0,2943.0,684.0,2025-10-12 14:43:29.583143+00:00
445,522,107.0,2921.0,181.0,2938.0,1258.0,2025-10-12 14:43:29.583143+00:00
445,527,495.0,2864.0,584.0,2910.0,4094.0,2025-10-12 14:43:29.583143+00:00
445,530,751.0,2895.0,785.0,2905.0,340.0,2025-10-12 14:43:29.583143+00:00
445,561,389.0,2892.0,436.0,2919.0,1269.0,2025-10-12 14:43:29.583143+00:00
446,491,1813.0,3080.0,1823.0,3085.0,50.0,2025-10-12 14:43:29.623143+00:00
446,496,14.0,2926.0,79.0,2944.0,1170.0,2025-10-12 14:43:29.623143+00:00
446,522,105.0,2920.0,177.0,2935.0,1080.0,2025-10-12 14:43:29.623143+00:00
446,530,745.0,2894.0,780.0,2908.0,490.0,2025-10-12 14:43:29.623143+00:00
446,559,979.0,2905.0,1029.0,2912.0,350.0,2025-10-12 14:43:29.623143+00:00
446,561,383.0,2891.0,430.0,2920.0,1363.0,2025-10-12 14:43:29.623143+00:00
447,491,1815.0,3080.0,1825.0,3086.0,60.0,2025-10-12 14:43:29.663143+00:00
447,503,13.0,2931.0,46.0,2940.0,297.0,2025-10-12 14:43:29.663143+00:00
447,522,99.0,2919.0,170.0,2936.0,1207.0,2025-10-12 14:43:29.663143+00:00
447,527,459.0,2863.0,531.0,2906.0,3096.0,2025-10-12 14:43:29.663143+00:00
447,530,740.0,2893.0,775.0,2908.0,525.0,2025-10-12 14:43:29.663143+00:00
447,549,877.0,2855.0,941.0,2908.0,3392.0,2025-10-12 14:43:29.663143+00:00
447,561,375.0,2890.0,423.0,2918.0,1344.0,2025-10-12 14:43:29.663143+00:00
448,491,1817.0,3081.0,1827.0,3087.0,60.0,2025-10-12 14:43:29.703143+00:00
448,503,2.0,2930.0,40.0,2940.0,380.0,2025-10-12 14:43:29.703143+00:00
448,521,603.0,2904.0,644.0,2948.0,1804.0,2025-10-12 14:43:29.703143+00:00
448,522,58.0,2921.0,134.0,2938.0,1292.0,2025-10-12 14:43:29.703143+00:00
448,527,455.0,2874.0,528.0,2905.0,2263.0,2025-10-12 14:43:29.703143+00:00
448,530,734.0,2892.0,768.0,2905.0,442.0,2025-10-12 14:43:29.703143+00:00
448,559,856.0,2850.0,920.0,2905.0,3520.0,2025-10-12 14:43:29.703143+00:00
448,561,369.0,2890.0,412.0,2917.0,1161.0,2025-10-12 14:43:29.703143+00:00
449,491,1819.0,3082.0,1828.0,3087.0,45.0,2025-10-12 14:43:29.743143+00:00
449,503,1.0,2929.0,35.0,2938.0,306.0,2025-10-12 14:43:29.743143+00:00
449,521,595.0,2903.0,640.0,2944.0,1845.0,2025-10-12 14:43:29.743143+00:00
449,522,54.0,2917.0,128.0,2937.0,1480.0,2025-10-12 14:43:29.743143+00:00
449,527,451.0,2885.0,525.0,2903.0,1332.0,2025-10-12 14:43:29.743143+00:00
449,530,728.0,2894.0,760.0,2903.0,288.0,2025-10-12 14:43:29.743143+00:00
449,559,903.0,2900.0,964.0,2908.0,488.0,2025-10-12 14:43:29.743143+00:00
449,561,364.0,2889.0,408.0,2919.0,1320.0,2025-10-12 14:43:29.743143+00:00
450,491,1820.0,3083.0,1831.0,3088.0,55.0,2025-10-12 14:43:29.783143+00:00
450,503,0.0,2929.0,31.0,2938.0,279.0,2025-10-12 14:43:29.783143+00:00
450,521,591.0,2902.0,632.0,2947.0,1845.0,2025-10-12 14:43:29.783143+00:00
450,522,49.0,2918.0,122.0,2935.0,1241.0,2025-10-12 14:43:29.783143+00:00
450,530,722.0,2893.0,759.0,2904.0,407.0,2025-10-12 14:43:29.783143+00:00
450,561,359.0,2888.0,404.0,2919.0,1395.0,2025-10-12 14:43:29.783143+00:00
451,491,1823.0,3084.0,1833.0,3089.0,50.0,2025-10-12 14:43:29.823143+00:00
451,503,18.0,2932.0,24.0,2937.0,30.0,2025-10-12 14:43:29.823143+00:00
451,522,43.0,2919.0,117.0,2934.0,1110.0,2025-10-12 14:43:29.823143+00:00
451,527,442.0,2894.0,516.0,2920.0,1924.0,2025-10-12 14:43:29.823143+00:00
451,542,715.0,2890.0,808.0,2936.0,4278.0,2025-10-12 14:43:29.823143+00:00
451,561,352.0,2888.0,398.0,2917.0,1334.0,2025-10-12 14:43:29.823143+00:00
452,491,1825.0,3085.0,1835.0,3090.0,50.0,2025-10-12 14:43:29.863143+00:00
452,503,11.0,2926.0,19.0,2935.0,72.0,2025-10-12 14:43:29.863143+00:00
452,521,577.0,2900.0,617.0,2911.0,440.0,2025-10-12 14:43:29.863143+00:00
452,522,39.0,2917.0,114.0,2935.0,1350.0,2025-10-12 14:43:29.863143+00:00
452,528,413.0,2892.0,476.0,2905.0,819.0,2025-10-12 14:43:29.863143+00:00
452,530,710.0,2892.0,745.0,2901.0,315.0,2025-10-12 14:43:29.863143+00:00
452,561,345.0,2887.0,391.0,2914.0,1242.0,2025-10-12 14:43:29.863143+00:00
453,491,1827.0,3085.0,1836.0,3090.0,45.0,2025-10-12 14:43:29.903143+00:00
453,503,8.0,2927.0,42.0,2936.0,306.0,2025-10-12 14:43:29.903143+00:00
453,514,378.0,2890.0,442.0,2917.0,1728.0,2025-10-12 14:43:29.903143+00:00
453,521,571.0,2898.0,614.0,2912.0,602.0,2025-10-12 14:43:29.903143+00:00
453,522,102.0,2914.0,142.0,2924.0,400.0,2025-10-12 14:43:29.903143+00:00
453,530,706.0,2890.0,736.0,2901.0,330.0,2025-10-12 14:43:29.903143+00:00
453,561,339.0,2886.0,349.0,2893.0,70.0,2025-10-12 14:43:29.903143+00:00
454,491,1826.0,3086.0,1838.0,3091.0,60.0,2025-10-12 14:43:29.943143+00:00
454,503,30.0,2916.0,103.0,2935.0,1387.0,2025-10-12 14:43:29.943143+00:00
454,514,370.0,2889.0,434.0,2916.0,1728.0,2025-10-12 14:43:29.943143+00:00
454,521,565.0,2898.0,609.0,2909.0,484.0,2025-10-12 14:43:29.943143+00:00
454,530,701.0,2890.0,731.0,2901.0,330.0,2025-10-12 14:43:29.943143+00:00
454,561,335.0,2884.0,341.0,2890.0,36.0,2025-10-12 14:43:29.943143+00:00
455,491,1826.0,3086.0,1840.0,3090.0,56.0,2025-10-12 14:43:29.983143+00:00
455,503,0.0,2922.0,63.0,2932.0,630.0,2025-10-12 14:43:29.983143+00:00
455,521,559.0,2896.0,603.0,2909.0,572.0,2025-10-12 14:43:29.983143+00:00
455,522,95.0,2913.0,138.0,2925.0,516.0,2025-10-12 14:43:29.983143+00:00
455,532,695.0,2890.0,784.0,2932.0,3738.0,2025-10-12 14:43:29.983143+00:00
455,561,329.0,2884.0,391.0,2915.0,1922.0,2025-10-12 14:43:29.983143+00:00
456,491,1829.0,3087.0,1842.0,3091.0,52.0,2025-10-12 14:43:30.023143+00:00
456,503,0.0,2924.0,30.0,2933.0,270.0,2025-10-12 14:43:30.023143+00:00
456,521,556.0,2896.0,596.0,2905.0,360.0,2025-10-12 14:43:30.023143+00:00
456,522,49.0,2913.0,99.0,2931.0,900.0,2025-10-12 14:43:30.023143+00:00
456,530,688.0,2890.0,721.0,2900.0,330.0,2025-10-12 14:43:30.023143+00:00
456,559,990.0,2902.0,1024.0,2916.0,476.0,2025-10-12 14:43:30.023143+00:00
456,561,321.0,2884.0,385.0,2913.0,1856.0,2025-10-12 14:43:30.023143+00:00
457,491,1832.0,3087.0,1844.0,3092.0,60.0,2025-10-12 14:43:30.063143+00:00
457,503,14.0,2922.0,51.0,2929.0,259.0,2025-10-12 14:43:30.063143+00:00
457,521,547.0,2895.0,590.0,2904.0,387.0,2025-10-12 14:43:30.063143+00:00
457,522,89.0,2914.0,122.0,2921.0,231.0,2025-10-12 14:43:30.063143+00:00
457,530,684.0,2890.0,715.0,2898.0,248.0,2025-10-12 14:43:30.063143+00:00
457,559,983.0,2898.0,1019.0,2916.0,648.0,2025-10-12 14:43:30.063143+00:00
457,561,315.0,2884.0,379.0,2916.0,2048.0,2025-10-12 14:43:30.063143+00:00
458,491,1833.0,3087.0,1845.0,3091.0,48.0,2025-10-12 14:43:30.103143+00:00
458,521,542.0,2895.0,585.0,2905.0,430.0,2025-10-12 14:43:30.103143+00:00
458,522,40.0,2913.0,90.0,2929.0,800.0,2025-10-12 14:43:30.103143+00:00
458,530,674.0,2886.0,710.0,2899.0,468.0,2025-10-12 14:43:30.103143+00:00
458,559,955.0,2899.0,1011.0,2917.0,1008.0,2025-10-12 14:43:30.103143+00:00
458,561,310.0,2882.0,317.0,2887.0,35.0,2025-10-12 14:43:30.103143+00:00
459,491,1833.0,3087.0,1847.0,3092.0,70.0,2025-10-12 14:43:30.143143+00:00
459,503,5.0,2921.0,45.0,2929.0,320.0,2025-10-12 14:43:30.143143+00:00
459,521,536.0,2894.0,576.0,2903.0,360.0,2025-10-12 14:43:30.143143+00:00
459,522,79.0,2910.0,112.0,2917.0,231.0,2025-10-12 14:43:30.143143+00:00
459,530,670.0,2887.0,702.0,2897.0,320.0,2025-10-12 14:43:30.143143+00:00
459,559,930.0,2894.0,984.0,2917.0,1242.0,2025-10-12 14:43:30.143143+00:00
459,561,304.0,2880.0,311.0,2887.0,49.0,2025-10-12 14:43:30.143143+00:00
460,491,1837.0,3087.0,1849.0,3092.0,60.0,2025-10-12 14:43:30.183143+00:00
460,503,29.0,2909.0,84.0,2927.0,990.0,2025-10-12 14:43:30.183143+00:00
460,521,530.0,2891.0,570.0,2902.0,440.0,2025-10-12 14:43:30.183143+00:00
460,530,665.0,2887.0,693.0,2898.0,308.0,2025-10-12 14:43:30.183143+00:00
460,549,783.0,2856.0,847.0,2920.0,4096.0,2025-10-12 14:43:30.183143+00:00
460,559,966.0,2898.0,1002.0,2914.0,576.0,2025-10-12 14:43:30.183143+00:00
460,561,298.0,2880.0,307.0,2887.0,63.0,2025-10-12 14:43:30.183143+00:00
461,491,1837.0,3087.0,1851.0,3092.0,70.0,2025-10-12 14:43:30.223143+00:00
461,503,22.0,2911.0,78.0,2924.0,728.0,2025-10-12 14:43:30.223143+00:00
461,521,524.0,2891.0,564.0,2900.0,360.0,2025-10-12 14:43:30.223143+00:00
461,530,659.0,2886.0,689.0,2897.0,330.0,2025-10-12 14:43:30.223143+00:00
461,559,921.0,2894.0,975.0,2917.0,1242.0,2025-10-12 14:43:30.223143+00:00
461,561,292.0,2880.0,302.0,2886.0,60.0,2025-10-12 14:43:30.223143+00:00
462,491,1837.0,3087.0,1854.0,3092.0,85.0,2025-10-12 14:43:30.263143+00:00
462,503,21.0,2911.0,74.0,2924.0,689.0,2025-10-12 14:43:30.263143+00:00
462,514,338.0,2885.0,407.0,2912.0,1863.0,2025-10-12 14:43:30.263143+00:00
462,521,519.0,2892.0,560.0,2900.0,328.0,2025-10-12 14:43:30.263143+00:00
462,530,655.0,2887.0,684.0,2896.0,261.0,2025-10-12 14:43:30.263143+00:00
462,559,954.0,2899.0,994.0,2912.0,520.0,2025-10-12 14:43:30.263143+00:00
462,561,287.0,2879.0,294.0,2884.0,35.0,2025-10-12 14:43:30.263143+00:00
463,491,1841.0,3084.0,1857.0,3092.0,128.0,2025-10-12 14:43:30.303143+00:00
463,503,13.0,2919.0,24.0,2927.0,88.0,2025-10-12 14:43:30.303143+00:00
463,521,513.0,2890.0,555.0,2899.0,378.0,2025-10-12 14:43:30.303143+00:00
463,528,334.0,2887.0,361.0,2910.0,621.0,2025-10-12 14:43:30.303143+00:00
463,542,641.0,2887.0,676.0,2898.0,385.0,2025-10-12 14:43:30.303143+00:00
463,559,908.0,2894.0,968.0,2912.0,1080.0,2025-10-12 14:43:30.303143+00:00
463,561,279.0,2878.0,288.0,2884.0,54.0,2025-10-12 14:43:30.303143+00:00
464,491,1842.0,3084.0,1859.0,3091.0,119.0,2025-10-12 14:43:30.343143+00:00
464,503,8.0,2918.0,20.0,2923.0,60.0,2025-10-12 14:43:30.343143+00:00
464,521,507.0,2889.0,549.0,2897.0,336.0,2025-10-12 14:43:30.343143+00:00
464,542,638.0,2887.0,672.0,2897.0,340.0,2025-10-12 14:43:30.343143+00:00
464,559,921.0,2892.0,981.0,2912.0,1200.0,2025-10-12 14:43:30.343143+00:00
464,561,275.0,2878.0,337.0,2912.0,2108.0,2025-10-12 14:43:30.343143+00:00
465,491,1843.0,3085.0,1859.0,3091.0,96.0,2025-10-12 14:43:30.383143+00:00
465,503,7.0,2915.0,16.0,2921.0,54.0,2025-10-12 14:43:30.383143+00:00
465,514,326.0,2885.0,351.0,2910.0,625.0,2025-10-12 14:43:30.383143+00:00
465,521,500.0,2889.0,543.0,2895.0,258.0,2025-10-12 14:43:30.383143+00:00
465,542,634.0,2885.0,665.0,2897.0,372.0,2025-10-12 14:43:30.383143+00:00
465,559,897.0,2893.0,946.0,2913.0,980.0,2025-10-12 14:43:30.383143+00:00
465,561,267.0,2878.0,276.0,2883.0,45.0,2025-10-12 14:43:30.383143+00:00
466,491,1844.0,3085.0,1859.0,3090.0,75.0,2025-10-12 14:43:30.423143+00:00
466,503,0.0,2911.0,49.0,2921.0,490.0,2025-10-12 14:43:30.423143+00:00
466,521,495.0,2888.0,535.0,2895.0,280.0,2025-10-12 14:43:30.423143+00:00
466,527,375.0,2885.0,444.0,2901.0,1104.0,2025-10-12 14:43:30.423143+00:00
466,528,322.0,2883.0,337.0,2912.0,435.0,2025-10-12 14:43:30.423143+00:00
466,542,630.0,2886.0,658.0,2897.0,308.0,2025-10-12 14:43:30.423143+00:00
466,559,861.0,2891.0,918.0,2899.0,456.0,2025-10-12 14:43:30.423143+00:00
466,561,262.0,2876.0,271.0,2881.0,45.0,2025-10-12 14:43:30.423143+00:00
467,491,1844.0,3084.0,1861.0,3090.0,102.0,2025-10-12 14:43:30.463143+00:00
467,521,489.0,2887.0,530.0,2896.0,369.0,2025-10-12 14:43:30.463143+00:00
467,527,371.0,2884.0,440.0,2897.0,897.0,2025-10-12 14:43:30.463143+00:00
467,528,318.0,2883.0,329.0,2911.0,308.0,2025-10-12 14:43:30.463143+00:00
467,542,622.0,2883.0,651.0,2895.0,348.0,2025-10-12 14:43:30.463143+00:00
467,559,852.0,2890.0,897.0,2899.0,405.0,2025-10-12 14:43:30.463143+00:00
467,561,256.0,2874.0,264.0,2880.0,48.0,2025-10-12 14:43:30.463143+00:00
468,491,1847.0,3083.0,1863.0,3089.0,96.0,2025-10-12 14:43:30.503143+00:00
468,521,483.0,2886.0,524.0,2895.0,369.0,2025-10-12 14:43:30.503143+00:00
468,522,36.0,2903.0,38.0,2908.0,10.0,2025-10-12 14:43:30.503143+00:00
468,527,366.0,2882.0,434.0,2897.0,1020.0,2025-10-12 14:43:30.503143+00:00
468,528,316.0,2882.0,324.0,2907.0,200.0,2025-10-12 14:43:30.503143+00:00
468,542,618.0,2884.0,645.0,2894.0,270.0,2025-10-12 14:43:30.503143+00:00
468,559,927.0,2892.0,960.0,2909.0,561.0,2025-10-12 14:43:30.503143+00:00
468,561,251.0,2876.0,260.0,2884.0,72.0,2025-10-12 14:43:30.503143+00:00
469,491,1847.0,3083.0,1863.0,3088.0,80.0,2025-10-12 14:43:30.543143+00:00
469,521,449.0,2885.0,513.0,2896.0,704.0,2025-10-12 14:43:30.543143+00:00
469,522,32.0,2903.0,41.0,2912.0,81.0,2025-10-12 14:43:30.543143+00:00
469,527,358.0,2883.0,428.0,2898.0,1050.0,2025-10-12 14:43:30.543143+00:00
469,528,309.0,2878.0,318.0,2908.0,270.0,2025-10-12 14:43:30.543143+00:00
469,542,613.0,2884.0,639.0,2894.0,260.0,2025-10-12 14:43:30.543143+00:00
469,559,891.0,2890.0,956.0,2908.0,1170.0,2025-10-12 14:43:30.543143+00:00
469,561,244.0,2875.0,253.0,2883.0,72.0,2025-10-12 14:43:30.543143+00:00
470,491,1848.0,3082.0,1865.0,3087.0,85.0,2025-10-12 14:43:30.583143+00:00
470,521,439.0,2886.0,512.0,2897.0,803.0,2025-10-12 14:43:30.583143+00:00
470,522,29.0,2906.0,38.0,2912.0,54.0,2025-10-12 14:43:30.583143+00:00
470,527,331.0,2880.0,395.0,2900.0,1280.0,2025-10-12 14:43:30.583143+00:00
470,528,303.0,2882.0,314.0,2907.0,275.0,2025-10-12 14:43:30.583143+00:00
470,542,604.0,2883.0,634.0,2896.0,390.0,2025-10-12 14:43:30.583143+00:00
470,559,869.0,2889.0,929.0,2913.0,1440.0,2025-10-12 14:43:30.583143+00:00
470,561,239.0,2874.0,247.0,2879.0,40.0,2025-10-12 14:43:30.583143+00:00
471,491,1849.0,3081.0,1866.0,3086.0,85.0,2025-10-12 14:43:30.623143+00:00
471,521,415.0,2884.0,475.0,2897.0,780.0,2025-10-12 14:43:30.623143+00:00
471,522,26.0,2902.0,51.0,2913.0,275.0,2025-10-12 14:43:30.623143+00:00
471,528,298.0,2881.0,360.0,2905.0,1488.0,2025-10-12 14:43:30.623143+00:00
471,542,598.0,2884.0,626.0,2892.0,224.0,2025-10-12 14:43:30.623143+00:00
471,559,884.0,2887.0,944.0,2905.0,1080.0,2025-10-12 14:43:30.623143+00:00
471,561,230.0,2870.0,242.0,2879.0,108.0,2025-10-12 14:43:30.623143+00:00
472,491,1850.0,3080.0,1867.0,3085.0,85.0,2025-10-12 14:43:30.663143+00:00
472,521,427.0,2883.0,499.0,2899.0,1152.0,2025-10-12 14:43:30.663143+00:00
472,522,19.0,2902.0,48.0,2913.0,319.0,2025-10-12 14:43:30.663143+00:00
472,528,295.0,2876.0,327.0,2904.0,896.0,2025-10-12 14:43:30.663143+00:00
472,530,593.0,2879.0,623.0,2891.0,360.0,2025-10-12 14:43:30.663143+00:00
472,559,877.0,2887.0,939.0,2906.0,1178.0,2025-10-12 14:43:30.663143+00:00
472,561,229.0,2874.0,237.0,2879.0,40.0,2025-10-12 14:43:30.663143+00:00
473,491,1851.0,3080.0,1867.0,3085.0,80.0,2025-10-12 14:43:30.703143+00:00
473,521,423.0,2883.0,492.0,2897.0,966.0,2025-10-12 14:43:30.703143+00:00
473,522,14.0,2903.0,42.0,2911.0,224.0,2025-10-12 14:43:30.703143+00:00
473,528,291.0,2879.0,330.0,2904.0,975.0,2025-10-12 14:43:30.703143+00:00
473,530,589.0,2879.0,616.0,2892.0,351.0,2025-10-12 14:43:30.703143+00:00
473,559,853.0,2886.0,910.0,2904.0,1026.0,2025-10-12 14:43:30.703143+00:00
473,561,219.0,2873.0,233.0,2880.0,98.0,2025-10-12 14:43:30.703143+00:00
474,491,1851.0,3079.0,1868.0,3085.0,102.0,2025-10-12 14:43:30.743143+00:00
474,503,10.0,2901.0,40.0,2908.0,210.0,2025-10-12 14:43:30.743143+00:00
474,521,419.0,2882.0,486.0,2897.0,1005.0,2025-10-12 14:43:30.743143+00:00
474,528,283.0,2878.0,316.0,2902.0,792.0,2025-10-12 14:43:30.743143+00:00
474,549,580.0,2843.0,756.0,2939.0,16896.0,2025-10-12 14:43:30.743143+00:00
474,559,844.0,2886.0,872.0,2894.0,224.0,2025-10-12 14:43:30.743143+00:00
474,561,217.0,2873.0,224.0,2878.0,35.0,2025-10-12 14:43:30.743143+00:00
475,491,1855.0,3078.0,1868.0,3087.0,117.0,2025-10-12 14:43:30.783143+00:00
475,503,7.0,2899.0,44.0,2908.0,333.0,2025-10-12 14:43:30.783143+00:00
475,521,440.0,2881.0,481.0,2889.0,328.0,2025-10-12 14:43:30.783143+00:00
475,528,283.0,2878.0,309.0,2902.0,624.0,2025-10-12 14:43:30.783143+00:00
475,530,575.0,2878.0,603.0,2890.0,336.0,2025-10-12 14:43:30.783143+00:00
475,559,859.0,2884.0,926.0,2902.0,1206.0,2025-10-12 14:43:30.783143+00:00
475,561,210.0,2871.0,218.0,2877.0,48.0,2025-10-12 14:43:30.783143+00:00
476,491,1855.0,3076.0,1869.0,3083.0,98.0,2025-10-12 14:43:30.823143+00:00
476,521,411.0,2880.0,474.0,2895.0,945.0,2025-10-12 14:43:30.823143+00:00
476,522,3.0,2900.0,42.0,2908.0,312.0,2025-10-12 14:43:30.823143+00:00
476,528,277.0,2873.0,304.0,2901.0,756.0,2025-10-12 14:43:30.823143+00:00
476,530,570.0,2875.0,597.0,2891.0,432.0,2025-10-12 14:43:30.823143+00:00
476,559,851.0,2884.0,916.0,2903.0,1235.0,2025-10-12 14:43:30.823143+00:00
476,561,207.0,2872.0,214.0,2878.0,42.0,2025-10-12 14:43:30.823143+00:00
477,491,1860.0,3073.0,1870.0,3083.0,100.0,2025-10-12 14:43:30.863143+00:00
477,521,383.0,2879.0,437.0,2896.0,918.0,2025-10-12 14:43:30.863143+00:00
477,522,0.0,2898.0,43.0,2906.0,344.0,2025-10-12 14:43:30.863143+00:00
477,528,270.0,2875.0,298.0,2904.0,812.0,2025-10-12 14:43:30.863143+00:00
477,542,561.0,2879.0,591.0,2892.0,390.0,2025-10-12 14:43:30.863143+00:00
477,559,829.0,2884.0,885.0,2898.0,784.0,2025-10-12 14:43:30.863143+00:00
477,561,200.0,2872.0,208.0,2879.0,56.0,2025-10-12 14:43:30.863143+00:00
478,491,1854.0,3070.0,1872.0,3081.0,198.0,2025-10-12 14:43:30.903143+00:00
478,521,350.0,2877.0,409.0,2893.0,944.0,2025-10-12 14:43:30.903143+00:00
478,522,0.0,2898.0,38.0,2905.0,266.0,2025-10-12 14:43:30.903143+00:00
478,528,267.0,2875.0,292.0,2899.0,600.0,2025-10-12 14:43:30.903143+00:00
478,542,555.0,2878.0,585.0,2890.0,360.0,2025-10-12 14:43:30.903143+00:00
478,549,421.0,2878.0,461.0,2885.0,280.0,2025-10-12 14:43:30.903143+00:00
478,559,839.0,2882.0,906.0,2898.0,1072.0,2025-10-12 14:43:30.903143+00:00
478,561,195.0,2871.0,202.0,2875.0,28.0,2025-10-12 14:43:30.903143+00:00
479,491,1858.0,3075.0,1873.0,3085.0,150.0,2025-10-12 14:43:30.943143+00:00
479,522,3.0,2899.0,31.0,2906.0,196.0,2025-10-12 14:43:30.943143+00:00
479,528,262.0,2870.0,289.0,2898.0,756.0,2025-10-12 14:43:30.943143+00:00
479,530,640.0,2867.0,690.0,2902.0,1750.0,2025-10-12 14:43:30.943143+00:00
479,542,550.0,2877.0,578.0,2889.0,336.0,2025-10-12 14:43:30.943143+00:00
479,549,396.0,2877.0,449.0,2893.0,848.0,2025-10-12 14:43:30.943143+00:00
479,559,815.0,2880.0,873.0,2897.0,986.0,2025-10-12 14:43:30.943143+00:00
479,561,187.0,2867.0,197.0,2876.0,90.0,2025-10-12 14:43:30.943143+00:00
480,491,1858.0,3074.0,1872.0,3083.0,126.0,2025-10-12 14:43:30.983143+00:00
480,521,346.0,2875.0,410.0,2895.0,1280.0,2025-10-12 14:43:30.983143+00:00
480,522,1.0,2898.0,61.0,2909.0,660.0,2025-10-12 14:43:30.983143+00:00
480,528,254.0,2869.0,284.0,2897.0,840.0,2025-10-12 14:43:30.983143+00:00
480,542,545.0,2875.0,573.0,2891.0,448.0,2025-10-12 14:43:30.983143+00:00
480,559,828.0,2880.0,897.0,2901.0,1449.0,2025-10-12 14:43:30.983143+00:00
480,561,184.0,2869.0,192.0,2877.0,64.0,2025-10-12 14:43:30.983143+00:00
481,491,1863.0,3071.0,1877.0,3078.0,98.0,2025-10-12 14:43:31.023143+00:00
481,521,334.0,2874.0,376.0,2889.0,630.0,2025-10-12 14:43:31.023143+00:00
481,522,0.0,2895.0,58.0,2905.0,580.0,2025-10-12 14:43:31.023143+00:00
481,528,251.0,2870.0,278.0,2899.0,783.0,2025-10-12 14:43:31.023143+00:00
481,542,536.0,2874.0,566.0,2889.0,450.0,2025-10-12 14:43:31.023143+00:00
481,549,404.0,2875.0,440.0,2885.0,360.0,2025-10-12 14:43:31.023143+00:00
481,559,801.0,2879.0,831.0,2887.0,240.0,2025-10-12 14:43:31.023143+00:00
481,561,177.0,2869.0,187.0,2877.0,80.0,2025-10-12 14:43:31.023143+00:00
482,491,1862.0,3067.0,1875.0,3077.0,130.0,2025-10-12 14:43:31.063143+00:00
482,522,7.0,2894.0,51.0,2905.0,484.0,2025-10-12 14:43:31.063143+00:00
482,528,248.0,2872.0,273.0,2895.0,575.0,2025-10-12 14:43:31.063143+00:00
482,542,530.0,2874.0,559.0,2888.0,406.0,2025-10-12 14:43:31.063143+00:00
482,549,387.0,2875.0,434.0,2890.0,705.0,2025-10-12 14:43:31.063143+00:00
482,559,794.0,2878.0,825.0,2889.0,341.0,2025-10-12 14:43:31.063143+00:00
482,561,173.0,2868.0,181.0,2873.0,40.0,2025-10-12 14:43:31.063143+00:00
483,491,1859.0,3072.0,1876.0,3077.0,85.0,2025-10-12 14:43:31.103143+00:00
483,522,2.0,2894.0,47.0,2908.0,630.0,2025-10-12 14:43:31.103143+00:00
483,528,243.0,2867.0,272.0,2893.0,754.0,2025-10-12 14:43:31.103143+00:00
483,542,527.0,2872.0,553.0,2889.0,442.0,2025-10-12 14:43:31.103143+00:00
483,549,354.0,2874.0,397.0,2893.0,817.0,2025-10-12 14:43:31.103143+00:00
483,559,727.0,2867.0,802.0,2919.0,3900.0,2025-10-12 14:43:31.103143+00:00
483,561,167.0,2867.0,176.0,2872.0,45.0,2025-10-12 14:43:31.103143+00:00
484,491,1862.0,3071.0,1875.0,3080.0,117.0,2025-10-12 14:43:31.143143+00:00
484,522,0.0,2896.0,44.0,2904.0,352.0,2025-10-12 14:43:31.143143+00:00
484,528,261.0,2870.0,325.0,2884.0,896.0,2025-10-12 14:43:31.143143+00:00
484,542,519.0,2870.0,547.0,2887.0,476.0,2025-10-12 14:43:31.143143+00:00
484,549,380.0,2871.0,423.0,2890.0,817.0,2025-10-12 14:43:31.143143+00:00
484,559,720.0,2845.0,796.0,2919.0,5624.0,2025-10-12 14:43:31.143143+00:00
484,561,163.0,2869.0,170.0,2873.0,28.0,2025-10-12 14:43:31.143143+00:00
485,491,1866.0,3067.0,1875.0,3076.0,81.0,2025-10-12 14:43:31.183143+00:00
485,522,0.0,2894.0,79.0,2905.0,869.0,2025-10-12 14:43:31.183143+00:00
485,528,232.0,2869.0,296.0,2894.0,1600.0,2025-10-12 14:43:31.183143+00:00
485,530,624.0,2867.0,664.0,2887.0,800.0,2025-10-12 14:43:31.183143+00:00
485,542,510.0,2870.0,540.0,2885.0,450.0,2025-10-12 14:43:31.183143+00:00
485,549,319.0,2870.0,383.0,2888.0,1152.0,2025-10-12 14:43:31.183143+00:00
485,559,712.0,2844.0,789.0,2916.0,5544.0,2025-10-12 14:43:31.183143+00:00
485,561,156.0,2867.0,166.0,2874.0,70.0,2025-10-12 14:43:31.183143+00:00
486,491,1868.0,3063.0,1878.0,3073.0,100.0,2025-10-12 14:43:31.223143+00:00
486,514,227.0,2862.0,273.0,2890.0,1288.0,2025-10-12 14:43:31.223143+00:00
486,521,287.0,2867.0,351.0,2883.0,1024.0,2025-10-12 14:43:31.223143+00:00
486,522,22.0,2894.0,74.0,2905.0,572.0,2025-10-12 14:43:31.223143+00:00
486,530,585.0,2865.0,649.0,2896.0,1984.0,2025-10-12 14:43:31.223143+00:00
486,542,505.0,2871.0,534.0,2887.0,464.0,2025-10-12 14:43:31.223143+00:00
486,549,368.0,2871.0,409.0,2887.0,656.0,2025-10-12 14:43:31.223143+00:00
486,559,709.0,2844.0,783.0,2918.0,5476.0,2025-10-12 14:43:31.223143+00:00
486,561,151.0,2867.0,159.0,2871.0,32.0,2025-10-12 14:43:31.223143+00:00
487,491,1863.0,3063.0,1880.0,3073.0,170.0,2025-10-12 14:43:31.263143+00:00
487,514,222.0,2865.0,264.0,2889.0,1008.0,2025-10-12 14:43:31.263143+00:00
487,522,19.0,2895.0,70.0,2903.0,408.0,2025-10-12 14:43:31.263143+00:00
487,530,559.0,2866.0,618.0,2879.0,767.0,2025-10-12 14:43:31.263143+00:00
487,542,499.0,2869.0,528.0,2886.0,493.0,2025-10-12 14:43:31.263143+00:00
487,549,307.0,2871.0,371.0,2888.0,1088.0,2025-10-12 14:43:31.263143+00:00
487,559,703.0,2846.0,778.0,2918.0,5400.0,2025-10-12 14:43:31.263143+00:00
487,561,146.0,2865.0,155.0,2871.0,54.0,2025-10-12 14:43:31.263143+00:00
488,491,1863.0,3066.0,1880.0,3074.0,136.0,2025-10-12 14:43:31.303143+00:00
488,522,15.0,2894.0,64.0,2903.0,441.0,2025-10-12 14:43:31.303143+00:00
488,528,234.0,2862.0,298.0,2882.0,1280.0,2025-10-12 14:43:31.303143+00:00
488,530,539.0,2866.0,597.0,2878.0,696.0,2025-10-12 14:43:31.303143+00:00
488,542,491.0,2866.0,521.0,2883.0,510.0,2025-10-12 14:43:31.303143+00:00
488,549,354.0,2870.0,396.0,2887.0,714.0,2025-10-12 14:43:31.303143+00:00
488,561,143.0,2866.0,147.0,2870.0,16.0,2025-10-12 14:43:31.303143+00:00
489,491,1867.0,3063.0,1880.0,3072.0,117.0,2025-10-12 14:43:31.343143+00:00
489,503,7.0,2890.0,61.0,2901.0,594.0,2025-10-12 14:43:31.343143+00:00
489,514,212.0,2866.0,276.0,2889.0,1472.0,2025-10-12 14:43:31.343143+00:00
489,530,531.0,2864.0,571.0,2877.0,520.0,2025-10-12 14:43:31.343143+00:00
489,542,487.0,2867.0,514.0,2883.0,432.0,2025-10-12 14:43:31.343143+00:00
489,549,349.0,2869.0,389.0,2884.0,600.0,2025-10-12 14:43:31.343143+00:00
489,559,583.0,2863.0,632.0,2872.0,441.0,2025-10-12 14:43:31.343143+00:00
489,561,135.0,2865.0,144.0,2872.0,63.0,2025-10-12 14:43:31.343143+00:00
490,491,1871.0,3060.0,1880.0,3068.0,72.0,2025-10-12 14:43:31.383143+00:00
490,503,0.0,2890.0,56.0,2901.0,616.0,2025-10-12 14:43:31.383143+00:00
490,514,210.0,2863.0,274.0,2885.0,1408.0,2025-10-12 14:43:31.383143+00:00
490,542,495.0,2863.0,559.0,2883.0,1280.0,2025-10-12 14:43:31.383143+00:00
490,549,343.0,2868.0,382.0,2883.0,585.0,2025-10-12 14:43:31.383143+00:00
490,561,129.0,2864.0,138.0,2871.0,63.0,2025-10-12 14:43:31.383143+00:00
491,491,1869.0,3056.0,1882.0,3067.0,143.0,2025-10-12 14:43:31.423143+00:00
491,503,0.0,2892.0,52.0,2900.0,416.0,2025-10-12 14:43:31.423143+00:00
491,514,207.0,2861.0,270.0,2885.0,1512.0,2025-10-12 14:43:31.423143+00:00
491,542,486.0,2867.0,543.0,2881.0,798.0,2025-10-12 14:43:31.423143+00:00
491,549,337.0,2868.0,376.0,2888.0,780.0,2025-10-12 14:43:31.423143+00:00
491,561,123.0,2863.0,136.0,2873.0,130.0,2025-10-12 14:43:31.423143+00:00
492,491,1874.0,3058.0,1881.0,3066.0,56.0,2025-10-12 14:43:31.463143+00:00
492,503,0.0,2890.0,46.0,2900.0,460.0,2025-10-12 14:43:31.463143+00:00
492,514,199.0,2861.0,240.0,2883.0,902.0,2025-10-12 14:43:31.463143+00:00
492,542,468.0,2865.0,520.0,2881.0,832.0,2025-10-12 14:43:31.463143+00:00
492,549,290.0,2867.0,347.0,2884.0,969.0,2025-10-12 14:43:31.463143+00:00
492,561,119.0,2864.0,128.0,2868.0,36.0,2025-10-12 14:43:31.463143+00:00
493,491,1870.0,3058.0,1884.0,3068.0,140.0,2025-10-12 14:43:31.503143+00:00
493,503,11.0,2891.0,41.0,2898.0,210.0,2025-10-12 14:43:31.503143+00:00
493,514,193.0,2863.0,227.0,2885.0,748.0,2025-10-12 14:43:31.503143+00:00
493,561,113.0,2863.0,122.0,2868.0,45.0,2025-10-12 14:43:31.503143+00:00
494,491,1871.0,3057.0,1881.0,3063.0,60.0,2025-10-12 14:43:31.543143+00:00
494,503,6.0,2890.0,37.0,2898.0,248.0,2025-10-12 14:43:31.543143+00:00
494,514,190.0,2861.0,216.0,2881.0,520.0,2025-10-12 14:43:31.543143+00:00
494,561,109.0,2862.0,117.0,2868.0,48.0,2025-10-12 14:43:31.543143+00:00
495,491,1874.0,3051.0,1884.0,3060.0,90.0,2025-10-12 14:43:31.583143+00:00
495,503,4.0,2890.0,33.0,2897.0,203.0,2025-10-12 14:43:31.583143+00:00
495,514,181.0,2860.0,210.0,2880.0,580.0,2025-10-12 14:43:31.583143+00:00
495,527,103.0,2859.0,112.0,2866.0,63.0,2025-10-12 14:43:31.583143+00:00
496,491,1866.0,3050.0,1883.0,3059.0,153.0,2025-10-12 14:43:31.623143+00:00
496,503,0.0,2889.0,28.0,2898.0,252.0,2025-10-12 14:43:31.623143+00:00
496,514,174.0,2858.0,203.0,2879.0,609.0,2025-10-12 14:43:31.623143+00:00
496,527,95.0,2859.0,107.0,2866.0,84.0,2025-10-12 14:43:31.623143+00:00
497,491,1871.0,3053.0,1884.0,3058.0,65.0,2025-10-12 14:43:31.663143+00:00
497,503,0.0,2888.0,22.0,2895.0,154.0,2025-10-12 14:43:31.663143+00:00
497,514,170.0,2857.0,195.0,2881.0,600.0,2025-10-12 14:43:31.663143+00:00
497,542,435.0,2861.0,450.0,2881.0,300.0,2025-10-12 14:43:31.663143+00:00
497,549,259.0,2858.0,339.0,2875.0,1360.0,2025-10-12 14:43:31.663143+00:00
497,561,91.0,2861.0,101.0,2868.0,70.0,2025-10-12 14:43:31.663143+00:00
498,491,1871.0,3051.0,1883.0,3058.0,84.0,2025-10-12 14:43:31.703143+00:00
498,514,166.0,2856.0,188.0,2877.0,462.0,2025-10-12 14:43:31.703143+00:00
498,522,10.0,2887.0,16.0,2894.0,42.0,2025-10-12 14:43:31.703143+00:00
498,542,428.0,2861.0,448.0,2879.0,360.0,2025-10-12 14:43:31.703143+00:00
498,561,87.0,2859.0,95.0,2864.0,40.0,2025-10-12 14:43:31.703143+00:00
499,491,1871.0,3046.0,1885.0,3057.0,154.0,2025-10-12 14:43:31.743143+00:00
499,503,2.0,2886.0,12.0,2893.0,70.0,2025-10-12 14:43:31.743143+00:00
499,514,161.0,2858.0,184.0,2876.0,414.0,2025-10-12 14:43:31.743143+00:00
499,542,423.0,2859.0,443.0,2878.0,380.0,2025-10-12 14:43:31.743143+00:00
499,561,81.0,2859.0,90.0,2863.0,36.0,2025-10-12 14:43:31.743143+00:00
500,491,1870.0,3042.0,1882.0,3052.0,120.0,2025-10-12 14:43:31.783143+00:00
500,514,155.0,2859.0,182.0,2876.0,459.0,2025-10-12 14:43:31.783143+00:00
500,542,415.0,2855.0,438.0,2880.0,575.0,2025-10-12 14:43:31.783143+00:00
500,561,75.0,2858.0,84.0,2863.0,45.0,2025-10-12 14:43:31.783143+00:00
501,491,1866.0,3042.0,1882.0,3050.0,128.0,2025-10-12 14:43:31.823143+00:00
501,521,151.0,2857.0,180.0,2877.0,580.0,2025-10-12 14:43:31.823143+00:00
501,542,407.0,2857.0,429.0,2877.0,440.0,2025-10-12 14:43:31.823143+00:00
501,549,240.0,2856.0,315.0,2872.0,1200.0,2025-10-12 14:43:31.823143+00:00
501,561,69.0,2858.0,80.0,2865.0,77.0,2025-10-12 14:43:31.823143+00:00
502,491,1871.0,3043.0,1883.0,3052.0,108.0,2025-10-12 14:43:31.863143+00:00
502,514,145.0,2855.0,174.0,2873.0,522.0,2025-10-12 14:43:31.863143+00:00
502,542,403.0,2857.0,424.0,2877.0,420.0,2025-10-12 14:43:31.863143+00:00
502,561,65.0,2857.0,75.0,2861.0,40.0,2025-10-12 14:43:31.863143+00:00
503,491,1871.0,3041.0,1881.0,3048.0,70.0,2025-10-12 14:43:31.903143+00:00
503,514,139.0,2858.0,171.0,2873.0,480.0,2025-10-12 14:43:31.903143+00:00
503,542,399.0,2855.0,420.0,2877.0,462.0,2025-10-12 14:43:31.903143+00:00
503,549,229.0,2857.0,303.0,2872.0,1110.0,2025-10-12 14:43:31.903143+00:00
503,561,59.0,2854.0,71.0,2861.0,84.0,2025-10-12 14:43:31.903143+00:00
504,491,1871.0,3038.0,1882.0,3044.0,66.0,2025-10-12 14:43:31.943143+00:00
504,514,135.0,2854.0,168.0,2872.0,594.0,2025-10-12 14:43:31.943143+00:00
504,530,490.0,2820.0,595.0,2888.0,7140.0,2025-10-12 14:43:31.943143+00:00
504,542,392.0,2855.0,416.0,2876.0,504.0,2025-10-12 14:43:31.943143+00:00
504,549,223.0,2855.0,296.0,2872.0,1241.0,2025-10-12 14:43:31.943143+00:00
504,561,55.0,2855.0,63.0,2860.0,40.0,2025-10-12 14:43:31.943143+00:00
505,491,1870.0,3031.0,1880.0,3042.0,110.0,2025-10-12 14:43:31.983143+00:00
505,514,126.0,2855.0,163.0,2872.0,629.0,2025-10-12 14:43:31.983143+00:00
505,542,383.0,2854.0,412.0,2875.0,609.0,2025-10-12 14:43:31.983143+00:00
505,549,219.0,2853.0,289.0,2870.0,1190.0,2025-10-12 14:43:31.983143+00:00
505,561,48.0,2854.0,58.0,2860.0,60.0,2025-10-12 14:43:31.983143+00:00
506,491,1866.0,3034.0,1882.0,3041.0,112.0,2025-10-12 14:43:32.023143+00:00
506,514,122.0,2852.0,157.0,2873.0,735.0,2025-10-12 14:43:32.023143+00:00
506,542,378.0,2854.0,406.0,2874.0,560.0,2025-10-12 14:43:32.023143+00:00
506,561,43.0,2853.0,51.0,2859.0,48.0,2025-10-12 14:43:32.023143+00:00
507,491,1868.0,3034.0,1881.0,3043.0,117.0,2025-10-12 14:43:32.063143+00:00
507,514,117.0,2856.0,149.0,2868.0,384.0,2025-10-12 14:43:32.063143+00:00
507,542,372.0,2850.0,401.0,2874.0,696.0,2025-10-12 14:43:32.063143+00:00
507,561,39.0,2851.0,49.0,2857.0,60.0,2025-10-12 14:43:32.063143+00:00
508,491,1869.0,3032.0,1876.0,3039.0,49.0,2025-10-12 14:43:32.103143+00:00
508,514,112.0,2854.0,147.0,2868.0,490.0,2025-10-12 14:43:32.103143+00:00
508,528,172.0,2852.0,212.0,2861.0,360.0,2025-10-12 14:43:32.103143+00:00
508,542,366.0,2851.0,394.0,2873.0,616.0,2025-10-12 14:43:32.103143+00:00
508,561,34.0,2852.0,41.0,2856.0,28.0,2025-10-12 14:43:32.103143+00:00
509,491,1863.0,3028.0,1880.0,3034.0,102.0,2025-10-12 14:43:32.143143+00:00
509,514,109.0,2850.0,143.0,2873.0,782.0,2025-10-12 14:43:32.143143+00:00
509,542,359.0,2851.0,389.0,2872.0,630.0,2025-10-12 14:43:32.143143+00:00
509,561,26.0,2851.0,35.0,2859.0,72.0,2025-10-12 14:43:32.143143+00:00
510,491,1863.0,3023.0,1882.0,3033.0,190.0,2025-10-12 14:43:32.183143+00:00
510,514,103.0,2852.0,133.0,2871.0,570.0,2025-10-12 14:43:32.183143+00:00
510,542,353.0,2850.0,381.0,2872.0,616.0,2025-10-12 14:43:32.183143+00:00
510,561,21.0,2850.0,30.0,2858.0,72.0,2025-10-12 14:43:32.183143+00:00
511,491,1864.0,3023.0,1882.0,3034.0,198.0,2025-10-12 14:43:32.223143+00:00
511,514,92.0,2854.0,128.0,2866.0,432.0,2025-10-12 14:43:32.223143+00:00
511,542,346.0,2846.0,374.0,2870.0,672.0,2025-10-12 14:43:32.223143+00:00
511,549,187.0,2847.0,253.0,2867.0,1320.0,2025-10-12 14:43:32.223143+00:00
511,561,15.0,2847.0,26.0,2855.0,88.0,2025-10-12 14:43:32.223143+00:00
512,491,1866.0,3025.0,1878.0,3033.0,96.0,2025-10-12 14:43:32.263143+00:00
512,514,89.0,2854.0,124.0,2869.0,525.0,2025-10-12 14:43:32.263143+00:00
512,542,342.0,2849.0,369.0,2869.0,540.0,2025-10-12 14:43:32.263143+00:00
512,549,181.0,2847.0,248.0,2865.0,1206.0,2025-10-12 14:43:32.263143+00:00
512,561,9.0,2847.0,20.0,2854.0,77.0,2025-10-12 14:43:32.263143+00:00
513,491,1866.0,3023.0,1877.0,3030.0,77.0,2025-10-12 14:43:32.303143+00:00
513,514,83.0,2850.0,119.0,2868.0,648.0,2025-10-12 14:43:32.303143+00:00
513,528,145.0,2848.0,183.0,2859.0,418.0,2025-10-12 14:43:32.303143+00:00
513,530,485.0,2845.0,604.0,2881.0,4284.0,2025-10-12 14:43:32.303143+00:00
513,542,330.0,2848.0,363.0,2869.0,693.0,2025-10-12 14:43:32.303143+00:00
513,561,2.0,2847.0,16.0,2859.0,168.0,2025-10-12 14:43:32.303143+00:00
514,491,1866.0,3019.0,1876.0,3028.0,90.0,2025-10-12 14:43:32.343143+00:00
514,514,76.0,2851.0,111.0,2868.0,595.0,2025-10-12 14:43:32.343143+00:00
514,521,0.0,2849.0,12.0,2856.0,84.0,2025-10-12 14:43:32.343143+00:00
514,530,432.0,2844.0,539.0,2912.0,7276.0,2025-10-12 14:43:32.343143+00:00
514,542,329.0,2847.0,355.0,2868.0,546.0,2025-10-12 14:43:32.343143+00:00
514,549,171.0,2846.0,236.0,2865.0,1235.0,2025-10-12 14:43:32.343143+00:00
515,491,1866.0,3015.0,1875.0,3024.0,81.0,2025-10-12 14:43:32.383143+00:00
515,514,70.0,2854.0,104.0,2864.0,340.0,2025-10-12 14:43:32.383143+00:00
515,530,370.0,2840.0,434.0,2856.0,1024.0,2025-10-12 14:43:32.383143+00:00
515,542,322.0,2844.0,351.0,2867.0,667.0,2025-10-12 14:43:32.383143+00:00
515,549,163.0,2846.0,230.0,2864.0,1206.0,2025-10-12 14:43:32.383143+00:00
516,491,1863.0,3017.0,1875.0,3025.0,96.0,2025-10-12 14:43:32.423143+00:00
516,514,65.0,2853.0,101.0,2864.0,396.0,2025-10-12 14:43:32.423143+00:00
516,530,359.0,2842.0,403.0,2855.0,572.0,2025-10-12 14:43:32.423143+00:00
516,542,316.0,2845.0,344.0,2866.0,588.0,2025-10-12 14:43:32.423143+00:00
516,549,159.0,2846.0,223.0,2864.0,1152.0,2025-10-12 14:43:32.423143+00:00
517,491,1862.0,3014.0,1872.0,3025.0,110.0,2025-10-12 14:43:32.463143+00:00
517,514,59.0,2849.0,98.0,2864.0,585.0,2025-10-12 14:43:32.463143+00:00
517,542,320.0,2844.0,377.0,2866.0,1254.0,2025-10-12 14:43:32.463143+00:00
517,549,152.0,2846.0,221.0,2860.0,966.0,2025-10-12 14:43:32.463143+00:00
518,491,1861.0,3015.0,1871.0,3022.0,70.0,2025-10-12 14:43:32.503143+00:00
518,514,51.0,2851.0,89.0,2868.0,646.0,2025-10-12 14:43:32.503143+00:00
518,528,120.0,2845.0,184.0,2857.0,768.0,2025-10-12 14:43:32.503143+00:00
518,542,307.0,2841.0,371.0,2864.0,1472.0,2025-10-12 14:43:32.503143+00:00
519,491,1859.0,3011.0,1870.0,3018.0,77.0,2025-10-12 14:43:32.543143+00:00
519,514,47.0,2853.0,79.0,2865.0,384.0,2025-10-12 14:43:32.543143+00:00
519,530,298.0,2841.0,359.0,2863.0,1342.0,2025-10-12 14:43:32.543143+00:00
519,549,143.0,2845.0,205.0,2861.0,992.0,2025-10-12 14:43:32.543143+00:00
520,491,1856.0,3006.0,1870.0,3017.0,154.0,2025-10-12 14:43:32.583143+00:00
520,514,43.0,2850.0,75.0,2862.0,384.0,2025-10-12 14:43:32.583143+00:00
520,528,107.0,2842.0,171.0,2860.0,1152.0,2025-10-12 14:43:32.583143+00:00
520,530,290.0,2841.0,339.0,2864.0,1127.0,2025-10-12 14:43:32.583143+00:00
521,491,1854.0,3010.0,1869.0,3017.0,105.0,2025-10-12 14:43:32.623143+00:00
521,514,35.0,2847.0,71.0,2865.0,648.0,2025-10-12 14:43:32.623143+00:00
521,542,284.0,2838.0,332.0,2861.0,1104.0,2025-10-12 14:43:32.623143+00:00
521,549,129.0,2844.0,196.0,2860.0,1072.0,2025-10-12 14:43:32.623143+00:00
522,491,1854.0,3010.0,1865.0,3020.0,110.0,2025-10-12 14:43:32.663143+00:00
522,514,27.0,2852.0,60.0,2864.0,396.0,2025-10-12 14:43:32.663143+00:00
522,542,278.0,2838.0,318.0,2859.0,840.0,2025-10-12 14:43:32.663143+00:00
522,549,123.0,2842.0,190.0,2857.0,1005.0,2025-10-12 14:43:32.663143+00:00
523,491,1854.0,3008.0,1863.0,3016.0,72.0,2025-10-12 14:43:32.703143+00:00
523,514,22.0,2852.0,55.0,2869.0,561.0,2025-10-12 14:43:32.703143+00:00
523,528,90.0,2843.0,154.0,2857.0,896.0,2025-10-12 14:43:32.703143+00:00
523,542,270.0,2838.0,300.0,2859.0,630.0,2025-10-12 14:43:32.703143+00:00
524,491,1852.0,3004.0,1862.0,3011.0,70.0,2025-10-12 14:43:32.743143+00:00
524,514,14.0,2848.0,46.0,2862.0,448.0,2025-10-12 14:43:32.743143+00:00
524,542,262.0,2837.0,296.0,2861.0,816.0,2025-10-12 14:43:32.743143+00:00
524,549,111.0,2838.0,177.0,2857.0,1254.0,2025-10-12 14:43:32.743143+00:00
525,491,1848.0,3001.0,1859.0,3010.0,99.0,2025-10-12 14:43:32.783143+00:00
525,514,7.0,2847.0,40.0,2862.0,495.0,2025-10-12 14:43:32.783143+00:00
525,542,259.0,2835.0,286.0,2856.0,567.0,2025-10-12 14:43:32.783143+00:00
525,549,103.0,2838.0,173.0,2856.0,1260.0,2025-10-12 14:43:32.783143+00:00
526,491,1850.0,3002.0,1859.0,3010.0,72.0,2025-10-12 14:43:32.823143+00:00
526,514,0.0,2852.0,33.0,2867.0,495.0,2025-10-12 14:43:32.823143+00:00
526,542,253.0,2834.0,278.0,2855.0,525.0,2025-10-12 14:43:32.823143+00:00
526,549,100.0,2838.0,168.0,2855.0,1156.0,2025-10-12 14:43:32.823143+00:00
527,491,1843.0,3004.0,1855.0,3012.0,96.0,2025-10-12 14:43:32.863143+00:00
527,542,247.0,2834.0,273.0,2854.0,520.0,2025-10-12 14:43:32.863143+00:00
527,549,91.0,2838.0,160.0,2856.0,1242.0,2025-10-12 14:43:32.863143+00:00
528,491,1843.0,3003.0,1856.0,3010.0,91.0,2025-10-12 14:43:32.903143+00:00
528,528,54.0,2839.0,118.0,2858.0,1216.0,2025-10-12 14:43:32.903143+00:00
528,542,239.0,2833.0,269.0,2856.0,690.0,2025-10-12 14:43:32.903143+00:00
529,491,1843.0,3000.0,1852.0,3007.0,63.0,2025-10-12 14:43:32.943143+00:00
529,514,1.0,2838.0,91.0,2865.0,2430.0,2025-10-12 14:43:32.943143+00:00
529,542,230.0,2830.0,262.0,2851.0,672.0,2025-10-12 14:43:32.943143+00:00
530,491,1838.0,2999.0,1850.0,3005.0,72.0,2025-10-12 14:43:32.983143+00:00
530,514,10.0,2839.0,55.0,2864.0,1125.0,2025-10-12 14:43:32.983143+00:00
530,542,226.0,2827.0,256.0,2851.0,720.0,2025-10-12 14:43:32.983143+00:00
530,549,74.0,2838.0,142.0,2852.0,952.0,2025-10-12 14:43:32.983143+00:00
531,491,1834.0,2998.0,1848.0,3006.0,112.0,2025-10-12 14:43:33.023143+00:00
531,514,4.0,2839.0,48.0,2865.0,1144.0,2025-10-12 14:43:33.023143+00:00
531,542,219.0,2831.0,249.0,2852.0,630.0,2025-10-12 14:43:33.023143+00:00
532,491,1835.0,2998.0,1844.0,3005.0,63.0,2025-10-12 14:43:33.063143+00:00
532,514,0.0,2839.0,73.0,2864.0,1825.0,2025-10-12 14:43:33.063143+00:00
532,542,211.0,2830.0,240.0,2849.0,551.0,2025-10-12 14:43:33.063143+00:00
532,559,596.0,2842.0,625.0,2857.0,435.0,2025-10-12 14:43:33.063143+00:00
533,491,1832.0,3000.0,1843.0,3004.0,44.0,2025-10-12 14:43:33.103143+00:00
533,528,27.0,2835.0,99.0,2856.0,1512.0,2025-10-12 14:43:33.103143+00:00
533,542,203.0,2829.0,231.0,2849.0,560.0,2025-10-12 14:43:33.103143+00:00
533,559,566.0,2831.0,617.0,2851.0,1020.0,2025-10-12 14:43:33.103143+00:00
534,491,1829.0,2999.0,1841.0,3004.0,60.0,2025-10-12 14:43:33.143143+00:00
534,528,19.0,2838.0,92.0,2856.0,1314.0,2025-10-12 14:43:33.143143+00:00
534,542,205.0,2827.0,265.0,2846.0,1140.0,2025-10-12 14:43:33.143143+00:00
534,559,558.0,2834.0,611.0,2854.0,1060.0,2025-10-12 14:43:33.143143+00:00
535,491,1828.0,2999.0,1838.0,3003.0,40.0,2025-10-12 14:43:33.183143+00:00
535,514,11.0,2838.0,53.0,2857.0,798.0,2025-10-12 14:43:33.183143+00:00
535,542,190.0,2826.0,242.0,2848.0,1144.0,2025-10-12 14:43:33.183143+00:00
535,559,553.0,2832.0,606.0,2851.0,1007.0,2025-10-12 14:43:33.183143+00:00
536,491,1826.0,2998.0,1837.0,3003.0,55.0,2025-10-12 14:43:33.223143+00:00
536,514,3.0,2838.0,49.0,2865.0,1242.0,2025-10-12 14:43:33.223143+00:00
536,559,523.0,2826.0,587.0,2845.0,1216.0,2025-10-12 14:43:33.223143+00:00
537,491,1823.0,2998.0,1833.0,3002.0,40.0,2025-10-12 14:43:33.263143+00:00
537,549,31.0,2834.0,100.0,2852.0,1242.0,2025-10-12 14:43:33.263143+00:00
537,559,543.0,2826.0,592.0,2847.0,1029.0,2025-10-12 14:43:33.263143+00:00
538,491,1823.0,2998.0,1832.0,3002.0,36.0,2025-10-12 14:43:33.303143+00:00
538,549,22.0,2834.0,90.0,2856.0,1496.0,2025-10-12 14:43:33.303143+00:00
538,559,535.0,2828.0,595.0,2850.0,1320.0,2025-10-12 14:43:33.303143+00:00
539,491,1820.0,2997.0,1831.0,3001.0,44.0,2025-10-12 14:43:33.343143+00:00
539,549,19.0,2835.0,85.0,2855.0,1320.0,2025-10-12 14:43:33.343143+00:00
539,559,530.0,2826.0,584.0,2844.0,972.0,2025-10-12 14:43:33.343143+00:00
540,491,1817.0,2997.0,1829.0,3001.0,48.0,2025-10-12 14:43:33.383143+00:00
540,549,8.0,2836.0,80.0,2857.0,1512.0,2025-10-12 14:43:33.383143+00:00
540,559,525.0,2821.0,579.0,2844.0,1242.0,2025-10-12 14:43:33.383143+00:00
541,491,1815.0,2997.0,1827.0,3001.0,48.0,2025-10-12 14:43:33.423143+00:00
541,549,3.0,2836.0,74.0,2855.0,1349.0,2025-10-12 14:43:33.423143+00:00
541,559,487.0,2819.0,568.0,2846.0,2187.0,2025-10-12 14:43:33.423143+00:00
542,491,1813.0,2996.0,1824.0,3001.0,55.0,2025-10-12 14:43:33.463143+00:00
542,542,151.0,2819.0,211.0,2837.0,1080.0,2025-10-12 14:43:33.463143+00:00
542,559,516.0,2822.0,567.0,2844.0,1122.0,2025-10-12 14:43:33.463143+00:00
543,491,1811.0,2996.0,1822.0,3001.0,55.0,2025-10-12 14:43:33.503143+00:00
543,549,0.0,2834.0,61.0,2857.0,1403.0,2025-10-12 14:43:33.503143+00:00
543,559,507.0,2822.0,563.0,2840.0,1008.0,2025-10-12 14:43:33.503143+00:00
544,491,1811.0,2997.0,1820.0,3001.0,36.0,2025-10-12 14:43:33.543143+00:00
544,559,503.0,2817.0,555.0,2840.0,1196.0,2025-10-12 14:43:33.543143+00:00
545,491,1809.0,2997.0,1818.0,3001.0,36.0,2025-10-12 14:43:33.583143+00:00
545,542,116.0,2819.0,172.0,2838.0,1064.0,2025-10-12 14:43:33.583143+00:00
545,549,0.0,2836.0,49.0,2854.0,882.0,2025-10-12 14:43:33.583143+00:00
545,559,497.0,2816.0,552.0,2842.0,1430.0,2025-10-12 14:43:33.583143+00:00
546,491,1807.0,2997.0,1817.0,3002.0,50.0,2025-10-12 14:43:33.623143+00:00
546,514,2.0,2836.0,41.0,2857.0,819.0,2025-10-12 14:43:33.623143+00:00
546,542,106.0,2817.0,140.0,2839.0,748.0,2025-10-12 14:43:33.623143+00:00
546,559,491.0,2818.0,544.0,2838.0,1060.0,2025-10-12 14:43:33.623143+00:00
547,491,1805.0,2997.0,1815.0,3002.0,50.0,2025-10-12 14:43:33.663143+00:00
547,514,0.0,2835.0,35.0,2857.0,770.0,2025-10-12 14:43:33.663143+00:00
547,542,99.0,2819.0,131.0,2838.0,608.0,2025-10-12 14:43:33.663143+00:00
547,559,483.0,2818.0,541.0,2836.0,1044.0,2025-10-12 14:43:33.663143+00:00
548,491,1804.0,2998.0,1813.0,3002.0,36.0,2025-10-12 14:43:33.703143+00:00
548,514,2.0,2836.0,28.0,2855.0,494.0,2025-10-12 14:43:33.703143+00:00
548,542,96.0,2819.0,149.0,2836.0,901.0,2025-10-12 14:43:33.703143+00:00
548,559,479.0,2814.0,533.0,2837.0,1242.0,2025-10-12 14:43:33.703143+00:00
549,491,1802.0,2998.0,1811.0,3003.0,45.0,2025-10-12 14:43:33.743143+00:00
549,514,0.0,2837.0,21.0,2852.0,315.0,2025-10-12 14:43:33.743143+00:00
549,542,80.0,2818.0,118.0,2838.0,760.0,2025-10-12 14:43:33.743143+00:00
549,559,472.0,2815.0,528.0,2838.0,1288.0,2025-10-12 14:43:33.743143+00:00
550,491,1801.0,2999.0,1811.0,3004.0,50.0,2025-10-12 14:43:33.783143+00:00
550,514,2.0,2843.0,14.0,2852.0,108.0,2025-10-12 14:43:33.783143+00:00
550,559,467.0,2814.0,524.0,2833.0,1083.0,2025-10-12 14:43:33.783143+00:00
551,491,1799.0,3000.0,1808.0,3005.0,45.0,2025-10-12 14:43:33.823143+00:00
551,514,0.0,2847.0,7.0,2852.0,35.0,2025-10-12 14:43:33.823143+00:00
551,542,64.0,2817.0,97.0,2836.0,627.0,2025-10-12 14:43:33.823143+00:00
551,559,459.0,2816.0,518.0,2832.0,944.0,2025-10-12 14:43:33.823143+00:00
552,491,1798.0,3001.0,1807.0,3006.0,45.0,2025-10-12 14:43:33.863143+00:00
552,542,55.0,2816.0,85.0,2836.0,600.0,2025-10-12 14:43:33.863143+00:00
552,559,454.0,2810.0,507.0,2832.0,1166.0,2025-10-12 14:43:33.863143+00:00
553,491,1797.0,3000.0,1810.0,3007.0,91.0,2025-10-12 14:43:33.903143+00:00
553,542,47.0,2814.0,74.0,2837.0,621.0,2025-10-12 14:43:33.903143+00:00
553,559,447.0,2811.0,502.0,2832.0,1155.0,2025-10-12 14:43:33.903143+00:00
554,491,1796.0,3003.0,1805.0,3008.0,45.0,2025-10-12 14:43:33.943143+00:00
554,542,39.0,2817.0,63.0,2837.0,480.0,2025-10-12 14:43:33.943143+00:00
554,559,442.0,2813.0,499.0,2830.0,969.0,2025-10-12 14:43:33.943143+00:00
555,491,1795.0,3005.0,1804.0,3009.0,36.0,2025-10-12 14:43:33.983143+00:00
555,542,31.0,2817.0,55.0,2836.0,456.0,2025-10-12 14:43:33.983143+00:00
555,559,432.0,2814.0,489.0,2831.0,969.0,2025-10-12 14:43:33.983143+00:00
556,491,1793.0,3006.0,1803.0,3011.0,50.0,2025-10-12 14:43:34.023143+00:00
556,542,22.0,2817.0,48.0,2836.0,494.0,2025-10-12 14:43:34.023143+00:00
556,559,427.0,2811.0,487.0,2832.0,1260.0,2025-10-12 14:43:34.023143+00:00
557,491,1791.0,3007.0,1802.0,3012.0,55.0,2025-10-12 14:43:34.063143+00:00
557,542,10.0,2816.0,41.0,2841.0,775.0,2025-10-12 14:43:34.063143+00:00
557,559,422.0,2810.0,480.0,2828.0,1044.0,2025-10-12 14:43:34.063143+00:00
558,491,1791.0,3009.0,1800.0,3014.0,45.0,2025-10-12 14:43:34.103143+00:00
558,559,415.0,2810.0,472.0,2826.0,912.0,2025-10-12 14:43:34.103143+00:00
559,491,1788.0,3010.0,1800.0,3015.0,60.0,2025-10-12 14:43:34.143143+00:00
559,559,407.0,2810.0,468.0,2829.0,1159.0,2025-10-12 14:43:34.143143+00:00
560,491,1789.0,3011.0,1798.0,3016.0,45.0,2025-10-12 14:43:34.183143+00:00
560,559,401.0,2811.0,461.0,2828.0,1020.0,2025-10-12 14:43:34.183143+00:00
561,491,1786.0,3013.0,1797.0,3017.0,44.0,2025-10-12 14:43:34.223143+00:00
561,559,395.0,2810.0,451.0,2824.0,784.0,2025-10-12 14:43:34.223143+00:00
562,491,1786.0,3014.0,1796.0,3019.0,50.0,2025-10-12 14:43:34.263143+00:00
562,521,301.0,2811.0,342.0,2822.0,451.0,2025-10-12 14:43:34.263143+00:00
562,559,388.0,2810.0,446.0,2823.0,754.0,2025-10-12 14:43:34.263143+00:00
563,491,1784.0,3016.0,1796.0,3021.0,60.0,2025-10-12 14:43:34.303143+00:00
563,521,293.0,2808.0,342.0,2822.0,686.0,2025-10-12 14:43:34.303143+00:00
563,559,381.0,2810.0,440.0,2824.0,826.0,2025-10-12 14:43:34.303143+00:00
564,491,1784.0,3017.0,1794.0,3022.0,50.0,2025-10-12 14:43:34.343143+00:00
564,521,287.0,2810.0,335.0,2824.0,672.0,2025-10-12 14:43:34.343143+00:00
564,559,375.0,2807.0,432.0,2824.0,969.0,2025-10-12 14:43:34.343143+00:00
565,491,1783.0,3019.0,1792.0,3023.0,36.0,2025-10-12 14:43:34.383143+00:00
565,521,279.0,2809.0,329.0,2825.0,800.0,2025-10-12 14:43:34.383143+00:00
565,559,370.0,2807.0,429.0,2821.0,826.0,2025-10-12 14:43:34.383143+00:00
566,491,1783.0,3020.0,1792.0,3025.0,45.0,2025-10-12 14:43:34.423143+00:00
566,521,272.0,2808.0,321.0,2821.0,637.0,2025-10-12 14:43:34.423143+00:00
566,559,325.0,2802.0,400.0,2820.0,1350.0,2025-10-12 14:43:34.423143+00:00
567,491,1783.0,3023.0,1791.0,3027.0,32.0,2025-10-12 14:43:34.463143+00:00
567,521,264.0,2807.0,315.0,2821.0,714.0,2025-10-12 14:43:34.463143+00:00
567,559,319.0,2802.0,396.0,2817.0,1155.0,2025-10-12 14:43:34.463143+00:00
568,491,1780.0,3024.0,1790.0,3028.0,40.0,2025-10-12 14:43:34.503143+00:00
568,521,257.0,2812.0,300.0,2825.0,559.0,2025-10-12 14:43:34.503143+00:00
568,559,347.0,2807.0,406.0,2824.0,1003.0,2025-10-12 14:43:34.503143+00:00
569,491,1779.0,3026.0,1789.0,3030.0,40.0,2025-10-12 14:43:34.543143+00:00
569,521,251.0,2806.0,300.0,2823.0,833.0,2025-10-12 14:43:34.543143+00:00
569,559,340.0,2806.0,401.0,2824.0,1098.0,2025-10-12 14:43:34.543143+00:00
570,491,1780.0,3028.0,1788.0,3032.0,32.0,2025-10-12 14:43:34.583143+00:00
570,521,244.0,2806.0,282.0,2821.0,570.0,2025-10-12 14:43:34.583143+00:00
570,559,332.0,2809.0,391.0,2824.0,885.0,2025-10-12 14:43:34.583143+00:00
571,491,1774.0,3029.0,1793.0,3036.0,133.0,2025-10-12 14:43:34.623143+00:00
571,521,234.0,2812.0,244.0,2821.0,90.0,2025-10-12 14:43:34.623143+00:00
571,559,326.0,2806.0,386.0,2824.0,1080.0,2025-10-12 14:43:34.623143+00:00
572,491,1778.0,3030.0,1787.0,3037.0,63.0,2025-10-12 14:43:34.663143+00:00
572,514,99.0,2807.0,169.0,2833.0,1820.0,2025-10-12 14:43:34.663143+00:00
572,521,228.0,2804.0,277.0,2821.0,833.0,2025-10-12 14:43:34.663143+00:00
572,559,284.0,2806.0,360.0,2817.0,836.0,2025-10-12 14:43:34.663143+00:00
573,491,1777.0,3033.0,1784.0,3040.0,49.0,2025-10-12 14:43:34.703143+00:00
573,514,91.0,2813.0,160.0,2832.0,1311.0,2025-10-12 14:43:34.703143+00:00
573,521,222.0,2809.0,232.0,2815.0,60.0,2025-10-12 14:43:34.703143+00:00
573,559,268.0,2802.0,318.0,2819.0,850.0,2025-10-12 14:43:34.703143+00:00
574,491,1775.0,3035.0,1784.0,3039.0,36.0,2025-10-12 14:43:34.743143+00:00
574,514,83.0,2813.0,152.0,2831.0,1242.0,2025-10-12 14:43:34.743143+00:00
574,521,212.0,2803.0,262.0,2817.0,700.0,2025-10-12 14:43:34.743143+00:00
574,559,303.0,2808.0,362.0,2820.0,708.0,2025-10-12 14:43:34.743143+00:00
575,491,1775.0,3037.0,1783.0,3042.0,40.0,2025-10-12 14:43:34.783143+00:00
575,521,205.0,2810.0,239.0,2819.0,306.0,2025-10-12 14:43:34.783143+00:00
575,559,296.0,2802.0,355.0,2822.0,1180.0,2025-10-12 14:43:34.783143+00:00
576,491,1775.0,3039.0,1782.0,3045.0,42.0,2025-10-12 14:43:34.823143+00:00
576,514,63.0,2810.0,136.0,2832.0,1606.0,2025-10-12 14:43:34.823143+00:00
576,521,197.0,2810.0,233.0,2823.0,468.0,2025-10-12 14:43:34.823143+00:00
576,559,289.0,2804.0,349.0,2821.0,1020.0,2025-10-12 14:43:34.823143+00:00
577,491,1773.0,3041.0,1782.0,3047.0,54.0,2025-10-12 14:43:34.863143+00:00
577,514,85.0,2811.0,151.0,2827.0,1056.0,2025-10-12 14:43:34.863143+00:00
577,521,191.0,2806.0,221.0,2820.0,420.0,2025-10-12 14:43:34.863143+00:00
577,559,281.0,2804.0,345.0,2821.0,1088.0,2025-10-12 14:43:34.863143+00:00
578,491,1772.0,3043.0,1781.0,3049.0,54.0,2025-10-12 14:43:34.903143+00:00
578,514,48.0,2811.0,117.0,2832.0,1449.0,2025-10-12 14:43:34.903143+00:00
578,521,179.0,2805.0,193.0,2814.0,126.0,2025-10-12 14:43:34.903143+00:00
578,559,274.0,2806.0,335.0,2825.0,1159.0,2025-10-12 14:43:34.903143+00:00
579,491,1771.0,3046.0,1781.0,3051.0,50.0,2025-10-12 14:43:34.943143+00:00
579,514,39.0,2807.0,110.0,2836.0,2059.0,2025-10-12 14:43:34.943143+00:00
579,521,172.0,2806.0,182.0,2816.0,100.0,2025-10-12 14:43:34.943143+00:00
579,559,267.0,2803.0,325.0,2821.0,1044.0,2025-10-12 14:43:34.943143+00:00
580,491,1770.0,3048.0,1780.0,3053.0,50.0,2025-10-12 14:43:34.983143+00:00
580,514,31.0,2814.0,101.0,2832.0,1260.0,2025-10-12 14:43:34.983143+00:00
580,521,165.0,2807.0,177.0,2818.0,132.0,2025-10-12 14:43:34.983143+00:00
580,559,260.0,2802.0,320.0,2820.0,1080.0,2025-10-12 14:43:34.983143+00:00
581,491,1769.0,3051.0,1779.0,3056.0,50.0,2025-10-12 14:43:35.023143+00:00
581,514,22.0,2811.0,91.0,2832.0,1449.0,2025-10-12 14:43:35.023143+00:00
581,521,156.0,2805.0,168.0,2813.0,96.0,2025-10-12 14:43:35.023143+00:00
581,559,251.0,2806.0,308.0,2821.0,855.0,2025-10-12 14:43:35.023143+00:00
582,491,1768.0,3053.0,1776.0,3057.0,32.0,2025-10-12 14:43:35.063143+00:00
582,514,14.0,2811.0,82.0,2837.0,1768.0,2025-10-12 14:43:35.063143+00:00
582,521,148.0,2803.0,161.0,2813.0,130.0,2025-10-12 14:43:35.063143+00:00
582,559,238.0,2803.0,286.0,2816.0,624.0,2025-10-12 14:43:35.063143+00:00
583,491,1768.0,3055.0,1776.0,3060.0,40.0,2025-10-12 14:43:35.103143+00:00
583,514,5.0,2811.0,74.0,2833.0,1518.0,2025-10-12 14:43:35.103143+00:00
583,521,135.0,2806.0,149.0,2817.0,154.0,2025-10-12 14:43:35.103143+00:00
583,559,235.0,2803.0,296.0,2821.0,1098.0,2025-10-12 14:43:35.103143+00:00
584,491,1767.0,3057.0,1775.0,3062.0,40.0,2025-10-12 14:43:35.143143+00:00
584,514,23.0,2807.0,88.0,2830.0,1495.0,2025-10-12 14:43:35.143143+00:00
584,521,128.0,2807.0,141.0,2816.0,117.0,2025-10-12 14:43:35.143143+00:00
584,559,219.0,2802.0,268.0,2816.0,686.0,2025-10-12 14:43:35.143143+00:00
585,491,1767.0,3059.0,1774.0,3064.0,35.0,2025-10-12 14:43:35.183143+00:00
585,514,13.0,2806.0,79.0,2825.0,1254.0,2025-10-12 14:43:35.183143+00:00
585,521,123.0,2804.0,133.0,2812.0,80.0,2025-10-12 14:43:35.183143+00:00
585,559,211.0,2805.0,220.0,2813.0,72.0,2025-10-12 14:43:35.183143+00:00
586,491,1765.0,3059.0,1773.0,3066.0,56.0,2025-10-12 14:43:35.223143+00:00
586,514,4.0,2804.0,73.0,2825.0,1449.0,2025-10-12 14:43:35.223143+00:00
586,521,116.0,2803.0,124.0,2812.0,72.0,2025-10-12 14:43:35.223143+00:00
586,559,205.0,2799.0,252.0,2814.0,705.0,2025-10-12 14:43:35.223143+00:00
587,491,1764.0,3064.0,1772.0,3068.0,32.0,2025-10-12 14:43:35.263143+00:00
587,514,0.0,2806.0,61.0,2827.0,1281.0,2025-10-12 14:43:35.263143+00:00
587,521,102.0,2807.0,135.0,2815.0,264.0,2025-10-12 14:43:35.263143+00:00
587,559,191.0,2802.0,244.0,2814.0,636.0,2025-10-12 14:43:35.263143+00:00
588,491,1763.0,3065.0,1772.0,3070.0,45.0,2025-10-12 14:43:35.303143+00:00
588,514,17.0,2808.0,53.0,2820.0,432.0,2025-10-12 14:43:35.303143+00:00
588,521,96.0,2806.0,132.0,2818.0,432.0,2025-10-12 14:43:35.303143+00:00
588,559,182.0,2802.0,236.0,2815.0,702.0,2025-10-12 14:43:35.303143+00:00
589,491,1762.0,3067.0,1770.0,3071.0,32.0,2025-10-12 14:43:35.343143+00:00
589,514,7.0,2805.0,42.0,2817.0,420.0,2025-10-12 14:43:35.343143+00:00
589,521,87.0,2802.0,125.0,2814.0,456.0,2025-10-12 14:43:35.343143+00:00
589,559,174.0,2800.0,226.0,2815.0,780.0,2025-10-12 14:43:35.343143+00:00
590,491,1761.0,3068.0,1770.0,3073.0,45.0,2025-10-12 14:43:35.383143+00:00
590,514,0.0,2803.0,35.0,2817.0,490.0,2025-10-12 14:43:35.383143+00:00
590,521,79.0,2802.0,117.0,2812.0,380.0,2025-10-12 14:43:35.383143+00:00
590,559,165.0,2800.0,218.0,2817.0,901.0,2025-10-12 14:43:35.383143+00:00
591,491,1760.0,3070.0,1768.0,3075.0,40.0,2025-10-12 14:43:35.423143+00:00
591,514,13.0,2806.0,23.0,2814.0,80.0,2025-10-12 14:43:35.423143+00:00
591,521,68.0,2802.0,108.0,2811.0,360.0,2025-10-12 14:43:35.423143+00:00
591,559,155.0,2803.0,208.0,2813.0,530.0,2025-10-12 14:43:35.423143+00:00
592,491,1759.0,3071.0,1767.0,3076.0,40.0,2025-10-12 14:43:35.463143+00:00
592,514,4.0,2806.0,15.0,2813.0,77.0,2025-10-12 14:43:35.463143+00:00
592,521,59.0,2802.0,95.0,2816.0,504.0,2025-10-12 14:43:35.463143+00:00
592,559,147.0,2803.0,199.0,2813.0,520.0,2025-10-12 14:43:35.463143+00:00
593,491,1759.0,3074.0,1765.0,3078.0,24.0,2025-10-12 14:43:35.503143+00:00
593,521,49.0,2803.0,86.0,2812.0,333.0,2025-10-12 14:43:35.503143+00:00
593,559,138.0,2799.0,190.0,2815.0,832.0,2025-10-12 14:43:35.503143+00:00
594,491,1756.0,3075.0,1765.0,3079.0,36.0,2025-10-12 14:43:35.543143+00:00
594,521,39.0,2800.0,77.0,2810.0,380.0,2025-10-12 14:43:35.543143+00:00
594,559,127.0,2799.0,180.0,2814.0,795.0,2025-10-12 14:43:35.543143+00:00
595,491,1756.0,3077.0,1763.0,3081.0,28.0,2025-10-12 14:43:35.583143+00:00
595,521,29.0,2798.0,68.0,2809.0,429.0,2025-10-12 14:43:35.583143+00:00
595,559,119.0,2802.0,129.0,2810.0,80.0,2025-10-12 14:43:35.583143+00:00
596,491,1754.0,3078.0,1764.0,3083.0,50.0,2025-10-12 14:43:35.623143+00:00
596,521,21.0,2799.0,56.0,2813.0,490.0,2025-10-12 14:43:35.623143+00:00
596,559,72.0,2792.0,118.0,2810.0,828.0,2025-10-12 14:43:35.623143+00:00
597,491,1752.0,3079.0,1762.0,3085.0,60.0,2025-10-12 14:43:35.663143+00:00
597,521,38.0,2790.0,65.0,2812.0,594.0,2025-10-12 14:43:35.663143+00:00
597,559,98.0,2795.0,151.0,2810.0,795.0,2025-10-12 14:43:35.663143+00:00
598,491,1752.0,3081.0,1760.0,3087.0,48.0,2025-10-12 14:43:35.703143+00:00
598,514,0.0,2798.0,41.0,2812.0,574.0,2025-10-12 14:43:35.703143+00:00
598,521,42.0,2792.0,99.0,2807.0,855.0,2025-10-12 14:43:35.703143+00:00
598,559,137.0,2802.0,165.0,2820.0,504.0,2025-10-12 14:43:35.703143+00:00
599,491,1750.0,3083.0,1758.0,3088.0,40.0,2025-10-12 14:43:35.743143+00:00
599,521,17.0,2790.0,88.0,2809.0,1349.0,2025-10-12 14:43:35.743143+00:00
599,559,127.0,2802.0,154.0,2821.0,513.0,2025-10-12 14:43:35.743143+00:00
600,491,1751.0,3085.0,1757.0,3089.0,24.0,2025-10-12 14:43:35.783143+00:00
600,521,7.0,2789.0,78.0,2808.0,1349.0,2025-10-12 14:43:35.783143+00:00
600,559,116.0,2803.0,144.0,2821.0,504.0,2025-10-12 14:43:35.783143+00:00
601,491,1748.0,3086.0,1755.0,3090.0,28.0,2025-10-12 14:43:35.823143+00:00
601,521,0.0,2786.0,29.0,2809.0,667.0,2025-10-12 14:43:35.823143+00:00
601,559,63.0,2793.0,127.0,2816.0,1472.0,2025-10-12 14:43:35.823143+00:00
602,491,1747.0,3088.0,1755.0,3092.0,32.0,2025-10-12 14:43:35.863143+00:00
602,514,6.0,2790.0,59.0,2803.0,689.0,2025-10-12 14:43:35.863143+00:00
602,559,102.0,2798.0,126.0,2818.0,480.0,2025-10-12 14:43:35.863143+00:00
603,491,1745.0,3089.0,1752.0,3093.0,28.0,2025-10-12 14:43:35.903143+00:00
603,514,0.0,2789.0,48.0,2805.0,768.0,2025-10-12 14:43:35.903143+00:00
603,559,89.0,2798.0,115.0,2820.0,572.0,2025-10-12 14:43:35.903143+00:00
604,491,1743.0,3091.0,1753.0,3095.0,40.0,2025-10-12 14:43:35.943143+00:00
604,514,33.0,2792.0,97.0,2816.0,1536.0,2025-10-12 14:43:35.943143+00:00
605,491,1743.0,3092.0,1749.0,3097.0,30.0,2025-10-12 14:43:35.983143+00:00
605,514,25.0,2791.0,89.0,2816.0,1600.0,2025-10-12 14:43:35.983143+00:00
606,491,1743.0,3094.0,1750.0,3098.0,28.0,2025-10-12 14:43:36.023143+00:00
606,514,7.0,2793.0,19.0,2801.0,96.0,2025-10-12 14:43:36.023143+00:00
606,559,59.0,2794.0,86.0,2816.0,594.0,2025-10-12 14:43:36.023143+00:00
607,491,1738.0,3094.0,1749.0,3100.0,66.0,2025-10-12 14:43:36.063143+00:00
607,514,0.0,2792.0,10.0,2799.0,70.0,2025-10-12 14:43:36.063143+00:00
607,559,49.0,2798.0,77.0,2820.0,616.0,2025-10-12 14:43:36.063143+00:00
608,491,1736.0,3096.0,1749.0,3102.0,78.0,2025-10-12 14:43:36.103143+00:00
608,559,40.0,2798.0,67.0,2816.0,486.0,2025-10-12 14:43:36.103143+00:00
609,491,1735.0,3098.0,1746.0,3104.0,66.0,2025-10-12 14:43:36.143143+00:00
609,559,28.0,2795.0,57.0,2814.0,551.0,2025-10-12 14:43:36.143143+00:00
610,491,1734.0,3099.0,1744.0,3104.0,50.0,2025-10-12 14:43:36.183143+00:00
610,559,18.0,2791.0,47.0,2819.0,812.0,2025-10-12 14:43:36.183143+00:00
611,491,1733.0,3101.0,1743.0,3106.0,50.0,2025-10-12 14:43:36.223143+00:00
611,559,8.0,2794.0,36.0,2816.0,616.0,2025-10-12 14:43:36.223143+00:00
612,491,1731.0,3102.0,1741.0,3107.0,50.0,2025-10-12 14:43:36.263143+00:00
612,559,0.0,2793.0,27.0,2813.0,540.0,2025-10-12 14:43:36.263143+00:00
613,491,1730.0,3101.0,1743.0,3108.0,91.0,2025-10-12 14:43:36.303143+00:00
613,514,5.0,2807.0,15.0,2812.0,50.0,2025-10-12 14:43:36.303143+00:00
614,491,1729.0,3106.0,1741.0,3112.0,72.0,2025-10-12 14:43:36.343143+00:00
614,514,0.0,2807.0,7.0,2812.0,35.0,2025-10-12 14:43:36.343143+00:00
615,491,1728.0,3107.0,1738.0,3115.0,80.0,2025-10-12 14:43:36.383143+00:00
616,491,1727.0,3108.0,1737.0,3113.0,50.0,2025-10-12 14:43:36.423143+00:00
617,491,1725.0,3106.0,1739.0,3116.0,140.0,2025-10-12 14:43:36.463143+00:00
618,491,1721.0,3110.0,1735.0,3118.0,112.0,2025-10-12 14:43:36.503143+00:00
619,491,1719.0,3115.0,1733.0,3124.0,126.0,2025-10-12 14:43:36.543143+00:00
620,491,1720.0,3116.0,1729.0,3123.0,63.0,2025-10-12 14:43:36.583143+00:00
621,491,1718.0,3113.0,1728.0,3122.0,90.0,2025-10-12 14:43:36.623143+00:00
622,491,1716.0,3116.0,1726.0,3125.0,90.0,2025-10-12 14:43:36.663143+00:00
623,491,1712.0,3120.0,1724.0,3128.0,96.0,2025-10-12 14:43:36.703143+00:00
624,491,1710.0,3121.0,1720.0,3128.0,70.0,2025-10-12 14:43:36.743143+00:00
625,491,1711.0,3119.0,1720.0,3125.0,54.0,2025-10-12 14:43:36.783143+00:00
626,491,1703.0,3119.0,1715.0,3128.0,108.0,2025-10-12 14:43:36.823143+00:00
627,491,1703.0,3124.0,1713.0,3129.0,50.0,2025-10-12 14:43:36.863143+00:00
628,491,1699.0,3124.0,1714.0,3133.0,135.0,2025-10-12 14:43:36.903143+00:00
629,491,1695.0,3124.0,1714.0,3130.0,114.0,2025-10-12 14:43:36.943143+00:00
630,491,1691.0,3119.0,1714.0,3130.0,253.0,2025-10-12 14:43:36.983143+00:00
631,491,1683.0,3124.0,1714.0,3133.0,279.0,2025-10-12 14:43:37.023143+00:00
632,491,1680.0,3128.0,1692.0,3136.0,96.0,2025-10-12 14:43:37.063143+00:00
633,491,1680.0,3127.0,1689.0,3133.0,54.0,2025-10-12 14:43:37.103143+00:00
634,491,1676.0,3124.0,1687.0,3132.0,88.0,2025-10-12 14:43:37.143143+00:00
635,491,1669.0,3123.0,1679.0,3133.0,100.0,2025-10-12 14:43:37.183143+00:00
636,491,1665.0,3128.0,1676.0,3137.0,99.0,2025-10-12 14:43:37.223143+00:00
637,491,1662.0,3128.0,1672.0,3136.0,80.0,2025-10-12 14:43:37.263143+00:00
638,491,1657.0,3125.0,1667.0,3135.0,100.0,2025-10-12 14:43:37.303143+00:00
639,491,1650.0,3120.0,1664.0,3133.0,182.0,2025-10-12 14:43:37.343143+00:00
640,491,1647.0,3125.0,1657.0,3136.0,110.0,2025-10-12 14:43:37.383143+00:00
641,491,1642.0,3126.0,1651.0,3136.0,90.0,2025-10-12 14:43:37.423143+00:00
642,491,1639.0,3125.0,1648.0,3130.0,45.0,2025-10-12 14:43:37.463143+00:00
643,491,1633.0,3118.0,1641.0,3128.0,80.0,2025-10-12 14:43:37.503143+00:00
644,491,1624.0,3120.0,1636.0,3128.0,96.0,2025-10-12 14:43:37.543143+00:00
645,491,1620.0,3123.0,1632.0,3133.0,120.0,2025-10-12 14:43:37.583143+00:00
646,491,1616.0,3122.0,1626.0,3129.0,70.0,2025-10-12 14:43:37.623143+00:00
647,491,1611.0,3118.0,1620.0,3124.0,54.0,2025-10-12 14:43:37.663143+00:00
648,491,1603.0,3115.0,1615.0,3125.0,120.0,2025-10-12 14:43:37.703143+00:00
649,491,1597.0,3119.0,1609.0,3128.0,108.0,2025-10-12 14:43:37.743143+00:00
650,491,1593.0,3119.0,1602.0,3127.0,72.0,2025-10-12 14:43:37.783143+00:00
651,491,1588.0,3115.0,1596.0,3120.0,40.0,2025-10-12 14:43:37.823143+00:00
652,491,1581.0,3111.0,1589.0,3119.0,64.0,2025-10-12 14:43:37.863143+00:00
653,491,1575.0,3109.0,1583.0,3119.0,80.0,2025-10-12 14:43:37.903143+00:00
654,491,1567.0,3110.0,1576.0,3120.0,90.0,2025-10-12 14:43:37.943143+00:00
655,491,1563.0,3111.0,1570.0,3119.0,56.0,2025-10-12 14:43:37.983143+00:00
656,491,1558.0,3106.0,1565.0,3112.0,42.0,2025-10-12 14:43:38.023143+00:00
657,491,1550.0,3103.0,1560.0,3113.0,100.0,2025-10-12 14:43:38.063143+00:00
658,491,1542.0,3102.0,1551.0,3113.0,99.0,2025-10-12 14:43:38.103143+00:00
659,491,1534.0,3103.0,1545.0,3112.0,99.0,2025-10-12 14:43:38.143143+00:00
660,491,1530.0,3099.0,1538.0,3109.0,80.0,2025-10-12 14:43:38.183143+00:00
661,491,1525.0,3095.0,1532.0,3104.0,63.0,2025-10-12 14:43:38.223143+00:00
662,491,1517.0,3094.0,1526.0,3103.0,81.0,2025-10-12 14:43:38.263143+00:00
663,491,1511.0,3095.0,1521.0,3104.0,90.0,2025-10-12 14:43:38.303143+00:00
664,491,1506.0,3092.0,1516.0,3099.0,70.0,2025-10-12 14:43:38.343143+00:00
665,491,1499.0,3086.0,1511.0,3094.0,96.0,2025-10-12 14:43:38.383143+00:00
666,491,1492.0,3083.0,1503.0,3095.0,132.0,2025-10-12 14:43:38.423143+00:00
667,491,1484.0,3086.0,1495.0,3094.0,88.0,2025-10-12 14:43:38.463143+00:00
668,491,1478.0,3082.0,1489.0,3090.0,88.0,2025-10-12 14:43:38.503143+00:00
669,491,1473.0,3077.0,1481.0,3085.0,64.0,2025-10-12 14:43:38.543143+00:00
670,491,1466.0,3071.0,1476.0,3081.0,100.0,2025-10-12 14:43:38.583143+00:00
671,491,1458.0,3070.0,1469.0,3081.0,121.0,2025-10-12 14:43:38.623143+00:00
672,491,1452.0,3071.0,1460.0,3080.0,72.0,2025-10-12 14:43:38.663143+00:00
673,491,1447.0,3067.0,1456.0,3075.0,72.0,2025-10-12 14:43:38.703143+00:00
674,491,1441.0,3061.0,1449.0,3069.0,64.0,2025-10-12 14:43:38.743143+00:00
675,491,1434.0,3058.0,1440.0,3066.0,48.0,2025-10-12 14:43:38.783143+00:00
676,491,1426.0,3058.0,1437.0,3068.0,110.0,2025-10-12 14:43:38.823143+00:00
677,491,1418.0,3055.0,1430.0,3065.0,120.0,2025-10-12 14:43:38.863143+00:00
678,491,1415.0,3051.0,1421.0,3056.0,30.0,2025-10-12 14:43:38.903143+00:00
679,491,1409.0,3045.0,1416.0,3053.0,56.0,2025-10-12 14:43:38.943143+00:00
680,491,1402.0,3040.0,1408.0,3053.0,78.0,2025-10-12 14:43:38.983143+00:00
681,491,1395.0,3042.0,1405.0,3053.0,110.0,2025-10-12 14:43:39.023143+00:00
682,491,1391.0,3041.0,1401.0,3050.0,90.0,2025-10-12 14:43:39.063143+00:00
683,491,1385.0,3037.0,1392.0,3042.0,35.0,2025-10-12 14:43:39.103143+00:00
684,491,1377.0,3031.0,1388.0,3038.0,77.0,2025-10-12 14:43:39.143143+00:00
685,491,1371.0,3028.0,1382.0,3036.0,88.0,2025-10-12 14:43:39.183143+00:00
686,491,1366.0,3030.0,1375.0,3035.0,45.0,2025-10-12 14:43:39.223143+00:00
687,491,1361.0,3026.0,1367.0,3032.0,36.0,2025-10-12 14:43:39.263143+00:00
688,491,1355.0,3022.0,1362.0,3027.0,35.0,2025-10-12 14:43:39.303143+00:00
689,491,1346.0,3014.0,1356.0,3024.0,100.0,2025-10-12 14:43:39.343143+00:00
690,491,1342.0,3015.0,1351.0,3024.0,81.0,2025-10-12 14:43:39.383143+00:00
691,491,1336.0,3015.0,1344.0,3024.0,72.0,2025-10-12 14:43:39.423143+00:00
692,491,1332.0,3011.0,1338.0,3016.0,30.0,2025-10-12 14:43:39.463143+00:00
693,491,1327.0,3008.0,1333.0,3014.0,36.0,2025-10-12 14:43:39.503143+00:00
694,491,1322.0,3003.0,1328.0,3009.0,36.0,2025-10-12 14:43:39.543143+00:00
695,491,1316.0,3000.0,1321.0,3007.0,35.0,2025-10-12 14:43:39.583143+00:00
696,491,1309.0,3000.0,1315.0,3007.0,42.0,2025-10-12 14:43:39.623143+00:00
697,491,1304.0,2997.0,1312.0,3003.0,48.0,2025-10-12 14:43:39.663143+00:00
698,491,1299.0,2993.0,1307.0,2998.0,40.0,2025-10-12 14:43:39.703143+00:00
699,491,1293.0,2988.0,1300.0,2995.0,49.0,2025-10-12 14:43:39.743143+00:00
700,491,1287.0,2986.0,1296.0,2994.0,72.0,2025-10-12 14:43:39.783143+00:00
701,491,1281.0,2987.0,1288.0,2993.0,42.0,2025-10-12 14:43:39.823143+00:00
702,491,1274.0,2983.0,1283.0,2993.0,90.0,2025-10-12 14:43:39.863143+00:00
703,491,1272.0,2981.0,1280.0,2986.0,40.0,2025-10-12 14:43:39.903143+00:00
704,491,1267.0,2977.0,1275.0,2984.0,56.0,2025-10-12 14:43:39.943143+00:00
705,491,1259.0,2973.0,1270.0,2982.0,99.0,2025-10-12 14:43:39.983143+00:00
706,491,1256.0,2974.0,1263.0,2980.0,42.0,2025-10-12 14:43:40.023143+00:00
707,491,1248.0,2970.0,1257.0,2981.0,99.0,2025-10-12 14:43:40.063143+00:00
708,491,1244.0,2969.0,1250.0,2976.0,42.0,2025-10-12 14:43:40.103143+00:00
709,491,1240.0,2965.0,1247.0,2972.0,49.0,2025-10-12 14:43:40.143143+00:00
710,491,1235.0,2963.0,1242.0,2969.0,42.0,2025-10-12 14:43:40.183143+00:00
711,491,1226.0,2963.0,1239.0,2968.0,65.0,2025-10-12 14:43:40.223143+00:00
712,491,1221.0,2961.0,1232.0,2969.0,88.0,2025-10-12 14:43:40.263143+00:00
713,491,1218.0,2958.0,1225.0,2965.0,49.0,2025-10-12 14:43:40.303143+00:00
714,491,1213.0,2953.0,1220.0,2960.0,49.0,2025-10-12 14:43:40.343143+00:00
715,491,1208.0,2951.0,1217.0,2961.0,90.0,2025-10-12 14:43:40.383143+00:00
716,491,1202.0,2951.0,1211.0,2959.0,72.0,2025-10-12 14:43:40.423143+00:00
717,491,1197.0,2949.0,1206.0,2957.0,72.0,2025-10-12 14:43:40.463143+00:00
718,491,1192.0,2947.0,1199.0,2955.0,56.0,2025-10-12 14:43:40.503143+00:00
719,491,1187.0,2947.0,1193.0,2952.0,30.0,2025-10-12 14:43:40.543143+00:00
720,491,1183.0,2944.0,1189.0,2949.0,30.0,2025-10-12 14:43:40.583143+00:00
721,491,1178.0,2943.0,1184.0,2947.0,24.0,2025-10-12 14:43:40.623143+00:00
722,491,1173.0,2941.0,1179.0,2946.0,30.0,2025-10-12 14:43:40.663143+00:00
723,491,1168.0,2939.0,1175.0,2944.0,35.0,2025-10-12 14:43:40.703143+00:00
724,491,1164.0,2938.0,1171.0,2943.0,35.0,2025-10-12 14:43:40.743143+00:00
725,491,1159.0,2937.0,1166.0,2941.0,28.0,2025-10-12 14:43:40.783143+00:00
726,491,1154.0,2935.0,1161.0,2939.0,28.0,2025-10-12 14:43:40.823143+00:00
727,491,1151.0,2934.0,1156.0,2938.0,20.0,2025-10-12 14:43:40.863143+00:00
728,491,1146.0,2932.0,1152.0,2937.0,30.0,2025-10-12 14:43:40.903143+00:00
729,491,1141.0,2931.0,1147.0,2935.0,24.0,2025-10-12 14:43:40.943143+00:00
730,491,1137.0,2930.0,1143.0,2934.0,24.0,2025-10-12 14:43:40.983143+00:00
731,491,1132.0,2929.0,1139.0,2933.0,28.0,2025-10-12 14:43:41.023143+00:00
732,491,1129.0,2927.0,1136.0,2932.0,35.0,2025-10-12 14:43:41.063143+00:00
733,491,1124.0,2926.0,1131.0,2930.0,28.0,2025-10-12 14:43:41.103143+00:00
734,491,1120.0,2925.0,1127.0,2929.0,28.0,2025-10-12 14:43:41.143143+00:00
735,491,1116.0,2924.0,1123.0,2928.0,28.0,2025-10-12 14:43:41.183143+00:00
736,491,1112.0,2922.0,1120.0,2927.0,40.0,2025-10-12 14:43:41.223143+00:00
737,491,1108.0,2922.0,1115.0,2926.0,28.0,2025-10-12 14:43:41.263143+00:00
738,491,1103.0,2921.0,1111.0,2925.0,32.0,2025-10-12 14:43:41.303143+00:00
739,491,1099.0,2920.0,1108.0,2924.0,36.0,2025-10-12 14:43:41.343143+00:00
740,491,1096.0,2919.0,1104.0,2923.0,32.0,2025-10-12 14:43:41.383143+00:00
741,491,1092.0,2918.0,1101.0,2922.0,36.0,2025-10-12 14:43:41.423143+00:00
742,491,1088.0,2917.0,1097.0,2922.0,45.0,2025-10-12 14:43:41.463143+00:00
743,491,1084.0,2916.0,1094.0,2921.0,50.0,2025-10-12 14:43:41.503143+00:00
744,491,1081.0,2916.0,1090.0,2921.0,45.0,2025-10-12 14:43:41.543143+00:00
745,491,1077.0,2915.0,1086.0,2920.0,45.0,2025-10-12 14:43:41.583143+00:00
746,491,1073.0,2915.0,1105.0,2923.0,256.0,2025-10-12 14:43:41.623143+00:00
747,491,1070.0,2913.0,1078.0,2918.0,40.0,2025-10-12 14:43:41.663143+00:00
748,491,1065.0,2914.0,1075.0,2918.0,40.0,2025-10-12 14:43:41.703143+00:00
749,491,1062.0,2913.0,1071.0,2917.0,36.0,2025-10-12 14:43:41.743143+00:00
750,491,1059.0,2912.0,1068.0,2917.0,45.0,2025-10-12 14:43:41.783143+00:00
751,491,1055.0,2912.0,1064.0,2916.0,36.0,2025-10-12 14:43:41.823143+00:00
752,491,1052.0,2911.0,1061.0,2916.0,45.0,2025-10-12 14:43:41.863143+00:00
753,491,1049.0,2911.0,1056.0,2915.0,28.0,2025-10-12 14:43:41.903143+00:00
754,491,1045.0,2911.0,1052.0,2915.0,28.0,2025-10-12 14:43:41.943143+00:00
755,491,1041.0,2910.0,1050.0,2914.0,36.0,2025-10-12 14:43:41.983143+00:00
756,491,1039.0,2909.0,1047.0,2914.0,40.0,2025-10-12 14:43:42.023143+00:00
757,491,1035.0,2909.0,1043.0,2914.0,40.0,2025-10-12 14:43:42.063143+00:00
758,491,1031.0,2908.0,1039.0,2913.0,40.0,2025-10-12 14:43:42.103143+00:00
759,491,1028.0,2908.0,1036.0,2913.0,40.0,2025-10-12 14:43:42.143143+00:00
760,491,1025.0,2908.0,1033.0,2912.0,32.0,2025-10-12 14:43:42.183143+00:00
761,491,1021.0,2907.0,1030.0,2912.0,45.0,2025-10-12 14:43:42.223143+00:00
762,491,1018.0,2907.0,1026.0,2912.0,40.0,2025-10-12 14:43:42.263143+00:00
763,491,1015.0,2906.0,1023.0,2911.0,40.0,2025-10-12 14:43:42.303143+00:00
764,491,1011.0,2906.0,1019.0,2910.0,32.0,2025-10-12 14:43:42.343143+00:00
765,491,1008.0,2906.0,1018.0,2911.0,50.0,2025-10-12 14:43:42.383143+00:00
766,491,1005.0,2905.0,1015.0,2910.0,50.0,2025-10-12 14:43:42.423143+00:00
767,491,1002.0,2905.0,1008.0,2909.0,24.0,2025-10-12 14:43:42.463143+00:00
768,491,999.0,2905.0,1005.0,2909.0,24.0,2025-10-12 14:43:42.503143+00:00
769,491,995.0,2904.0,1003.0,2909.0,40.0,2025-10-12 14:43:42.543143+00:00
770,491,992.0,2904.0,1000.0,2909.0,40.0,2025-10-12 14:43:42.583143+00:00
771,491,989.0,2904.0,996.0,2909.0,35.0,2025-10-12 14:43:42.623143+00:00
772,491,986.0,2904.0,994.0,2909.0,40.0,2025-10-12 14:43:42.663143+00:00
773,491,983.0,2903.0,991.0,2908.0,40.0,2025-10-12 14:43:42.703143+00:00
774,491,979.0,2904.0,988.0,2909.0,45.0,2025-10-12 14:43:42.743143+00:00
775,491,977.0,2903.0,986.0,2908.0,45.0,2025-10-12 14:43:42.783143+00:00
776,491,973.0,2903.0,982.0,2908.0,45.0,2025-10-12 14:43:42.823143+00:00
777,491,970.0,2904.0,980.0,2908.0,40.0,2025-10-12 14:43:42.863143+00:00
778,491,967.0,2903.0,978.0,2908.0,55.0,2025-10-12 14:43:42.903143+00:00
779,491,965.0,2903.0,976.0,2908.0,55.0,2025-10-12 14:43:42.943143+00:00
780,491,962.0,2903.0,972.0,2908.0,50.0,2025-10-12 14:43:42.983143+00:00
781,491,959.0,2903.0,969.0,2908.0,50.0,2025-10-12 14:43:43.023143+00:00
782,491,956.0,2903.0,966.0,2908.0,50.0,2025-10-12 14:43:43.063143+00:00
783,491,953.0,2903.0,962.0,2908.0,45.0,2025-10-12 14:43:43.103143+00:00
784,491,950.0,2903.0,959.0,2909.0,54.0,2025-10-12 14:43:43.143143+00:00
785,491,947.0,2903.0,957.0,2909.0,60.0,2025-10-12 14:43:43.183143+00:00
786,491,942.0,2904.0,954.0,2914.0,120.0,2025-10-12 14:43:43.223143+00:00
787,491,942.0,2904.0,948.0,2909.0,30.0,2025-10-12 14:43:43.263143+00:00
788,491,939.0,2898.0,945.0,2908.0,60.0,2025-10-12 14:43:43.303143+00:00
789,491,935.0,2899.0,942.0,2910.0,77.0,2025-10-12 14:43:43.343143+00:00
790,491,933.0,2905.0,939.0,2914.0,54.0,2025-10-12 14:43:43.383143+00:00
791,491,928.0,2903.0,938.0,2913.0,100.0,2025-10-12 14:43:43.423143+00:00
792,491,927.0,2903.0,935.0,2911.0,64.0,2025-10-12 14:43:43.463143+00:00
793,491,922.0,2901.0,930.0,2910.0,72.0,2025-10-12 14:43:43.503143+00:00
794,491,920.0,2906.0,929.0,2913.0,63.0,2025-10-12 14:43:43.543143+00:00
795,491,915.0,2906.0,922.0,2916.0,70.0,2025-10-12 14:43:43.583143+00:00
796,491,912.0,2903.0,921.0,2912.0,81.0,2025-10-12 14:43:43.623143+00:00
797,491,908.0,2900.0,919.0,2912.0,132.0,2025-10-12 14:43:43.663143+00:00
798,491,903.0,2904.0,912.0,2910.0,54.0,2025-10-12 14:43:43.703143+00:00
799,491,899.0,2902.0,909.0,2912.0,100.0,2025-10-12 14:43:43.743143+00:00
800,491,897.0,2903.0,904.0,2908.0,35.0,2025-10-12 14:43:43.783143+00:00
801,491,890.0,2897.0,904.0,2909.0,168.0,2025-10-12 14:43:43.823143+00:00
802,491,889.0,2902.0,896.0,2906.0,28.0,2025-10-12 14:43:43.863143+00:00
803,491,884.0,2901.0,892.0,2910.0,72.0,2025-10-12 14:43:43.903143+00:00
805,491,877.0,2891.0,884.0,2902.0,77.0,2025-10-12 14:43:43.983143+00:00
806,491,871.0,2894.0,881.0,2905.0,110.0,2025-10-12 14:43:44.023143+00:00
807,491,866.0,2894.0,877.0,2905.0,121.0,2025-10-12 14:43:44.063143+00:00
808,491,863.0,2892.0,872.0,2899.0,63.0,2025-10-12 14:43:44.103143+00:00
809,491,860.0,2886.0,868.0,2896.0,80.0,2025-10-12 14:43:44.143143+00:00
810,491,855.0,2887.0,863.0,2895.0,64.0,2025-10-12 14:43:44.183143+00:00
811,491,846.0,2886.0,859.0,2897.0,143.0,2025-10-12 14:43:44.223143+00:00
812,491,846.0,2887.0,856.0,2893.0,60.0,2025-10-12 14:43:44.263143+00:00
813,491,842.0,2882.0,851.0,2889.0,63.0,2025-10-12 14:43:44.303143+00:00
814,491,838.0,2875.0,846.0,2886.0,88.0,2025-10-12 14:43:44.343143+00:00
815,491,832.0,2881.0,840.0,2886.0,40.0,2025-10-12 14:43:44.383143+00:00
816,491,828.0,2879.0,836.0,2888.0,72.0,2025-10-12 14:43:44.423143+00:00
817,491,824.0,2875.0,832.0,2880.0,40.0,2025-10-12 14:43:44.463143+00:00
818,491,820.0,2867.0,828.0,2878.0,88.0,2025-10-12 14:43:44.503143+00:00
819,491,813.0,2870.0,825.0,2879.0,108.0,2025-10-12 14:43:44.543143+00:00
820,491,809.0,2871.0,818.0,2878.0,63.0,2025-10-12 14:43:44.583143+00:00
821,491,802.0,2867.0,815.0,2875.0,104.0,2025-10-12 14:43:44.623143+00:00
822,491,801.0,2863.0,813.0,2871.0,96.0,2025-10-12 14:43:44.663143+00:00
823,491,796.0,2857.0,804.0,2867.0,80.0,2025-10-12 14:43:44.703143+00:00
824,491,793.0,2860.0,800.0,2865.0,35.0,2025-10-12 14:43:44.743143+00:00
825,491,787.0,2858.0,799.0,2866.0,96.0,2025-10-12 14:43:44.783143+00:00
826,491,782.0,2854.0,793.0,2862.0,88.0,2025-10-12 14:43:44.823143+00:00
827,491,778.0,2850.0,788.0,2859.0,90.0,2025-10-12 14:43:44.863143+00:00
828,491,773.0,2845.0,783.0,2856.0,110.0,2025-10-12 14:43:44.903143+00:00
829,491,766.0,2846.0,777.0,2856.0,110.0,2025-10-12 14:43:44.943143+00:00
830,491,762.0,2846.0,769.0,2853.0,49.0,2025-10-12 14:43:44.983143+00:00
831,491,726.0,2768.0,909.0,3086.0,58194.0,2025-10-12 14:43:45.023143+00:00
832,491,750.0,2834.0,761.0,2846.0,132.0,2025-10-12 14:43:45.063143+00:00
833,491,747.0,2833.0,758.0,2846.0,143.0,2025-10-12 14:43:45.103143+00:00
834,491,741.0,2837.0,752.0,2847.0,110.0,2025-10-12 14:43:45.143143+00:00
835,491,737.0,2835.0,747.0,2842.0,70.0,2025-10-12 14:43:45.183143+00:00
836,491,733.0,2831.0,742.0,2837.0,54.0,2025-10-12 14:43:45.223143+00:00
837,491,727.0,2825.0,739.0,2838.0,156.0,2025-10-12 14:43:45.263143+00:00
838,491,721.0,2825.0,730.0,2835.0,90.0,2025-10-12 14:43:45.303143+00:00
839,491,712.0,2695.0,875.0,3055.0,58680.0,2025-10-12 14:43:45.343143+00:00
840,647,710.0,2823.0,730.0,2835.0,240.0,2025-10-12 14:43:45.383143+00:00
841,647,706.0,2819.0,730.0,2835.0,384.0,2025-10-12 14:43:45.423143+00:00
842,647,701.0,2814.0,730.0,2835.0,609.0,2025-10-12 14:43:45.463143+00:00
843,647,695.0,2814.0,730.0,2835.0,735.0,2025-10-12 14:43:45.503143+00:00
844,647,691.0,2814.0,700.0,2824.0,90.0,2025-10-12 14:43:45.543143+00:00
845,647,686.0,2813.0,692.0,2818.0,30.0,2025-10-12 14:43:45.583143+00:00
846,491,680.0,2808.0,689.0,2817.0,81.0,2025-10-12 14:43:45.623143+00:00
847,491,712.0,2644.0,826.0,3041.0,45258.0,2025-10-12 14:43:45.663143+00:00
847,647,675.0,2805.0,684.0,2814.0,81.0,2025-10-12 14:43:45.663143+00:00
848,647,666.0,2807.0,677.0,2816.0,99.0,2025-10-12 14:43:45.703143+00:00
849,647,664.0,2802.0,670.0,2813.0,66.0,2025-10-12 14:43:45.743143+00:00
850,491,659.0,2802.0,669.0,2808.0,60.0,2025-10-12 14:43:45.783143+00:00
851,491,651.0,2799.0,660.0,2804.0,45.0,2025-10-12 14:43:45.823143+00:00
852,491,648.0,2795.0,654.0,2803.0,48.0,2025-10-12 14:43:45.863143+00:00
853,491,642.0,2797.0,650.0,2803.0,48.0,2025-10-12 14:43:45.903143+00:00
854,491,635.0,2795.0,645.0,2805.0,100.0,2025-10-12 14:43:45.943143+00:00
855,647,631.0,2793.0,640.0,2798.0,45.0,2025-10-12 14:43:45.983143+00:00
856,647,627.0,2789.0,635.0,2795.0,48.0,2025-10-12 14:43:46.023143+00:00
857,647,618.0,2786.0,630.0,2796.0,120.0,2025-10-12 14:43:46.063143+00:00
858,647,614.0,2786.0,625.0,2796.0,110.0,2025-10-12 14:43:46.103143+00:00
859,647,611.0,2786.0,616.0,2790.0,20.0,2025-10-12 14:43:46.143143+00:00
860,647,605.0,2785.0,614.0,2790.0,45.0,2025-10-12 14:43:46.183143+00:00
861,647,600.0,2784.0,609.0,2788.0,36.0,2025-10-12 14:43:46.223143+00:00
862,647,595.0,2783.0,603.0,2787.0,32.0,2025-10-12 14:43:46.263143+00:00
863,647,590.0,2781.0,601.0,2786.0,55.0,2025-10-12 14:43:46.303143+00:00
864,647,584.0,2779.0,594.0,2785.0,60.0,2025-10-12 14:43:46.343143+00:00
865,647,579.0,2777.0,590.0,2784.0,77.0,2025-10-12 14:43:46.383143+00:00
866,647,575.0,2777.0,584.0,2782.0,45.0,2025-10-12 14:43:46.423143+00:00
867,647,571.0,2776.0,579.0,2781.0,40.0,2025-10-12 14:43:46.463143+00:00
868,647,565.0,2775.0,574.0,2779.0,36.0,2025-10-12 14:43:46.503143+00:00
869,647,561.0,2774.0,593.0,2786.0,384.0,2025-10-12 14:43:46.543143+00:00
870,647,555.0,2773.0,593.0,2786.0,494.0,2025-10-12 14:43:46.583143+00:00
871,491,550.0,2773.0,560.0,2778.0,50.0,2025-10-12 14:43:46.623143+00:00
872,491,546.0,2771.0,556.0,2776.0,50.0,2025-10-12 14:43:46.663143+00:00
873,491,541.0,2770.0,550.0,2775.0,45.0,2025-10-12 14:43:46.703143+00:00
874,491,537.0,2769.0,544.0,2773.0,28.0,2025-10-12 14:43:46.743143+00:00
875,491,533.0,2768.0,540.0,2773.0,35.0,2025-10-12 14:43:46.783143+00:00
876,491,528.0,2767.0,536.0,2772.0,40.0,2025-10-12 14:43:46.823143+00:00
877,491,523.0,2766.0,531.0,2770.0,32.0,2025-10-12 14:43:46.863143+00:00
878,491,519.0,2765.0,528.0,2770.0,45.0,2025-10-12 14:43:46.903143+00:00
879,491,514.0,2764.0,524.0,2769.0,50.0,2025-10-12 14:43:46.943143+00:00
880,491,511.0,2763.0,520.0,2768.0,45.0,2025-10-12 14:43:46.983143+00:00
881,491,506.0,2762.0,516.0,2767.0,50.0,2025-10-12 14:43:47.023143+00:00
882,491,503.0,2761.0,512.0,2766.0,45.0,2025-10-12 14:43:47.063143+00:00
883,491,498.0,2760.0,508.0,2765.0,50.0,2025-10-12 14:43:47.103143+00:00
884,491,493.0,2759.0,503.0,2764.0,50.0,2025-10-12 14:43:47.143143+00:00
885,491,490.0,2757.0,499.0,2762.0,45.0,2025-10-12 14:43:47.183143+00:00
886,491,485.0,2756.0,494.0,2760.0,36.0,2025-10-12 14:43:47.223143+00:00
887,491,481.0,2755.0,492.0,2760.0,55.0,2025-10-12 14:43:47.263143+00:00
888,491,479.0,2754.0,486.0,2758.0,28.0,2025-10-12 14:43:47.303143+00:00
889,491,473.0,2752.0,483.0,2757.0,50.0,2025-10-12 14:43:47.343143+00:00
890,491,470.0,2751.0,479.0,2756.0,45.0,2025-10-12 14:43:47.383143+00:00
891,491,466.0,2750.0,475.0,2755.0,45.0,2025-10-12 14:43:47.423143+00:00
892,491,463.0,2749.0,472.0,2754.0,45.0,2025-10-12 14:43:47.463143+00:00
893,491,459.0,2748.0,468.0,2753.0,45.0,2025-10-12 14:43:47.503143+00:00
894,491,455.0,2746.0,461.0,2751.0,30.0,2025-10-12 14:43:47.543143+00:00
895,491,451.0,2745.0,461.0,2751.0,60.0,2025-10-12 14:43:47.583143+00:00
896,491,448.0,2744.0,456.0,2748.0,32.0,2025-10-12 14:43:47.623143+00:00
897,647,444.0,2743.0,456.0,2750.0,84.0,2025-10-12 14:43:47.663143+00:00
898,647,441.0,2742.0,453.0,2747.0,60.0,2025-10-12 14:43:47.703143+00:00
899,647,437.0,2741.0,448.0,2746.0,55.0,2025-10-12 14:43:47.743143+00:00
900,647,436.0,2741.0,446.0,2745.0,40.0,2025-10-12 14:43:47.783143+00:00
901,647,431.0,2740.0,442.0,2744.0,44.0,2025-10-12 14:43:47.823143+00:00
902,647,427.0,2739.0,437.0,2744.0,50.0,2025-10-12 14:43:47.863143+00:00
903,647,424.0,2738.0,436.0,2743.0,60.0,2025-10-12 14:43:47.903143+00:00
904,647,422.0,2738.0,431.0,2742.0,36.0,2025-10-12 14:43:47.943143+00:00
905,647,418.0,2737.0,429.0,2742.0,55.0,2025-10-12 14:43:47.983143+00:00
906,647,415.0,2737.0,424.0,2741.0,36.0,2025-10-12 14:43:48.023143+00:00
907,647,412.0,2737.0,422.0,2741.0,40.0,2025-10-12 14:43:48.063143+00:00
908,647,409.0,2736.0,419.0,2741.0,50.0,2025-10-12 14:43:48.103143+00:00
909,647,406.0,2737.0,415.0,2743.0,54.0,2025-10-12 14:43:48.143143+00:00
910,647,403.0,2736.0,414.0,2741.0,55.0,2025-10-12 14:43:48.183143+00:00
911,647,400.0,2737.0,409.0,2743.0,54.0,2025-10-12 14:43:48.223143+00:00
912,647,397.0,2737.0,406.0,2743.0,54.0,2025-10-12 14:43:48.263143+00:00
913,647,394.0,2736.0,402.0,2743.0,56.0,2025-10-12 14:43:48.303143+00:00
914,647,391.0,2738.0,397.0,2742.0,24.0,2025-10-12 14:43:48.343143+00:00
915,647,388.0,2738.0,395.0,2742.0,28.0,2025-10-12 14:43:48.383143+00:00
916,647,385.0,2738.0,393.0,2743.0,40.0,2025-10-12 14:43:48.423143+00:00
917,647,381.0,2738.0,390.0,2743.0,45.0,2025-10-12 14:43:48.463143+00:00
918,647,378.0,2738.0,386.0,2744.0,48.0,2025-10-12 14:43:48.503143+00:00
919,647,375.0,2739.0,386.0,2745.0,66.0,2025-10-12 14:43:48.543143+00:00
920,647,372.0,2740.0,383.0,2746.0,66.0,2025-10-12 14:43:48.583143+00:00
921,647,369.0,2741.0,376.0,2747.0,42.0,2025-10-12 14:43:48.623143+00:00
922,647,366.0,2741.0,377.0,2748.0,77.0,2025-10-12 14:43:48.663143+00:00
923,647,363.0,2742.0,369.0,2749.0,42.0,2025-10-12 14:43:48.703143+00:00
924,647,360.0,2743.0,366.0,2750.0,42.0,2025-10-12 14:43:48.743143+00:00
925,647,357.0,2743.0,365.0,2751.0,64.0,2025-10-12 14:43:48.783143+00:00
926,647,354.0,2745.0,361.0,2752.0,49.0,2025-10-12 14:43:48.823143+00:00
927,647,351.0,2746.0,358.0,2753.0,49.0,2025-10-12 14:43:48.863143+00:00
928,647,348.0,2747.0,354.0,2755.0,48.0,2025-10-12 14:43:48.903143+00:00
929,647,344.0,2748.0,351.0,2756.0,56.0,2025-10-12 14:43:48.943143+00:00
930,647,341.0,2749.0,349.0,2757.0,64.0,2025-10-12 14:43:48.983143+00:00
931,647,337.0,2751.0,345.0,2758.0,56.0,2025-10-12 14:43:49.023143+00:00
932,647,335.0,2752.0,342.0,2760.0,56.0,2025-10-12 14:43:49.063143+00:00
933,647,332.0,2753.0,339.0,2761.0,56.0,2025-10-12 14:43:49.103143+00:00
934,647,329.0,2754.0,337.0,2762.0,64.0,2025-10-12 14:43:49.143143+00:00
935,647,326.0,2757.0,334.0,2763.0,48.0,2025-10-12 14:43:49.183143+00:00
936,647,322.0,2758.0,332.0,2765.0,70.0,2025-10-12 14:43:49.223143+00:00
937,647,319.0,2758.0,329.0,2766.0,80.0,2025-10-12 14:43:49.263143+00:00
938,647,316.0,2760.0,326.0,2768.0,80.0,2025-10-12 14:43:49.303143+00:00
939,647,313.0,2761.0,323.0,2770.0,90.0,2025-10-12 14:43:49.343143+00:00
940,647,310.0,2763.0,322.0,2771.0,96.0,2025-10-12 14:43:49.383143+00:00
941,647,307.0,2765.0,319.0,2773.0,96.0,2025-10-12 14:43:49.423143+00:00
942,647,305.0,2767.0,316.0,2774.0,77.0,2025-10-12 14:43:49.463143+00:00
943,647,301.0,2767.0,311.0,2775.0,80.0,2025-10-12 14:43:49.503143+00:00
944,647,298.0,2769.0,311.0,2776.0,91.0,2025-10-12 14:43:49.543143+00:00
945,647,296.0,2771.0,306.0,2778.0,70.0,2025-10-12 14:43:49.583143+00:00
946,647,293.0,2772.0,304.0,2779.0,77.0,2025-10-12 14:43:49.623143+00:00
947,647,290.0,2773.0,301.0,2781.0,88.0,2025-10-12 14:43:49.663143+00:00
948,647,287.0,2775.0,298.0,2783.0,88.0,2025-10-12 14:43:49.703143+00:00
949,647,285.0,2777.0,296.0,2785.0,88.0,2025-10-12 14:43:49.743143+00:00
950,647,281.0,2778.0,293.0,2787.0,108.0,2025-10-12 14:43:49.783143+00:00
951,647,279.0,2780.0,294.0,2788.0,120.0,2025-10-12 14:43:49.823143+00:00
952,647,276.0,2782.0,288.0,2789.0,84.0,2025-10-12 14:43:49.863143+00:00
953,647,275.0,2781.0,289.0,2788.0,98.0,2025-10-12 14:43:49.903143+00:00
954,647,270.0,2779.0,285.0,2788.0,135.0,2025-10-12 14:43:49.943143+00:00
955,647,270.0,2786.0,280.0,2793.0,70.0,2025-10-12 14:43:49.983143+00:00
956,647,267.0,2787.0,277.0,2796.0,90.0,2025-10-12 14:43:50.023143+00:00
957,647,265.0,2787.0,272.0,2792.0,35.0,2025-10-12 14:43:50.063143+00:00
958,647,260.0,2783.0,273.0,2793.0,130.0,2025-10-12 14:43:50.103143+00:00
959,647,253.0,2790.0,268.0,2795.0,75.0,2025-10-12 14:43:50.143143+00:00
960,647,252.0,2791.0,265.0,2800.0,117.0,2025-10-12 14:43:50.183143+00:00
961,647,251.0,2790.0,259.0,2796.0,48.0,2025-10-12 14:43:50.223143+00:00
962,647,247.0,2787.0,257.0,2797.0,100.0,2025-10-12 14:43:50.263143+00:00
963,647,238.0,2790.0,254.0,2797.0,112.0,2025-10-12 14:43:50.303143+00:00
964,647,238.0,2794.0,247.0,2800.0,54.0,2025-10-12 14:43:50.343143+00:00
965,647,235.0,2793.0,240.0,2799.0,30.0,2025-10-12 14:43:50.383143+00:00
966,647,230.0,2791.0,240.0,2801.0,100.0,2025-10-12 14:43:50.423143+00:00
967,647,222.0,2791.0,238.0,2801.0,160.0,2025-10-12 14:43:50.463143+00:00
968,647,219.0,2795.0,232.0,2804.0,117.0,2025-10-12 14:43:50.503143+00:00
969,647,214.0,2791.0,225.0,2801.0,110.0,2025-10-12 14:43:50.543143+00:00
970,647,212.0,2791.0,222.0,2798.0,70.0,2025-10-12 14:43:50.583143+00:00
971,647,205.0,2789.0,215.0,2798.0,90.0,2025-10-12 14:43:50.623143+00:00
972,647,198.0,2790.0,210.0,2800.0,120.0,2025-10-12 14:43:50.663143+00:00
973,647,196.0,2791.0,206.0,2796.0,50.0,2025-10-12 14:43:50.703143+00:00
974,647,192.0,2787.0,200.0,2793.0,48.0,2025-10-12 14:43:50.743143+00:00
975,647,182.0,2782.0,195.0,2792.0,130.0,2025-10-12 14:43:50.783143+00:00
976,647,180.0,2788.0,188.0,2794.0,48.0,2025-10-12 14:43:50.823143+00:00
977,647,175.0,2786.0,187.0,2792.0,72.0,2025-10-12 14:43:50.863143+00:00
978,647,171.0,2781.0,179.0,2789.0,64.0,2025-10-12 14:43:50.903143+00:00
979,647,164.0,2778.0,174.0,2787.0,90.0,2025-10-12 14:43:50.943143+00:00
980,647,156.0,2781.0,169.0,2788.0,91.0,2025-10-12 14:43:50.983143+00:00
981,647,153.0,2778.0,163.0,2784.0,60.0,2025-10-12 14:43:51.023143+00:00
982,647,149.0,2774.0,159.0,2780.0,60.0,2025-10-12 14:43:51.063143+00:00
983,647,143.0,2768.0,153.0,2777.0,90.0,2025-10-12 14:43:51.103143+00:00
984,647,135.0,2771.0,146.0,2777.0,66.0,2025-10-12 14:43:51.143143+00:00
985,647,131.0,2766.0,140.0,2776.0,90.0,2025-10-12 14:43:51.183143+00:00
986,647,127.0,2765.0,134.0,2769.0,28.0,2025-10-12 14:43:51.223143+00:00
987,647,121.0,2755.0,129.0,2769.0,112.0,2025-10-12 14:43:51.263143+00:00
988,647,113.0,2757.0,124.0,2764.0,77.0,2025-10-12 14:43:51.303143+00:00
989,647,107.0,2757.0,117.0,2769.0,120.0,2025-10-12 14:43:51.343143+00:00
990,647,105.0,2753.0,113.0,2760.0,56.0,2025-10-12 14:43:51.383143+00:00
991,647,99.0,2748.0,108.0,2755.0,63.0,2025-10-12 14:43:51.423143+00:00
992,647,93.0,2741.0,104.0,2755.0,154.0,2025-10-12 14:43:51.463143+00:00
993,647,87.0,2745.0,96.0,2749.0,36.0,2025-10-12 14:43:51.503143+00:00
994,647,78.0,2743.0,90.0,2753.0,120.0,2025-10-12 14:43:51.543143+00:00
995,647,76.0,2739.0,83.0,2744.0,35.0,2025-10-12 14:43:51.583143+00:00
996,647,71.0,2733.0,80.0,2740.0,63.0,2025-10-12 14:43:51.623143+00:00
997,647,64.0,2727.0,72.0,2738.0,88.0,2025-10-12 14:43:51.663143+00:00
998,647,57.0,2730.0,68.0,2740.0,110.0,2025-10-12 14:43:51.703143+00:00
999,647,49.0,2727.0,63.0,2736.0,126.0,2025-10-12 14:43:51.743143+00:00
1000,647,47.0,2725.0,55.0,2729.0,32.0,2025-10-12 14:43:51.783143+00:00
1001,647,42.0,2719.0,52.0,2726.0,70.0,2025-10-12 14:43:51.823143+00:00
1002,647,35.0,2715.0,44.0,2724.0,81.0,2025-10-12 14:43:51.863143+00:00
1003,647,27.0,2718.0,37.0,2725.0,70.0,2025-10-12 14:43:51.903143+00:00
1004,647,23.0,2715.0,33.0,2724.0,90.0,2025-10-12 14:43:51.943143+00:00
1005,647,18.0,2711.0,27.0,2716.0,45.0,2025-10-12 14:43:51.983143+00:00
1006,647,10.0,2703.0,21.0,2713.0,110.0,2025-10-12 14:43:52.023143+00:00
1007,647,7.0,2703.0,17.0,2712.0,90.0,2025-10-12 14:43:52.063143+00:00
1008,647,0.0,2705.0,10.0,2714.0,90.0,2025-10-12 14:43:52.103143+00:00
