frame_number,obj_id,x1,y1,x2,y2,bbox_size
0,78911,1857,3450,1874,3469,323
1,78911,1850,3450,1874,3466,384
2,78911,1850,3449,1873,3463,322
3,78911,1851,3445,1866,3457,180
4,78911,1849,3440,1868,3452,228
5,78911,1855,3431,1864,3445,126
6,78911,1842,3431,1866,3442,264
7,78911,1846,3431,1865,3440,171
8,78911,1846,3426,1860,3437,154
9,78911,1843,3420,1861,3429,162
10,78911,1844,3415,1857,3426,143
11,78911,1843,3415,1856,3425,130
12,78911,1835,3411,1857,3421,220
13,78911,1835,3410,1853,3418,144
14,78911,1833,3407,1850,3416,153
15,78911,1830,3403,1851,3412,189
16,78911,1828,3399,1848,3409,200
17,78911,1827,3398,1847,3404,120
18,78911,1825,3395,1843,3400,90
19,78911,1824,3393,1843,3398,95
20,78911,1823,3390,1842,3396,114
21,78911,1823,3387,1841,3393,108
22,78911,1820,3383,1840,3391,160
23,78911,1819,3381,1841,3389,176
24,78911,1817,3379,1837,3386,140
25,78911,1816,3376,1836,3383,140
26,78911,1815,3374,1834,3381,133
27,78911,1813,3372,1833,3379,140
28,78911,1811,3370,1830,3378,152
29,78911,1810,3367,1833,3376,207
30,78911,1809,3364,1830,3374,210
31,78911,1808,3362,1830,3372,220
32,78911,1807,3360,1826,3371,209
33,78911,1805,3359,1824,3371,228
34,78911,1803,3358,1822,3368,190
35,78911,1801,3357,1820,3367,190
36,78911,1800,3355,1819,3365,190
37,78911,1798,3355,1815,3364,153
38,78911,1796,3354,1815,3365,209
39,78911,1795,3353,1813,3361,144
40,78911,1793,3351,1810,3360,153
41,78911,1791,3351,1808,3359,136
42,78911,1789,3350,1810,3360,210
43,78911,1788,3352,1809,3358,126
44,78911,1786,3351,1809,3359,184
45,78911,1785,3350,1808,3358,184
46,78911,1783,3350,1805,3357,154
47,78911,1781,3350,1798,3356,102
48,78911,1779,3350,1796,3357,119
49,78911,1777,3350,1792,3355,75
50,78911,1776,3349,1791,3355,90
51,78911,1774,3349,1790,3355,96
52,78911,1771,3348,1789,3355,126
53,78911,1771,3348,1788,3354,102
54,78911,1769,3348,1786,3354,102
55,78911,1768,3348,1785,3354,102
56,78911,1766,3348,1783,3354,102
57,78911,1765,3348,1781,3354,96
58,78911,1764,3348,1781,3354,102
59,78911,1763,3348,1780,3354,102
60,78911,1762,3348,1780,3354,108
61,78911,1761,3348,1776,3353,75
62,78911,1757,3348,1775,3355,126
63,78911,1757,3348,1773,3353,80
64,78911,1756,3348,1773,3354,102
65,78911,1756,3348,1772,3354,96
66,78911,1755,3348,1770,3354,90
67,78911,1754,3347,1771,3355,136
68,78911,1752,3349,1769,3357,136
69,78911,1751,3349,1767,3355,96
70,78911,1750,3350,1767,3358,136
71,78911,1749,3349,1767,3357,144
72,78911,1749,3352,1767,3363,198
73,78911,1750,3350,1764,3362,168
74,78911,1750,3346,1767,3361,255
75,78911,1746,3347,1766,3361,280
76,78911,1743,3354,1764,3364,210
76,78896,2150,3029,2159,3036,63
77,78911,1746,3357,1760,3371,196
77,78896,2147,3031,2157,3037,60
78,78911,1748,3357,1762,3363,84
78,78896,2143,3031,2148,3036,25
79,78911,1748,3351,1760,3364,156
79,78896,2136,3028,2141,3035,35
80,78911,1739,3355,1761,3365,220
80,78896,2129,3031,2137,3036,40
80,78969,2151,3031,2159,3036,40
81,78911,1742,3358,1760,3375,306
81,78896,2122,3030,2130,3036,48
81,78969,2147,3030,2157,3037,70
82,78911,1744,3359,1756,3369,120
82,78896,2117,3030,2125,3034,32
82,78969,2140,3029,2151,3035,66
83,78911,1744,3358,1761,3368,170
83,78896,2111,3030,2118,3036,42
83,78969,2135,3029,2143,3036,56
84,78911,1739,3356,1759,3369,260
84,78896,2104,3031,2113,3038,63
84,78971,2146,3030,2154,3038,64
84,78969,2128,3030,2138,3038,80
84,79045,2156,3031,2159,3036,15
85,78911,1744,3365,1759,3372,105
85,78896,2098,3030,2106,3036,48
85,78971,2141,3030,2149,3037,56
85,78969,2121,3028,2132,3038,110
85,79045,2150,3029,2156,3035,36
86,78911,1738,3365,1753,3377,180
86,78896,2093,3029,2100,3035,42
86,78971,2135,3030,2144,3037,63
86,78969,2117,3029,2126,3037,72
86,79045,2145,3030,2150,3036,30
86,79037,2155,3029,2159,3037,32
87,78911,1738,3363,1752,3370,98
87,78896,2087,3030,2094,3036,42
87,78969,2109,3029,2119,3036,70
87,78971,2130,3030,2137,3036,42
87,79045,2138,3030,2144,3037,42
87,79037,2148,3030,2157,3037,63
88,78911,1734,3358,1753,3371,247
88,78896,2081,3031,2088,3037,42
88,78969,2103,3029,2113,3038,90
88,78971,2122,3031,2129,3037,42
88,79037,2143,3031,2152,3036,45
88,79045,2132,3030,2139,3036,42
89,78911,1738,3366,1752,3372,84
89,78896,2075,3030,2081,3038,48
89,78969,2097,3030,2107,3038,80
89,78971,2117,3030,2125,3038,64
89,79045,2127,3029,2132,3035,30
89,79037,2136,3029,2146,3040,110
89,78897,2151,3027,2159,3035,64
90,78911,1730,3367,1747,3377,170
90,78896,2068,3030,2075,3036,42
90,78969,2092,3029,2101,3037,72
90,78971,2111,3030,2119,3037,56
90,79045,2121,3031,2127,3036,30
90,79037,2130,3031,2140,3040,90
90,78897,2144,3027,2153,3034,63
91,78911,1732,3364,1746,3371,98
91,78896,2059,3029,2070,3037,88
91,78969,2084,3027,2095,3036,99
91,78971,2104,3030,2113,3037,63
91,79045,2113,3031,2120,3037,42
91,79037,2124,3030,2134,3037,70
91,78897,2138,3028,2146,3033,40
91,78899,2154,3027,2159,3033,30
92,78911,1726,3358,1747,3372,294
92,78896,2055,3030,2063,3037,56
92,78971,2098,3031,2105,3041,70
92,78969,2079,3028,2087,3038,80
92,79045,2105,3031,2116,3036,55
92,79037,2119,3030,2129,3038,80
92,78897,2133,3029,2140,3035,42
92,78899,2146,3027,2157,3034,77
93,78911,1722,3363,1747,3372,225
93,78896,2048,3030,2056,3037,56
93,78971,2091,3030,2099,3037,56
93,78969,2073,3030,2082,3038,72
93,79045,2103,3027,2110,3036,63
93,79037,2113,3030,2123,3039,90
93,78897,2128,3029,2136,3035,48
93,78899,2142,3028,2151,3033,45
94,78911,1723,3363,1740,3378,255
94,78896,2044,3026,2051,3036,70
94,78971,2087,3027,2094,3038,77
94,78969,2065,3026,2077,3036,120
94,79045,2097,3030,2104,3036,42
94,79037,2107,3030,2118,3038,88
94,78897,2121,3027,2129,3033,48
94,78899,2136,3026,2145,3032,54
94,79097,2149,3026,2156,3030,28
95,78911,1723,3361,1733,3373,120
95,78896,2037,3030,2044,3036,42
95,78971,2080,3030,2088,3037,56
95,78969,2062,3030,2069,3036,42
95,79045,2089,3031,2096,3037,42
95,79037,2100,3031,2110,3038,70
95,78897,2115,3029,2122,3035,42
95,78899,2130,3026,2139,3032,54
95,79097,2143,3026,2150,3032,42
96,78911,1721,3358,1736,3370,180
96,78896,2031,3031,2038,3037,42
96,78971,2073,3030,2081,3039,72
96,78969,2055,3032,2064,3040,72
96,79045,2084,3031,2091,3036,35
96,79037,2094,3030,2104,3037,70
96,78897,2108,3030,2117,3036,54
96,78899,2123,3026,2133,3032,60
96,79097,2137,3026,2145,3032,48
97,78911,1716,3357,1734,3369,216
97,78896,2025,3031,2034,3037,54
97,78971,2068,3030,2076,3039,72
97,78969,2049,3031,2059,3040,90
97,79045,2078,3028,2085,3036,56
97,79037,2088,3027,2098,3038,110
97,78897,2103,3029,2111,3037,64
97,78899,2119,3027,2127,3033,48
97,79097,2131,3025,2139,3031,48
97,79098,2142,3023,2153,3030,77
98,78911,1719,3363,1732,3372,117
98,78896,2019,3029,2027,3037,64
98,78971,2062,3030,2070,3038,64
98,78969,2042,3028,2053,3038,110
98,79045,2071,3031,2080,3035,36
98,79037,2082,3029,2092,3039,100
98,78897,2096,3027,2104,3035,64
98,78899,2112,3026,2121,3032,54
98,79097,2125,3025,2133,3031,48
98,79098,2137,3023,2146,3030,63
98,79102,2150,3024,2158,3029,40
99,78911,1711,3360,1727,3373,208
99,78896,2010,3031,2022,3037,72
99,78971,2056,3030,2063,3038,56
99,78969,2037,3029,2046,3038,81
99,79045,2065,3031,2071,3036,30
99,79037,2075,3031,2085,3038,70
99,78897,2090,3026,2099,3035,81
99,78899,2105,3027,2114,3033,54
99,79097,2118,3026,2127,3031,45
99,79098,2131,3022,2140,3029,63
99,79102,2144,3024,2151,3029,35
99,79103,2152,3018,2159,3024,42
100,78911,1712,3359,1728,3366,112
100,78896,2005,3030,2014,3037,63
100,78971,2048,3030,2057,3039,81
100,78969,2029,3029,2038,3039,90
100,79045,2058,3030,2064,3035,30
100,79037,2071,3030,2081,3037,70
100,78897,2084,3030,2093,3037,63
100,78899,2100,3027,2108,3034,56
100,79097,2113,3027,2122,3032,45
100,79098,2125,3023,2135,3031,80
100,79102,2139,3023,2146,3029,42
100,79103,2146,3020,2154,3025,40
101,78911,1707,3351,1724,3365,238
101,78896,1999,3030,2008,3037,63
101,78971,2043,3030,2052,3038,72
101,78969,2023,3029,2033,3038,90
101,79045,2051,3029,2058,3034,35
101,79037,2062,3030,2075,3039,117
101,78897,2079,3031,2087,3036,40
101,78899,2095,3027,2102,3034,49
101,79097,2107,3026,2116,3031,45
101,79098,2119,3024,2129,3032,80
101,79102,2133,3023,2139,3028,30
101,79103,2142,3020,2148,3027,42
101,79105,2151,3020,2157,3025,30
102,78911,1701,3356,1723,3364,176
102,78896,1993,3029,2002,3036,63
102,78971,2036,3029,2046,3037,80
102,78969,2015,3027,2027,3037,120
102,79045,2046,3031,2052,3035,24
102,79037,2055,3030,2069,3039,126
102,78897,2073,3028,2081,3035,56
102,78899,2089,3028,2097,3033,40
102,79097,2101,3026,2109,3031,40
102,79098,2113,3023,2123,3031,80
102,79102,2127,3025,2134,3029,28
102,79103,2136,3019,2142,3025,36
103,78911,1702,3356,1720,3368,216
103,78896,1985,3029,1995,3037,80
103,78971,2028,3028,2038,3037,90
103,78969,2010,3030,2019,3037,63
103,79045,2038,3031,2047,3036,45
103,79037,2051,3031,2062,3038,77
103,78897,2067,3028,2074,3035,49
103,78899,2082,3027,2090,3033,48
103,79097,2096,3026,2104,3031,40
103,79098,2109,3023,2118,3031,72
103,79102,2121,3025,2128,3030,35
103,79103,2129,3020,2138,3025,45
103,79105,2140,3023,2146,3028,30
104,78911,1702,3355,1715,3363,104
104,78896,1980,3030,1988,3039,72
104,78971,2023,3030,2032,3039,81
104,78969,2004,3030,2014,3037,70
104,79045,2033,3031,2040,3036,35
104,79037,2046,3030,2056,3038,80
104,78897,2060,3029,2068,3035,48
104,78899,2075,3028,2084,3033,45
104,79097,2089,3026,2098,3033,63
104,79098,2102,3024,2112,3031,70
104,79102,2115,3024,2123,3030,48
104,79103,2122,3020,2130,3025,40
104,79105,2134,3023,2140,3027,24
104,79108,2151,3023,2158,3029,42
105,78911,1700,3350,1717,3361,187
105,78896,1975,3031,1981,3038,42
105,78971,2018,3029,2026,3039,80
105,78969,1999,3029,2008,3037,72
105,79045,2027,3031,2034,3036,35
105,79037,2040,3030,2049,3038,72
105,78897,2054,3030,2062,3036,48
105,78899,2070,3028,2078,3034,48
105,79097,2084,3026,2092,3032,48
105,79098,2097,3025,2104,3032,49
105,79102,2110,3024,2117,3029,35
105,79103,2117,3020,2124,3026,42
105,79105,2127,3021,2134,3026,35
105,79108,2145,3022,2152,3028,42
106,78911,1694,3346,1713,3361,285
106,78896,1969,3031,1975,3038,42
106,78971,2013,3030,2020,3038,56
106,78969,1993,3029,2002,3037,72
106,79045,2020,3031,2027,3036,35
106,79037,2033,3031,2043,3038,70
106,78897,2049,3030,2056,3035,35
106,78899,2063,3027,2072,3033,54
106,79097,2078,3026,2087,3031,45
106,79098,2092,3025,2100,3032,56
106,79102,2104,3026,2111,3031,35
106,79103,2113,3020,2120,3026,42
106,79105,2122,3023,2128,3028,30
106,79108,2138,3023,2145,3029,42
106,79110,2154,3023,2159,3027,20
107,78911,1690,3351,1713,3361,230
107,78971,2006,3028,2013,3038,70
107,78896,1960,3030,1970,3038,80
107,78969,1985,3030,1993,3039,72
107,79045,2015,3031,2023,3036,40
107,79037,2026,3030,2036,3037,70
107,78897,2043,3028,2050,3035,49
107,78899,2058,3028,2067,3033,45
107,79097,2072,3026,2081,3032,54
107,79098,2086,3024,2094,3032,64
107,79102,2098,3027,2105,3032,35
107,79103,2107,3019,2113,3026,42
107,79105,2115,3023,2122,3027,28
107,79108,2133,3024,2139,3029,30
108,78911,1691,3348,1706,3361,195
108,78896,1955,3031,1964,3039,72
108,78971,1999,3030,2008,3039,81
108,78969,1979,3031,1990,3039,88
108,79045,2010,3031,2019,3037,54
108,79037,2021,3031,2031,3037,60
108,78897,2036,3030,2045,3036,54
108,78899,2051,3028,2060,3034,54
108,79097,2066,3027,2074,3032,40
108,79098,2081,3025,2088,3032,49
108,79102,2094,3025,2099,3030,25
108,79103,2101,3020,2108,3026,42
108,79105,2110,3022,2117,3028,42
108,79108,2127,3024,2135,3030,48
108,79110,2142,3024,2148,3029,30
109,78911,1690,3346,1705,3352,90
109,78896,1948,3030,1957,3039,81
109,78971,1992,3029,2001,3040,99
109,78969,1973,3030,1983,3039,90
109,79045,2003,3031,2011,3037,48
109,79037,2014,3031,2025,3037,66
109,78897,2029,3030,2038,3037,63
109,78899,2045,3028,2054,3034,54
109,79097,2060,3027,2069,3033,54
109,79098,2073,3026,2082,3033,63
109,79102,2087,3026,2093,3030,24
109,79103,2093,3021,2101,3028,56
109,79105,2104,3020,2111,3027,49
109,79108,2122,3022,2128,3028,36
109,79110,2136,3024,2143,3029,35
109,79111,2151,3022,2158,3028,42
110,78911,1686,3339,1701,3353,210
110,78896,1941,3031,1951,3038,70
110,78971,1986,3029,1995,3039,90
110,78969,1966,3030,1977,3039,99
110,79045,1997,3031,2004,3036,35
110,79037,2008,3031,2018,3038,70
110,78897,2023,3030,2033,3035,50
110,78899,2038,3027,2048,3034,70
110,79097,2054,3026,2063,3033,63
110,79098,2068,3026,2077,3033,63
110,79102,2081,3026,2088,3031,35
110,79103,2089,3020,2096,3027,49
110,79105,2098,3022,2105,3027,35
110,79108,2114,3022,2122,3028,48
110,79110,2131,3023,2137,3029,36
110,79111,2145,3023,2152,3028,35
111,78911,1679,3342,1702,3352,230
111,78896,1934,3029,1945,3039,110
111,78971,1980,3028,1988,3039,88
111,78969,1960,3032,1971,3040,88
111,79045,1990,3032,1999,3038,54
111,79037,2003,3032,2012,3038,54
111,78897,2017,3029,2026,3036,63
111,78899,2033,3027,2041,3034,56
111,79097,2048,3027,2056,3033,48
111,79098,2061,3026,2070,3032,54
111,79102,2075,3027,2083,3032,40
111,79103,2083,3020,2092,3027,63
111,79105,2093,3022,2100,3028,42
111,79108,2110,3023,2117,3029,42
111,79110,2126,3023,2132,3031,48
111,79111,2138,3024,2146,3029,40
111,79115,2155,3015,2157,3023,16
112,78911,1678,3343,1696,3353,180
112,78896,1929,3033,1938,3041,72
112,78971,1973,3029,1982,3040,99
112,78969,1955,3031,1964,3041,90
112,79045,1984,3032,1992,3037,40
112,79037,1995,3031,2006,3039,88
112,78897,2012,3030,2019,3035,35
112,78899,2028,3029,2036,3035,48
112,79097,2042,3027,2050,3034,56
112,79098,2054,3026,2064,3033,70
112,79102,2069,3027,2076,3032,35
112,79103,2078,3021,2086,3027,48
112,79105,2088,3023,2095,3028,35
112,79108,2105,3024,2113,3030,48
112,79110,2121,3023,2128,3032,63
112,79111,2133,3024,2141,3032,64
112,79115,2149,3017,2157,3023,48
113,78911,1678,3340,1689,3348,88
113,78896,1924,3031,1932,3039,64
113,78971,1967,3030,1976,3040,90
113,78969,1949,3030,1958,3041,99
113,79045,1979,3031,1986,3037,42
113,79037,1990,3031,2000,3038,70
113,78897,2005,3031,2012,3036,35
113,78899,2020,3028,2030,3036,80
113,79097,2036,3028,2045,3034,54
113,79098,2050,3027,2058,3033,48
113,79102,2064,3026,2070,3031,30
113,79103,2070,3021,2078,3028,56
113,79105,2081,3023,2089,3027,32
113,79108,2098,3023,2105,3029,42
113,79110,2113,3024,2121,3031,56
113,79111,2129,3024,2136,3031,49
113,79115,2143,3018,2150,3024,42
114,78911,1674,3335,1693,3345,190
114,78896,1914,3031,1928,3039,112
114,78971,1962,3030,1970,3040,80
114,78969,1942,3030,1951,3040,90
114,79045,1973,3031,1980,3038,49
114,79037,1983,3031,1993,3039,80
114,78897,1999,3031,2006,3037,42
114,78899,2014,3028,2022,3034,48
114,79097,2030,3027,2039,3033,54
114,79098,2044,3027,2052,3033,48
114,79102,2058,3027,2065,3031,28
114,79103,2065,3021,2073,3026,40
114,79105,2076,3022,2082,3028,36
114,79108,2094,3023,2101,3028,35
114,79110,2107,3023,2115,3030,56
114,79111,2121,3024,2131,3030,60
114,79115,2138,3018,2145,3025,49
114,79116,2152,3019,2159,3025,42
115,78911,1671,3330,1689,3342,216
115,78896,1908,3030,1919,3039,99
115,78969,1935,3032,1944,3040,72
115,78971,1955,3031,1963,3037,48
115,79037,1978,3032,1988,3038,60
115,79045,1964,3032,1973,3039,63
115,78897,1992,3031,2000,3036,40
115,78899,2009,3027,2016,3033,42
115,79097,2024,3027,2033,3033,54
115,79098,2038,3026,2047,3032,54
115,79102,2051,3027,2059,3033,48
115,79103,2059,3020,2066,3026,42
115,79105,2069,3023,2077,3027,32
115,79108,2089,3023,2096,3028,35
115,79110,2102,3023,2109,3030,49
115,79111,2116,3025,2124,3032,56
115,79115,2132,3017,2139,3025,56
115,79116,2145,3019,2152,3024,35
116,78911,1671,3332,1682,3341,99
116,78896,1904,3033,1912,3041,64
116,78969,1929,3032,1938,3040,72
116,78971,1949,3033,1957,3039,48
116,79045,1959,3032,1968,3039,63
116,79037,1971,3031,1981,3038,70
116,78897,1986,3031,1995,3036,45
116,78899,2003,3029,2010,3035,42
116,79097,2018,3027,2027,3034,63
116,79098,2031,3026,2040,3032,54
116,79102,2046,3028,2053,3033,35
116,79103,2054,3022,2062,3028,48
116,79105,2063,3023,2072,3030,63
116,79108,2083,3024,2091,3029,40
116,79110,2097,3025,2105,3031,48
116,79111,2110,3025,2118,3032,56
116,79115,2127,3018,2133,3024,36
116,79116,2140,3021,2148,3026,40
117,78911,1666,3331,1681,3340,135
117,78896,1899,3032,1906,3036,28
117,78969,1922,3030,1932,3038,80
117,78971,1943,3034,1950,3040,42
117,79045,1952,3031,1961,3038,63
117,79037,1965,3031,1972,3038,49
117,78899,1998,3029,2005,3036,49
117,79097,2013,3027,2021,3034,56
117,79098,2025,3027,2037,3034,84
117,79102,2040,3027,2047,3032,35
117,79103,2046,3022,2055,3028,54
117,79105,2057,3022,2067,3028,60
117,79108,2078,3023,2085,3028,35
117,79110,2091,3023,2098,3031,56
117,79111,2105,3025,2113,3030,40
117,79115,2120,3018,2128,3024,48
117,79116,2134,3021,2141,3028,49
118,78911,1663,3327,1678,3336,135
118,78896,1892,3032,1898,3036,24
118,78969,1916,3030,1926,3039,90
118,78971,1938,3033,1943,3039,30
118,79045,1947,3031,1954,3039,56
118,79037,1960,3031,1968,3040,72
118,78897,1974,3032,1981,3038,42
118,78899,1991,3029,1999,3036,56
118,79097,2007,3027,2014,3033,42
118,79098,2019,3027,2030,3034,77
118,79102,2033,3027,2040,3032,35
118,79103,2041,3021,2049,3028,56
118,79105,2052,3022,2062,3028,60
118,79108,2073,3023,2081,3029,48
118,79110,2087,3023,2093,3030,42
118,79111,2099,3025,2108,3031,54
118,79115,2114,3019,2122,3025,48
118,79116,2129,3020,2134,3025,25
118,79122,2150,3023,2157,3029,42
119,78911,1662,3322,1678,3333,176
119,78896,1883,3030,1896,3037,91
119,78969,1910,3032,1917,3039,49
119,78971,1930,3031,1936,3038,42
119,79045,1940,3033,1948,3039,48
119,79037,1952,3032,1962,3040,80
119,78897,1969,3032,1976,3037,35
119,78899,1984,3028,1993,3036,72
119,79097,2000,3026,2008,3032,48
119,79098,2014,3026,2024,3033,70
119,79102,2026,3028,2034,3032,32
119,79103,2035,3021,2045,3028,70
119,79105,2046,3023,2055,3029,54
119,79108,2067,3024,2074,3029,35
119,79111,2094,3026,2103,3031,45
119,79115,2111,3018,2117,3024,36
119,79116,2123,3019,2129,3025,36
119,79122,2145,3023,2152,3029,42
120,78911,1656,3320,1675,3333,247
120,78896,1878,3032,1887,3040,72
120,78969,1904,3031,1912,3039,64
120,78971,1923,3035,1929,3040,30
120,79045,1934,3033,1942,3040,56
120,79037,1946,3031,1956,3039,80
120,78897,1963,3030,1969,3037,42
120,78899,1978,3031,1987,3036,45
120,79097,1994,3028,2002,3034,48
120,79098,2007,3027,2017,3033,60
120,79102,2022,3028,2029,3033,35
120,79103,2031,3022,2040,3029,63
120,79105,2040,3024,2049,3029,45
120,79108,2060,3025,2068,3029,32
120,79110,2074,3024,2080,3032,48
120,79111,2086,3027,2097,3033,66
120,79115,2104,3016,2112,3024,64
120,79116,2116,3021,2124,3026,40
120,79122,2139,3022,2147,3029,56
120,79132,2154,3019,2159,3025,30
121,78911,1651,3323,1672,3331,168
121,78896,1872,3030,1880,3038,64
121,78969,1898,3030,1905,3037,49
121,78971,1917,3034,1924,3040,42
121,79045,1927,3031,1936,3040,81
121,79037,1940,3031,1949,3039,72
121,78897,1954,3032,1962,3039,56
121,78899,1971,3030,1981,3036,60
121,79097,1988,3028,1997,3034,54
121,79098,2000,3027,2010,3033,60
121,79102,2016,3027,2023,3031,28
121,79103,2023,3022,2032,3029,63
121,79105,2036,3022,2044,3028,48
121,79108,2054,3024,2063,3028,36
121,79110,2069,3024,2076,3031,49
121,79111,2081,3026,2090,3031,45
121,79115,2099,3019,2106,3024,35
121,79116,2110,3021,2120,3027,60
121,79122,2135,3023,2139,3029,24
121,79132,2149,3017,2157,3024,56
122,78911,1651,3321,1670,3332,209
122,78896,1866,3028,1873,3038,70
122,78969,1890,3030,1899,3038,72
122,78971,1912,3033,1918,3038,30
122,79045,1921,3031,1929,3039,64
122,79037,1935,3031,1944,3039,72
122,78897,1950,3032,1958,3039,56
122,78899,1965,3031,1975,3037,60
122,79097,1983,3029,1990,3034,35
122,79098,1994,3027,2004,3034,70
122,79102,2010,3026,2017,3032,42
122,79103,2017,3022,2025,3027,40
122,79105,2031,3021,2038,3028,49
122,79108,2049,3023,2058,3029,54
122,79110,2063,3022,2071,3030,64
122,79111,2077,3026,2086,3031,45
122,79116,2104,3021,2114,3028,70
122,79115,2093,3019,2100,3024,35
122,79122,2127,3023,2134,3030,49
122,79132,2142,3018,2153,3026,88
123,78911,1652,3318,1667,3326,120
123,78896,1859,3033,1866,3037,28
123,78969,1883,3031,1893,3039,80
123,78971,1905,3032,1912,3038,42
123,79045,1914,3032,1921,3039,49
123,79037,1926,3031,1937,3040,99
123,78897,1942,3031,1952,3038,70
123,78899,1958,3030,1969,3037,77
123,79097,1976,3026,1985,3035,81
123,79098,1989,3027,1999,3033,60
123,79102,2002,3029,2010,3033,32
123,79103,2013,3018,2020,3027,63
123,79105,2025,3023,2033,3028,40
123,79108,2045,3024,2052,3029,35
123,79110,2057,3023,2064,3031,56
123,79111,2071,3026,2079,3032,48
123,79115,2086,3018,2094,3023,40
123,79116,2100,3020,2110,3026,60
123,79122,2121,3023,2129,3028,40
123,79132,2137,3020,2144,3026,42
124,78911,1650,3315,1664,3322,98
124,78896,1852,3032,1859,3039,49
124,78969,1878,3030,1885,3037,49
124,78971,1898,3033,1905,3039,42
124,79045,1909,3032,1916,3039,49
124,79037,1922,3032,1930,3039,56
124,78897,1935,3031,1946,3038,77
124,78899,1952,3030,1963,3037,77
124,79097,1970,3027,1979,3035,72
124,79098,1983,3027,1993,3033,60
124,79102,1997,3029,2005,3034,40
124,79103,2007,3022,2014,3027,35
124,79105,2018,3024,2026,3030,48
124,79108,2037,3025,2046,3031,54
124,79110,2051,3024,2058,3032,56
124,79111,2066,3027,2073,3032,35
124,79115,2081,3019,2088,3024,35
124,79116,2095,3021,2102,3026,35
124,79122,2115,3022,2123,3029,56
124,79132,2130,3021,2139,3027,54
124,79128,2149,3020,2156,3025,35
125,78911,1648,3313,1662,3321,112
125,78896,1841,3031,1856,3036,75
125,78969,1871,3030,1878,3037,49
125,78971,1892,3034,1898,3040,36
125,79045,1902,3031,1908,3038,42
125,79037,1915,3032,1924,3040,72
125,78897,1930,3031,1938,3038,56
125,78899,1946,3030,1956,3037,70
125,79097,1963,3027,1971,3035,64
125,79098,1976,3027,1986,3034,70
125,79102,1991,3028,1999,3032,32
125,79103,2000,3023,2007,3029,42
125,79105,2013,3023,2022,3030,63
125,79108,2032,3024,2040,3029,40
125,79110,2047,3026,2053,3031,30
125,79111,2062,3026,2068,3032,36
125,79115,2076,3020,2084,3024,32
125,79116,2087,3023,2097,3029,60
125,79122,2108,3023,2117,3030,63
125,79132,2124,3020,2135,3028,88
125,79128,2143,3019,2152,3025,54
126,78911,1646,3312,1659,3320,104
126,78896,1839,3028,1847,3037,72
126,78969,1863,3030,1871,3037,56
126,78971,1887,3032,1892,3038,30
126,79045,1895,3032,1903,3039,56
126,79037,1909,3032,1919,3040,80
126,78897,1922,3032,1933,3040,88
126,78899,1939,3030,1950,3037,77
126,79097,1957,3029,1966,3036,63
126,79098,1970,3027,1980,3035,80
126,79102,1986,3027,1992,3032,30
126,79103,1995,3022,2002,3028,42
126,79105,2008,3020,2016,3028,64
126,79108,2027,3022,2036,3029,63
126,79110,2041,3023,2049,3029,48
126,79111,2057,3026,2063,3032,36
126,79115,2069,3020,2077,3027,56
126,79116,2081,3022,2089,3027,40
126,79122,2103,3024,2111,3030,48
126,79132,2119,3019,2128,3026,63
126,79128,2138,3019,2146,3025,48
127,78911,1639,3311,1655,3317,96
127,78896,1832,3030,1839,3040,70
127,78969,1856,3030,1865,3040,90
127,78971,1880,3030,1888,3038,64
127,79045,1889,3033,1896,3039,42
127,79037,1902,3030,1912,3039,90
127,78897,1918,3032,1928,3038,60
127,78899,1934,3030,1944,3037,70
127,79097,1951,3028,1961,3035,70
127,79098,1966,3027,1976,3035,80
127,79102,1979,3028,1987,3033,40
127,79103,1989,3020,1996,3027,49
127,79105,2002,3023,2012,3029,60
127,79108,2021,3023,2030,3029,54
127,79110,2035,3025,2042,3030,35
127,79111,2048,3026,2057,3032,54
127,79115,2064,3019,2072,3026,56
127,79116,2077,3019,2084,3028,63
127,79122,2098,3022,2105,3030,56
127,79132,2112,3021,2122,3029,80
127,79128,2133,3020,2141,3025,40
127,79134,2150,3018,2159,3026,72
128,78911,1637,3309,1653,3316,112
128,78896,1822,3031,1835,3040,117
128,78969,1850,3031,1860,3039,80
128,78971,1871,3032,1880,3039,63
128,79045,1883,3032,1890,3039,49
128,79037,1896,3031,1906,3039,80
128,78897,1911,3031,1920,3038,63
128,78899,1928,3030,1937,3037,63
128,79097,1945,3028,1955,3034,60
128,79098,1960,3028,1969,3035,63
128,79102,1973,3029,1981,3035,48
128,79103,1983,3022,1990,3027,35
128,79105,1995,3024,2005,3030,60
128,79108,2016,3023,2023,3031,56
128,79110,2029,3027,2036,3032,35
128,79111,2043,3027,2050,3033,42
128,79115,2059,3018,2066,3025,49
128,79116,2071,3021,2078,3026,35
128,79122,2092,3022,2098,3029,42
128,79132,2106,3021,2116,3027,60
128,79128,2127,3021,2135,3028,56
128,79134,2145,3019,2153,3026,56
129,78911,1633,3307,1651,3313,108
129,78896,1819,3029,1828,3038,81
129,78969,1845,3030,1852,3039,63
129,78971,1864,3032,1873,3041,81
129,79045,1876,3031,1883,3037,42
129,79037,1889,3030,1899,3040,100
129,78897,1904,3032,1912,3039,56
129,78899,1921,3031,1930,3038,63
129,79097,1938,3028,1948,3035,70
129,79098,1952,3027,1961,3034,63
129,79103,1977,3022,1984,3028,42
129,79105,1989,3023,1998,3029,54
129,79108,2011,3023,2019,3029,48
129,79110,2024,3025,2031,3030,35
129,79111,2038,3026,2046,3032,48
129,79115,2052,3019,2060,3025,48
129,79116,2065,3023,2073,3027,32
129,79122,2084,3025,2092,3030,40
129,79132,2102,3020,2113,3026,66
129,79128,2122,3019,2128,3027,48
129,79134,2137,3018,2148,3026,88
129,79135,2153,3013,2159,3022,54
130,78911,1632,3306,1652,3311,100
130,78896,1812,3027,1821,3037,90
130,78969,1833,3030,1844,3039,99
130,78971,1858,3030,1865,3039,63
130,79045,1868,3031,1876,3040,72
130,79037,1883,3030,1892,3040,90
130,78897,1898,3032,1908,3039,70
130,78899,1914,3031,1925,3038,77
130,79097,1932,3028,1942,3036,80
130,79098,1947,3028,1956,3035,63
130,79102,1961,3027,1969,3033,48
130,79103,1971,3022,1977,3027,30
130,79105,1983,3022,1992,3028,54
130,79108,2004,3022,2014,3029,70
130,79110,2019,3023,2025,3030,42
130,79111,2032,3025,2040,3031,48
130,79115,2047,3019,2054,3028,63
130,79116,2059,3022,2067,3027,40
130,79122,2080,3024,2088,3031,56
130,79132,2097,3021,2105,3028,56
130,79128,2114,3019,2123,3026,63
130,79134,2133,3019,2141,3026,56
130,79135,2147,3014,2155,3022,64
131,78911,1631,3304,1648,3309,85
131,78896,1805,3031,1813,3036,40
131,78969,1829,3031,1838,3041,90
131,78971,1853,3030,1860,3039,63
131,79045,1862,3033,1869,3041,56
131,79037,1877,3031,1885,3039,64
131,78897,1892,3031,1902,3037,60
131,78899,1910,3030,1919,3036,54
131,79097,1928,3027,1936,3035,64
131,79098,1941,3027,1951,3034,70
131,79102,1956,3026,1964,3032,48
131,79103,1966,3021,1974,3028,56
131,79105,1977,3022,1986,3028,54
131,79108,1998,3023,2006,3028,40
131,79110,2015,3025,2019,3030,20
131,79111,2025,3026,2033,3033,56
131,79116,2054,3018,2061,3027,63
131,79115,2041,3020,2048,3028,56
131,79122,2075,3023,2081,3030,42
131,79132,2091,3023,2099,3029,48
131,79128,2108,3020,2116,3027,56
131,79134,2126,3021,2137,3028,77
131,79135,2142,3015,2148,3021,36
132,78911,1628,3301,1646,3307,108
132,78896,1799,3029,1805,3037,48
132,78969,1822,3029,1832,3038,90
132,78971,1846,3031,1852,3037,36
132,79045,1856,3031,1863,3038,49
132,79037,1870,3031,1879,3040,81
132,78897,1886,3031,1896,3040,90
132,78899,1904,3028,1912,3036,64
132,79097,1921,3026,1930,3034,72
132,79098,1935,3027,1944,3033,54
132,79102,1948,3027,1957,3035,72
132,79103,1959,3022,1966,3029,49
132,79105,1970,3023,1981,3028,55
132,79108,1992,3022,2002,3030,80
132,79110,2007,3025,2013,3030,30
132,79111,2021,3025,2029,3032,56
132,79116,2049,3019,2057,3027,64
132,79115,2036,3019,2043,3027,56
132,79122,2070,3023,2077,3029,42
132,79132,2086,3022,2094,3028,48
132,79128,2104,3020,2113,3027,63
132,79134,2121,3019,2131,3027,80
132,79135,2135,3014,2143,3021,56
132,79139,2153,3014,2159,3020,36
133,78911,1626,3299,1645,3305,114
133,78896,1792,3030,1798,3036,36
133,78969,1815,3029,1824,3038,81
133,78971,1839,3032,1847,3040,64
133,79045,1850,3030,1856,3037,42
133,79037,1863,3027,1872,3041,126
133,78897,1879,3031,1887,3040,72
133,78899,1896,3028,1906,3038,100
133,79097,1915,3027,1924,3035,72
133,79098,1929,3026,1936,3034,56
133,79102,1942,3027,1950,3032,40
133,79103,1951,3022,1960,3029,63
133,79105,1965,3022,1974,3029,63
133,79108,1986,3023,1996,3028,50
133,79110,2002,3024,2008,3030,36
133,79111,2015,3025,2023,3031,48
133,79115,2029,3019,2037,3026,56
133,79116,2042,3022,2050,3028,48
133,79122,2062,3024,2070,3032,64
133,79132,2081,3019,2088,3027,56
133,79128,2099,3019,2108,3026,63
133,79134,2115,3020,2126,3025,55
133,79135,2130,3014,2138,3023,72
133,79139,2147,3016,2155,3021,40
134,78911,1624,3297,1642,3303,108
134,78896,1785,3027,1792,3036,63
134,78969,1805,3030,1817,3038,96
134,78971,1833,3030,1839,3037,42
134,79045,1843,3031,1850,3037,42
134,79037,1857,3031,1866,3040,81
134,78897,1872,3031,1882,3040,90
134,78899,1890,3030,1901,3038,88
134,79097,1910,3027,1917,3037,70
134,79098,1922,3028,1931,3036,72
134,79102,1937,3027,1945,3032,40
134,79103,1945,3023,1954,3028,45
134,79105,1958,3020,1968,3028,80
134,79108,1981,3020,1990,3027,63
134,79110,1996,3023,2002,3028,30
134,79111,2010,3026,2018,3032,48
134,79115,2022,3021,2031,3026,45
134,79116,2036,3022,2045,3028,54
134,79122,2058,3024,2064,3031,42
134,79132,2074,3023,2081,3028,35
134,79128,2094,3020,2102,3026,48
134,79134,2112,3020,2119,3027,49
134,79135,2125,3014,2133,3022,64
134,79139,2141,3015,2149,3020,40
135,78911,1623,3295,1641,3300,90
135,78896,1779,3030,1785,3036,36
135,78969,1801,3031,1810,3039,72
135,78971,1827,3030,1833,3037,42
135,79045,1836,3031,1843,3038,49
135,79037,1850,3030,1859,3039,81
135,78897,1866,3031,1874,3038,56
135,78899,1883,3028,1895,3036,96
135,79097,1903,3028,1912,3035,63
135,79098,1917,3027,1925,3034,56
135,79102,1931,3027,1939,3032,40
135,79103,1940,3020,1949,3029,81
135,79105,1951,3020,1963,3028,96
135,79108,1977,3021,1985,3028,56
135,79110,1991,3023,1997,3029,36
135,79111,2001,3026,2011,3032,60
135,79115,2017,3021,2025,3028,56
135,79116,2031,3020,2039,3028,64
135,79122,2052,3023,2058,3030,42
135,79132,2068,3023,2077,3030,63
135,79128,2087,3022,2097,3029,70
135,79134,2103,3022,2114,3028,66
135,79135,2120,3013,2126,3020,42
135,79139,2135,3012,2143,3019,56
136,78911,1621,3292,1639,3299,126
136,78896,1772,3029,1777,3038,45
136,78969,1796,3029,1804,3037,64
136,78971,1818,3030,1824,3038,48
136,79045,1830,3030,1836,3037,42
136,79037,1843,3031,1853,3038,70
136,78899,1877,3029,1888,3035,66
136,78897,1861,3031,1867,3037,36
136,79097,1897,3027,1905,3035,64
136,79098,1911,3026,1919,3034,64
136,79102,1925,3029,1933,3035,48
136,79103,1933,3022,1942,3029,63
136,79105,1946,3022,1956,3029,70
136,79108,1972,3022,1980,3028,48
136,79110,1984,3023,1991,3030,49
136,79111,1997,3026,2006,3032,54
136,79115,2011,3021,2020,3028,63
136,79116,2025,3020,2033,3028,64
136,79122,2044,3023,2052,3030,56
136,79132,2062,3020,2070,3028,64
136,79128,2081,3022,2091,3028,60
136,79134,2101,3021,2109,3028,56
136,79135,2113,3013,2119,3021,48
136,79136,2155,3014,2159,3020,24
136,79139,2129,3014,2138,3020,54
137,78911,1619,3290,1638,3297,133
137,78896,1764,3029,1773,3036,63
137,78897,1853,3031,1859,3039,48
137,78969,1790,3028,1797,3036,56
137,78971,1811,3031,1819,3040,72
137,79045,1824,3030,1830,3035,30
137,79037,1838,3028,1845,3039,77
137,78899,1871,3030,1879,3037,56
137,79097,1891,3028,1898,3035,49
137,79098,1903,3027,1912,3034,63
137,79102,1919,3029,1926,3034,35
137,79103,1927,3023,1937,3030,70
137,79105,1941,3023,1951,3029,60
137,79108,1964,3022,1974,3028,60
137,79110,1979,3023,1986,3030,49
137,79111,1993,3023,1999,3029,36
137,79115,2005,3019,2014,3028,81
137,79116,2018,3022,2026,3028,48
137,79122,2039,3025,2047,3032,56
137,79132,2057,3020,2064,3028,56
137,79128,2078,3018,2085,3028,70
137,79134,2093,3019,2103,3027,80
137,79135,2106,3015,2115,3022,63
137,79136,2147,3014,2157,3022,80
137,79139,2122,3015,2132,3020,50
138,78911,1618,3288,1636,3294,108
138,78896,1759,3028,1765,3036,48
138,78897,1847,3031,1854,3039,56
138,78969,1781,3030,1788,3036,42
138,78971,1807,3031,1812,3038,35
138,79045,1817,3030,1823,3036,36
138,79037,1831,3030,1839,3038,64
138,78899,1867,3031,1873,3037,36
138,79097,1884,3028,1892,3036,64
138,79098,1898,3028,1906,3035,56
138,79102,1913,3027,1921,3032,40
138,79103,1923,3022,1931,3031,72
138,79105,1937,3021,1945,3028,56
138,79108,1958,3022,1969,3028,66
138,79110,1974,3023,1980,3028,30
138,79111,1986,3024,1992,3029,30
138,79115,1998,3021,2006,3027,48
138,79116,2012,3022,2021,3029,63
138,79122,2033,3023,2040,3031,56
138,79132,2050,3023,2058,3029,48
138,79128,2072,3020,2078,3028,48
138,79134,2086,3019,2095,3028,81
138,79135,2100,3013,2110,3021,80
138,79136,2142,3014,2151,3022,72
138,79139,2120,3014,2127,3020,42
139,78911,1616,3286,1634,3293,126
139,78896,1751,3030,1757,3035,30
139,78897,1841,3029,1847,3037,48
139,78969,1775,3030,1783,3036,48
139,78971,1800,3031,1806,3037,36
139,79045,1810,3031,1815,3038,35
139,79037,1825,3030,1833,3037,56
139,78899,1859,3029,1868,3036,63
139,79097,1879,3028,1887,3036,64
139,79098,1892,3027,1901,3034,63
139,79102,1905,3029,1913,3032,24
139,79103,1917,3022,1925,3029,56
139,79105,1931,3020,1939,3027,56
139,79108,1954,3021,1963,3028,63
139,79110,1967,3023,1974,3028,35
139,79111,1978,3025,1986,3032,56
139,79115,1994,3022,2000,3028,36
139,79116,2006,3022,2015,3028,54
139,79122,2027,3023,2035,3030,56
139,79132,2044,3023,2051,3029,42
139,79128,2064,3022,2073,3029,63
139,79134,2079,3021,2091,3029,96
139,79135,2097,3010,2104,3021,77
139,79136,2139,3012,2145,3019,42
139,79139,2113,3012,2121,3020,64
140,78911,1614,3284,1631,3290,102
140,78896,1744,3030,1750,3037,42
140,78897,1835,3029,1841,3036,42
140,78969,1767,3026,1778,3033,77
140,78971,1792,3031,1799,3036,35
140,79045,1803,3031,1809,3037,36
140,79037,1819,3027,1826,3037,70
140,78899,1854,3028,1861,3035,49
140,79097,1872,3027,1880,3035,64
140,79098,1887,3026,1895,3034,64
140,79102,1900,3029,1907,3035,42
140,79103,1910,3023,1918,3030,56
140,79105,1924,3023,1932,3028,40
140,79108,1947,3023,1956,3031,72
140,79110,1962,3024,1969,3028,28
140,79111,1973,3024,1981,3030,48
140,79115,1987,3020,1994,3027,49
140,79116,1998,3021,2009,3029,88
140,79122,2020,3024,2029,3031,63
140,79132,2038,3019,2045,3028,63
140,79128,2059,3022,2066,3027,35
140,79134,2076,3018,2084,3026,64
140,79135,2090,3013,2097,3021,56
140,79136,2132,3011,2139,3019,56
140,79139,2106,3013,2115,3019,54
141,78911,1612,3282,1630,3289,126
141,78896,1738,3028,1744,3035,42
141,78969,1760,3026,1771,3033,77
141,78971,1783,3031,1792,3040,81
141,79045,1797,3029,1803,3036,42
141,79037,1812,3027,1819,3038,77
141,78897,1827,3031,1832,3037,30
141,78899,1846,3030,1853,3037,49
141,79097,1867,3026,1872,3035,45
141,79098,1879,3026,1888,3034,72
141,79102,1894,3028,1901,3034,42
141,79103,1903,3022,1912,3029,63
141,79105,1918,3023,1927,3029,54
141,79108,1942,3023,1952,3030,70
141,79110,1956,3023,1963,3030,49
141,79111,1968,3023,1977,3029,54
141,79115,1981,3020,1988,3027,49
141,79116,1992,3022,2003,3028,66
141,79122,2015,3025,2022,3032,49
141,79132,2032,3021,2039,3028,49
141,79128,2054,3019,2061,3027,56
141,79134,2070,3018,2079,3026,72
141,79135,2083,3014,2091,3024,80
141,79136,2125,3014,2132,3021,49
141,79139,2103,3014,2111,3020,48
142,78911,1611,3280,1628,3287,119
142,78896,1731,3028,1737,3034,36
142,78897,1820,3030,1827,3038,56
142,78969,1752,3027,1764,3034,84
142,78971,1778,3030,1786,3040,80
142,79045,1791,3029,1796,3036,35
142,79037,1805,3027,1813,3038,88
142,78899,1839,3029,1848,3036,63
142,79097,1859,3028,1867,3036,64
142,79098,1873,3028,1881,3035,56
142,79102,1888,3027,1894,3033,36
142,79103,1899,3020,1906,3028,56
142,79105,1914,3023,1920,3027,24
142,79108,1936,3021,1945,3028,63
142,79110,1950,3019,1957,3029,70
142,79111,1962,3022,1971,3029,63
142,79115,1974,3021,1982,3026,40
142,79116,1986,3023,1998,3028,60
142,79122,2011,3022,2016,3029,35
142,79132,2026,3022,2033,3029,49
142,79128,2047,3020,2056,3028,72
142,79134,2064,3020,2073,3029,81
142,79135,2078,3013,2085,3023,70
142,79136,2119,3014,2128,3021,63
142,79139,2095,3013,2106,3021,88
143,78911,1609,3279,1626,3285,102
143,78896,1723,3029,1729,3037,48
143,78969,1745,3026,1757,3034,96
143,78971,1772,3027,1780,3040,104
143,79045,1782,3030,1789,3037,49
143,79037,1798,3028,1805,3038,70
143,78897,1815,3029,1821,3036,42
143,78899,1834,3028,1842,3035,56
143,79097,1854,3028,1861,3037,63
143,79098,1868,3029,1875,3036,49
143,79102,1881,3028,1887,3032,24
143,79103,1892,3020,1900,3029,72
143,79105,1909,3019,1915,3027,48
143,79108,1930,3020,1940,3028,80
143,79110,1943,3019,1952,3029,90
143,79111,1957,3023,1964,3029,42
143,79115,1970,3021,1977,3028,49
143,79116,1984,3023,1991,3027,28
143,79122,2003,3023,2010,3029,42
143,79132,2020,3022,2028,3028,48
143,79128,2040,3019,2049,3028,81
143,79134,2059,3019,2068,3027,72
143,79135,2072,3010,2080,3022,96
143,79136,2114,3013,2122,3020,56
143,79139,2089,3012,2099,3020,80
144,78911,1608,3277,1625,3283,102
144,78896,1714,3030,1724,3035,50
144,78897,1808,3028,1815,3035,49
144,78969,1740,3026,1750,3033,70
144,78971,1763,3031,1772,3036,45
144,79045,1777,3031,1784,3037,42
144,79037,1792,3028,1799,3036,56
144,78899,1827,3027,1836,3034,63
144,79097,1847,3027,1856,3035,72
144,79098,1861,3027,1870,3034,63
144,79102,1875,3029,1882,3035,42
144,79103,1884,3022,1893,3029,63
144,79105,1901,3022,1908,3028,42
144,79108,1925,3022,1934,3028,54
144,79110,1936,3023,1947,3030,77
144,79111,1951,3022,1959,3028,48
144,79115,1964,3019,1971,3024,35
144,79116,1977,3020,1984,3027,49
144,79122,1999,3023,2005,3029,36
144,79132,2014,3019,2021,3027,56
144,79128,2035,3018,2043,3025,56
144,79134,2053,3018,2061,3026,64
144,79135,2066,3013,2075,3021,72
144,79136,2107,3012,2115,3019,56
144,79139,2084,3012,2092,3019,56
145,78911,1606,3275,1623,3281,102
145,78896,1711,3027,1716,3034,35
145,78897,1800,3029,1807,3036,49
145,78969,1734,3026,1740,3033,42
145,78971,1759,3031,1766,3036,35
145,79045,1770,3029,1776,3034,30
145,79037,1785,3028,1792,3037,63
145,78899,1820,3029,1829,3036,63
145,79097,1841,3028,1848,3035,49
145,79098,1854,3026,1864,3036,100
145,79102,1870,3029,1875,3032,15
145,79103,1879,3022,1887,3029,56
145,79105,1895,3023,1903,3029,48
145,79108,1917,3022,1929,3029,84
145,79110,1931,3022,1940,3030,72
145,79111,1945,3020,1953,3028,64
145,79115,1957,3018,1965,3026,64
145,79116,1971,3021,1979,3027,48
145,79122,1991,3023,2000,3031,72
145,79132,2009,3022,2016,3029,49
145,79128,2030,3019,2037,3026,49
145,79134,2046,3018,2055,3026,72
145,79135,2059,3014,2069,3023,90
145,79136,2102,3015,2109,3021,42
145,79139,2078,3013,2086,3020,56
146,78911,1605,3274,1622,3280,102
146,78896,1703,3026,1710,3034,56
146,78969,1726,3026,1734,3033,56
146,78971,1751,3031,1756,3036,25
146,79045,1763,3029,1769,3035,36
146,79037,1778,3029,1786,3037,64
146,78897,1794,3030,1801,3037,49
146,78899,1814,3029,1823,3036,63
146,79097,1835,3028,1842,3037,63
146,79098,1849,3027,1857,3034,56
146,79102,1863,3026,1870,3032,42
146,79103,1873,3020,1882,3028,72
146,79105,1890,3022,1897,3028,42
146,79108,1912,3021,1922,3029,80
146,79110,1927,3019,1936,3028,81
146,79111,1939,3023,1947,3028,40
146,79115,1951,3021,1958,3028,49
146,79116,1964,3022,1972,3028,48
146,79122,1986,3023,1993,3028,35
146,79132,2002,3022,2010,3029,56
146,79128,2023,3023,2029,3028,30
146,79134,2041,3019,2049,3028,72
146,79135,2054,3013,2063,3022,81
146,79136,2095,3015,2103,3022,56
146,79139,2071,3014,2080,3020,54
147,78911,1604,3272,1622,3281,162
147,78896,1696,3029,1703,3037,56
147,78969,1718,3027,1728,3035,80
147,78971,1745,3027,1752,3035,56
147,79045,1755,3029,1762,3034,35
147,79037,1772,3028,1779,3036,56
147,78897,1788,3028,1795,3036,56
147,78899,1807,3027,1817,3035,80
147,79097,1829,3028,1837,3036,64
147,79098,1842,3027,1850,3034,56
147,79102,1856,3028,1863,3032,28
147,79103,1866,3020,1875,3028,72
147,79105,1883,3020,1891,3028,64
147,79108,1906,3020,1916,3027,70
147,79110,1921,3019,1930,3028,81
147,79111,1934,3022,1941,3028,42
147,79115,1945,3021,1954,3028,63
147,79116,1957,3020,1966,3027,63
147,79122,1980,3022,1988,3028,48
147,79132,1996,3020,2003,3028,56
147,79128,2018,3020,2026,3027,56
147,79134,2033,3020,2044,3029,99
147,79135,2048,3010,2058,3021,110
147,79136,2090,3013,2096,3020,42
147,79139,2067,3012,2076,3019,63
148,78911,1602,3271,1618,3278,112
148,78896,1690,3028,1696,3036,48
148,78969,1711,3024,1720,3033,81
148,78971,1738,3031,1744,3034,18
148,79045,1750,3029,1757,3035,42
148,79037,1766,3026,1774,3035,72
148,78897,1781,3027,1789,3036,72
148,78899,1801,3027,1810,3035,72
148,79097,1822,3026,1829,3035,63
148,79098,1837,3028,1845,3035,56
148,79102,1851,3028,1857,3035,42
148,79103,1859,3022,1870,3030,88
148,79105,1879,3021,1886,3028,49
148,79108,1900,3021,1910,3029,80
148,79110,1914,3021,1923,3028,63
148,79111,1928,3022,1935,3027,35
148,79116,1952,3019,1960,3026,56
148,79115,1940,3020,1947,3026,42
148,79122,1972,3022,1979,3029,49
148,79132,1989,3019,1997,3027,64
148,79128,2012,3017,2020,3026,72
148,79134,2031,3019,2039,3026,56
148,79135,2043,3010,2052,3021,99
148,79136,2084,3011,2091,3019,56
148,79139,2062,3011,2069,3019,56
149,78911,1601,3270,1618,3277,119
149,78896,1683,3027,1689,3034,42
149,78897,1774,3028,1783,3036,72
149,78969,1706,3026,1712,3033,42
149,78971,1730,3031,1739,3036,45
149,79045,1743,3028,1749,3034,36
149,79037,1759,3027,1766,3037,70
149,78899,1794,3028,1803,3035,63
149,79097,1816,3028,1822,3036,48
149,79098,1830,3028,1839,3036,72
149,79102,1845,3027,1852,3034,49
149,79103,1854,3022,1865,3029,77
149,79105,1871,3023,1879,3029,48
149,79108,1896,3022,1904,3028,48
149,79110,1909,3023,1918,3028,45
149,79111,1921,3021,1929,3027,48
149,79115,1933,3019,1941,3026,56
149,79116,1946,3019,1954,3027,64
149,79122,1967,3023,1975,3028,40
149,79132,1981,3022,1990,3027,45
149,79128,2005,3018,2013,3027,72
149,79134,2024,3019,2029,3028,45
149,79135,2035,3013,2043,3022,72
149,79136,2079,3012,2086,3019,49
149,79139,2055,3012,2062,3020,56
150,78911,1600,3268,1618,3276,144
150,78896,1676,3026,1682,3032,36
150,78897,1767,3029,1775,3037,64
150,78969,1699,3025,1705,3033,48
150,78971,1727,3029,1731,3036,28
150,79045,1736,3027,1742,3033,36
150,79037,1752,3027,1760,3038,88
150,78899,1788,3028,1796,3035,56
150,79097,1809,3030,1817,3035,40
150,79098,1822,3028,1831,3036,72
150,79102,1838,3027,1846,3033,48
150,79103,1847,3019,1859,3029,120
150,79105,1865,3023,1872,3028,35
150,79108,1890,3022,1898,3027,40
150,79110,1903,3020,1912,3027,63
150,79111,1917,3021,1924,3027,42
150,79115,1926,3020,1935,3027,63
150,79116,1941,3020,1948,3027,49
150,79122,1961,3019,1968,3028,63
150,79132,1978,3020,1984,3027,42
150,79128,1999,3018,2007,3028,80
150,79134,2014,3019,2025,3027,88
150,79135,2029,3011,2037,3021,80
150,79136,2070,3015,2080,3021,60
150,79139,2048,3012,2055,3019,49
151,78911,1599,3267,1616,3274,119
151,78896,1667,3026,1674,3033,49
151,78971,1719,3027,1725,3034,42
151,79045,1729,3028,1736,3033,35
151,79037,1746,3027,1753,3036,63
151,78969,1691,3027,1700,3033,54
151,78897,1763,3028,1768,3034,30
151,78899,1782,3026,1790,3034,64
151,79097,1803,3028,1810,3035,49
151,79098,1817,3027,1826,3036,81
151,79102,1831,3028,1838,3034,42
151,79103,1841,3021,1852,3029,88
151,79105,1860,3020,1867,3028,56
151,79108,1883,3019,1894,3027,88
151,79110,1899,3019,1907,3027,64
151,79111,1910,3021,1918,3027,48
151,79115,1920,3020,1929,3027,63
151,79116,1935,3020,1943,3027,56
151,79122,1955,3021,1962,3029,56
151,79132,1971,3019,1977,3025,36
151,79128,1994,3018,2000,3025,42
151,79134,2010,3019,2020,3026,70
151,79135,2025,3009,2032,3021,84
151,79136,2065,3013,2076,3021,88
151,79139,2043,3011,2050,3019,56
152,78911,1599,3266,1614,3272,90
152,78896,1662,3027,1670,3033,48
152,78897,1755,3027,1761,3034,42
152,78971,1711,3027,1717,3034,42
152,79045,1723,3028,1730,3035,49
152,79037,1739,3025,1747,3036,88
152,78969,1685,3025,1692,3032,49
152,78899,1775,3026,1784,3034,72
152,79097,1797,3027,1804,3034,49
152,79098,1809,3027,1820,3035,88
152,79102,1826,3029,1832,3035,36
152,79103,1835,3022,1844,3029,63
152,79105,1853,3021,1861,3029,64
152,79108,1877,3022,1887,3029,70
152,79110,1892,3021,1901,3027,54
152,79111,1904,3020,1912,3029,72
152,79115,1915,3020,1923,3027,56
152,79116,1930,3018,1937,3027,63
152,79122,1949,3023,1957,3030,56
152,79132,1964,3020,1972,3025,40
152,79128,1988,3018,1995,3025,49
152,79134,2003,3019,2013,3027,80
152,79135,2018,3008,2026,3019,88
152,79136,2062,3011,2068,3020,54
152,79139,2037,3011,2044,3018,49
153,78911,1598,3265,1613,3273,120
153,78896,1655,3024,1662,3032,56
153,78897,1747,3026,1756,3034,72
153,78971,1703,3029,1711,3036,56
153,79045,1716,3027,1723,3032,35
153,79037,1732,3027,1740,3038,88
153,78969,1679,3023,1685,3032,54
153,78899,1768,3027,1776,3035,64
153,79097,1788,3028,1799,3035,77
153,79098,1805,3026,1813,3033,56
153,79102,1820,3027,1828,3032,40
153,79103,1829,3022,1837,3029,56
153,79105,1847,3023,1856,3031,72
153,79108,1871,3022,1881,3030,80
153,79110,1887,3020,1895,3030,80
153,79111,1897,3019,1907,3026,70
153,79115,1907,3019,1916,3026,63
153,79116,1923,3018,1930,3026,56
153,79122,1942,3022,1950,3029,56
153,79132,1956,3022,1965,3028,54
153,79128,1980,3019,1990,3029,100
153,79134,1998,3019,2009,3027,88
153,79135,2011,3012,2021,3021,90
153,79136,2054,3011,2063,3020,81
153,79139,2030,3011,2038,3019,64
154,78911,1598,3264,1614,3273,144
154,78896,1648,3025,1655,3033,56
154,78971,1696,3028,1704,3033,40
154,79045,1709,3027,1717,3032,40
154,79037,1726,3027,1734,3037,80
154,78969,1671,3027,1676,3032,25
154,78897,1741,3027,1749,3035,64
154,78899,1762,3028,1771,3035,63
154,79097,1783,3029,1791,3037,64
154,79098,1797,3027,1808,3034,77
154,79102,1814,3027,1819,3032,25
154,79103,1824,3021,1832,3029,64
154,79105,1841,3023,1849,3029,48
154,79108,1866,3022,1875,3029,63
154,79110,1880,3019,1889,3028,81
154,79111,1893,3018,1901,3025,56
154,79115,1903,3019,1910,3026,49
154,79116,1916,3018,1924,3028,80
154,79122,1937,3019,1944,3029,70
154,79132,1951,3020,1959,3028,64
154,79128,1974,3019,1984,3026,70
154,79134,1991,3021,2002,3029,88
154,79135,2006,3012,2016,3021,90
154,79136,2047,3011,2057,3020,90
154,79139,2023,3012,2031,3020,64
155,78911,1595,3264,1612,3272,136
155,78896,1641,3026,1648,3033,49
155,78971,1691,3026,1696,3032,30
155,79045,1702,3027,1710,3032,40
155,79037,1719,3026,1726,3036,70
155,78969,1665,3026,1670,3032,30
155,78897,1735,3027,1742,3034,49
155,78899,1755,3027,1766,3034,77
155,79097,1777,3028,1784,3035,49
155,79098,1792,3028,1802,3036,80
155,79102,1807,3027,1812,3033,30
155,79103,1816,3022,1825,3029,63
155,79105,1836,3022,1842,3029,42
155,79108,1860,3020,1869,3028,72
155,79110,1875,3019,1884,3028,81
155,79111,1885,3018,1894,3026,72
155,79115,1897,3020,1904,3028,56
155,79116,1911,3018,1919,3028,80
155,79122,1930,3023,1937,3029,42
155,79132,1944,3017,1953,3024,63
155,79128,1968,3015,1977,3025,90
155,79134,1985,3018,1995,3025,70
155,79135,2001,3010,2008,3019,63
155,79136,2041,3012,2050,3020,72
155,79139,2018,3011,2026,3020,72
156,78911,1596,3263,1612,3271,128
156,78896,1635,3027,1642,3032,35
156,78971,1682,3028,1688,3033,30
156,79045,1694,3027,1703,3032,45
156,79037,1713,3025,1719,3036,66
156,78969,1659,3027,1664,3032,25
156,78897,1727,3024,1736,3034,90
156,78899,1749,3026,1758,3033,63
156,79097,1770,3026,1777,3033,49
156,79098,1786,3027,1794,3034,56
156,79102,1799,3029,1807,3034,40
156,79103,1809,3023,1820,3031,88
156,79105,1829,3023,1836,3029,42
156,79108,1853,3024,1861,3029,40
156,79110,1867,3023,1878,3029,66
156,79111,1881,3020,1889,3029,72
156,79116,1905,3017,1913,3029,96
156,79115,1891,3020,1898,3028,56
156,79122,1923,3023,1931,3030,56
156,79132,1937,3017,1946,3025,72
156,79128,1962,3019,1969,3024,35
156,79134,1981,3018,1990,3024,54
156,79135,1994,3010,2001,3020,70
156,79136,2036,3011,2044,3019,64
156,79139,2011,3009,2020,3019,90
157,78911,1594,3262,1610,3271,144
157,78896,1628,3025,1634,3030,30
157,78897,1722,3027,1728,3033,36
157,78971,1675,3028,1682,3036,56
157,79045,1688,3025,1695,3031,42
157,79037,1705,3027,1712,3037,70
157,78969,1650,3025,1656,3031,36
157,78899,1742,3027,1751,3034,63
157,79097,1764,3026,1773,3034,72
157,79098,1779,3026,1787,3033,56
157,79102,1794,3027,1800,3033,36
157,79103,1804,3023,1813,3030,63
157,79105,1822,3023,1830,3030,56
157,79108,1848,3023,1856,3030,56
157,79110,1862,3022,1871,3029,63
157,79111,1875,3021,1882,3028,49
157,79115,1885,3019,1892,3028,63
157,79116,1899,3017,1907,3029,96
157,79122,1918,3023,1926,3028,40
157,79132,1932,3020,1940,3027,56
157,79128,1955,3019,1964,3028,81
157,79134,1974,3020,1984,3027,70
157,79135,1987,3011,1994,3021,70
157,79136,2030,3009,2039,3019,90
157,79139,2007,3011,2015,3019,64
158,78911,1596,3261,1611,3270,135
158,78896,1620,3025,1627,3031,42
158,78897,1715,3027,1722,3034,49
158,78971,1671,3027,1675,3033,24
158,79045,1681,3023,1688,3030,49
158,79037,1699,3026,1707,3037,88
158,78969,1642,3026,1649,3033,49
158,78899,1737,3027,1745,3034,56
158,79097,1758,3028,1765,3035,49
158,79098,1773,3027,1782,3032,45
158,79102,1787,3027,1794,3032,35
158,79103,1797,3018,1808,3028,110
158,79105,1816,3023,1824,3029,48
158,79108,1842,3023,1851,3030,63
158,79110,1857,3018,1865,3028,80
158,79111,1870,3018,1877,3026,56
158,79116,1891,3018,1901,3028,100
158,79115,1878,3018,1886,3026,64
158,79122,1913,3020,1920,3028,56
158,79132,1925,3020,1934,3025,45
158,79128,1951,3016,1959,3025,72
158,79134,1968,3020,1979,3027,77
158,79135,1981,3012,1989,3022,80
158,79136,2023,3009,2033,3019,100
158,79139,1999,3012,2006,3021,63
159,78911,1594,3261,1610,3269,128
159,78896,1613,3024,1621,3031,56
159,78897,1708,3026,1715,3032,42
159,78971,1664,3025,1668,3032,28
159,79045,1675,3025,1682,3031,42
159,79037,1692,3024,1700,3033,72
159,78969,1635,3026,1643,3032,48
159,78899,1730,3026,1739,3033,63
159,79097,1750,3027,1759,3033,54
159,79098,1766,3027,1776,3033,60
159,79102,1782,3028,1788,3031,18
159,79103,1792,3022,1800,3029,56
159,79105,1811,3023,1818,3028,35
159,79108,1838,3019,1846,3030,88
159,79110,1851,3019,1858,3028,63
159,79111,1863,3018,1870,3028,70
159,79115,1871,3019,1882,3026,77
159,79116,1884,3019,1894,3027,80
159,79122,1905,3022,1913,3028,48
159,79132,1919,3016,1927,3025,72
159,79128,1944,3016,1952,3024,64
159,79134,1963,3018,1971,3024,48
159,79135,1976,3009,1983,3019,70
159,79136,2017,3013,2027,3021,80
159,79139,1993,3013,2000,3020,49
160,78911,1595,3260,1610,3269,135
160,78896,1607,3023,1614,3030,49
160,78971,1655,3027,1664,3032,45
160,79045,1669,3025,1675,3032,42
160,79037,1685,3025,1692,3033,56
160,78969,1630,3023,1636,3031,48
160,78897,1702,3025,1708,3033,48
160,78899,1724,3026,1732,3032,48
160,79097,1745,3025,1752,3032,49
160,79098,1760,3026,1770,3033,70
160,79102,1775,3027,1781,3032,30
160,79103,1785,3022,1793,3030,64
160,79105,1804,3023,1812,3028,40
160,79108,1831,3021,1839,3030,72
160,79110,1844,3023,1853,3029,54
160,79111,1855,3018,1864,3029,99
160,79115,1866,3019,1875,3027,72
160,79116,1879,3018,1888,3027,81
160,79122,1899,3022,1905,3028,36
160,79132,1913,3019,1921,3025,48
160,79128,1936,3018,1945,3025,63
160,79134,1954,3018,1964,3025,70
160,79135,1969,3009,1975,3019,60
160,79136,2011,3012,2019,3020,64
160,79139,1988,3010,1996,3019,72
161,78911,1593,3260,1608,3267,105
161,78896,1598,3021,1608,3029,80
161,78897,1695,3027,1701,3033,36
161,79045,1662,3024,1669,3030,42
161,79037,1678,3024,1685,3035,77
161,78971,1647,3027,1658,3032,55
161,78969,1622,3023,1628,3029,36
161,78899,1716,3026,1724,3032,48
161,79097,1739,3026,1746,3033,49
161,79098,1754,3024,1763,3031,63
161,79102,1769,3024,1775,3031,42
161,79103,1780,3021,1786,3029,48
161,79105,1798,3023,1804,3028,30
161,79108,1823,3022,1834,3030,88
161,79110,1838,3023,1848,3029,60
161,79111,1851,3020,1859,3029,72
161,79115,1860,3020,1870,3025,50
161,79116,1872,3019,1881,3027,72
161,79122,1893,3023,1899,3028,30
161,79132,1908,3020,1915,3025,35
161,79128,1930,3018,1938,3025,56
161,79134,1947,3020,1957,3029,90
161,79135,1962,3011,1969,3021,70
161,79136,2006,3010,2014,3019,72
161,79139,1980,3011,1990,3020,90
162,78911,1593,3260,1608,3268,120
162,78896,1590,3022,1600,3029,70
162,79045,1654,3023,1661,3029,42
162,79037,1671,3025,1679,3033,64
162,78971,1642,3026,1650,3032,48
162,78969,1615,3023,1620,3028,25
162,78897,1687,3025,1695,3034,72
162,78899,1710,3025,1718,3031,48
162,79097,1731,3027,1739,3032,40
162,79098,1748,3025,1756,3032,56
162,79102,1762,3025,1769,3030,35
162,79103,1773,3019,1781,3028,72
162,79105,1792,3023,1800,3029,48
162,79108,1818,3022,1827,3029,63
162,79110,1834,3019,1841,3028,63
162,79111,1845,3018,1854,3028,90
162,79115,1854,3019,1864,3025,60
162,79116,1867,3020,1876,3028,72
162,79122,1887,3019,1892,3028,45
162,79132,1901,3018,1908,3024,42
162,79128,1925,3015,1933,3024,72
162,79134,1942,3019,1949,3028,63
162,79135,1956,3010,1964,3021,88
162,79136,1998,3011,2007,3018,63
162,79139,1973,3013,1984,3021,88
163,78911,1593,3260,1608,3268,120
163,78896,1584,3022,1594,3030,80
163,78897,1682,3026,1688,3032,36
163,79045,1646,3022,1654,3031,72
163,79037,1665,3022,1673,3033,88
163,78971,1634,3023,1642,3031,64
163,78969,1606,3023,1614,3031,64
163,78899,1703,3024,1711,3031,56
163,79097,1726,3026,1732,3032,36
163,79098,1742,3026,1750,3033,56
163,79102,1756,3025,1761,3030,25
163,79103,1764,3020,1775,3028,88
163,79105,1785,3020,1792,3027,49
163,79108,1812,3020,1821,3027,63
163,79110,1827,3023,1834,3028,35
163,79111,1838,3019,1848,3027,80
163,79115,1847,3019,1856,3026,63
163,79116,1861,3020,1871,3027,70
163,79122,1880,3022,1889,3028,54
163,79132,1893,3016,1901,3024,64
163,79128,1918,3018,1925,3024,42
163,79134,1935,3017,1944,3026,81
163,79135,1952,3009,1958,3020,66
163,79136,1993,3013,2002,3021,72
163,79139,1966,3013,1976,3021,80
164,78911,1593,3260,1609,3268,128
164,78896,1578,3023,1587,3029,54
164,78897,1674,3022,1681,3032,70
164,79045,1641,3023,1648,3032,63
164,79037,1658,3024,1665,3033,63
164,78969,1601,3023,1608,3029,42
164,78899,1697,3025,1704,3031,42
164,79097,1719,3024,1727,3031,56
164,79098,1735,3025,1744,3031,54
164,79102,1750,3025,1756,3030,30
164,79103,1760,3019,1767,3027,56
164,79105,1780,3020,1786,3027,42
164,79108,1807,3022,1814,3029,49
164,79110,1819,3024,1828,3032,72
164,79111,1832,3021,1841,3028,63
164,79115,1840,3020,1850,3027,70
164,79116,1854,3019,1863,3025,54
164,79122,1874,3022,1882,3029,56
164,79132,1887,3020,1895,3026,48
164,79128,1912,3019,1919,3026,49
164,79134,1929,3017,1937,3024,56
164,79135,1944,3010,1951,3020,70
164,79136,1988,3012,1996,3022,80
164,79139,1961,3009,1971,3019,100
165,78911,1593,3259,1609,3267,128
165,78896,1571,3015,1579,3025,80
165,79045,1634,3022,1641,3029,49
165,79037,1650,3023,1659,3033,90
165,78971,1620,3025,1627,3032,49
165,78969,1592,3019,1600,3028,72
165,78899,1690,3027,1697,3032,35
165,79097,1713,3025,1719,3030,30
165,79098,1729,3022,1738,3030,72
165,79102,1744,3023,1750,3029,36
165,79103,1754,3018,1763,3025,63
165,79105,1774,3023,1780,3028,30
165,79108,1800,3023,1809,3030,63
165,79110,1814,3022,1823,3029,63
165,79111,1826,3019,1834,3029,80
165,79115,1834,3019,1842,3024,40
165,79116,1846,3019,1855,3025,54
165,79122,1868,3022,1875,3027,35
165,79132,1881,3018,1888,3024,42
165,79128,1905,3017,1913,3023,48
165,79134,1923,3020,1932,3028,72
165,79135,1936,3011,1945,3022,99
165,79136,1982,3011,1988,3020,54
165,79139,1955,3011,1965,3018,70
166,78911,1593,3259,1609,3267,128
166,78896,1563,3019,1573,3026,70
166,78897,1662,3024,1668,3033,54
166,79045,1628,3022,1634,3030,48
166,79037,1644,3022,1653,3033,99
166,78971,1615,3023,1622,3030,49
166,78969,1585,3023,1593,3028,40
166,78899,1683,3027,1691,3032,40
166,79097,1706,3026,1713,3032,42
166,79098,1723,3024,1731,3030,48
166,79102,1736,3023,1745,3029,54
166,79103,1747,3018,1757,3024,60
166,79105,1767,3022,1774,3028,42
166,79108,1794,3022,1804,3028,60
166,79110,1809,3019,1817,3028,72
166,79111,1822,3018,1829,3027,63
166,79115,1829,3019,1836,3025,42
166,79116,1841,3022,1849,3028,48
166,79122,1863,3019,1869,3027,48
166,79132,1874,3017,1882,3023,48
166,79128,1899,3014,1906,3024,70
166,79134,1916,3020,1926,3025,50
166,79135,1930,3012,1938,3020,64
166,79136,1975,3011,1983,3020,72
166,79139,1950,3012,1957,3020,56
167,78911,1593,3259,1609,3267,128
167,78896,1557,3019,1566,3027,72
167,79045,1620,3023,1627,3029,42
167,79037,1636,3019,1645,3031,108
167,78971,1607,3019,1612,3029,50
167,78969,1578,3023,1587,3028,45
167,78897,1655,3023,1662,3031,56
167,78899,1676,3023,1685,3030,63
167,79097,1699,3025,1707,3031,48
167,79098,1717,3025,1726,3032,63
167,79102,1730,3024,1737,3029,35
167,79103,1741,3019,1749,3025,48
167,79105,1760,3020,1769,3027,63
167,79108,1788,3019,1796,3027,64
167,79110,1803,3023,1811,3028,40
167,79111,1814,3016,1823,3026,90
167,79115,1823,3020,1831,3026,48
167,79116,1834,3020,1843,3028,72
167,79122,1855,3020,1862,3027,49
167,79132,1868,3015,1876,3023,64
167,79128,1891,3016,1900,3024,72
167,79134,1909,3016,1918,3025,81
167,79135,1925,3010,1931,3018,48
167,79136,1968,3013,1976,3022,72
167,79139,1943,3012,1950,3020,56
168,78911,1596,3259,1609,3267,104
168,78896,1552,3019,1558,3025,36
168,79045,1614,3023,1621,3029,42
168,79037,1630,3023,1638,3031,64
168,78969,1571,3021,1581,3027,60
168,78897,1647,3022,1656,3029,63
168,78899,1669,3023,1678,3030,63
168,79097,1692,3022,1700,3030,64
168,79098,1709,3023,1718,3031,72
168,79102,1723,3024,1731,3031,56
168,79103,1733,3019,1743,3025,60
168,79105,1754,3019,1763,3027,72
168,79108,1781,3021,1791,3027,60
168,79110,1797,3023,1804,3029,42
168,79111,1809,3019,1815,3026,42
168,79115,1815,3020,1823,3027,56
168,79116,1828,3017,1840,3025,96
168,79122,1849,3021,1856,3028,49
168,79132,1860,3018,1868,3026,64
168,79128,1887,3016,1894,3024,56
168,79134,1902,3017,1912,3025,80
168,79135,1917,3009,1925,3019,80
168,79136,1964,3014,1970,3021,42
168,79139,1937,3011,1945,3018,56
169,78911,1596,3260,1610,3267,98
169,78896,1544,3016,1553,3025,81
169,79045,1607,3022,1613,3027,30
169,79037,1623,3023,1631,3032,72
169,78971,1591,3022,1600,3032,90
169,78969,1566,3018,1572,3025,42
169,78899,1662,3023,1672,3031,80
169,79097,1685,3023,1694,3029,54
169,79098,1704,3023,1713,3029,54
169,79102,1718,3023,1726,3030,56
169,79103,1729,3017,1738,3025,72
169,79105,1748,3020,1755,3027,49
169,79108,1775,3022,1785,3029,70
169,79110,1791,3023,1799,3027,32
169,79111,1801,3020,1810,3027,63
169,79115,1811,3021,1817,3025,24
169,79116,1821,3019,1831,3025,60
169,79122,1844,3020,1850,3028,48
169,79132,1854,3018,1862,3025,56
169,79128,1881,3015,1888,3023,56
169,79134,1897,3018,1905,3029,88
169,79135,1910,3013,1918,3020,56
169,79136,1958,3011,1964,3020,54
169,79139,1929,3011,1938,3020,81
170,78911,1596,3260,1611,3267,105
170,78896,1539,3018,1545,3025,42
170,78897,1633,3024,1641,3033,72
170,79045,1600,3022,1607,3027,35
170,79037,1615,3022,1625,3031,90
170,78971,1587,3023,1592,3027,20
170,78969,1558,3019,1565,3024,35
170,78899,1655,3023,1665,3031,80
170,79097,1679,3023,1688,3031,72
170,79098,1696,3022,1705,3028,54
170,79102,1711,3022,1718,3028,42
170,79103,1722,3016,1729,3023,49
170,79105,1743,3020,1750,3027,49
170,79108,1768,3019,1778,3027,80
170,79110,1785,3020,1791,3027,42
170,79111,1796,3020,1804,3026,48
170,79115,1804,3020,1811,3024,28
170,79116,1815,3019,1823,3026,56
170,79122,1836,3019,1843,3028,63
170,79132,1848,3014,1857,3024,90
170,79128,1873,3016,1881,3023,56
170,79134,1890,3018,1899,3024,54
170,79135,1904,3013,1912,3018,40
170,79136,1951,3009,1957,3019,60
170,79139,1923,3012,1932,3021,81
171,78911,1596,3260,1611,3267,105
171,78896,1531,3019,1539,3024,40
171,78897,1626,3023,1635,3030,63
171,78971,1580,3019,1584,3026,28
171,78969,1551,3018,1559,3025,56
171,79045,1593,3022,1600,3027,35
171,79037,1609,3020,1617,3029,72
171,78899,1649,3023,1658,3030,63
171,79097,1671,3022,1681,3031,90
171,79098,1690,3023,1700,3029,60
171,79102,1704,3022,1711,3027,35
171,79103,1714,3016,1724,3024,80
171,79105,1737,3017,1741,3025,32
171,79108,1763,3018,1772,3026,72
171,79110,1778,3023,1786,3027,32
171,79111,1790,3017,1798,3025,64
171,79115,1798,3019,1804,3023,24
171,79116,1810,3020,1819,3025,45
171,79122,1830,3021,1836,3026,30
171,79132,1841,3016,1850,3024,72
171,79128,1866,3017,1873,3024,49
171,79134,1885,3014,1893,3023,72
171,79135,1899,3010,1906,3019,63
171,79139,1916,3012,1925,3020,72
172,78911,1595,3260,1613,3268,144
172,78896,1524,3016,1532,3022,48
172,78971,1574,3021,1578,3026,20
172,78969,1545,3017,1554,3025,72
172,79045,1586,3021,1593,3028,49
172,79037,1602,3023,1610,3030,56
172,78897,1619,3019,1629,3029,100
172,78899,1642,3022,1651,3030,72
172,79097,1666,3022,1675,3029,63
172,79098,1684,3022,1694,3029,70
172,79102,1699,3023,1706,3028,35
172,79103,1709,3018,1718,3024,54
172,79105,1730,3017,1736,3025,48
172,79108,1757,3019,1766,3028,81
172,79110,1773,3023,1780,3028,35
172,79111,1783,3019,1791,3026,56
172,79115,1791,3019,1797,3024,30
172,79116,1804,3019,1811,3025,42
172,79122,1823,3021,1830,3027,42
172,79132,1835,3018,1842,3025,49
172,79128,1860,3016,1868,3025,72
172,79134,1878,3019,1886,3025,48
172,79135,1893,3011,1899,3019,48
172,79136,1937,3014,1945,3020,48
172,79139,1909,3011,1920,3019,88
173,78911,1595,3260,1613,3269,162
173,78896,1519,3015,1525,3021,36
173,78897,1614,3022,1622,3030,64
173,78971,1567,3021,1572,3028,35
173,78969,1537,3016,1547,3023,70
173,79045,1579,3020,1586,3025,35
173,79037,1595,3022,1604,3029,63
173,78899,1636,3023,1644,3031,64
173,79097,1660,3023,1667,3029,42
173,79098,1680,3022,1687,3029,49
173,79102,1691,3023,1698,3028,35
173,79103,1701,3015,1713,3025,120
173,79105,1723,3019,1729,3025,36
173,79108,1750,3019,1762,3027,96
173,79110,1767,3021,1773,3026,30
173,79111,1777,3018,1785,3028,80
173,79115,1785,3018,1792,3024,42
173,79116,1797,3019,1805,3025,48
173,79122,1817,3020,1825,3026,48
173,79132,1829,3016,1835,3023,42
173,79128,1854,3014,1861,3023,63
173,79134,1873,3018,1880,3024,42
173,79135,1885,3013,1891,3020,42
173,79136,1932,3011,1938,3019,48
173,79139,1903,3011,1913,3018,70
174,78911,1595,3261,1614,3269,152
174,78896,1510,3014,1518,3022,64
174,78897,1605,3022,1615,3030,80
174,78971,1559,3019,1564,3024,25
174,78969,1530,3016,1539,3023,63
174,79045,1573,3019,1580,3025,42
174,79037,1590,3021,1598,3028,56
174,78899,1629,3023,1638,3030,63
174,79097,1655,3023,1661,3029,36
174,79098,1672,3022,1681,3029,63
174,79102,1686,3020,1692,3026,36
174,79103,1695,3015,1704,3023,72
174,79105,1717,3018,1723,3024,36
174,79108,1745,3016,1753,3024,64
174,79110,1760,3019,1767,3025,42
174,79111,1772,3019,1779,3026,49
174,79115,1780,3017,1786,3023,36
174,79116,1791,3020,1800,3026,54
174,79122,1810,3019,1818,3026,56
174,79132,1822,3013,1830,3024,88
174,79128,1847,3015,1853,3025,60
174,79134,1867,3017,1874,3025,56
174,79135,1880,3013,1886,3020,42
174,79136,1925,3009,1931,3020,66
174,79139,1898,3013,1906,3019,48
175,78911,1596,3263,1615,3270,133
175,78896,1504,3016,1509,3022,30
175,78897,1599,3021,1608,3028,63
175,78971,1552,3018,1558,3024,36
175,78969,1524,3016,1533,3023,63
175,79045,1567,3020,1574,3025,35
175,79037,1583,3020,1590,3027,49
175,78899,1622,3023,1632,3030,70
175,79097,1649,3022,1654,3028,30
175,79098,1665,3023,1674,3030,63
175,79102,1680,3020,1686,3026,36
175,79103,1689,3016,1697,3023,56
175,79105,1712,3017,1717,3023,30
175,79108,1737,3015,1747,3025,100
175,79110,1753,3021,1760,3026,35
175,79111,1766,3017,1771,3024,35
175,79115,1775,3018,1779,3023,20
175,79116,1785,3019,1793,3025,48
175,79122,1803,3019,1812,3026,63
175,79132,1814,3015,1824,3024,90
175,79128,1839,3017,1847,3025,64
175,79134,1860,3016,1866,3024,48
175,79135,1873,3010,1879,3017,42
175,79136,1918,3011,1925,3022,77
175,79139,1891,3013,1900,3020,63
176,78911,1600,3263,1616,3270,112
176,78896,1498,3014,1505,3020,42
176,78897,1594,3018,1601,3026,56
176,78971,1545,3019,1552,3024,35
176,78969,1518,3016,1525,3023,49
176,79045,1560,3019,1567,3026,49
176,79037,1576,3021,1584,3029,64
176,78899,1615,3023,1625,3030,70
176,79097,1641,3020,1649,3028,64
176,79098,1659,3020,1668,3029,81
176,79102,1673,3021,1680,3026,35
176,79103,1684,3017,1692,3024,56
176,79105,1704,3017,1711,3022,35
176,79108,1731,3018,1739,3025,56
176,79110,1747,3021,1754,3026,35
176,79111,1757,3019,1766,3025,54
176,79115,1767,3018,1773,3024,36
176,79116,1778,3017,1786,3024,56
176,79122,1798,3020,1805,3028,56
176,79132,1808,3016,1816,3024,64
176,79128,1834,3014,1840,3024,60
176,79134,1852,3018,1861,3027,81
176,79135,1866,3011,1872,3020,54
176,79136,1911,3014,1919,3023,72
176,79139,1885,3011,1894,3018,63
177,78911,1603,3265,1616,3271,78
177,78896,1492,3011,1497,3020,45
177,78897,1587,3019,1595,3025,48
177,78971,1537,3019,1544,3024,35
177,78969,1511,3014,1519,3021,56
177,79045,1551,3019,1560,3024,45
177,79037,1567,3019,1577,3026,70
177,78899,1609,3022,1619,3029,70
177,79097,1634,3021,1642,3027,48
177,79098,1654,3019,1661,3026,49
177,79102,1668,3020,1673,3026,30
177,79103,1677,3014,1686,3022,72
177,79105,1698,3018,1704,3025,42
177,79108,1727,3018,1734,3025,49
177,79110,1743,3018,1749,3024,36
177,79111,1752,3019,1759,3026,49
177,79115,1760,3018,1767,3024,42
177,79116,1771,3018,1779,3024,48
177,79122,1791,3018,1799,3024,48
177,79132,1801,3015,1808,3022,49
177,79128,1826,3013,1834,3023,80
177,79134,1847,3018,1854,3024,42
177,79135,1859,3013,1866,3019,42
177,79136,1905,3012,1914,3022,90
177,79139,1878,3010,1886,3018,64
178,78911,1604,3264,1618,3272,112
178,78896,1483,3012,1491,3018,48
178,78897,1579,3020,1588,3028,72
178,78971,1531,3017,1538,3024,49
178,78969,1504,3013,1511,3019,42
178,79045,1544,3019,1552,3024,40
178,79037,1562,3018,1571,3026,72
178,78899,1602,3020,1612,3027,70
178,79097,1628,3021,1636,3029,64
178,79098,1647,3018,1656,3026,72
178,79102,1660,3018,1667,3024,42
178,79103,1670,3014,1678,3020,48
178,79105,1692,3017,1699,3024,49
178,79108,1719,3016,1728,3023,63
178,79110,1735,3018,1743,3024,48
178,79111,1746,3018,1754,3026,64
178,79116,1766,3019,1773,3024,35
178,79115,1756,3017,1760,3023,24
178,79122,1785,3018,1793,3025,56
178,79132,1795,3014,1803,3023,72
178,79128,1819,3016,1828,3024,72
178,79134,1839,3015,1848,3022,63
178,79135,1852,3012,1860,3020,64
178,79136,1898,3010,1905,3021,77
178,79139,1871,3014,1880,3021,63
179,78911,1604,3266,1625,3274,168
179,78896,1477,3012,1484,3020,56
179,78897,1575,3018,1581,3025,42
179,78971,1525,3015,1531,3022,42
179,78969,1496,3013,1504,3020,56
179,79045,1538,3017,1546,3024,56
179,79037,1555,3017,1564,3024,63
179,78899,1595,3019,1605,3024,50
179,79097,1623,3020,1631,3026,48
179,79098,1640,3020,1650,3028,80
179,79102,1655,3019,1660,3024,25
179,79103,1664,3015,1671,3021,42
179,79105,1685,3016,1692,3022,42
179,79108,1714,3017,1721,3023,42
179,79110,1728,3018,1736,3025,56
179,79111,1740,3017,1746,3023,36
179,79116,1759,3018,1766,3024,42
179,79115,1748,3017,1755,3023,42
179,79122,1778,3019,1786,3025,48
179,79132,1790,3017,1797,3025,56
179,79128,1814,3017,1823,3024,63
179,79134,1833,3015,1841,3023,64
179,79135,1847,3011,1852,3018,35
179,79136,1891,3011,1898,3022,77
179,79139,1867,3014,1873,3020,36
180,78911,1607,3268,1623,3277,144
180,78896,1471,3011,1477,3017,36
180,78897,1567,3016,1575,3025,72
180,78971,1519,3017,1524,3020,15
180,78969,1490,3014,1497,3019,35
180,79045,1533,3017,1539,3024,42
180,79037,1547,3018,1557,3025,70
180,78899,1588,3019,1597,3028,81
180,79097,1615,3018,1624,3025,63
180,79098,1634,3020,1643,3027,63
180,79102,1648,3019,1654,3024,30
180,79103,1658,3016,1664,3021,30
180,79105,1679,3015,1687,3022,56
180,79108,1708,3018,1714,3026,48
180,79110,1723,3017,1730,3024,49
180,79111,1733,3016,1741,3024,64
180,79115,1742,3016,1748,3023,42
180,79116,1753,3016,1761,3022,48
180,79122,1772,3019,1779,3025,42
180,79132,1782,3015,1789,3022,49
180,79128,1807,3014,1815,3023,72
180,79134,1827,3017,1835,3027,80
180,79135,1840,3011,1846,3019,48
180,79136,1886,3012,1893,3023,77
180,79139,1860,3010,1867,3019,63
181,78911,1607,3268,1625,3277,162
181,78896,1465,3009,1472,3017,56
181,78971,1511,3017,1517,3024,42
181,78969,1483,3012,1492,3020,72
181,79045,1525,3014,1533,3021,56
181,79037,1543,3018,1550,3024,42
181,78899,1583,3019,1591,3028,72
181,79098,1629,3018,1638,3025,63
181,79102,1641,3019,1648,3026,49
181,79103,1652,3014,1659,3020,42
181,79105,1673,3017,1679,3023,36
181,79108,1702,3017,1709,3023,42
181,79110,1717,3016,1724,3023,49
181,79111,1726,3017,1734,3024,56
181,79115,1735,3017,1742,3022,35
181,79116,1746,3017,1754,3023,48
181,79122,1766,3017,1772,3024,42
181,79132,1776,3015,1782,3022,42
181,79128,1800,3014,1808,3023,72
181,79134,1821,3016,1828,3023,49
181,79135,1832,3012,1839,3021,63
181,79136,1879,3013,1884,3021,40
181,79139,1854,3011,1861,3019,56
182,78911,1612,3262,1625,3277,195
182,78896,1456,3010,1464,3017,56
182,78971,1503,3016,1512,3021,45
182,78969,1475,3008,1485,3018,100
182,79045,1518,3013,1526,3021,64
182,79037,1534,3015,1544,3024,90
182,78897,1554,3018,1561,3025,49
182,78899,1577,3017,1585,3024,56
182,79097,1602,3019,1610,3027,64
182,79098,1622,3018,1632,3025,70
182,79102,1636,3016,1642,3023,42
182,79103,1645,3014,1653,3019,40
182,79105,1667,3016,1673,3022,36
182,79108,1697,3015,1705,3022,56
182,79110,1710,3015,1718,3022,56
182,79111,1721,3017,1728,3023,42
182,79115,1729,3015,1736,3021,42
182,79116,1740,3016,1747,3022,42
182,79122,1760,3016,1765,3022,30
182,79132,1769,3015,1777,3022,56
182,79128,1792,3015,1802,3022,70
182,79134,1812,3013,1821,3023,90
182,79135,1826,3012,1834,3021,72
182,79136,1873,3011,1881,3019,64
182,79139,1845,3013,1853,3021,64
183,78911,1606,3264,1624,3278,252
183,78896,1450,3010,1459,3017,63
183,78899,1570,3017,1578,3025,64
183,78971,1498,3012,1505,3020,56
183,78969,1470,3011,1479,3017,54
183,79045,1510,3015,1520,3021,60
183,79037,1527,3015,1537,3024,90
183,78897,1546,3016,1554,3024,64
183,79097,1596,3017,1604,3024,56
183,79098,1614,3019,1624,3027,80
183,79102,1629,3017,1634,3024,35
183,79103,1638,3015,1646,3021,48
183,79105,1661,3014,1667,3021,42
183,79108,1690,3015,1697,3021,42
183,79110,1705,3017,1711,3024,42
183,79111,1716,3016,1721,3022,30
183,79115,1723,3015,1730,3021,42
183,79116,1734,3016,1740,3023,42
183,79122,1753,3018,1758,3025,35
183,79132,1762,3016,1769,3023,49
183,79128,1787,3015,1794,3023,56
183,79134,1806,3016,1815,3023,63
183,79135,1821,3009,1826,3018,45
183,79136,1864,3014,1873,3019,45
183,79139,1840,3013,1847,3020,49
184,78911,1615,3272,1633,3283,198
184,78896,1445,3009,1451,3015,36
184,78897,1539,3016,1547,3024,64
184,78899,1564,3017,1571,3024,49
184,78971,1490,3015,1496,3019,24
184,78969,1462,3010,1472,3018,80
184,79045,1505,3014,1513,3021,56
184,79037,1521,3015,1531,3024,90
184,79097,1590,3016,1596,3024,48
184,79098,1610,3019,1617,3027,56
184,79102,1622,3017,1628,3025,48
184,79103,1633,3015,1641,3020,40
184,79105,1654,3015,1661,3021,42
184,79108,1683,3016,1690,3024,56
184,79110,1699,3016,1706,3024,56
184,79111,1709,3015,1717,3023,64
184,79115,1718,3016,1724,3021,30
184,79116,1728,3016,1736,3022,48
184,79122,1748,3018,1753,3025,35
184,79132,1756,3015,1763,3022,49
184,79128,1782,3013,1788,3021,48
184,79134,1800,3015,1808,3024,72
184,79135,1814,3010,1821,3017,49
184,79136,1857,3014,1866,3020,54
184,79139,1833,3010,1843,3019,90
185,78911,1615,3272,1627,3280,96
185,78896,1438,3008,1446,3014,48
185,78897,1532,3016,1541,3026,90
185,78899,1557,3017,1565,3024,56
185,78971,1484,3015,1491,3020,35
185,78969,1456,3009,1465,3016,63
185,79045,1499,3013,1506,3020,49
185,79037,1515,3014,1524,3021,63
185,79097,1582,3017,1590,3025,64
185,79098,1604,3015,1612,3024,72
185,79102,1616,3018,1624,3025,56
185,79103,1626,3013,1634,3018,40
185,79105,1647,3016,1654,3022,42
185,79108,1675,3014,1685,3022,80
185,79110,1694,3014,1701,3022,56
185,79111,1703,3016,1709,3024,48
185,79115,1711,3016,1717,3022,36
185,79116,1722,3015,1729,3021,42
185,79122,1741,3016,1746,3023,35
185,79132,1749,3013,1755,3021,48
185,79128,1774,3014,1781,3021,49
185,79134,1794,3015,1801,3022,49
185,79135,1807,3011,1813,3019,48
185,79136,1853,3013,1860,3020,49
185,79139,1825,3009,1834,3018,81
186,78911,1619,3270,1633,3279,126
186,78896,1427,3004,1440,3015,143
186,78899,1551,3015,1557,3022,42
186,78971,1479,3014,1483,3018,16
186,78969,1449,3007,1459,3016,90
186,79045,1493,3012,1499,3019,42
186,79037,1507,3013,1517,3020,70
186,78897,1526,3014,1535,3023,81
186,79097,1576,3017,1584,3025,64
186,79098,1597,3017,1606,3024,63
186,79102,1611,3016,1617,3022,36
186,79103,1621,3012,1628,3018,42
186,79105,1643,3015,1649,3020,30
186,79108,1672,3015,1680,3021,48
186,79110,1687,3014,1694,3021,49
186,79111,1698,3016,1704,3023,42
186,79115,1706,3015,1712,3021,36
186,79122,1735,3015,1741,3023,48
186,79132,1743,3015,1750,3023,56
186,79128,1767,3015,1775,3023,64
186,79134,1789,3013,1796,3022,63
186,79135,1801,3011,1807,3020,54
186,79136,1846,3010,1853,3021,77
186,79139,1820,3011,1828,3020,72
187,78911,1615,3267,1633,3281,252
187,78896,1424,3009,1430,3013,24
187,78897,1520,3014,1529,3023,81
187,78899,1543,3016,1552,3023,63
187,78971,1471,3011,1477,3017,36
187,78969,1441,3008,1452,3015,77
187,79045,1486,3012,1493,3020,56
187,79037,1501,3015,1508,3023,56
187,79097,1569,3014,1578,3023,81
187,79098,1590,3018,1599,3025,63
187,79102,1604,3017,1610,3022,30
187,79103,1613,3014,1622,3019,45
187,79105,1635,3013,1642,3020,49
187,79108,1665,3014,1673,3021,56
187,79110,1681,3016,1688,3022,42
187,79111,1691,3013,1698,3021,56
187,79115,1700,3013,1704,3020,28
187,79116,1709,3015,1715,3023,48
187,79122,1727,3017,1733,3025,48
187,79132,1737,3015,1742,3022,35
187,79128,1761,3015,1768,3022,49
187,79134,1783,3014,1790,3023,63
187,79135,1794,3009,1800,3017,48
187,79136,1840,3013,1846,3021,48
187,79139,1813,3012,1821,3019,56
188,78911,1615,3274,1637,3284,220
188,78896,1416,3005,1427,3013,88
188,78897,1512,3014,1521,3022,72
188,78971,1463,3012,1472,3016,36
188,78969,1438,3008,1450,3017,108
188,79045,1480,3011,1487,3020,63
188,79037,1495,3013,1503,3021,64
188,78899,1536,3016,1545,3024,72
188,79097,1562,3014,1571,3023,81
188,79098,1584,3017,1593,3024,63
188,79102,1597,3017,1604,3022,35
188,79103,1608,3013,1617,3019,54
188,79105,1629,3012,1635,3020,48
188,79108,1659,3014,1666,3020,42
188,79110,1675,3015,1681,3021,36
188,79111,1685,3012,1692,3023,77
188,79116,1702,3015,1711,3021,54
188,79115,1693,3015,1700,3019,28
188,79122,1722,3016,1728,3023,42
188,79132,1730,3012,1735,3020,40
188,79128,1755,3012,1761,3020,48
188,79134,1773,3014,1782,3023,81
188,79135,1786,3008,1793,3016,56
188,79136,1835,3014,1840,3022,40
188,79139,1807,3008,1815,3016,64
189,78911,1619,3274,1634,3286,180
189,78896,1411,3005,1418,3012,49
189,78897,1505,3015,1516,3021,66
189,78971,1456,3012,1464,3017,40
189,78969,1429,3007,1440,3014,77
189,79045,1471,3010,1481,3018,80
189,79037,1489,3012,1497,3020,64
189,78899,1530,3015,1538,3022,56
189,79097,1555,3015,1565,3022,70
189,79098,1579,3014,1587,3022,64
189,79102,1591,3017,1598,3023,42
189,79103,1601,3011,1609,3016,40
189,79105,1623,3014,1629,3021,42
189,79108,1652,3015,1660,3020,40
189,79110,1669,3013,1676,3019,42
189,79111,1678,3013,1685,3022,63
189,79115,1687,3015,1693,3020,30
189,79116,1696,3013,1704,3019,48
189,79122,1715,3014,1720,3021,35
189,79132,1723,3013,1729,3020,42
189,79128,1747,3014,1754,3020,42
189,79134,1768,3013,1776,3020,56
189,79135,1779,3009,1786,3018,63
189,79136,1827,3014,1833,3022,48
189,79139,1800,3008,1808,3016,64
190,78911,1622,3274,1637,3281,105
190,78896,1405,3005,1411,3012,42
190,78971,1449,3010,1456,3016,42
190,78969,1420,3003,1431,3012,99
190,79045,1465,3008,1474,3017,81
190,79037,1480,3011,1492,3018,84
190,78897,1502,3014,1507,3019,25
190,78899,1524,3015,1533,3022,63
190,79097,1551,3015,1560,3022,63
190,79098,1573,3015,1580,3023,56
190,79102,1585,3016,1592,3022,42
190,79103,1596,3011,1604,3017,48
190,79105,1617,3013,1622,3019,30
190,79108,1646,3012,1654,3019,56
190,79110,1662,3013,1669,3019,42
190,79111,1672,3014,1679,3020,42
190,79115,1681,3013,1688,3020,49
190,79116,1690,3014,1698,3020,48
190,79122,1709,3017,1714,3023,30
190,79132,1715,3015,1722,3022,49
190,79128,1739,3015,1747,3020,40
190,79134,1762,3012,1770,3021,72
190,79135,1774,3011,1780,3017,36
190,79136,1821,3012,1826,3020,40
190,79139,1793,3009,1801,3017,64
191,78911,1621,3270,1639,3282,216
191,78896,1398,3006,1404,3013,42
191,78971,1442,3007,1449,3014,49
191,78969,1416,3004,1424,3013,72
191,79045,1459,3009,1467,3016,56
191,79037,1474,3011,1485,3019,88
191,78897,1495,3011,1500,3017,30
191,78899,1518,3014,1525,3020,42
191,79097,1543,3011,1552,3021,90
191,79098,1565,3015,1573,3024,72
191,79102,1578,3014,1585,3021,49
191,79103,1588,3012,1596,3017,40
191,79105,1610,3012,1616,3018,36
191,79108,1640,3013,1648,3018,40
191,79110,1656,3015,1662,3021,36
191,79111,1666,3012,1675,3020,72
191,79115,1675,3012,1680,3018,30
191,79116,1685,3013,1692,3020,49
191,79122,1703,3017,1708,3024,35
191,79132,1710,3013,1715,3020,35
191,79128,1734,3015,1741,3020,35
191,79134,1754,3012,1763,3021,81
191,79135,1767,3007,1772,3015,40
191,79136,1814,3013,1819,3021,40
191,79139,1788,3009,1796,3016,56
192,78911,1618,3277,1641,3284,161
192,78896,1391,3005,1401,3012,70
192,78899,1513,3014,1520,3021,49
192,78971,1436,3007,1443,3014,49
192,78969,1410,3005,1418,3012,56
192,79045,1452,3009,1460,3016,56
192,79037,1468,3010,1477,3018,72
192,79097,1535,3014,1546,3020,66
192,79098,1558,3014,1568,3021,70
192,79103,1583,3012,1591,3018,48
192,79105,1604,3011,1610,3017,36
192,79108,1634,3015,1641,3019,28
192,79110,1651,3014,1657,3020,36
192,79111,1660,3011,1667,3019,56
192,79116,1677,3012,1685,3019,56
192,79115,1669,3011,1675,3018,42
192,79122,1696,3015,1702,3022,42
192,79132,1703,3013,1709,3019,36
192,79128,1727,3013,1735,3019,48
192,79134,1750,3014,1757,3021,49
192,79135,1761,3008,1767,3015,42
192,79136,1806,3014,1812,3022,48
192,79139,1782,3009,1790,3015,48
193,78911,1623,3277,1639,3289,192
193,78896,1382,3003,1392,3010,70
193,78971,1428,3008,1436,3015,56
193,78969,1403,3004,1412,3011,63
193,79045,1446,3008,1454,3014,48
193,79037,1461,3008,1470,3015,63
193,78897,1479,3013,1488,3018,45
193,78899,1505,3012,1514,3019,63
193,79097,1530,3014,1539,3020,54
193,79098,1552,3013,1563,3021,88
193,79102,1567,3016,1572,3024,40
193,79103,1576,3010,1585,3016,54
193,79105,1596,3013,1603,3019,42
193,79108,1626,3014,1635,3020,54
193,79110,1645,3013,1650,3019,30
193,79111,1654,3014,1660,3019,30
193,79115,1662,3012,1669,3019,49
193,79116,1671,3012,1680,3018,54
193,79122,1691,3013,1696,3021,40
193,79132,1696,3013,1702,3020,42
193,79128,1720,3014,1728,3020,48
193,79134,1744,3012,1750,3019,42
193,79135,1754,3010,1760,3016,36
193,79136,1800,3014,1807,3020,42
193,79139,1774,3008,1782,3015,56
194,78911,1627,3276,1641,3282,84
194,78896,1378,3003,1387,3010,63
194,78971,1423,3008,1430,3013,35
194,78969,1395,3002,1406,3009,77
194,79045,1440,3006,1447,3013,49
194,79037,1454,3007,1464,3014,70
194,78897,1474,3011,1480,3016,30
194,78899,1497,3011,1507,3018,70
194,79098,1545,3015,1554,3021,54
194,79097,1525,3012,1534,3018,54
194,79102,1558,3014,1566,3020,48
194,79103,1569,3008,1577,3017,72
194,79105,1591,3012,1597,3018,36
194,79108,1621,3011,1629,3017,48
194,79110,1639,3013,1644,3018,25
194,79111,1647,3012,1656,3020,72
194,79115,1656,3012,1663,3018,42
194,79116,1665,3011,1673,3017,48
194,79132,1689,3012,1696,3020,56
194,79128,1713,3013,1721,3020,56
194,79134,1734,3011,1743,3019,72
194,79135,1748,3010,1754,3016,36
194,79136,1794,3011,1800,3019,48
194,79139,1770,3010,1776,3016,36
195,78911,1626,3271,1642,3283,192
195,78896,1372,3003,1380,3010,56
195,78899,1492,3010,1499,3020,70
195,78971,1419,3007,1424,3012,25
195,78969,1389,3001,1399,3010,90
195,79045,1433,3008,1440,3014,42
195,79037,1448,3007,1460,3016,108
195,78897,1467,3009,1475,3016,56
195,79097,1518,3009,1528,3017,80
195,79098,1537,3014,1549,3021,84
195,79102,1552,3014,1559,3019,35
195,79103,1563,3011,1571,3017,48
195,79105,1585,3010,1592,3016,42
195,79108,1614,3010,1623,3016,54
195,79110,1631,3013,1638,3020,49
195,79111,1640,3010,1648,3018,64
195,79115,1650,3010,1657,3016,42
195,79116,1659,3011,1668,3020,81
195,79122,1679,3016,1683,3022,24
195,79132,1681,3010,1688,3017,49
195,79128,1711,3011,1714,3019,24
195,79134,1730,3012,1736,3021,54
195,79135,1741,3006,1746,3014,40
195,79136,1787,3014,1793,3019,30
195,79139,1762,3010,1769,3015,35
196,78911,1622,3278,1645,3285,161
196,78896,1364,3002,1374,3009,70
196,78899,1486,3010,1493,3017,49
196,78971,1412,3007,1417,3012,25
196,78969,1381,3002,1394,3010,104
196,79045,1426,3007,1434,3014,56
196,79037,1441,3006,1452,3013,77
196,78897,1462,3010,1468,3016,36
196,79097,1514,3011,1521,3017,42
196,79098,1533,3013,1545,3020,84
196,79102,1547,3015,1554,3019,28
196,79103,1557,3009,1564,3017,56
196,79105,1579,3009,1585,3015,36
196,79108,1609,3012,1616,3018,42
196,79110,1626,3012,1632,3019,42
196,79111,1635,3010,1643,3018,64
196,79115,1644,3010,1650,3015,30
196,79116,1653,3010,1661,3019,72
196,79122,1671,3015,1676,3020,25
196,79132,1675,3010,1680,3016,30
196,79128,1703,3009,1709,3018,54
196,79134,1724,3013,1730,3019,36
196,79135,1734,3005,1740,3013,48
196,79136,1781,3015,1788,3022,49
196,79139,1757,3008,1763,3013,30
197,78911,1628,3278,1644,3289,176
197,78896,1359,2999,1368,3007,72
197,78899,1479,3008,1487,3018,80
197,78971,1403,3007,1410,3012,35
197,78969,1376,3002,1386,3008,60
197,79045,1421,3006,1428,3011,35
197,79037,1435,3006,1445,3013,70
197,78897,1453,3008,1463,3016,80
197,79097,1507,3010,1514,3017,49
197,79098,1527,3010,1537,3019,90
197,79102,1540,3015,1547,3020,35
197,79103,1550,3008,1559,3015,63
197,79105,1572,3010,1579,3016,42
197,79108,1602,3012,1610,3017,40
197,79110,1620,3010,1627,3016,42
197,79111,1628,3010,1635,3017,49
197,79115,1638,3010,1644,3016,36
197,79116,1646,3009,1654,3015,48
197,79122,1665,3012,1669,3019,28
197,79132,1669,3010,1675,3017,42
197,79128,1695,3012,1702,3019,49
197,79134,1716,3009,1724,3019,80
197,79135,1728,3007,1733,3014,35
197,79136,1774,3014,1780,3020,36
197,79139,1749,3007,1756,3012,35
198,78911,1629,3276,1644,3282,90
198,78896,1353,3000,1361,3008,64
198,78899,1472,3008,1483,3015,77
198,78971,1399,3007,1404,3012,25
198,78969,1370,2999,1379,3007,72
198,79045,1414,3001,1421,3010,63
198,79037,1429,3003,1439,3011,80
198,78897,1448,3008,1456,3014,48
198,79097,1500,3008,1508,3016,64
198,79098,1522,3013,1531,3019,54
198,79102,1534,3013,1541,3019,42
198,79103,1544,3007,1553,3014,63
198,79105,1567,3010,1572,3015,25
198,79108,1597,3009,1604,3016,49
198,79110,1614,3010,1621,3017,49
198,79111,1623,3010,1629,3018,48
198,79115,1631,3010,1638,3017,49
198,79116,1640,3008,1649,3015,63
198,79122,1659,3015,1663,3019,16
198,79132,1663,3010,1669,3018,48
198,79128,1688,3012,1695,3020,56
198,79134,1710,3011,1715,3019,40
198,79135,1722,3006,1727,3014,40
198,79136,1767,3011,1774,3018,49
198,79139,1742,3008,1749,3014,42
199,78911,1630,3271,1646,3281,160
199,78896,1345,2999,1353,3009,80
199,78899,1465,3006,1475,3016,100
199,78971,1390,3003,1400,3009,60
199,78969,1365,2997,1373,3007,80
199,79045,1406,3003,1414,3011,64
199,79037,1421,3006,1432,3012,66
199,78897,1442,3004,1449,3012,56
199,79097,1494,3007,1501,3015,56
199,79098,1514,3012,1523,3020,72
199,79102,1528,3013,1535,3018,35
199,79103,1538,3009,1546,3014,40
199,79105,1561,3008,1566,3014,30
199,79108,1590,3008,1598,3015,56
199,79110,1607,3011,1614,3018,49
199,79111,1615,3008,1623,3017,72
199,79115,1626,3009,1632,3016,42
199,79116,1635,3009,1643,3015,48
199,79122,1652,3015,1657,3021,30
199,79132,1656,3009,1662,3016,42
199,79128,1683,3010,1689,3016,36
199,79134,1704,3013,1709,3021,40
199,79135,1715,3004,1721,3013,54
199,79136,1761,3013,1767,3018,30
199,79139,1737,3007,1744,3016,63
200,78911,1625,3273,1648,3282,207
200,78896,1339,3000,1345,3005,30
200,78897,1437,3006,1443,3012,36
200,78971,1383,3002,1391,3008,48
200,78969,1358,2999,1366,3008,72
200,79045,1400,3003,1409,3010,63
200,79037,1416,3005,1427,3010,55
200,78899,1457,3006,1468,3015,99
200,79098,1507,3009,1517,3017,80
200,79102,1522,3012,1529,3019,49
200,79103,1532,3008,1541,3013,45
200,79105,1553,3006,1561,3013,56
200,79108,1583,3009,1593,3016,70
200,79110,1602,3010,1608,3016,36
200,79097,1486,3007,1492,3013,36
200,79111,1609,3008,1618,3015,63
200,79115,1620,3008,1626,3014,36
200,79116,1629,3009,1637,3015,48
200,79122,1646,3013,1650,3021,32
200,79132,1649,3008,1655,3015,42
200,79128,1674,3010,1682,3017,56
200,79134,1698,3010,1706,3017,56
200,79135,1708,3004,1714,3012,48
200,79136,1753,3014,1761,3021,56
200,79139,1731,3007,1739,3015,64
201,78911,1630,3275,1648,3288,234
201,78896,1332,2997,1340,3005,64
201,78897,1428,3006,1436,3012,48
201,78899,1451,3002,1462,3015,143
201,78971,1378,3003,1385,3008,35
201,78969,1350,2999,1360,3007,80
201,79045,1394,3001,1401,3008,49
201,79037,1409,3003,1420,3009,66
201,79097,1483,3007,1489,3016,54
201,79098,1501,3008,1512,3016,88
201,79102,1515,3012,1522,3019,49
201,79103,1527,3006,1535,3013,56
201,79105,1548,3007,1554,3014,42
201,79108,1577,3010,1585,3016,48
201,79110,1594,3007,1602,3015,64
201,79111,1603,3007,1611,3015,64
201,79116,1622,3007,1630,3014,56
201,79115,1613,3009,1620,3014,35
201,79122,1639,3011,1643,3019,32
201,79132,1644,3009,1649,3017,40
201,79128,1668,3011,1674,3017,36
201,79134,1690,3009,1697,3016,49
201,79135,1702,3007,1708,3012,30
201,79136,1748,3013,1754,3020,42
201,79139,1722,3004,1732,3014,100
202,78911,1631,3273,1648,3283,170
202,78896,1327,2998,1334,3004,42
202,78899,1446,3005,1457,3014,99
202,78971,1371,3002,1378,3009,49
202,78969,1345,2998,1352,3005,49
202,79045,1387,3000,1396,3007,63
202,79037,1403,3002,1413,3009,70
202,78897,1421,3004,1430,3011,63
202,79097,1474,3006,1482,3014,64
202,79098,1494,3009,1506,3017,96
202,79102,1510,3010,1517,3016,42
202,79103,1521,3007,1527,3012,30
202,79105,1541,3008,1548,3015,49
202,79108,1572,3006,1580,3015,72
202,79110,1589,3007,1596,3017,70
202,79111,1598,3008,1605,3015,49
202,79115,1607,3009,1614,3016,49
202,79116,1617,3007,1623,3014,42
202,79122,1633,3012,1638,3020,40
202,79132,1636,3009,1642,3016,42
202,79128,1663,3010,1669,3016,36
202,79134,1683,3011,1691,3017,48
202,79135,1696,3007,1702,3012,30
202,79136,1741,3011,1748,3019,56
202,79139,1716,3007,1725,3014,63
203,78911,1635,3270,1649,3281,154
203,78896,1320,2997,1329,3006,81
203,78899,1440,3005,1449,3012,63
203,78971,1367,3000,1372,3006,30
203,78969,1338,2996,1345,3003,49
203,79045,1380,3002,1389,3009,63
203,79037,1397,3002,1406,3011,81
203,78897,1415,2998,1424,3008,90
203,79097,1468,3003,1475,3012,63
203,79098,1489,3009,1500,3016,77
203,79102,1503,3007,1510,3015,56
203,79103,1515,3007,1522,3013,42
203,79105,1535,3007,1542,3013,42
203,79108,1566,3007,1573,3013,42
203,79110,1582,3009,1589,3016,49
203,79111,1591,3008,1599,3016,64
203,79115,1601,3007,1608,3014,49
203,79116,1610,3006,1617,3013,49
203,79122,1625,3013,1632,3019,42
203,79132,1630,3006,1635,3014,40
203,79128,1655,3009,1662,3015,42
203,79134,1676,3011,1684,3016,40
203,79135,1688,3002,1696,3011,72
203,79136,1734,3012,1740,3018,36
203,79139,1708,3007,1717,3012,45
204,78911,1630,3266,1649,3280,266
204,78896,1311,2997,1323,3005,96
204,78899,1434,3004,1444,3011,70
204,78969,1330,2996,1340,3004,80
204,78971,1359,3000,1366,3007,49
204,79045,1374,3001,1383,3009,72
204,79037,1390,3001,1400,3008,70
204,78897,1409,3002,1416,3009,49
204,79097,1462,3005,1468,3011,36
204,79098,1485,3006,1494,3014,72
204,79102,1497,3010,1504,3015,35
204,79103,1508,3006,1516,3011,40
204,79105,1529,3003,1536,3012,63
204,79108,1559,3009,1567,3015,48
204,79110,1577,3007,1584,3015,56
204,79111,1586,3007,1594,3014,56
204,79115,1595,3007,1602,3013,42
204,79116,1604,3007,1611,3015,56
204,79122,1618,3012,1626,3017,40
204,79132,1623,3005,1628,3013,40
204,79128,1648,3008,1654,3015,42
204,79134,1668,3007,1677,3015,72
204,79135,1681,3004,1689,3010,48
204,79136,1727,3012,1735,3020,64
204,79139,1703,3004,1711,3012,64
205,78911,1630,3273,1649,3281,152
205,78896,1307,2995,1314,3005,70
205,78899,1428,3003,1438,3009,60
205,78971,1351,3000,1359,3008,64
205,78969,1325,2997,1332,3004,49
205,79045,1369,2999,1376,3005,42
205,79037,1383,2999,1392,3007,72
205,78897,1401,3000,1410,3008,72
205,79097,1455,3004,1464,3012,72
205,79098,1477,3007,1487,3014,70
205,79102,1491,3010,1498,3016,42
205,79103,1502,3004,1509,3010,42
205,79105,1523,3006,1530,3012,42
205,79108,1553,3008,1561,3014,48
205,79110,1571,3007,1577,3014,42
205,79111,1581,3007,1587,3015,48
205,79115,1589,3007,1596,3013,42
205,79116,1598,3006,1606,3012,48
205,79122,1613,3012,1620,3017,35
205,79132,1617,3006,1621,3013,28
205,79128,1642,3010,1649,3017,49
205,79134,1665,3009,1670,3016,35
205,79135,1673,3004,1680,3012,56
205,79136,1722,3011,1729,3017,42
205,79139,1697,3002,1705,3012,80
206,78911,1633,3272,1646,3281,117
206,78896,1300,2996,1306,3001,30
206,78899,1422,3001,1430,3009,64
206,78971,1345,3000,1352,3008,56
206,78969,1318,2995,1327,3003,72
206,79045,1363,2998,1370,3005,49
206,79037,1378,2999,1387,3008,81
206,78897,1398,3001,1405,3008,49
206,79097,1450,2999,1456,3009,60
206,79098,1471,3007,1480,3014,63
206,79102,1486,3008,1492,3015,42
206,79103,1495,3004,1504,3009,45
206,79105,1515,3007,1523,3013,48
206,79108,1547,3003,1555,3012,72
206,79110,1564,3008,1570,3015,42
206,79111,1574,3007,1580,3014,42
206,79115,1582,3007,1589,3013,42
206,79116,1589,3003,1599,3011,80
206,79132,1610,3006,1615,3012,30
206,79128,1634,3007,1644,3015,80
206,79134,1657,3008,1666,3017,81
206,79135,1669,3003,1677,3009,48
206,79136,1715,3008,1722,3018,70
206,79139,1689,3004,1698,3011,63
207,78911,1635,3268,1650,3276,120
207,78896,1294,2997,1300,3002,30
207,78899,1414,3000,1424,3010,100
207,78971,1338,2998,1346,3004,48
207,78969,1312,2995,1320,3002,56
207,79045,1355,2998,1362,3007,63
207,79037,1370,3000,1379,3008,72
207,78897,1390,2998,1397,3007,63
207,79097,1443,3002,1451,3009,56
207,79098,1465,3007,1474,3013,54
207,79102,1478,3007,1485,3012,35
207,79103,1489,3004,1497,3011,56
207,79105,1510,3004,1517,3009,35
207,79108,1541,3006,1549,3012,48
207,79110,1559,3007,1564,3015,40
207,79111,1568,3007,1574,3013,36
207,79116,1584,3005,1593,3011,54
207,79115,1577,3007,1583,3013,36
207,79122,1600,3011,1606,3018,42
207,79132,1602,3005,1609,3012,49
207,79128,1629,3006,1635,3013,42
207,79134,1651,3010,1660,3018,72
207,79135,1662,2999,1670,3010,88
207,79139,1683,3004,1693,3012,80
208,78911,1636,3265,1650,3276,154
208,78896,1288,2995,1295,3003,56
208,78899,1407,3000,1420,3009,117
208,78971,1333,2997,1340,3003,42
208,78969,1306,2994,1314,3002,64
208,79045,1349,2998,1357,3005,56
208,79037,1365,2999,1374,3007,72
208,79097,1436,3003,1444,3010,56
208,79098,1460,3003,1468,3011,64
208,79102,1474,3007,1480,3012,30
208,79103,1484,3003,1491,3010,49
208,79105,1503,3002,1511,3009,56
208,79108,1536,3006,1542,3014,48
208,79110,1553,3004,1559,3013,54
208,79111,1562,3005,1568,3013,48
208,79116,1578,3005,1586,3013,64
208,79115,1570,3003,1577,3012,63
208,79122,1593,3011,1601,3016,40
208,79132,1595,3003,1605,3010,70
208,79128,1622,3008,1629,3012,28
208,79134,1643,3007,1653,3014,70
208,79135,1654,3002,1663,3008,54
208,79136,1702,3011,1708,3017,36
208,79139,1676,3002,1686,3010,80
209,78911,1631,3266,1651,3275,180
209,78896,1281,2994,1287,3002,48
209,78899,1402,2999,1414,3007,96
209,78971,1327,2998,1332,3004,30
209,78969,1297,2993,1307,3001,80
209,79045,1343,2996,1351,3004,64
209,79037,1358,2997,1368,3006,90
209,78897,1375,2999,1384,3008,81
209,79097,1431,3003,1441,3008,50
209,79098,1454,3005,1462,3011,48
209,79102,1467,3007,1472,3013,30
209,79103,1479,2999,1485,3007,48
209,79105,1496,3004,1505,3009,45
209,79108,1530,3007,1537,3012,35
209,79110,1546,3006,1552,3013,42
209,79111,1556,3003,1563,3011,56
209,79115,1565,3006,1572,3012,42
209,79116,1572,3005,1581,3012,63
209,79122,1588,3009,1593,3015,30
209,79132,1590,3004,1597,3012,56
209,79128,1615,3008,1622,3016,56
209,79134,1637,3008,1645,3014,48
209,79135,1647,3003,1657,3009,60
209,79136,1695,3011,1702,3016,35
209,79139,1670,3003,1681,3009,66
210,78911,1635,3266,1650,3280,210
210,78896,1275,2994,1281,3001,42
210,78899,1395,2999,1405,3008,90
210,78971,1319,2998,1327,3005,56
210,78969,1293,2993,1302,3000,63
210,79045,1336,2995,1344,3003,64
210,79037,1351,2997,1360,3007,90
210,78897,1372,2998,1380,3006,64
210,79097,1422,2998,1433,3007,99
210,79098,1445,3006,1457,3013,84
210,79102,1461,3007,1467,3011,24
210,79103,1471,3000,1480,3007,63
210,79105,1490,3003,1498,3009,48
210,79108,1523,3002,1531,3010,64
210,79110,1540,3007,1546,3014,42
210,79111,1550,3006,1556,3012,36
210,79115,1558,3007,1565,3012,35
210,79116,1566,3005,1575,3013,72
210,79132,1583,3005,1590,3010,35
210,79128,1611,3006,1617,3012,36
210,79134,1632,3010,1639,3017,49
210,79135,1642,3002,1649,3008,42
210,79136,1686,3007,1696,3017,100
210,79139,1663,3002,1672,3009,63
211,78911,1636,3262,1648,3273,132
211,78896,1268,2994,1275,3002,56
211,78899,1389,2998,1398,3007,81
211,78969,1286,2992,1294,2999,56
211,78971,1312,2995,1321,3002,63
211,79045,1329,2995,1338,3003,72
211,79037,1346,2997,1355,3006,81
211,78897,1367,2996,1372,3005,45
211,79097,1418,3000,1425,3006,42
211,79098,1439,3005,1450,3010,55
211,79102,1455,3003,1460,3009,30
211,79103,1466,3002,1473,3008,42
211,79105,1486,3002,1493,3008,42
211,79108,1516,3003,1525,3009,54
211,79110,1536,3006,1540,3011,20
211,79111,1544,3006,1550,3012,36
211,79115,1552,3005,1559,3011,42
211,79116,1560,3003,1568,3012,72
211,79122,1574,3011,1581,3017,42
211,79132,1575,3001,1583,3008,56
211,79128,1603,3003,1609,3011,48
211,79134,1623,3008,1631,3014,48
211,79135,1635,2998,1643,3008,80
211,79136,1680,3009,1688,3014,40
211,79139,1656,3002,1667,3009,77
212,78911,1641,3259,1653,3269,120
212,78896,1261,2994,1268,3000,42
212,78899,1383,2997,1392,3005,72
212,78969,1282,2994,1289,3000,42
212,78971,1306,2994,1316,3002,80
212,79045,1323,2995,1332,3003,72
212,79037,1340,2997,1348,3004,56
212,78897,1357,2996,1365,3005,72
212,79097,1411,2999,1418,3006,49
212,79098,1433,3000,1445,3010,120
212,79102,1449,3005,1456,3008,21
212,79103,1460,3001,1468,3008,56
212,79105,1481,2999,1486,3006,35
212,79108,1510,3003,1518,3011,64
212,79110,1527,3000,1535,3011,88
212,79111,1538,3003,1545,3011,56
212,79116,1556,3005,1561,3012,35
212,79115,1546,3003,1553,3011,56
212,79122,1568,3008,1575,3014,42
212,79132,1569,2999,1576,3007,56
212,79128,1595,3006,1604,3012,54
212,79134,1616,3004,1624,3012,64
212,79135,1629,3000,1637,3008,64
212,79136,1674,3010,1680,3016,36
212,79139,1649,2999,1660,3009,110
213,78911,1635,3258,1653,3269,198
213,78896,1255,2991,1261,3000,54
213,78897,1351,2996,1360,3004,72
213,78899,1378,2995,1386,3005,80
213,78971,1297,2994,1309,3002,96
213,78969,1273,2993,1282,3000,63
213,79045,1318,2993,1326,3001,64
213,79037,1333,2995,1341,3002,56
213,79097,1407,2996,1413,3005,54
213,79098,1428,3001,1438,3009,80
213,79102,1442,3004,1450,3010,48
213,79103,1454,2999,1460,3005,36
213,79105,1474,3000,1480,3008,48
213,79108,1505,3002,1514,3008,54
213,79110,1522,3002,1529,3012,70
213,79111,1530,3000,1538,3010,80
213,79115,1540,3004,1547,3010,42
213,79116,1548,3002,1556,3011,72
213,79122,1563,3008,1567,3014,24
213,79132,1564,3002,1570,3010,48
213,79128,1591,3004,1596,3012,40
213,79134,1611,3008,1619,3014,48
213,79135,1621,3000,1629,3009,72
213,79136,1668,3007,1676,3016,72
213,79139,1644,2999,1653,3007,72
214,78911,1639,3262,1657,3272,180
214,78896,1248,2992,1255,3000,56
214,78899,1371,2995,1378,3004,63
214,78971,1293,2994,1303,3001,70
214,78969,1269,2991,1277,2998,56
214,79045,1310,2993,1319,2999,54
214,79037,1326,2994,1336,3003,90
214,78897,1345,2994,1353,3003,72
214,79097,1399,2997,1405,3003,36
214,79098,1421,3003,1430,3012,81
214,79102,1437,3003,1443,3007,24
214,79103,1447,3001,1456,3008,63
214,79105,1466,3000,1474,3008,64
214,79108,1500,2999,1505,3008,45
214,79110,1514,3003,1521,3012,63
214,79111,1527,3003,1532,3011,40
214,79115,1535,3003,1541,3012,54
214,79116,1542,3001,1549,3010,63
214,79122,1554,3008,1561,3013,35
214,79132,1558,3002,1564,3008,36
214,79128,1582,3002,1589,3008,42
214,79134,1605,3008,1612,3015,49
214,79135,1615,3000,1624,3008,72
214,79136,1662,3005,1669,3013,56
214,79139,1637,2999,1649,3008,108
215,78911,1638,3255,1652,3271,224
215,78896,1238,2992,1249,3000,88
215,78897,1338,2992,1349,3001,99
215,78899,1364,2993,1374,3005,120
215,78971,1286,2990,1297,3000,110
215,78969,1260,2988,1269,2998,90
215,79045,1303,2994,1312,3001,63
215,79037,1318,2995,1330,3004,108
215,79097,1391,2997,1400,3004,63
215,79098,1415,2999,1426,3008,99
215,79102,1431,3000,1436,3006,30
215,79105,1461,3000,1468,3004,28
215,79103,1439,3001,1448,3008,63
215,79108,1491,3002,1502,3008,66
215,79110,1510,3002,1517,3009,49
215,79111,1520,3004,1526,3012,48
215,79115,1527,3003,1536,3011,72
215,79116,1535,3002,1544,3010,72
215,79122,1547,3007,1556,3016,81
215,79132,1551,2998,1558,3005,49
215,79128,1575,3001,1584,3009,72
215,79134,1597,3005,1606,3011,54
215,79135,1609,2996,1618,3005,81
215,79136,1655,3006,1663,3013,56
215,79139,1629,2998,1641,3008,120
216,78911,1640,3254,1655,3265,165
216,78896,1233,2992,1243,3000,80
216,78899,1358,2993,1367,3001,72
216,78971,1279,2990,1289,3000,100
216,78969,1254,2990,1263,2999,81
216,79045,1298,2995,1306,3001,48
216,79037,1312,2993,1325,3001,104
216,78897,1333,2993,1340,3002,63
216,79097,1387,2996,1394,3000,28
216,79098,1409,2999,1420,3007,88
216,79103,1434,2999,1442,3008,72
216,79105,1455,2997,1462,3004,49
216,79108,1487,3002,1494,3009,49
216,79110,1503,3002,1510,3007,35
216,79111,1514,3002,1521,3009,49
216,79115,1523,3002,1528,3008,30
216,79116,1530,3002,1538,3014,96
216,79122,1542,3006,1549,3013,49
216,79132,1543,2998,1551,3004,48
216,79128,1567,3002,1576,3009,63
216,79134,1590,3004,1599,3011,63
216,79135,1602,2996,1613,3005,99
216,79136,1649,3007,1657,3013,48
216,79139,1624,2997,1635,3006,99
217,78911,1639,3251,1656,3263,204
217,78896,1229,2991,1236,2998,49
217,78897,1326,2993,1333,3001,56
217,78899,1351,2993,1361,3001,80
217,78971,1274,2991,1281,3001,70
217,78969,1247,2990,1258,2999,99
217,79045,1293,2992,1300,2999,49
217,79037,1306,2992,1317,3000,88
217,79097,1379,2992,1389,3000,80
217,79098,1404,2999,1413,3008,81
217,79102,1418,3001,1424,3009,48
217,79103,1428,2999,1437,3005,54
217,79108,1480,2999,1489,3007,72
217,79110,1497,3003,1504,3009,42
217,79111,1507,3001,1514,3007,42
217,79115,1516,3002,1524,3008,48
217,79116,1523,3004,1531,3011,56
217,79122,1536,3004,1544,3012,64
217,79132,1538,2999,1545,3005,42
217,79128,1562,3002,1571,3008,54
217,79134,1584,3006,1594,3012,60
217,79135,1595,2997,1605,3006,90
217,79136,1642,3006,1649,3013,49
217,79139,1619,2998,1628,3006,72
218,78911,1640,3254,1657,3261,119
218,78896,1222,2991,1229,2997,42
218,78897,1320,2993,1328,3001,64
218,78899,1344,2991,1353,3002,99
218,78971,1268,2992,1277,3000,72
218,78969,1240,2990,1249,2998,72
218,79045,1285,2990,1294,2998,72
218,79037,1299,2991,1312,3000,117
218,79098,1395,2998,1408,3006,104
218,79102,1411,2999,1420,3005,54
218,79103,1422,2999,1429,3005,42
218,79105,1443,2999,1448,3005,30
218,79108,1474,2999,1482,3006,56
218,79110,1489,3002,1498,3009,63
218,79111,1502,3002,1507,3009,35
218,79115,1511,3004,1517,3012,48
218,79116,1517,2999,1525,3007,64
218,79122,1527,3007,1537,3014,70
218,79132,1532,2998,1538,3006,48
218,79128,1558,2999,1565,3006,49
218,79134,1579,3004,1588,3012,72
218,79135,1590,2998,1599,3006,72
218,79136,1636,3004,1642,3011,42
218,79139,1611,2998,1621,3004,60
219,78911,1640,3251,1654,3265,196
219,78896,1215,2991,1222,2998,49
219,78899,1339,2992,1349,2999,70
219,78971,1262,2990,1270,2998,64
219,78969,1234,2988,1243,2996,72
219,79045,1278,2993,1285,2997,28
219,79037,1293,2991,1305,3000,108
219,78897,1315,2990,1321,3000,60
219,79097,1367,2994,1376,3000,54
219,79098,1391,2995,1402,3004,99
219,79102,1407,2996,1413,3004,48
219,79103,1417,2999,1425,3005,48
219,79105,1439,2996,1444,3002,30
219,79110,1486,2999,1492,3006,42
219,79111,1494,3001,1501,3009,56
219,79115,1503,3003,1511,3010,56
219,79116,1511,3001,1519,3008,56
219,79122,1522,3007,1531,3014,63
219,79132,1526,2992,1533,3004,84
219,79128,1551,2998,1557,3006,48
219,79134,1574,3003,1581,3009,42
219,79135,1584,2997,1592,3003,48
219,79136,1629,3003,1637,3011,64
219,79139,1604,2997,1615,3007,110
220,78911,1638,3250,1657,3257,133
220,78896,1209,2992,1219,2996,40
220,78899,1334,2990,1344,2998,80
220,78971,1254,2987,1265,2997,110
220,78969,1228,2989,1238,2998,90
220,79045,1272,2991,1280,3000,72
220,79037,1286,2991,1300,3000,126
220,79097,1361,2992,1370,2998,54
220,79098,1386,2995,1397,3004,99
220,79102,1401,2999,1407,3004,30
220,79103,1411,2997,1419,3004,56
220,79105,1432,2995,1437,3001,30
220,79108,1462,2999,1468,3007,48
220,79110,1478,3000,1487,3007,63
220,79111,1490,3000,1496,3008,48
220,79115,1499,3001,1505,3008,42
220,79116,1506,3002,1512,3010,48
220,79122,1518,3006,1524,3012,36
220,79132,1518,2994,1526,3003,72
220,79128,1544,2999,1552,3008,72
220,79134,1565,3002,1573,3008,48
220,79135,1577,2994,1584,3003,63
220,79136,1622,3005,1632,3011,60
220,79139,1600,2998,1609,3006,72
221,78911,1642,3243,1657,3256,195
221,78896,1203,2989,1210,2995,42
221,78897,1302,2992,1308,2999,42
221,78899,1328,2990,1335,2997,49
221,78971,1248,2990,1257,2996,54
221,78969,1221,2988,1231,2997,90
221,79045,1266,2991,1275,2999,72
221,79037,1279,2990,1293,2999,126
221,79097,1354,2991,1362,2997,48
221,79098,1378,2995,1390,3004,108
221,79102,1395,2998,1401,3004,36
221,79103,1404,2996,1412,3003,56
221,79105,1425,2997,1432,3002,35
221,79108,1457,2998,1463,3004,36
221,79110,1472,3000,1480,3008,64
221,79111,1482,2998,1489,3006,56
221,79115,1493,3000,1498,3007,35
221,79116,1500,3001,1507,3009,56
221,79122,1510,3003,1517,3011,56
221,79132,1513,2996,1521,3003,56
221,79128,1538,2997,1545,3006,63
221,79134,1559,3003,1566,3010,49
221,79135,1569,2996,1577,3003,56
221,79136,1616,3004,1624,3012,64
221,79139,1593,2993,1603,3004,110
222,78911,1639,3245,1656,3256,187
222,78896,1196,2990,1203,2996,42
222,78899,1321,2991,1330,3000,81
222,78969,1216,2989,1224,2997,64
222,78971,1242,2990,1251,2998,72
222,79045,1262,2988,1269,2996,56
222,79037,1274,2991,1285,3000,99
222,78897,1296,2991,1302,2997,36
222,79097,1347,2991,1357,2998,70
222,79098,1374,2992,1384,3001,90
222,79102,1390,2997,1396,3002,30
222,79103,1398,2999,1405,3004,35
222,79105,1418,2996,1426,3003,56
222,79108,1451,2997,1458,3004,49
222,79110,1467,2999,1473,3006,42
222,79111,1476,3001,1484,3008,56
222,79115,1486,3002,1492,3012,60
222,79116,1494,2998,1502,3008,80
222,79132,1507,2995,1512,3003,40
222,79128,1532,2996,1539,3005,63
222,79134,1552,3002,1560,3009,56
222,79135,1563,2996,1572,3003,63
222,79136,1609,3002,1616,3010,56
222,79139,1587,2997,1594,3004,49
223,78911,1641,3245,1658,3256,187
223,78896,1189,2991,1195,2996,30
223,78899,1317,2990,1325,3000,80
223,78969,1210,2987,1217,2994,49
223,78971,1235,2989,1244,2995,54
223,79045,1253,2990,1261,2996,48
223,79037,1267,2991,1280,2998,91
223,78897,1289,2989,1297,2997,64
223,79097,1343,2991,1352,2998,63
223,79098,1366,2990,1377,2999,99
223,79102,1383,2996,1389,3001,30
223,79103,1393,2997,1401,3004,56
223,79105,1414,2994,1420,3001,42
223,79108,1445,2998,1451,3003,30
223,79110,1460,2996,1467,3004,56
223,79111,1471,3000,1478,3006,42
223,79115,1481,3001,1486,3007,30
223,79116,1487,2999,1492,3008,45
223,79122,1498,3004,1505,3013,63
223,79132,1500,2994,1506,3000,36
223,79128,1525,2995,1532,3003,56
223,79134,1546,2998,1553,3006,56
223,79135,1558,2994,1565,3002,56
223,79136,1602,3001,1610,3007,48
223,79139,1580,2998,1589,3004,54
224,78911,1642,3242,1659,3251,153
224,78896,1184,2990,1190,2995,30
224,78899,1307,2986,1317,2998,120
224,78969,1203,2986,1211,2993,56
224,78971,1230,2986,1237,2993,49
224,79045,1248,2990,1255,2996,42
224,79037,1262,2990,1273,2997,77
224,79097,1334,2988,1344,2996,80
224,79098,1363,2992,1369,2999,42
224,79102,1376,2996,1383,3003,49
224,79103,1387,2996,1393,3001,30
224,79105,1407,2994,1414,3000,42
224,79108,1439,2998,1445,3004,36
224,79111,1466,2999,1472,3005,36
224,79115,1475,2998,1480,3006,40
224,79116,1481,3000,1487,3008,48
224,79122,1492,3003,1498,3010,42
224,79132,1493,2992,1500,3000,56
224,79128,1519,2997,1525,3004,42
224,79134,1540,3000,1547,3008,56
224,79135,1551,2994,1558,3001,49
224,79139,1574,2995,1585,3004,99
225,78911,1647,3238,1660,3247,117
225,78896,1177,2987,1184,2994,49
225,78899,1301,2989,1310,2997,72
225,78969,1196,2987,1204,2994,56
225,78971,1222,2987,1232,2994,70
225,79045,1241,2989,1249,2995,48
225,79037,1254,2990,1261,2997,49
225,78897,1275,2990,1283,2998,64
225,79097,1327,2987,1339,2996,108
225,79098,1353,2993,1363,3000,70
225,79102,1370,2995,1376,3000,30
225,79103,1382,2996,1387,3000,20
225,79105,1400,2995,1406,3002,42
225,79108,1432,2997,1440,3003,48
225,79110,1448,2998,1458,3005,70
225,79115,1467,3001,1474,3007,42
225,79116,1475,3000,1481,3009,54
225,79122,1485,3002,1493,3009,56
225,79132,1485,2994,1493,3000,48
225,79128,1514,2996,1519,3001,25
225,79134,1534,3002,1541,3009,49
225,79135,1546,2996,1552,3001,30
225,79136,1589,3003,1597,3009,48
225,79139,1568,2995,1577,3003,72
226,78911,1645,3232,1660,3245,195
226,78896,1171,2988,1177,2994,36
226,78899,1294,2988,1303,2997,81
226,78969,1191,2988,1198,2994,42
226,78971,1215,2987,1226,2997,110
226,79045,1234,2986,1242,2994,64
226,79037,1247,2987,1260,2996,117
226,78897,1269,2989,1275,2995,36
226,79097,1321,2989,1332,2997,88
226,79098,1349,2992,1357,3000,64
226,79102,1365,2992,1372,3000,56
226,79103,1374,2996,1381,3002,42
226,79105,1395,2995,1401,3001,36
226,79108,1425,2995,1434,3001,54
226,79110,1443,2996,1450,3003,49
226,79111,1452,3000,1461,3007,63
226,79115,1463,3002,1468,3008,30
226,79116,1470,2998,1476,3005,42
226,79122,1480,3004,1486,3009,30
226,79132,1482,2993,1487,2999,30
226,79128,1506,2993,1512,3000,42
226,79134,1529,2999,1533,3009,40
226,79135,1539,2995,1546,3001,42
226,79136,1583,3001,1591,3008,56
226,79139,1562,2996,1571,3002,54
227,78911,1644,3234,1661,3242,136
227,78896,1163,2990,1170,2995,35
227,78899,1289,2987,1299,2997,100
227,78971,1209,2985,1219,2993,80
227,78969,1182,2986,1193,2993,77
227,79045,1226,2987,1238,2994,84
227,79037,1243,2988,1255,2995,84
227,78897,1264,2987,1270,2995,48
227,79097,1316,2988,1326,2996,80
227,79098,1343,2990,1352,2998,72
227,79103,1370,2995,1378,3000,40
227,79105,1389,2992,1395,3000,48
227,79108,1418,2995,1427,3000,45
227,79110,1437,2995,1444,3002,49
227,79111,1446,2998,1454,3005,56
227,79115,1455,2999,1462,3005,42
227,79116,1463,2997,1469,3006,54
227,79122,1472,3003,1479,3011,56
227,79132,1475,2990,1481,2997,42
227,79128,1500,2994,1506,3000,36
227,79134,1522,2996,1527,3004,40
227,79135,1533,2994,1539,3000,36
227,79136,1577,2998,1583,3006,48
227,79139,1554,2995,1563,3003,72
228,78911,1646,3233,1660,3245,168
228,78896,1157,2988,1164,2996,56
228,78899,1282,2987,1291,2996,81
228,78971,1204,2983,1212,2992,72
228,78969,1177,2986,1186,2993,63
228,79045,1222,2988,1231,2996,72
228,79037,1235,2988,1248,2996,104
228,78897,1255,2988,1264,2995,63
228,79097,1310,2986,1318,2993,56
228,79098,1336,2991,1345,2996,45
228,79102,1352,2995,1360,3000,40
228,79103,1362,2991,1369,2999,56
228,79105,1382,2993,1388,2998,30
228,79108,1411,2996,1421,3003,70
228,79110,1430,2997,1439,3003,54
228,79111,1441,2997,1448,3004,49
228,79115,1449,2999,1457,3005,48
228,79116,1457,2999,1462,3006,35
228,79122,1465,3003,1473,3009,48
228,79132,1469,2990,1476,2997,49
228,79128,1491,2994,1500,3000,54
228,79134,1514,2999,1522,3006,56
228,79135,1526,2993,1534,3000,56
228,79136,1571,3000,1578,3006,42
228,79139,1550,2994,1557,3001,49
229,78911,1647,3230,1660,3240,130
229,78896,1151,2987,1157,2993,36
229,78897,1250,2988,1260,2997,90
229,78899,1277,2986,1284,2995,63
229,78971,1198,2984,1206,2992,64
229,78969,1172,2987,1178,2994,42
229,79045,1216,2986,1224,2994,64
229,79037,1227,2986,1241,2995,126
229,79097,1303,2986,1312,2993,63
229,79098,1330,2991,1340,2997,60
229,79102,1348,2993,1354,2997,24
229,79103,1358,2994,1364,3000,36
229,79105,1376,2994,1384,3000,48
229,79108,1407,2995,1416,3002,63
229,79110,1424,2997,1432,3003,48
229,79111,1435,2998,1442,3005,49
229,79116,1450,3000,1457,3006,42
229,79115,1443,2999,1449,3005,36
229,79122,1460,3000,1467,3007,49
229,79132,1462,2992,1469,2998,42
229,79128,1487,2992,1494,3000,56
229,79134,1509,2999,1515,3006,42
229,79135,1520,2993,1526,3001,48
229,79136,1563,3000,1572,3008,72
229,79139,1543,2991,1551,3000,72
230,78911,1650,3224,1665,3235,165
230,78896,1144,2986,1152,2994,64
230,78897,1244,2987,1251,2993,42
230,78899,1271,2988,1279,2996,64
230,78971,1190,2984,1200,2993,90
230,78969,1165,2988,1173,2994,48
230,79045,1209,2984,1217,2993,72
230,79037,1221,2986,1236,2996,150
230,79097,1297,2986,1305,2993,56
230,79098,1325,2989,1335,2997,80
230,79102,1343,2991,1349,2996,30
230,79103,1351,2994,1358,3001,49
230,79105,1372,2992,1376,2999,28
230,79108,1401,2992,1409,3000,64
230,79110,1418,2994,1426,3002,64
230,79111,1429,2998,1436,3005,49
230,79115,1438,3001,1444,3006,30
230,79116,1443,2998,1451,3004,48
230,79122,1455,3002,1461,3008,36
230,79132,1457,2989,1464,2996,49
230,79128,1481,2990,1488,2997,49
230,79134,1502,2998,1509,3004,42
230,79135,1513,2993,1520,3001,56
230,79136,1558,2998,1568,3007,90
230,79139,1536,2994,1544,3000,48
231,78911,1648,3222,1665,3232,170
231,78896,1138,2988,1146,2994,48
231,78897,1238,2986,1247,2993,63
231,78899,1265,2988,1273,2994,48
231,78971,1186,2984,1194,2992,64
231,78969,1160,2987,1166,2993,36
231,79045,1204,2985,1210,2993,48
231,79037,1215,2987,1229,2994,98
231,79097,1291,2987,1299,2992,40
231,79098,1319,2987,1328,2996,81
231,79102,1334,2991,1342,2997,48
231,79103,1345,2990,1353,2996,48
231,79105,1363,2990,1372,2997,63
231,79110,1412,2994,1420,3001,56
231,79111,1423,2997,1430,3003,42
231,79116,1439,2997,1444,3004,35
231,79115,1433,2999,1439,3005,36
231,79122,1446,3001,1455,3008,63
231,79132,1450,2988,1458,2995,56
231,79128,1474,2991,1482,2997,48
231,79134,1494,2995,1503,3004,81
231,79135,1506,2991,1514,3000,72
231,79136,1551,2999,1558,3004,35
231,79139,1530,2994,1538,3000,48
232,78911,1647,3225,1668,3233,168
232,78896,1131,2989,1137,2994,30
232,78899,1258,2984,1267,2994,90
232,78969,1152,2987,1160,2993,48
232,78971,1179,2982,1188,2991,81
232,79045,1197,2987,1205,2994,56
232,79037,1210,2986,1223,2994,104
232,78897,1230,2987,1239,2992,45
232,79097,1287,2984,1293,2992,48
232,79098,1310,2987,1320,2995,80
232,79102,1329,2992,1336,2997,35
232,79103,1340,2991,1347,2996,35
232,79108,1391,2994,1397,3000,36
232,79110,1406,2995,1413,3002,49
232,79111,1416,2997,1423,3002,35
232,79105,1359,2991,1365,2997,36
232,79116,1433,2997,1440,3004,49
232,79115,1427,2997,1432,3005,40
232,79122,1442,3000,1450,3007,56
232,79132,1445,2990,1453,2996,48
232,79128,1468,2991,1476,2997,48
232,79134,1489,2995,1496,3004,63
232,79135,1501,2988,1508,2998,70
232,79136,1546,3000,1552,3005,30
232,79139,1523,2994,1532,3000,54
233,78911,1649,3222,1664,3232,150
233,78896,1125,2987,1131,2993,36
233,78897,1225,2987,1233,2996,72
233,78899,1249,2985,1261,2994,108
233,78971,1175,2986,1180,2991,25
233,78969,1146,2987,1154,2993,48
233,79045,1191,2987,1199,2992,40
233,79037,1203,2986,1217,2992,84
233,79097,1279,2984,1287,2991,56
233,79098,1305,2987,1315,2995,80
233,79102,1323,2990,1330,2995,35
233,79103,1333,2992,1342,2999,63
233,79105,1351,2993,1359,3000,56
233,79108,1383,2992,1393,2999,70
233,79110,1400,2993,1408,3001,64
233,79111,1409,2996,1417,3003,56
233,79116,1426,2997,1433,3005,56
233,79115,1419,2998,1426,3004,42
233,79122,1434,2996,1443,3006,90
233,79132,1438,2990,1445,2997,49
233,79128,1461,2991,1470,2997,54
233,79134,1482,2996,1490,3002,48
233,79135,1494,2990,1501,2997,49
233,79136,1538,2999,1546,3005,48
233,79139,1517,2991,1525,2999,64
234,78911,1652,3218,1666,3225,98
234,78896,1119,2987,1127,2994,56
234,78897,1220,2986,1226,2993,42
234,78899,1244,2987,1254,2994,70
234,78969,1139,2987,1148,2995,72
234,78971,1166,2986,1174,2992,48
234,79045,1184,2983,1192,2991,64
234,79037,1196,2986,1211,2994,120
234,79097,1273,2986,1280,2991,35
234,79098,1300,2986,1310,2992,60
234,79102,1317,2989,1324,2995,42
234,79103,1327,2991,1337,2999,80
234,79105,1348,2990,1353,2998,40
234,79108,1377,2991,1386,2997,54
234,79110,1393,2991,1401,2999,64
234,79111,1404,2997,1412,3003,48
234,79115,1414,2999,1421,3004,35
234,79116,1421,2996,1428,3003,49
234,79132,1432,2987,1439,2993,42
234,79128,1456,2988,1465,2994,54
234,79134,1477,2994,1484,3000,42
234,79135,1489,2991,1496,3000,63
234,79136,1534,2996,1540,3004,48
234,79139,1510,2991,1519,3000,81
235,78911,1658,3215,1669,3223,88
235,78896,1111,2987,1119,2993,48
235,78897,1214,2983,1221,2993,70
235,78899,1237,2986,1248,2992,66
235,78969,1133,2986,1141,2993,56
235,78971,1160,2983,1169,2991,72
235,79045,1177,2985,1185,2992,56
235,79037,1191,2986,1204,2992,78
235,79097,1266,2985,1274,2992,56
235,79098,1292,2982,1305,2993,143
235,79102,1310,2991,1317,2996,35
235,79103,1322,2988,1331,2996,72
235,79105,1341,2988,1347,2996,48
235,79108,1372,2991,1380,2999,64
235,79110,1387,2991,1393,2998,42
235,79111,1398,2994,1404,3000,36
235,79116,1414,2994,1420,3001,42
235,79115,1409,2997,1415,3003,36
235,79122,1422,2999,1429,3005,42
235,79132,1424,2986,1433,2994,72
235,79128,1449,2988,1457,2993,40
235,79134,1469,2992,1477,2999,56
235,79135,1482,2990,1489,2997,49
235,79136,1526,2994,1534,3004,80
235,79139,1503,2992,1512,2999,63
236,78911,1651,3211,1670,3222,209
236,78896,1104,2988,1113,2996,72
236,78897,1207,2985,1213,2992,42
236,78899,1232,2984,1242,2990,60
236,78971,1154,2982,1162,2990,64
236,78969,1126,2985,1137,2993,88
236,79045,1171,2986,1179,2992,48
236,79037,1183,2984,1198,2992,120
236,79097,1260,2984,1268,2990,48
236,79102,1305,2990,1311,2995,30
236,79103,1316,2990,1325,2995,45
236,79105,1336,2991,1340,2997,24
236,79108,1366,2992,1373,2999,49
236,79110,1382,2993,1388,3001,48
236,79111,1393,2993,1399,3000,42
236,79116,1409,2995,1416,3003,56
236,79115,1402,2996,1409,3002,42
236,79122,1417,2998,1425,3005,56
236,79132,1420,2987,1426,2994,42
236,79128,1443,2988,1451,2994,48
236,79134,1463,2994,1472,3001,63
236,79135,1475,2986,1483,2995,72
236,79136,1521,2998,1528,3004,42
236,79139,1497,2991,1506,2997,54
237,78911,1655,3214,1669,3222,112
237,78896,1099,2986,1106,2993,49
237,78897,1200,2986,1206,2993,42
237,78971,1146,2982,1153,2990,56
237,78969,1118,2986,1129,2993,77
237,79045,1166,2987,1173,2992,35
237,79037,1177,2984,1192,2992,120
237,78899,1224,2982,1237,2991,117
237,79097,1254,2983,1262,2990,56
237,79098,1282,2986,1289,2993,49
237,79102,1298,2987,1306,2992,40
237,79103,1309,2990,1317,2996,48
237,79105,1327,2992,1334,2997,35
237,79108,1359,2991,1367,2997,48
237,79110,1376,2992,1384,3000,64
237,79111,1386,2994,1391,3002,40
237,79115,1396,2997,1402,3003,36
237,79116,1402,2996,1409,3003,49
237,79122,1411,2995,1417,3003,48
237,79132,1414,2988,1420,2995,42
237,79128,1439,2988,1445,2994,36
237,79134,1458,2992,1465,2999,49
237,79135,1470,2990,1477,2995,35
237,79136,1513,2997,1521,3005,64
237,79139,1492,2989,1500,2997,64
238,78911,1654,3211,1668,3221,140
238,78896,1093,2986,1099,2993,42
238,78899,1221,2984,1229,2992,64
238,78969,1112,2987,1122,2995,80
238,78971,1139,2983,1149,2992,90
238,79045,1160,2984,1167,2990,42
238,79037,1170,2984,1185,2992,120
238,78897,1195,2985,1200,2992,35
238,79097,1246,2983,1254,2989,48
238,79098,1277,2983,1283,2991,48
238,79102,1295,2987,1300,2992,25
238,79103,1303,2988,1312,2994,54
238,79105,1321,2988,1328,2995,49
238,79108,1355,2991,1363,2997,48
238,79110,1370,2991,1378,2997,48
238,79111,1379,2994,1387,3001,56
238,79115,1389,2997,1397,3004,56
238,79116,1397,2993,1403,3000,42
238,79132,1407,2986,1414,2992,42
238,79128,1433,2986,1439,2992,36
238,79134,1452,2992,1457,2997,25
238,79135,1462,2989,1470,2996,56
238,79136,1508,2995,1515,3000,35
238,79139,1486,2990,1494,2997,56
239,78911,1657,3208,1671,3216,112
239,78896,1087,2988,1093,2993,30
239,78899,1214,2983,1224,2993,100
239,78969,1106,2985,1116,2992,70
239,78971,1134,2982,1144,2992,100
239,79045,1153,2984,1160,2991,49
239,79037,1162,2984,1179,2992,136
239,78897,1188,2984,1194,2991,42
239,79097,1241,2983,1248,2990,49
239,79098,1269,2982,1278,2991,81
239,79102,1286,2988,1293,2995,49
239,79103,1298,2986,1306,2992,48
239,79105,1314,2988,1322,2994,48
239,79108,1346,2990,1355,2997,63
239,79110,1365,2990,1372,2998,56
239,79111,1374,2993,1379,2998,25
239,79115,1383,2995,1391,3002,56
239,79116,1390,2993,1397,3000,49
239,79122,1399,2995,1406,3006,77
239,79132,1400,2982,1409,2992,90
239,79128,1426,2983,1433,2992,63
239,79134,1444,2991,1452,2997,48
239,79135,1457,2987,1463,2993,36
239,79136,1501,2992,1509,3003,88
239,79139,1478,2989,1488,2997,80
240,78911,1659,3202,1672,3213,143
240,78896,1079,2987,1086,2995,56
240,78899,1207,2983,1217,2992,90
240,78971,1127,2981,1137,2990,90
240,78969,1101,2986,1109,2993,56
240,79045,1146,2985,1152,2992,42
240,79037,1158,2984,1172,2992,112
240,78897,1182,2983,1189,2992,63
240,79097,1234,2982,1242,2988,48
240,79098,1263,2983,1273,2991,80
240,79102,1283,2987,1289,2992,30
240,79103,1293,2987,1300,2992,35
240,79105,1310,2991,1316,2996,30
240,79108,1340,2989,1349,2995,54
240,79110,1358,2991,1365,3001,70
240,79111,1367,2993,1373,2999,36
240,79115,1377,2995,1385,3002,56
240,79116,1385,2994,1392,3001,49
240,79122,1394,2996,1401,3003,49
240,79132,1396,2985,1402,2993,48
240,79128,1419,2985,1427,2992,56
240,79134,1438,2991,1445,2997,42
240,79135,1450,2982,1459,2993,99
240,79139,1473,2989,1481,2995,48
241,78911,1654,3202,1674,3212,200
241,78896,1073,2987,1080,2993,42
241,78899,1202,2982,1212,2991,90
241,78971,1120,2982,1130,2989,70
241,78969,1094,2988,1102,2993,40
241,79045,1140,2986,1147,2992,42
241,79037,1152,2984,1166,2991,98
241,78897,1173,2984,1180,2991,49
241,79097,1228,2981,1235,2989,56
241,79098,1256,2983,1266,2993,100
241,79102,1275,2983,1281,2991,48
241,79103,1286,2987,1294,2992,40
241,79105,1304,2988,1311,2995,49
241,79108,1336,2987,1344,2995,64
241,79110,1352,2990,1361,2996,54
241,79111,1361,2994,1368,2999,35
241,79115,1371,2996,1376,3001,25
241,79116,1378,2995,1384,3001,36
241,79122,1387,2994,1394,3001,49
241,79132,1389,2986,1396,2992,42
241,79128,1415,2985,1421,2992,42
241,79134,1432,2991,1439,2996,35
241,79135,1444,2986,1453,2992,54
241,79136,1486,2994,1495,3001,63
241,79139,1464,2987,1475,2994,77
242,78911,1657,3203,1675,3214,198
242,78896,1067,2985,1073,2994,54
242,78899,1196,2982,1205,2991,81
242,78969,1087,2988,1096,2996,72
242,78971,1114,2982,1124,2990,80
242,79045,1134,2984,1142,2991,56
242,79037,1145,2984,1160,2992,120
242,78897,1169,2986,1174,2992,30
242,79097,1221,2982,1229,2988,48
242,79098,1250,2982,1259,2990,72
242,79102,1269,2985,1276,2991,42
242,79103,1281,2985,1288,2991,42
242,79105,1298,2987,1305,2992,35
242,79108,1328,2989,1338,2995,60
242,79110,1346,2988,1354,2996,64
242,79111,1356,2993,1362,2998,30
242,79116,1373,2993,1379,2998,30
242,79115,1365,2995,1372,3002,49
242,79122,1382,2995,1389,3001,42
242,79132,1382,2982,1388,2990,48
242,79128,1409,2983,1414,2991,40
242,79134,1426,2990,1433,2994,28
242,79135,1438,2987,1447,2996,81
242,79136,1480,2992,1490,3000,80
242,79139,1460,2986,1469,2995,81
243,78911,1658,3200,1672,3209,126
243,78896,1061,2988,1066,2993,25
243,78899,1188,2983,1200,2993,120
243,78969,1081,2987,1091,2995,80
243,78971,1109,2981,1118,2990,81
243,79045,1127,2983,1134,2991,56
243,79037,1139,2983,1153,2992,126
243,78897,1162,2984,1170,2991,56
243,79097,1214,2983,1224,2989,60
243,79098,1246,2983,1253,2990,49
243,79102,1262,2986,1269,2993,49
243,79103,1274,2983,1282,2990,56
243,79105,1293,2988,1298,2992,20
243,79108,1322,2990,1332,2996,60
243,79110,1342,2991,1347,2997,30
243,79111,1350,2992,1356,2997,30
243,79116,1366,2991,1373,2998,49
243,79115,1360,2994,1366,3000,36
243,79122,1375,2995,1382,3002,49
243,79132,1375,2982,1383,2989,56
243,79128,1402,2983,1408,2990,42
243,79134,1421,2988,1427,2994,36
243,79135,1432,2985,1440,2995,80
243,79136,1475,2990,1482,2998,56
243,79139,1455,2987,1462,2995,56
244,78911,1661,3194,1675,3205,154
244,78896,1053,2987,1061,2995,64
244,78899,1184,2982,1193,2992,90
244,78969,1075,2986,1084,2995,81
244,78971,1101,2979,1112,2990,121
244,79045,1122,2985,1128,2992,42
244,79037,1131,2981,1148,2992,187
244,78897,1154,2983,1162,2989,48
244,79097,1211,2982,1216,2988,30
244,79098,1237,2981,1248,2989,88
244,79102,1258,2985,1264,2991,36
244,79103,1269,2984,1277,2991,56
244,79105,1286,2988,1292,2994,36
244,79108,1317,2988,1326,2993,45
244,79110,1335,2990,1341,2996,36
244,79111,1343,2991,1348,2997,30
244,79115,1355,2994,1361,3000,36
244,79122,1369,2994,1376,3001,49
244,79132,1370,2982,1378,2990,64
244,79128,1397,2983,1403,2991,48
244,79134,1414,2988,1419,2995,35
244,79135,1426,2981,1433,2992,77
244,79136,1470,2991,1477,2997,42
244,79139,1448,2987,1456,2992,40
245,78896,1047,2986,1054,2993,49
245,78911,1660,3191,1676,3204,208
245,78969,1068,2987,1077,2994,63
245,78971,1098,2981,1105,2989,56
245,79045,1115,2985,1123,2992,56
245,79037,1125,2983,1141,2991,128
245,78899,1174,2982,1184,2989,70
245,79097,1203,2982,1210,2987,35
245,79098,1229,2982,1240,2991,99
245,79102,1252,2983,1257,2989,30
245,79103,1263,2985,1269,2992,42
245,79105,1281,2988,1287,2992,24
245,79108,1311,2986,1321,2992,60
245,79110,1328,2988,1336,2995,56
245,79111,1336,2992,1344,2999,56
245,79115,1348,2995,1354,3001,36
245,79116,1354,2994,1362,3000,48
245,79122,1362,2990,1370,2999,72
245,79132,1363,2982,1373,2990,80
245,79128,1390,2983,1397,2991,56
245,79134,1408,2988,1414,2994,36
245,79136,1461,2991,1468,3001,70
245,79139,1440,2983,1449,2992,81
246,78911,1657,3194,1677,3200,120
246,78896,1039,2984,1047,2993,72
246,78897,1143,2984,1148,2992,40
246,78969,1063,2988,1070,2996,56
246,78971,1090,2982,1097,2990,56
246,79045,1110,2984,1117,2991,49
246,79037,1118,2983,1134,2992,144
246,78899,1166,2982,1178,2990,96
246,79097,1196,2982,1203,2988,42
246,79098,1225,2982,1234,2990,72
246,79102,1246,2983,1251,2990,35
246,79103,1257,2984,1264,2991,49
246,79105,1275,2986,1280,2991,25
246,79108,1304,2987,1315,2994,77
246,79110,1322,2987,1328,2994,42
246,79111,1332,2992,1338,2999,42
246,79115,1342,2994,1348,3000,36
246,79116,1349,2991,1356,2998,49
246,79122,1357,2990,1363,2999,54
246,79132,1358,2982,1365,2988,42
246,79128,1384,2983,1390,2989,36
246,79134,1402,2987,1408,2992,30
246,79135,1415,2983,1421,2990,42
246,79136,1458,2990,1463,2997,35
246,79139,1435,2983,1443,2991,64
247,78911,1661,3192,1675,3202,140
247,78896,1033,2986,1042,2993,63
247,78897,1137,2984,1143,2990,36
247,78969,1054,2987,1063,2993,54
247,78971,1085,2982,1092,2989,49
247,79045,1102,2983,1109,2990,49
247,79037,1111,2982,1128,2992,170
247,78899,1161,2981,1172,2990,99
247,79097,1190,2982,1197,2989,49
247,79098,1218,2979,1229,2989,110
247,79102,1238,2983,1245,2992,63
247,79103,1252,2983,1258,2989,36
247,79105,1268,2986,1275,2991,35
247,79108,1298,2987,1308,2995,80
247,79110,1314,2990,1322,2996,48
247,79111,1326,2991,1331,2996,25
247,79116,1342,2989,1349,2997,56
247,79115,1335,2992,1343,2998,48
247,79122,1351,2989,1357,2999,60
247,79132,1352,2980,1359,2989,63
247,79128,1377,2982,1385,2988,48
247,79134,1395,2985,1401,2991,36
247,79135,1409,2982,1416,2990,56
247,79136,1450,2986,1458,2996,80
247,79139,1428,2984,1439,2992,88
248,78911,1663,3189,1673,3197,80
248,78896,1027,2987,1034,2995,56
248,78897,1131,2982,1137,2990,48
248,78971,1077,2978,1085,2987,72
248,78969,1049,2986,1057,2993,56
248,79045,1097,2985,1103,2991,36
248,79037,1105,2983,1121,2992,144
248,78899,1157,2979,1165,2989,80
248,79097,1184,2981,1192,2987,48
248,79098,1213,2982,1221,2989,56
248,79102,1234,2983,1239,2992,45
248,79103,1246,2982,1253,2989,49
248,79105,1262,2986,1269,2993,49
248,79108,1294,2985,1303,2992,63
248,79110,1310,2987,1318,2996,72
248,79111,1319,2989,1325,2995,36
248,79116,1337,2991,1344,2999,56
248,79115,1330,2991,1337,2999,56
248,79122,1346,2991,1352,3000,54
248,79132,1346,2981,1352,2989,48
248,79128,1370,2983,1378,2988,40
248,79134,1389,2986,1396,2993,49
248,79135,1403,2979,1408,2987,40
248,79136,1445,2989,1452,2996,49
248,79139,1423,2982,1432,2992,90
249,78911,1666,3183,1680,3194,154
249,78896,1022,2985,1027,2993,40
249,78899,1151,2981,1161,2989,80
249,78971,1072,2978,1079,2988,70
249,78969,1041,2987,1052,2994,77
249,79045,1090,2986,1097,2991,35
249,79037,1098,2982,1114,2991,144
249,79097,1178,2979,1184,2988,54
249,79098,1206,2982,1218,2993,132
249,79102,1228,2981,1232,2987,24
249,79103,1239,2984,1247,2992,64
249,79105,1257,2985,1264,2991,42
249,79108,1286,2985,1297,2993,88
249,79110,1304,2986,1311,2992,42
249,79111,1312,2990,1319,2995,35
249,79115,1323,2992,1331,2999,56
249,79116,1330,2991,1337,2999,56
249,79122,1340,2990,1345,2998,40
249,79132,1339,2982,1348,2988,54
249,79128,1365,2983,1372,2988,35
249,79134,1384,2985,1390,2992,42
249,79135,1396,2979,1403,2987,56
249,79136,1438,2989,1445,2996,49
249,79139,1417,2980,1425,2989,72
250,78911,1665,3179,1681,3194,240
250,78896,1015,2985,1021,2992,42
250,78897,1119,2984,1125,2991,42
250,78971,1066,2982,1073,2989,49
250,78969,1035,2987,1043,2994,56
250,79045,1084,2982,1090,2991,54
250,79037,1093,2983,1109,2991,128
250,78899,1143,2981,1153,2990,90
250,79098,1200,2980,1210,2989,90
250,79097,1172,2979,1179,2987,56
250,79102,1220,2980,1226,2987,42
250,79103,1233,2982,1241,2989,56
250,79105,1251,2983,1256,2989,30
250,79108,1279,2986,1290,2993,77
250,79110,1298,2986,1305,2993,49
250,79111,1306,2990,1313,2996,42
250,79115,1318,2992,1325,2998,42
250,79116,1325,2990,1332,2996,42
250,79122,1335,2990,1340,2997,35
250,79132,1334,2978,1340,2986,48
250,79128,1358,2979,1367,2987,72
250,79134,1377,2983,1384,2989,42
250,79135,1391,2979,1397,2987,48
250,79136,1432,2987,1440,2993,48
250,79139,1411,2980,1419,2988,64
251,78896,1009,2988,1013,2992,16
251,78897,1112,2984,1118,2991,42
251,78899,1139,2982,1146,2989,49
251,78911,1659,3182,1680,3190,168
251,78969,1030,2987,1038,2994,56
251,78971,1058,2982,1067,2989,63
251,79045,1078,2983,1084,2991,48
251,79037,1087,2983,1104,2993,170
251,79098,1195,2979,1204,2989,90
251,79097,1165,2980,1172,2989,63
251,79102,1214,2982,1220,2990,48
251,79103,1228,2980,1236,2989,72
251,79105,1245,2983,1250,2990,35
251,79108,1272,2986,1284,2993,84
251,79110,1291,2988,1297,2994,36
251,79111,1300,2988,1307,2992,28
251,79115,1313,2989,1319,2996,42
251,79116,1318,2988,1326,2995,56
251,79122,1327,2991,1334,2997,42
251,79132,1327,2978,1335,2988,80
251,79128,1352,2979,1360,2987,64
251,79134,1369,2983,1377,2989,48
251,79135,1384,2980,1392,2987,56
251,79136,1425,2982,1432,2992,70
251,79139,1405,2981,1414,2987,54
252,78911,1662,3180,1681,3192,228
252,78896,999,2986,1011,2993,84
252,78899,1130,2981,1140,2990,90
252,78969,1025,2986,1032,2993,49
252,78971,1053,2980,1061,2987,56
252,79045,1070,2986,1078,2993,56
252,79037,1082,2982,1097,2991,135
252,78897,1105,2983,1112,2990,49
252,79098,1188,2980,1198,2989,90
252,79097,1158,2980,1166,2988,64
252,79103,1221,2981,1229,2988,56
252,79102,1209,2981,1215,2988,42
252,79105,1238,2984,1243,2991,35
252,79108,1269,2983,1279,2990,70
252,79110,1286,2986,1292,2992,36
252,79111,1295,2987,1302,2993,42
252,79116,1313,2988,1320,2995,49
252,79115,1307,2990,1312,2996,30
252,79122,1321,2991,1329,2997,48
252,79132,1321,2981,1328,2988,49
252,79128,1347,2980,1352,2988,40
252,79134,1365,2985,1371,2990,30
252,79135,1379,2977,1385,2985,48
252,79136,1420,2983,1426,2992,54
252,79139,1400,2981,1407,2988,49
253,78911,1667,3177,1677,3183,60
253,78896,992,2985,1004,2993,96
253,78897,1096,2983,1105,2992,81
253,78971,1046,2978,1053,2989,77
253,78969,1018,2987,1025,2993,42
253,79045,1064,2985,1072,2992,56
253,79037,1075,2982,1090,2991,135
253,78899,1123,2982,1134,2990,88
253,79098,1182,2981,1190,2990,72
253,79097,1151,2979,1160,2986,63
253,79102,1202,2979,1208,2986,42
253,79103,1213,2981,1222,2989,72
253,79105,1233,2982,1239,2989,42
253,79108,1261,2982,1271,2989,70
253,79110,1280,2982,1287,2990,56
253,79111,1288,2987,1295,2992,35
253,79116,1305,2988,1313,2996,64
253,79115,1298,2991,1307,2997,54
253,79122,1315,2987,1322,2995,56
253,79132,1316,2979,1323,2985,42
253,79128,1341,2980,1347,2987,42
253,79134,1358,2982,1366,2989,56
253,79135,1373,2976,1380,2984,56
253,79136,1411,2985,1422,2993,88
253,79139,1392,2979,1401,2986,63
254,78911,1671,3174,1680,3180,54
254,78896,989,2983,996,2994,77
254,78899,1118,2980,1129,2991,121
254,78971,1038,2982,1047,2989,63
254,78969,1008,2988,1018,2996,80
254,79045,1058,2984,1065,2991,49
254,79037,1067,2983,1081,2992,126
254,78897,1090,2985,1099,2992,63
254,79098,1176,2980,1185,2989,81
254,79097,1145,2978,1153,2987,72
254,79102,1196,2979,1202,2986,42
254,79103,1209,2981,1217,2987,48
254,79105,1227,2979,1232,2988,45
254,79108,1256,2984,1266,2993,90
254,79110,1274,2985,1281,2991,42
254,79111,1282,2987,1289,2992,35
254,79115,1292,2990,1301,2995,45
254,79116,1300,2987,1308,2993,48
254,79122,1310,2986,1317,2994,56
254,79132,1310,2975,1317,2984,63
254,79128,1334,2978,1341,2985,49
254,79134,1351,2982,1357,2987,30
254,79135,1366,2977,1374,2985,64
254,79136,1406,2983,1416,2991,80
254,79139,1387,2977,1395,2985,64
255,78911,1670,3171,1682,3179,96
255,78896,982,2985,988,2992,42
255,78897,1084,2986,1094,2992,60
255,78971,1032,2982,1041,2989,63
255,78969,1004,2987,1012,2993,48
255,79045,1052,2983,1059,2991,56
255,79037,1062,2983,1077,2992,135
255,78899,1112,2983,1122,2989,60
255,79098,1170,2978,1177,2988,70
255,79097,1136,2979,1147,2988,99
255,79102,1188,2981,1195,2987,42
255,79103,1202,2979,1212,2985,60
255,79105,1220,2983,1226,2988,30
255,79108,1250,2984,1260,2992,80
255,79110,1268,2985,1274,2993,48
255,79111,1277,2985,1284,2991,42
255,79115,1288,2987,1295,2995,56
255,79116,1294,2986,1302,2993,56
255,79122,1303,2990,1311,2996,48
255,79128,1329,2978,1335,2985,42
255,79134,1346,2980,1353,2987,49
255,79135,1360,2978,1369,2984,54
255,79136,1400,2982,1408,2989,56
255,79139,1382,2979,1388,2985,36
256,78911,1673,3170,1684,3175,55
256,78896,976,2987,982,2994,42
256,78897,1078,2982,1086,2990,64
256,78971,1026,2980,1035,2988,72
256,78969,998,2984,1005,2993,63
256,79045,1043,2984,1053,2993,90
256,79037,1054,2981,1069,2991,150
256,78899,1105,2982,1114,2988,54
256,79098,1162,2978,1173,2985,77
256,79097,1133,2980,1140,2987,49
256,79102,1184,2980,1190,2986,36
256,79103,1197,2978,1206,2984,54
256,79105,1215,2983,1220,2988,25
256,79108,1245,2981,1254,2988,63
256,79110,1261,2983,1268,2990,49
256,79111,1270,2983,1278,2989,48
256,79115,1281,2989,1288,2994,35
256,79116,1290,2987,1296,2993,36
256,79122,1298,2988,1304,2994,36
256,79132,1295,2977,1304,2985,72
256,79128,1324,2980,1329,2986,30
256,79134,1341,2981,1347,2988,42
256,79135,1355,2976,1363,2985,72
256,79139,1375,2978,1383,2984,48
257,78911,1667,3168,1684,3174,102
257,78896,968,2984,976,2993,72
257,78971,1021,2977,1029,2988,88
257,78969,991,2986,999,2993,56
257,79045,1039,2985,1047,2993,64
257,79037,1049,2982,1063,2992,140
257,78897,1072,2984,1079,2993,63
257,78899,1098,2981,1108,2989,80
257,79098,1157,2981,1166,2989,72
257,79097,1126,2978,1134,2987,72
257,79102,1177,2979,1184,2984,35
257,79103,1189,2980,1199,2987,70
257,79105,1208,2981,1214,2987,36
257,79108,1238,2983,1247,2989,54
257,79110,1256,2981,1263,2988,49
257,79116,1283,2987,1290,2993,42
257,79115,1274,2988,1282,2995,56
257,79122,1292,2986,1300,2994,64
257,79132,1290,2975,1298,2984,72
257,79128,1314,2979,1324,2986,70
257,79134,1333,2981,1340,2988,49
257,79135,1349,2974,1356,2982,56
257,79136,1387,2983,1394,2989,42
257,79139,1369,2976,1377,2984,64
258,78911,1668,3166,1685,3171,85
258,78896,963,2984,969,2992,48
258,78899,1094,2981,1102,2992,88
258,78971,1015,2982,1021,2989,42
258,78969,984,2988,994,2995,70
258,79045,1032,2983,1041,2991,72
258,79037,1042,2983,1056,2993,140
258,78897,1065,2985,1073,2992,56
258,79098,1152,2981,1160,2989,64
258,79097,1119,2977,1127,2987,80
258,79102,1170,2979,1178,2985,48
258,79103,1185,2978,1194,2986,72
258,79105,1202,2980,1209,2986,42
258,79108,1231,2983,1240,2990,63
258,79110,1249,2984,1256,2989,35
258,79111,1258,2984,1266,2991,56
258,79116,1277,2986,1285,2992,48
258,79115,1268,2988,1278,2993,50
258,79122,1287,2986,1292,2993,35
258,79132,1286,2973,1293,2984,77
258,79128,1310,2977,1317,2984,49
258,79134,1327,2978,1334,2985,49
258,79135,1343,2975,1351,2984,72
258,79136,1383,2982,1388,2988,30
258,79139,1364,2976,1371,2983,49
259,78911,1671,3163,1686,3168,75
259,78896,953,2984,963,2992,80
259,78971,1006,2978,1017,2989,121
259,78969,978,2986,987,2994,72
259,79045,1026,2984,1033,2991,49
259,79037,1034,2982,1050,2993,176
259,78897,1059,2985,1067,2992,56
259,78899,1087,2983,1097,2990,70
259,79098,1146,2978,1153,2985,49
259,79097,1112,2978,1120,2986,64
259,79102,1164,2980,1172,2985,40
259,79103,1180,2977,1189,2985,72
259,79105,1196,2979,1203,2985,42
259,79108,1226,2982,1234,2990,64
259,79110,1243,2983,1249,2989,36
259,79111,1253,2983,1260,2989,42
259,79115,1262,2986,1271,2992,54
259,79116,1272,2985,1278,2990,30
259,79122,1279,2988,1287,2993,40
259,79128,1304,2976,1312,2984,64
259,79134,1322,2978,1328,2984,36
259,79135,1335,2976,1345,2985,90
259,79136,1376,2979,1382,2985,36
259,79139,1357,2975,1364,2982,49
260,78911,1672,3161,1689,3167,102
260,78896,946,2985,956,2995,100
260,78899,1081,2981,1089,2990,72
260,78971,1001,2978,1010,2988,90
260,78969,970,2985,980,2993,80
260,79045,1018,2985,1025,2993,56
260,79037,1028,2980,1044,2992,192
260,78897,1054,2983,1061,2992,63
260,79098,1140,2979,1147,2986,49
260,79097,1106,2979,1115,2988,81
260,79102,1158,2980,1165,2985,35
260,79103,1174,2978,1183,2984,54
260,79105,1190,2981,1196,2986,30
260,79108,1222,2979,1230,2987,64
260,79110,1237,2980,1245,2988,64
260,79111,1247,2982,1253,2987,30
260,79116,1266,2986,1272,2992,36
260,79115,1259,2987,1265,2993,36
260,79122,1273,2987,1281,2992,40
260,79132,1271,2977,1281,2985,80
260,79128,1298,2977,1305,2986,63
260,79134,1315,2979,1322,2986,49
260,79135,1330,2975,1339,2983,72
260,79136,1369,2979,1375,2984,30
260,79139,1351,2976,1356,2983,35
261,78911,1673,3159,1689,3164,80
261,78896,943,2986,949,2992,36
261,78899,1075,2981,1084,2991,90
261,78971,994,2978,1004,2987,90
261,78969,961,2986,974,2993,91
261,79045,1012,2986,1019,2992,42
261,79037,1022,2982,1037,2992,150
261,78897,1046,2985,1053,2993,56
261,79097,1099,2980,1108,2986,54
261,79098,1132,2979,1141,2987,72
261,79102,1154,2978,1160,2984,36
261,79103,1168,2978,1177,2986,72
261,79105,1184,2980,1190,2986,36
261,79108,1215,2979,1222,2988,63
261,79110,1231,2979,1238,2987,56
261,79111,1240,2982,1246,2987,30
261,79116,1259,2986,1265,2993,42
261,79115,1252,2987,1258,2994,42
261,79122,1268,2984,1275,2990,42
261,79132,1265,2974,1275,2982,80
261,79128,1292,2978,1300,2984,48
261,79134,1310,2979,1316,2985,36
261,79135,1324,2972,1333,2982,90
261,79136,1363,2980,1370,2985,35
261,79139,1345,2976,1352,2982,42
262,78911,1673,3157,1690,3162,85
262,78896,934,2984,946,2992,96
262,78899,1067,2981,1077,2992,110
262,78969,957,2987,968,2996,99
262,78971,989,2980,997,2987,56
262,79045,1006,2985,1013,2990,35
262,79037,1015,2983,1030,2994,165
262,78897,1039,2987,1048,2993,54
262,79098,1126,2979,1134,2986,56
262,79097,1094,2979,1101,2985,42
262,79103,1161,2977,1170,2985,72
262,79102,1146,2977,1152,2984,42
262,79105,1178,2978,1184,2985,42
262,79108,1207,2980,1217,2988,80
262,79110,1225,2983,1232,2988,35
262,79111,1234,2982,1241,2988,42
262,79115,1247,2986,1252,2992,30
262,79116,1253,2984,1259,2990,36
262,79122,1261,2982,1269,2991,72
262,79132,1259,2974,1269,2982,80
262,79128,1286,2975,1293,2982,49
262,79134,1303,2976,1309,2983,42
262,79135,1317,2974,1330,2981,91
262,79136,1356,2980,1363,2984,28
262,79139,1338,2975,1346,2981,48
263,78911,1674,3154,1691,3159,85
263,78899,1062,2983,1070,2992,72
263,78896,929,2986,938,2993,63
263,78969,951,2986,960,2993,63
263,78971,983,2982,991,2989,56
263,79045,1000,2984,1007,2992,56
263,79037,1009,2983,1025,2993,160
263,78897,1033,2985,1041,2994,72
263,79098,1119,2978,1128,2985,63
263,79097,1086,2981,1094,2986,40
263,79102,1140,2979,1146,2985,36
263,79103,1156,2975,1164,2983,64
263,79105,1172,2978,1178,2984,36
263,79108,1201,2980,1210,2988,72
263,79111,1228,2982,1235,2987,35
263,79110,1219,2982,1224,2988,30
263,79115,1240,2984,1246,2991,42
263,79116,1247,2982,1253,2988,36
263,79122,1255,2985,1263,2992,56
263,79128,1281,2975,1288,2982,49
263,79134,1296,2976,1304,2983,56
263,79135,1312,2975,1321,2984,81
263,79136,1351,2977,1358,2983,42
263,79139,1333,2975,1340,2981,42
264,78911,1675,3153,1692,3158,85
264,78897,1025,2984,1034,2992,72
264,78896,922,2986,930,2995,72
264,78971,978,2982,986,2989,56
264,78969,946,2987,954,2993,48
264,79045,993,2987,1000,2992,35
264,79037,1002,2981,1018,2992,176
264,78899,1055,2982,1064,2990,72
264,79098,1113,2977,1122,2985,72
264,79097,1081,2981,1088,2989,56
264,79102,1134,2980,1141,2985,35
264,79103,1150,2976,1159,2984,72
264,79105,1167,2979,1172,2984,25
264,79108,1197,2979,1204,2986,49
264,79110,1214,2980,1219,2986,30
264,79111,1221,2979,1229,2985,48
264,79115,1234,2983,1241,2990,49
264,79122,1251,2985,1256,2989,20
264,79132,1247,2976,1255,2983,56
264,79128,1274,2976,1281,2984,56
264,79134,1292,2978,1297,2984,30
264,79135,1307,2974,1314,2981,49
264,79136,1343,2975,1352,2983,72
264,79139,1327,2975,1334,2980,35
265,78911,1676,3149,1694,3155,108
265,78897,1020,2985,1027,2993,56
265,78899,1048,2982,1057,2991,81
265,78896,915,2986,924,2993,63
265,78971,971,2978,978,2988,70
265,78969,938,2986,946,2993,56
265,79045,988,2987,992,2993,24
265,79037,996,2982,1012,2992,160
265,79098,1105,2978,1115,2985,70
265,79097,1074,2980,1082,2987,56
265,79103,1142,2978,1151,2986,72
265,79102,1128,2978,1134,2983,30
265,79105,1160,2979,1166,2985,36
265,79108,1189,2979,1197,2984,40
265,79111,1216,2980,1222,2984,24
265,79110,1206,2978,1213,2987,63
265,79115,1227,2984,1232,2993,45
265,79116,1234,2985,1241,2991,42
265,79122,1243,2981,1251,2989,64
265,79132,1241,2974,1249,2981,56
265,79128,1269,2975,1276,2982,49
265,79134,1286,2977,1291,2983,30
265,79135,1301,2971,1308,2980,63
265,79136,1340,2976,1345,2982,30
265,79139,1322,2974,1328,2980,36
266,78911,1679,3148,1696,3153,85
266,78897,1013,2986,1021,2994,64
266,78896,910,2983,918,2992,72
266,78971,964,2981,972,2987,48
266,78969,931,2986,942,2996,110
266,79045,981,2985,987,2992,42
266,79037,990,2984,1002,2993,108
266,78899,1041,2985,1050,2991,54
266,79098,1100,2980,1109,2988,72
266,79097,1068,2979,1075,2986,49
266,79102,1123,2978,1128,2983,25
266,79103,1139,2975,1146,2983,56
266,79105,1154,2978,1160,2983,30
266,79108,1183,2979,1193,2986,70
266,79110,1201,2980,1207,2987,42
266,79111,1209,2979,1217,2987,64
266,79115,1222,2983,1229,2990,49
266,79116,1230,2983,1236,2989,36
266,79122,1239,2983,1244,2989,30
266,79132,1237,2973,1246,2980,63
266,79128,1262,2971,1271,2980,81
266,79134,1280,2975,1287,2981,42
266,79135,1296,2974,1303,2980,42
266,79136,1332,2977,1340,2984,56
266,79139,1314,2970,1323,2979,81
267,78911,1680,3145,1696,3150,80
267,78897,1008,2986,1015,2991,35
267,78899,1034,2982,1044,2991,90
267,78896,902,2986,909,2992,42
267,78971,958,2982,966,2990,64
267,78969,925,2987,934,2993,54
267,79045,974,2987,980,2991,24
267,79037,984,2983,998,2992,126
267,79098,1095,2978,1101,2985,42
267,79097,1062,2981,1068,2987,36
267,79103,1132,2976,1141,2983,63
267,79102,1116,2979,1121,2985,30
267,79105,1148,2976,1155,2983,49
267,79108,1177,2978,1186,2985,63
267,79110,1195,2980,1201,2987,42
267,79111,1205,2980,1212,2986,42
267,79116,1223,2980,1230,2986,42
267,79115,1216,2981,1222,2988,42
267,79122,1231,2984,1238,2990,42
267,79132,1232,2974,1239,2980,42
267,79128,1255,2975,1263,2980,40
267,79134,1271,2972,1279,2981,72
267,79135,1288,2974,1296,2981,56
267,79136,1327,2976,1335,2983,56
267,79139,1308,2970,1316,2979,72
268,78911,1680,3143,1700,3148,100
268,78897,1001,2983,1009,2992,72
268,78896,893,2985,906,2995,130
268,78969,918,2983,928,2992,90
268,78971,953,2982,962,2988,54
268,79045,968,2987,974,2993,36
268,79037,978,2981,992,2990,126
268,78899,1029,2983,1039,2990,70
268,79097,1055,2982,1063,2988,48
268,79098,1088,2979,1095,2984,35
268,79102,1110,2980,1116,2985,30
268,79103,1126,2976,1135,2985,81
268,79105,1143,2978,1148,2982,20
268,79108,1171,2976,1179,2983,56
268,79110,1188,2977,1195,2984,49
268,79111,1199,2977,1206,2984,49
268,79115,1209,2981,1217,2988,56
268,79116,1218,2982,1224,2988,36
268,79122,1226,2982,1233,2990,56
268,79132,1223,2974,1233,2980,60
268,79128,1250,2975,1257,2980,35
268,79134,1267,2975,1274,2981,42
268,79135,1282,2973,1291,2981,72
268,79136,1320,2973,1327,2982,63
268,79139,1302,2972,1311,2980,72
269,78911,1682,3141,1700,3146,90
269,78896,890,2984,897,2991,49
269,78899,1022,2983,1033,2991,88
269,78971,945,2978,955,2988,100
269,78969,911,2986,923,2993,84
269,79045,961,2987,968,2993,42
269,79037,971,2982,984,2991,117
269,78897,994,2987,1001,2994,49
269,79097,1048,2981,1057,2988,63
269,79098,1084,2980,1089,2985,25
269,79102,1104,2979,1110,2983,24
269,79103,1119,2978,1128,2985,63
269,79105,1136,2978,1142,2985,42
269,79108,1165,2977,1173,2983,48
269,79110,1183,2978,1189,2984,36
269,79111,1193,2976,1199,2983,42
269,79115,1202,2982,1210,2989,56
269,79116,1211,2981,1218,2989,56
269,79122,1220,2981,1227,2988,49
269,79132,1217,2973,1225,2980,56
269,79128,1247,2975,1253,2980,30
269,79134,1260,2975,1268,2981,48
269,79135,1278,2971,1284,2980,54
269,79136,1314,2974,1323,2982,72
269,79139,1295,2973,1305,2980,70
270,78911,1683,3138,1701,3144,108
270,78896,883,2982,891,2992,80
270,78897,988,2987,996,2995,64
270,78969,905,2987,915,2996,90
270,79045,955,2983,960,2992,45
270,79037,962,2983,977,2992,135
270,78899,1016,2985,1024,2994,72
270,79097,1041,2980,1050,2988,72
270,79098,1075,2980,1084,2988,72
270,79102,1099,2980,1104,2983,15
270,79103,1114,2976,1122,2982,48
270,79105,1131,2977,1136,2982,25
270,79108,1159,2977,1168,2985,72
270,79110,1175,2979,1183,2985,48
270,79111,1186,2978,1192,2984,36
270,79115,1199,2982,1205,2989,42
270,79116,1205,2979,1212,2987,56
270,79122,1215,2983,1221,2987,24
270,79132,1210,2970,1220,2980,100
270,79128,1240,2972,1248,2978,48
270,79134,1256,2975,1261,2980,25
270,79135,1272,2974,1278,2980,36
270,79136,1307,2975,1316,2981,54
270,79139,1290,2970,1300,2978,80
271,78911,1685,3137,1703,3143,108
271,78897,981,2988,989,2993,40
271,78899,1009,2984,1020,2993,99
271,78896,877,2985,884,2993,56
271,78971,934,2982,941,2990,56
271,78969,900,2985,908,2992,56
271,79045,946,2987,957,2992,55
271,79037,958,2982,972,2992,140
271,79097,1034,2982,1043,2987,45
271,79098,1069,2978,1079,2985,70
271,79102,1090,2979,1098,2984,40
271,79103,1108,2976,1116,2982,48
271,79105,1123,2975,1130,2981,42
271,79108,1155,2976,1162,2984,56
271,79110,1170,2977,1177,2984,49
271,79111,1180,2977,1186,2983,36
271,79115,1192,2979,1199,2986,49
271,79116,1200,2977,1206,2985,48
271,79122,1208,2983,1216,2988,40
271,79132,1206,2970,1215,2977,63
271,79128,1235,2973,1240,2978,25
271,79134,1249,2971,1255,2978,42
271,79135,1266,2973,1272,2981,48
271,79136,1302,2974,1311,2982,72
271,79139,1284,2970,1292,2977,56
272,78911,1686,3134,1704,3141,126
272,78899,1003,2984,1013,2992,80
272,78896,869,2986,877,2993,56
272,78971,928,2982,936,2990,64
272,78969,893,2983,900,2991,56
272,79045,941,2987,950,2996,81
272,79037,950,2982,965,2991,135
272,78897,975,2984,982,2991,49
272,79098,1063,2978,1071,2985,56
272,79097,1028,2983,1037,2988,45
272,79102,1087,2979,1092,2985,30
272,79103,1102,2976,1112,2984,80
272,79105,1119,2976,1124,2981,25
272,79108,1148,2975,1155,2982,49
272,79110,1164,2976,1171,2983,49
272,79111,1175,2976,1181,2981,30
272,79115,1186,2980,1192,2986,36
272,79116,1192,2978,1200,2984,48
272,79122,1203,2979,1209,2987,48
272,79132,1197,2969,1210,2978,117
272,79128,1227,2974,1236,2981,63
272,79134,1245,2974,1250,2979,25
272,79135,1262,2969,1267,2976,35
272,79136,1297,2972,1304,2979,49
272,79139,1279,2971,1287,2978,56
273,78911,1686,3132,1705,3139,133
273,78897,969,2986,977,2993,56
273,78896,864,2984,871,2991,49
273,78971,922,2978,929,2988,70
273,78969,887,2986,896,2993,63
273,79045,934,2986,943,2992,54
273,79037,945,2982,959,2991,126
273,78899,997,2985,1006,2991,54
273,79097,1022,2982,1031,2989,63
273,79102,1080,2978,1087,2984,42
273,79103,1095,2976,1105,2984,80
273,79105,1111,2977,1119,2984,56
273,79108,1141,2974,1148,2982,56
273,79110,1158,2976,1164,2982,36
273,79111,1168,2974,1174,2980,36
273,79115,1180,2981,1187,2987,42
273,79116,1188,2980,1194,2988,48
273,79122,1195,2979,1203,2986,56
273,79132,1195,2970,1203,2977,56
273,79128,1223,2972,1228,2979,35
273,79134,1237,2974,1245,2980,48
273,79135,1255,2967,1262,2978,77
273,79136,1289,2970,1296,2978,56
273,79139,1271,2970,1280,2979,81
274,78911,1687,3128,1706,3138,190
274,78899,991,2984,1001,2995,110
274,78896,858,2983,866,2990,56
274,78971,916,2979,922,2988,54
274,78969,879,2986,888,2992,54
274,79045,928,2983,935,2992,63
274,79037,938,2983,952,2992,126
274,78897,962,2987,969,2994,49
274,79098,1050,2981,1057,2988,49
274,79097,1017,2979,1024,2989,70
274,79102,1074,2978,1080,2984,36
274,79103,1089,2976,1098,2984,72
274,79105,1104,2976,1113,2982,54
274,79108,1136,2975,1144,2983,64
274,79110,1150,2977,1157,2983,42
274,79111,1162,2975,1168,2981,36
274,79115,1174,2979,1180,2986,42
274,79116,1181,2978,1188,2984,42
274,79122,1191,2982,1197,2987,30
274,79132,1189,2970,1198,2977,63
274,79128,1216,2968,1224,2976,64
274,79134,1231,2973,1239,2978,40
274,79135,1247,2972,1256,2981,81
274,79136,1283,2972,1294,2977,55
274,79139,1265,2969,1274,2976,63
275,78911,1689,3127,1708,3136,171
275,78899,982,2986,993,2992,66
275,78896,850,2986,857,2992,42
275,78971,905,2983,917,2990,84
275,78969,874,2986,882,2992,48
275,79045,921,2984,929,2991,56
275,79037,932,2983,946,2992,126
275,78897,956,2986,963,2993,49
275,79097,1007,2982,1016,2988,54
275,79098,1041,2981,1051,2988,70
275,79102,1067,2980,1072,2985,25
275,79103,1084,2976,1092,2984,64
275,79105,1099,2975,1107,2981,48
275,79108,1130,2976,1138,2983,56
275,79110,1145,2976,1153,2984,64
275,79111,1156,2975,1163,2982,49
275,79115,1168,2978,1174,2985,42
275,79116,1174,2976,1182,2983,56
275,79122,1183,2981,1190,2988,49
275,79132,1184,2971,1193,2977,54
275,79128,1210,2969,1216,2977,48
275,79134,1225,2971,1232,2978,49
275,79135,1241,2972,1251,2981,90
275,79136,1277,2971,1285,2981,80
275,79139,1263,2969,1268,2976,35
276,78911,1691,3124,1710,3133,171
276,78897,949,2983,957,2993,80
276,78896,843,2983,852,2992,81
276,78971,907,2982,913,2989,42
276,78969,867,2982,876,2991,81
276,79045,916,2986,923,2993,49
276,79037,926,2982,940,2991,126
276,78899,975,2984,987,2991,84
276,79097,1002,2983,1012,2993,100
276,79098,1037,2978,1044,2986,56
276,79102,1061,2980,1067,2985,30
276,79103,1077,2978,1086,2986,72
276,79105,1093,2975,1100,2980,35
276,79108,1124,2974,1130,2982,48
276,79110,1140,2975,1147,2982,49
276,79111,1150,2974,1156,2980,36
276,79115,1161,2978,1167,2983,30
276,79116,1170,2978,1176,2984,36
276,79122,1178,2980,1185,2985,35
276,79132,1175,2971,1184,2979,72
276,79128,1203,2970,1211,2981,88
276,79134,1220,2972,1226,2978,36
276,79135,1237,2968,1245,2976,64
276,79136,1272,2970,1280,2977,56
276,79139,1255,2970,1264,2976,54
277,78911,1691,3122,1712,3132,210
277,78897,942,2986,953,2993,77
277,78896,837,2984,846,2992,72
277,78971,898,2978,906,2990,96
277,78969,862,2985,869,2991,42
277,79045,909,2986,917,2993,56
277,79037,918,2983,935,2994,187
277,78899,970,2987,980,2992,50
277,79097,995,2983,1008,2989,78
277,79098,1030,2980,1039,2987,63
277,79102,1055,2979,1060,2983,20
277,79103,1072,2977,1081,2984,63
277,79105,1087,2976,1096,2984,72
277,79108,1116,2974,1125,2981,63
277,79110,1131,2975,1140,2982,63
277,79111,1144,2972,1151,2980,56
277,79115,1155,2979,1162,2985,42
277,79116,1164,2979,1170,2987,48
277,79122,1173,2978,1180,2985,49
277,79132,1170,2971,1181,2977,66
277,79128,1199,2971,1208,2976,45
277,79134,1214,2972,1221,2980,56
277,79135,1229,2968,1239,2975,70
277,79136,1265,2968,1276,2977,99
277,79139,1248,2971,1257,2978,63
278,78911,1693,3122,1712,3129,133
278,78896,831,2983,839,2993,80
278,78969,854,2988,861,2992,28
278,79045,903,2981,910,2992,77
278,79037,911,2985,926,2994,135
278,78899,966,2987,974,2993,48
278,78897,934,2986,944,2993,70
278,79098,1023,2982,1032,2988,54
278,79097,991,2983,998,2989,42
278,79102,1048,2979,1054,2984,30
278,79103,1065,2976,1074,2984,72
278,79105,1081,2976,1088,2984,56
278,79108,1110,2975,1119,2983,72
278,79110,1127,2978,1133,2984,36
278,79111,1138,2974,1146,2981,56
278,79115,1149,2980,1156,2986,42
278,79116,1157,2978,1164,2983,35
278,79122,1166,2981,1174,2986,40
278,79132,1165,2970,1174,2977,63
278,79128,1191,2968,1200,2976,72
278,79134,1207,2972,1216,2979,63
278,79135,1222,2970,1233,2977,77
278,79136,1260,2969,1270,2977,80
278,79139,1244,2971,1252,2977,48
279,78911,1694,3119,1712,3128,162
279,78897,928,2984,938,2992,80
279,78896,826,2986,832,2992,36
279,78971,882,2982,893,2993,121
279,78969,846,2985,856,2993,80
279,79037,905,2983,920,2993,150
279,78899,958,2986,967,2992,54
279,79098,1019,2981,1027,2988,56
279,79097,983,2983,993,2988,50
279,79102,1044,2980,1049,2985,25
279,79103,1059,2977,1068,2983,54
279,79105,1075,2974,1083,2982,64
279,79108,1105,2976,1114,2983,63
279,79110,1120,2976,1127,2983,49
279,79111,1132,2975,1139,2981,42
279,79115,1142,2979,1149,2985,42
279,79116,1151,2976,1160,2983,63
279,79122,1161,2981,1168,2987,42
279,79132,1161,2971,1168,2977,42
279,79128,1187,2971,1195,2976,40
279,79134,1201,2967,1210,2977,90
279,79135,1217,2969,1228,2977,88
279,79136,1254,2970,1263,2977,63
279,79139,1236,2968,1245,2975,63
280,78911,1695,3119,1714,3125,114
280,78897,922,2982,931,2993,99
280,78896,818,2984,825,2992,56
280,78971,878,2982,888,2989,70
280,78969,842,2983,849,2990,49
280,79045,889,2986,896,2993,49
280,79037,899,2982,913,2990,112
280,78899,950,2984,960,2991,70
280,79097,977,2983,986,2990,63
280,79098,1010,2979,1021,2988,99
280,79102,1036,2981,1043,2985,28
280,79103,1051,2978,1061,2984,60
280,79105,1068,2975,1076,2981,48
280,79108,1098,2974,1108,2981,70
280,79110,1114,2975,1120,2982,42
280,79111,1126,2974,1134,2980,48
280,79115,1137,2975,1144,2984,63
280,79116,1146,2977,1154,2984,56
280,79122,1155,2978,1163,2985,56
280,79132,1154,2968,1162,2977,72
280,79128,1182,2971,1189,2978,49
280,79134,1196,2971,1203,2980,63
280,79135,1214,2967,1222,2976,72
280,79136,1250,2969,1257,2978,63
280,79139,1231,2970,1240,2976,54
281,78911,1696,3117,1714,3123,108
281,78896,810,2982,819,2991,81
281,78971,871,2982,882,2990,88
281,78969,832,2983,844,2990,84
281,79045,882,2986,892,2992,60
281,79037,891,2983,906,2991,120
281,78897,914,2985,924,2992,70
281,78899,945,2987,953,2991,32
281,79097,971,2983,979,2989,48
281,79098,1004,2982,1015,2988,66
281,79103,1048,2978,1057,2985,63
281,79102,1029,2981,1036,2984,21
281,79105,1062,2976,1070,2984,64
281,79108,1089,2972,1102,2980,104
281,79110,1109,2975,1115,2981,36
281,79111,1121,2971,1128,2979,56
281,79115,1131,2978,1136,2984,30
281,79116,1139,2977,1147,2984,56
281,79122,1150,2977,1156,2983,36
281,79132,1147,2969,1155,2977,64
281,79128,1175,2968,1184,2975,63
281,79134,1190,2973,1198,2979,48
281,79135,1208,2968,1217,2976,72
281,79136,1245,2968,1251,2976,48
281,79139,1226,2970,1234,2976,48
282,78911,1697,3116,1718,3123,147
282,78896,805,2983,813,2991,64
282,78971,870,2983,875,2991,40
282,78969,826,2984,837,2992,88
282,79045,877,2983,884,2990,49
282,79037,885,2983,903,2993,180
282,78897,909,2987,917,2993,48
282,78899,939,2987,946,2992,35
282,79097,966,2982,977,2989,77
282,79098,997,2982,1009,2989,84
282,79102,1022,2979,1030,2984,40
282,79103,1040,2975,1050,2984,90
282,79105,1057,2976,1064,2984,56
282,79108,1083,2974,1095,2982,96
282,79110,1102,2975,1108,2982,42
282,79111,1116,2974,1123,2981,49
282,79115,1126,2978,1132,2984,36
282,79116,1133,2976,1141,2983,56
282,79132,1142,2968,1152,2975,70
282,79128,1170,2967,1177,2975,56
282,79134,1184,2970,1192,2978,64
282,79135,1203,2968,1210,2975,49
282,79136,1238,2967,1245,2976,63
282,79139,1220,2968,1228,2974,48
283,78911,1699,3114,1718,3122,152
283,78897,903,2986,911,2993,56
283,78896,798,2984,807,2992,72
283,78971,860,2986,869,2993,63
283,78969,820,2983,832,2991,96
283,79045,871,2985,879,2992,56
283,79037,880,2984,894,2992,112
283,78899,933,2986,940,2991,35
283,79097,959,2984,968,2988,36
283,79098,991,2983,1003,2988,60
283,79103,1035,2976,1044,2984,72
283,79102,1019,2979,1024,2984,25
283,79105,1051,2972,1056,2982,50
283,79108,1077,2974,1088,2982,88
283,79110,1096,2976,1102,2982,36
283,79111,1107,2976,1113,2982,36
283,79116,1128,2975,1135,2982,49
283,79115,1120,2977,1126,2983,36
283,79122,1136,2979,1145,2986,63
283,79132,1135,2970,1144,2976,54
283,79128,1164,2967,1173,2977,90
283,79134,1178,2968,1185,2975,49
283,79135,1196,2968,1203,2977,63
283,79136,1233,2969,1241,2976,56
283,79139,1214,2968,1222,2974,48
284,78911,1699,3113,1719,3121,160
284,78896,792,2983,801,2991,72
284,78971,854,2983,862,2992,72
284,78969,814,2982,825,2988,66
284,79045,866,2986,880,2992,84
284,79037,880,2984,888,2992,64
284,78897,896,2983,905,2991,72
284,78899,926,2984,935,2992,72
284,79097,952,2985,961,2991,54
284,79098,985,2981,995,2989,80
284,79102,1010,2983,1018,2988,40
284,79103,1028,2978,1038,2987,90
284,79105,1043,2975,1051,2983,64
284,79108,1073,2975,1082,2981,54
284,79110,1090,2974,1097,2981,49
284,79111,1102,2975,1110,2981,48
284,79115,1114,2975,1120,2983,48
284,79116,1122,2976,1129,2983,49
284,79122,1131,2978,1137,2984,36
284,79132,1130,2969,1138,2976,56
284,79128,1158,2970,1167,2976,54
284,79134,1172,2970,1180,2978,64
284,79135,1192,2968,1200,2976,64
284,79136,1226,2968,1234,2977,72
284,79139,1208,2969,1217,2975,54
285,78911,1700,3112,1720,3121,180
285,78896,785,2980,794,2989,81
285,78971,847,2982,857,2990,80
285,78969,810,2984,817,2989,35
285,79045,860,2984,873,2993,117
285,79037,874,2984,882,2992,64
285,78899,919,2987,928,2992,45
285,79097,947,2984,955,2990,48
285,79102,1007,2981,1012,2985,20
285,79103,1022,2978,1031,2986,72
285,79105,1038,2978,1045,2985,49
285,79108,1064,2973,1075,2981,88
285,79110,1083,2972,1090,2980,56
285,79111,1096,2971,1102,2980,54
285,79115,1107,2976,1112,2983,35
285,79116,1115,2977,1122,2984,49
285,79122,1125,2976,1133,2983,56
285,79132,1125,2968,1133,2975,56
285,79128,1153,2968,1161,2974,48
285,79134,1165,2968,1175,2977,90
285,79135,1186,2965,1193,2973,56
285,79136,1221,2967,1229,2974,56
285,79139,1202,2968,1212,2974,60
286,78911,1703,3110,1722,3119,171
286,78896,777,2981,786,2989,72
286,78971,842,2984,849,2993,63
286,78969,801,2983,809,2992,72
286,79045,855,2983,866,2993,110
286,79037,867,2984,874,2993,63
286,78897,884,2986,891,2993,49
286,78899,912,2987,922,2994,70
286,79097,938,2982,949,2989,77
286,79098,973,2984,984,2992,88
286,79102,999,2980,1005,2985,30
286,79103,1016,2978,1025,2985,63
286,79105,1034,2978,1039,2983,25
286,79108,1061,2975,1070,2982,63
286,79110,1079,2975,1084,2981,30
286,79111,1090,2975,1097,2981,42
286,79115,1101,2976,1109,2984,64
286,79116,1110,2975,1117,2982,49
286,79122,1119,2978,1127,2985,56
286,79132,1119,2968,1127,2975,56
286,79134,1160,2968,1169,2974,54
286,79135,1181,2967,1187,2975,48
286,79136,1215,2967,1223,2973,48
286,79139,1197,2966,1205,2973,56
287,78911,1704,3109,1723,3118,171
287,78896,770,2982,780,2992,100
287,78971,836,2984,844,2992,64
287,78969,794,2983,803,2992,81
287,79045,847,2983,860,2992,117
287,79037,862,2982,870,2994,96
287,78897,878,2986,885,2993,49
287,78899,907,2987,915,2992,40
287,79097,931,2983,941,2988,50
287,79098,968,2983,976,2988,40
287,79102,993,2983,998,2985,10
287,79103,1011,2979,1019,2985,48
287,79105,1027,2972,1033,2982,60
287,79108,1054,2975,1062,2980,40
287,79110,1072,2975,1078,2981,36
287,79111,1083,2976,1089,2982,36
287,79115,1095,2974,1102,2982,56
287,79116,1103,2974,1111,2982,64
287,79122,1114,2978,1120,2985,42
287,79132,1115,2970,1122,2976,42
287,79128,1138,2970,1148,2976,60
287,79134,1154,2968,1164,2974,60
287,79135,1174,2968,1181,2975,49
287,79136,1209,2967,1218,2974,63
287,79139,1190,2966,1200,2974,80
288,78911,1704,3108,1724,3117,180
288,78896,766,2983,774,2989,48
288,78971,830,2983,837,2990,49
288,78969,790,2979,798,2990,88
288,79045,837,2983,853,2992,144
288,79037,855,2983,862,2992,63
288,78897,871,2982,879,2992,80
288,78899,899,2983,908,2991,72
288,79097,927,2983,934,2991,56
288,79098,960,2981,970,2989,80
288,79102,985,2983,993,2989,48
288,79103,1002,2980,1015,2988,104
288,79105,1021,2975,1028,2984,63
288,79108,1046,2971,1058,2981,120
288,79110,1066,2975,1073,2980,35
288,79111,1078,2975,1084,2980,30
288,79115,1087,2975,1096,2980,45
288,79116,1098,2976,1106,2984,64
288,79122,1108,2976,1114,2984,48
288,79132,1107,2967,1116,2976,81
288,79128,1135,2967,1140,2972,25
288,79134,1149,2970,1158,2977,63
288,79135,1168,2966,1176,2972,48
288,79136,1202,2967,1210,2977,80
288,79139,1184,2967,1193,2973,54
289,78911,1705,3108,1724,3117,171
289,78896,758,2979,768,2988,90
289,78971,823,2982,831,2991,72
289,78969,782,2983,792,2989,60
289,79045,836,2982,845,2992,90
289,79037,847,2986,856,2992,54
289,78897,864,2982,872,2993,88
289,78899,893,2983,903,2992,90
289,79097,919,2983,928,2989,54
289,79102,979,2981,986,2987,42
289,79103,996,2979,1007,2985,66
289,79105,1012,2976,1021,2983,63
289,79108,1042,2971,1051,2980,81
289,79110,1059,2971,1066,2980,63
289,79111,1070,2972,1078,2981,72
289,79115,1083,2976,1088,2981,25
289,79116,1091,2976,1099,2983,56
289,79122,1101,2976,1108,2983,49
289,79132,1101,2965,1110,2975,90
289,79128,1131,2967,1136,2972,25
289,79134,1143,2969,1152,2974,45
289,79135,1162,2962,1170,2972,80
289,79136,1197,2967,1205,2976,72
289,79139,1180,2966,1188,2974,64
290,78911,1705,3107,1726,3117,210
290,78896,752,2979,761,2987,72
290,78971,818,2983,826,2993,80
290,78969,776,2982,784,2991,72
290,79045,829,2982,841,2991,108
290,79037,843,2983,849,2991,48
290,78897,858,2987,866,2995,64
290,78899,885,2983,896,2992,99
290,79097,913,2983,920,2988,35
290,79098,947,2983,958,2992,99
290,79102,972,2979,980,2986,56
290,79103,991,2977,1000,2984,63
290,79105,1007,2976,1017,2982,60
290,79108,1036,2974,1047,2981,77
290,79110,1054,2975,1061,2981,42
290,79111,1066,2974,1074,2980,48
290,79115,1077,2976,1084,2984,56
290,79116,1086,2976,1092,2982,36
290,79122,1095,2979,1102,2985,42
290,79132,1094,2966,1103,2975,81
290,79134,1138,2967,1147,2974,63
290,79135,1157,2967,1165,2974,56
290,79136,1191,2964,1199,2974,80
290,79139,1174,2963,1181,2973,70
291,78911,1706,3106,1727,3117,231
291,78896,746,2981,753,2989,56
291,78971,812,2983,819,2993,70
291,78969,771,2983,781,2988,50
291,79045,822,2983,833,2990,77
291,79037,835,2979,843,2990,88
291,78897,855,2986,859,2993,28
291,78899,879,2982,891,2991,108
291,79097,907,2982,916,2989,63
291,79098,941,2983,949,2990,56
291,79103,986,2978,994,2985,56
291,79102,964,2983,973,2986,27
291,79105,1000,2975,1008,2982,56
291,79108,1030,2975,1040,2985,100
291,79110,1048,2975,1055,2983,56
291,79111,1058,2975,1065,2984,63
291,79115,1071,2974,1076,2982,40
291,79116,1078,2975,1086,2982,56
291,79122,1089,2979,1096,2985,42
291,79132,1090,2967,1098,2975,64
291,79128,1118,2968,1125,2976,56
291,79134,1132,2967,1141,2973,54
291,79135,1150,2966,1158,2974,64
291,79139,1167,2964,1175,2972,64
292,78911,1707,3106,1727,3116,200
292,78971,806,2981,813,2992,77
292,78969,763,2979,771,2988,72
292,79045,814,2982,825,2992,110
292,79037,830,2982,837,2991,63
292,78897,846,2979,852,2991,72
292,78899,873,2984,880,2992,56
292,79097,900,2984,908,2993,72
292,79098,936,2983,945,2991,72
292,79102,958,2983,966,2989,48
292,79103,977,2980,987,2987,70
292,79105,995,2978,1004,2983,45
292,79108,1023,2971,1034,2981,110
292,79110,1041,2971,1048,2981,70
292,79111,1053,2975,1063,2981,60
292,79115,1065,2971,1072,2981,70
292,79116,1075,2976,1081,2982,36
292,79122,1083,2976,1090,2984,56
292,79132,1084,2967,1094,2974,70
292,79128,1111,2967,1120,2972,45
292,79134,1127,2969,1135,2978,72
292,79135,1143,2967,1152,2972,45
292,79136,1180,2967,1188,2976,72
292,79139,1163,2967,1171,2973,48
293,78911,1707,3105,1727,3116,220
293,78971,799,2982,808,2992,90
293,78969,757,2982,765,2987,40
293,79045,809,2982,819,2991,90
293,79037,824,2982,831,2991,63
293,78897,840,2986,849,2993,63
293,78899,866,2985,874,2992,56
293,79097,894,2983,903,2988,45
293,79098,929,2984,938,2991,63
293,79102,953,2983,961,2989,48
293,79103,973,2980,982,2989,81
293,79105,987,2979,996,2984,45
293,79108,1016,2972,1027,2981,99
293,79110,1034,2970,1042,2981,88
293,79111,1047,2973,1054,2980,49
293,79115,1058,2975,1065,2981,42
293,79116,1067,2977,1073,2983,36
293,79122,1076,2977,1084,2984,56
293,79132,1077,2964,1088,2973,99
293,79128,1105,2966,1115,2972,60
293,79134,1121,2970,1129,2975,40
293,79135,1137,2962,1147,2972,100
293,79136,1173,2967,1182,2976,81
293,79139,1156,2967,1165,2973,54
294,78911,1708,3105,1728,3115,200
294,78971,790,2986,801,2994,88
294,78969,750,2982,758,2989,56
294,79045,802,2981,811,2989,72
294,79037,820,2983,827,2991,56
294,78897,834,2984,841,2992,56
294,78899,862,2984,869,2991,49
294,79097,887,2979,896,2989,90
294,79098,923,2984,931,2990,48
294,79103,966,2978,977,2986,88
294,79102,947,2980,954,2987,49
294,79105,983,2977,991,2983,48
294,79108,1010,2975,1023,2983,104
294,79110,1030,2975,1037,2983,56
294,79111,1042,2975,1049,2982,49
294,79115,1051,2974,1060,2985,99
294,79116,1062,2974,1068,2981,42
294,79122,1071,2978,1077,2985,42
294,79132,1071,2965,1081,2973,80
294,79128,1099,2966,1109,2975,90
294,79134,1114,2968,1124,2973,50
294,79135,1134,2965,1141,2975,70
294,79136,1169,2966,1177,2974,64
294,79139,1152,2963,1159,2972,63
295,78911,1708,3105,1728,3116,220
295,78896,722,2981,728,2988,42
295,78971,785,2985,794,2992,63
295,78969,746,2980,753,2987,49
295,79045,796,2983,805,2989,54
295,79037,811,2980,818,2988,56
295,78897,829,2983,835,2991,48
295,78899,854,2982,863,2990,72
295,79098,917,2983,925,2990,56
295,79097,880,2983,888,2992,72
295,79103,961,2981,970,2988,63
295,79105,977,2975,984,2984,63
295,79108,1005,2975,1017,2986,132
295,79110,1022,2975,1029,2985,70
295,79111,1032,2975,1042,2984,90
295,79115,1045,2974,1054,2982,72
295,79116,1055,2974,1063,2982,64
295,79122,1065,2979,1074,2985,54
295,79132,1067,2966,1075,2976,80
295,79128,1094,2967,1103,2976,81
295,79134,1108,2967,1114,2973,36
295,79135,1127,2967,1135,2975,64
295,79136,1162,2963,1170,2974,88
295,79139,1146,2964,1154,2972,64
296,78911,1708,3104,1728,3116,240
296,78896,715,2979,721,2984,30
296,78971,778,2982,788,2991,90
296,78969,738,2979,745,2989,70
296,79045,789,2983,799,2992,90
296,79037,806,2983,814,2989,48
296,78897,821,2978,829,2991,104
296,78899,847,2983,856,2992,81
296,79098,910,2980,919,2989,81
296,79097,872,2983,884,2992,108
296,79102,935,2983,941,2989,36
296,79103,953,2981,964,2989,88
296,79108,1001,2972,1009,2980,64
296,79110,1014,2975,1024,2981,60
296,79111,1028,2975,1037,2983,72
296,79115,1039,2970,1048,2982,108
296,79116,1048,2975,1058,2982,70
296,79122,1060,2976,1066,2981,30
296,79132,1061,2966,1069,2973,56
296,79128,1086,2967,1097,2973,66
296,79134,1102,2968,1112,2976,80
296,79135,1124,2966,1131,2974,56
296,79136,1158,2967,1165,2974,49
296,79139,1141,2966,1149,2973,56
297,78911,1706,3104,1728,3116,264
297,78896,705,2975,717,2984,108
297,78971,774,2987,781,2992,35
297,79045,782,2982,792,2989,70
297,79037,798,2982,807,2988,54
297,78897,815,2982,823,2990,64
297,78899,842,2983,851,2992,81
297,79098,901,2983,912,2991,88
297,79097,870,2978,877,2988,70
297,79102,929,2983,937,2988,40
297,79103,950,2980,957,2986,42
297,79105,964,2979,973,2984,45
297,79108,992,2972,1004,2982,120
297,79110,1007,2972,1018,2981,99
297,79111,1022,2972,1030,2980,64
297,79115,1034,2974,1040,2982,48
297,79116,1044,2976,1052,2984,64
297,79122,1054,2977,1061,2983,42
297,79132,1054,2963,1064,2972,90
297,79128,1083,2966,1090,2972,42
297,79134,1097,2966,1106,2972,54
297,79135,1118,2962,1124,2973,66
297,79136,1151,2967,1160,2976,81
297,79139,1134,2966,1143,2971,45
298,78911,1706,3104,1728,3117,286
298,78896,702,2980,709,2985,35
298,78971,766,2986,774,2996,80
298,79045,774,2980,785,2988,88
298,79037,791,2982,802,2988,66
298,78897,809,2983,816,2991,56
298,78899,835,2980,845,2991,110
298,79098,896,2984,905,2991,63
298,79097,862,2979,871,2989,90
298,79102,923,2981,928,2987,30
298,79103,942,2980,951,2986,54
298,79105,959,2978,966,2984,42
298,79108,987,2974,998,2986,132
298,79110,1005,2975,1012,2985,70
298,79111,1015,2975,1026,2983,88
298,79115,1028,2974,1036,2985,88
298,79116,1037,2976,1046,2982,54
298,79122,1047,2978,1055,2986,64
298,79132,1051,2966,1060,2974,72
298,79128,1078,2968,1085,2976,56
298,79134,1094,2967,1101,2972,35
298,79135,1110,2966,1120,2972,60
298,79136,1146,2967,1154,2973,48
298,79139,1129,2963,1137,2972,72
299,78911,1707,3105,1728,3116,231
299,78896,692,2977,705,2988,143
299,78971,761,2986,769,2992,48
299,78969,720,2979,728,2984,40
299,79045,770,2982,781,2988,66
299,79037,785,2979,796,2987,88
299,78897,802,2983,812,2989,60
299,78899,829,2982,839,2992,100
299,79098,889,2979,897,2987,64
299,79097,853,2983,865,2992,108
299,79103,937,2982,946,2987,45
299,79102,916,2984,923,2989,35
299,79105,953,2977,960,2984,49
299,79108,981,2976,990,2986,90
299,79110,999,2975,1007,2985,80
299,79111,1010,2975,1018,2984,72
299,79115,1021,2975,1031,2982,70
299,79116,1030,2973,1039,2982,81
299,79122,1041,2978,1049,2987,72
299,79132,1042,2966,1053,2974,88
299,79128,1073,2967,1081,2974,56
299,79134,1086,2967,1095,2973,54
299,79135,1106,2966,1113,2974,56
299,79136,1140,2963,1148,2973,80
299,79139,1123,2963,1131,2972,72
300,78911,1708,3105,1728,3116,220
300,78896,685,2971,701,2986,240
300,78971,753,2981,761,2993,96
300,78969,715,2979,720,2984,25
300,79045,762,2982,775,2989,91
300,79037,779,2980,791,2988,96
300,78897,798,2979,806,2988,72
300,78899,822,2983,833,2992,99
300,79097,849,2982,859,2991,90
300,79098,881,2980,892,2988,88
300,79102,910,2983,916,2989,36
300,79103,930,2981,938,2989,64
300,79105,947,2980,954,2983,21
300,79108,973,2971,985,2981,120
300,79110,990,2974,999,2981,63
300,79111,1004,2973,1013,2984,99
300,79115,1017,2972,1024,2982,70
300,79116,1025,2974,1034,2983,81
300,79122,1035,2975,1043,2984,72
300,79132,1038,2966,1048,2973,70
300,79128,1066,2962,1075,2972,90
300,79134,1081,2967,1089,2975,64
300,79135,1102,2963,1109,2971,56
300,79136,1137,2967,1144,2974,49
300,79139,1118,2964,1126,2971,56
301,78911,1708,3105,1727,3116,209
301,78896,678,2971,695,2984,221
301,78971,746,2986,756,2993,70
301,78969,707,2979,714,2984,35
301,79045,757,2980,768,2990,110
301,79037,774,2983,785,2988,55
301,78897,791,2982,800,2988,54
301,78899,817,2983,825,2992,72
301,79097,843,2979,852,2988,81
301,79098,877,2982,885,2992,80
301,79103,924,2982,933,2989,63
301,79102,903,2983,911,2988,40
301,79105,940,2981,947,2986,35
301,79108,968,2976,979,2984,88
301,79110,983,2975,993,2983,80
301,79111,997,2973,1007,2982,90
301,79115,1010,2975,1017,2981,42
301,79116,1019,2975,1027,2983,64
301,79132,1030,2964,1040,2972,80
301,79128,1061,2966,1070,2973,63
301,79134,1076,2966,1085,2973,63
301,79135,1094,2962,1104,2970,80
301,79136,1131,2966,1137,2973,42
301,79139,1112,2964,1120,2972,64
302,78911,1708,3106,1727,3116,190
302,78896,677,2976,686,2986,90
302,78971,740,2986,752,2994,96
302,78969,698,2978,708,2987,90
302,79045,749,2979,761,2988,108
302,79037,769,2980,777,2986,48
302,78897,783,2982,793,2989,70
302,78899,809,2978,820,2989,121
302,79097,836,2979,847,2988,99
302,79098,871,2983,879,2991,64
302,79102,895,2979,904,2988,81
302,79103,917,2978,926,2987,81
302,79105,935,2978,941,2984,36
302,79108,962,2978,971,2987,81
302,79110,980,2979,988,2984,40
302,79115,1004,2975,1012,2984,72
302,79116,1014,2972,1021,2981,63
302,79122,1023,2979,1032,2987,72
302,79132,1027,2966,1036,2974,72
302,79128,1054,2966,1064,2973,70
302,79134,1069,2963,1078,2972,81
302,79135,1089,2967,1099,2973,60
302,79136,1125,2965,1131,2971,36
302,79139,1105,2962,1114,2972,90
303,78911,1708,3107,1728,3116,180
303,78896,668,2973,682,2986,182
303,78971,736,2983,744,2991,64
303,78969,691,2978,704,2985,91
303,79045,743,2980,754,2987,77
303,79037,763,2980,770,2986,42
303,78897,779,2981,787,2987,48
303,78899,804,2983,814,2991,80
303,79098,864,2979,873,2988,81
303,79097,830,2979,840,2991,120
303,79102,892,2983,897,2991,40
303,79103,912,2982,921,2988,54
303,79105,928,2976,936,2985,72
303,79108,954,2975,966,2984,108
303,79110,973,2977,982,2984,63
303,79111,987,2978,993,2985,42
303,79115,999,2975,1007,2984,72
303,79116,1006,2972,1016,2980,80
303,79122,1019,2978,1025,2984,36
303,79132,1020,2966,1030,2973,70
303,79128,1050,2966,1056,2971,30
303,79134,1066,2965,1073,2972,49
303,79135,1081,2965,1091,2972,70
303,79136,1119,2963,1126,2971,56
303,79139,1102,2963,1109,2971,56
304,78911,1708,3108,1723,3116,120
304,78897,772,2978,784,2989,132
304,78896,662,2974,673,2983,99
304,78971,730,2984,737,2992,56
304,78969,684,2976,695,2984,88
304,79045,735,2981,748,2989,104
304,79037,755,2981,765,2989,80
304,78899,799,2983,808,2992,81
304,79097,825,2978,836,2989,121
304,79098,858,2980,867,2989,81
304,79103,905,2983,913,2990,56
304,79102,886,2984,892,2992,48
304,79105,924,2982,929,2986,20
304,79108,949,2974,959,2982,80
304,79110,968,2974,974,2983,54
304,79111,980,2976,988,2985,72
304,79115,991,2975,1000,2983,72
304,79116,1001,2973,1009,2983,80
304,79122,1011,2975,1019,2985,80
304,79132,1014,2964,1024,2972,80
304,79128,1044,2964,1053,2973,81
304,79134,1059,2966,1068,2976,90
304,79135,1080,2963,1086,2970,42
304,79136,1114,2967,1120,2971,24
304,79139,1095,2964,1103,2971,56
305,78911,1707,3109,1723,3117,128
305,78897,767,2981,776,2988,63
305,78896,653,2973,668,2983,150
305,78971,718,2987,731,2993,78
305,78969,682,2979,689,2984,35
305,79045,730,2979,742,2989,120
305,79037,750,2982,759,2988,54
305,78899,793,2980,802,2990,90
305,79098,850,2982,860,2991,90
305,79097,817,2975,829,2986,132
305,79102,878,2979,884,2988,54
305,79103,898,2979,907,2987,72
305,79105,915,2981,924,2988,63
305,79108,945,2977,955,2985,80
305,79110,961,2976,968,2984,56
305,79111,974,2975,980,2982,42
305,79115,983,2975,992,2984,81
305,79116,994,2975,1004,2983,80
305,79122,1006,2978,1012,2985,42
305,79132,1007,2965,1019,2972,84
305,79128,1038,2967,1047,2973,54
305,79134,1054,2967,1062,2972,40
305,79135,1075,2963,1080,2970,35
305,79136,1106,2965,1115,2973,72
305,79139,1090,2963,1098,2970,56
306,78911,1707,3110,1722,3118,120
306,78896,649,2975,660,2985,110
306,78971,713,2986,723,2993,70
306,78969,674,2979,682,2984,40
306,79045,724,2978,737,2988,130
306,79037,743,2978,752,2984,54
306,78897,760,2981,770,2989,80
306,78899,786,2982,796,2989,70
306,79097,810,2978,823,2989,143
306,79098,846,2982,854,2989,56
306,79102,871,2979,879,2987,64
306,79103,891,2979,899,2986,56
306,79108,935,2977,946,2986,99
306,79110,955,2978,961,2986,48
306,79111,966,2977,974,2984,56
306,79115,979,2975,988,2983,72
306,79116,989,2971,998,2979,72
306,79122,999,2979,1006,2986,49
306,79132,1002,2966,1013,2975,99
306,79134,1045,2963,1055,2972,90
306,79128,1031,2967,1041,2973,60
306,79136,1102,2965,1112,2968,30
306,79139,1087,2962,1092,2970,40
307,78911,1705,3111,1720,3119,120
307,78897,755,2979,766,2989,110
307,78896,644,2976,653,2983,63
307,78971,710,2982,716,2992,60
307,78969,670,2976,676,2983,42
307,79045,718,2980,730,2988,96
307,79037,736,2979,745,2987,72
307,78899,779,2982,788,2988,54
307,79098,837,2977,848,2987,110
307,79097,807,2979,816,2989,90
307,79103,886,2980,895,2990,90
307,79102,864,2983,872,2990,56
307,79105,903,2980,911,2984,32
307,79108,931,2976,941,2985,90
307,79110,948,2978,955,2985,49
307,79111,961,2979,969,2985,48
307,79115,974,2975,982,2983,64
307,79116,982,2971,991,2980,81
307,79122,994,2977,1001,2985,56
307,79132,998,2965,1009,2974,99
307,79134,1041,2966,1053,2974,96
307,79128,1027,2963,1035,2971,64
307,79135,1062,2965,1071,2972,63
307,79136,1098,2962,1105,2969,49
307,79139,1080,2959,1088,2968,72
308,78911,1704,3112,1720,3120,128
308,78897,750,2979,758,2988,72
308,78896,638,2970,647,2981,99
308,78971,703,2982,709,2994,72
308,78969,662,2973,671,2982,81
308,79045,710,2979,721,2988,99
308,79037,730,2980,739,2988,72
308,78899,774,2980,784,2987,70
308,79097,800,2978,810,2985,70
308,79103,880,2982,889,2989,63
308,79105,899,2980,905,2988,48
308,79108,920,2972,934,2984,168
308,79110,942,2975,948,2984,54
308,79111,953,2977,963,2984,70
308,79115,967,2975,977,2982,70
308,79116,978,2974,985,2981,49
308,79122,987,2975,994,2985,70
308,79132,992,2963,1002,2971,80
308,79128,1019,2964,1029,2971,70
308,79134,1035,2966,1045,2974,80
308,79135,1056,2963,1064,2969,48
308,79139,1072,2963,1083,2969,66
308,79136,1092,2963,1099,2969,42
309,78911,1704,3110,1719,3121,165
309,78897,743,2978,751,2988,80
309,78896,631,2970,642,2981,121
309,78971,693,2986,704,2994,88
309,78969,657,2978,664,2984,42
309,79045,703,2976,716,2989,169
309,79037,725,2980,734,2988,72
309,78899,766,2978,776,2987,90
309,79097,794,2974,804,2984,100
309,79102,855,2979,861,2988,54
309,79103,873,2979,881,2987,64
309,79105,892,2979,899,2988,63
309,79108,921,2977,929,2985,64
309,79110,935,2976,941,2985,54
309,79111,948,2975,955,2983,56
309,79115,959,2975,969,2982,70
309,79116,972,2975,979,2982,49
309,79122,983,2978,989,2986,48
309,79132,989,2966,999,2973,70
309,79134,1030,2964,1041,2971,77
309,79128,1014,2965,1025,2973,88
309,79135,1049,2962,1060,2968,66
309,79139,1065,2963,1077,2970,84
309,79136,1086,2964,1095,2972,72
310,78911,1700,3114,1718,3122,144
310,78897,734,2980,748,2991,154
310,78896,624,2974,634,2984,100
310,78971,685,2985,698,2991,78
310,78969,651,2978,657,2984,36
310,79045,696,2976,711,2988,180
310,79037,722,2979,728,2987,48
310,78899,761,2979,772,2988,99
310,79098,819,2980,829,2987,70
310,79097,788,2978,799,2984,66
310,79103,869,2982,876,2988,42
310,79102,846,2982,856,2988,60
310,79105,886,2978,893,2984,42
310,79108,914,2979,923,2988,81
310,79110,930,2979,936,2987,48
310,79111,941,2977,949,2984,56
310,79115,954,2975,964,2984,90
310,79116,965,2971,974,2979,72
310,79122,975,2978,983,2987,72
310,79132,981,2966,994,2974,104
310,79134,1023,2964,1033,2972,80
310,79128,1009,2965,1020,2971,66
310,79135,1046,2964,1054,2969,40
310,79139,1061,2963,1073,2969,72
310,79136,1077,2964,1089,2972,96
311,78911,1703,3114,1718,3122,120
311,78897,731,2980,742,2989,99
311,78896,622,2975,628,2982,42
311,78971,681,2983,689,2991,64
311,78969,642,2974,651,2980,54
311,79045,689,2979,704,2988,135
311,79037,714,2982,720,2987,30
311,78899,755,2980,766,2988,88
311,79097,782,2978,793,2985,77
311,79098,811,2976,822,2985,99
311,79103,863,2983,870,2990,49
311,79102,840,2982,848,2992,80
311,79105,879,2977,887,2985,64
311,79108,907,2978,917,2987,90
311,79110,923,2978,930,2988,70
311,79111,935,2979,944,2987,72
311,79115,949,2976,958,2983,63
311,79116,958,2973,967,2981,72
311,79122,969,2976,975,2985,54
311,79132,976,2965,985,2972,63
311,79128,1006,2962,1013,2970,56
311,79134,1018,2964,1028,2976,120
311,79135,1040,2965,1048,2972,56
311,79139,1057,2962,1066,2969,63
311,79136,1074,2962,1083,2969,63
312,78911,1704,3118,1718,3123,70
312,78896,614,2967,623,2977,90
312,78897,726,2978,735,2985,63
312,78971,674,2983,684,2989,60
312,78969,635,2971,645,2980,90
312,79045,684,2978,699,2989,165
312,79037,706,2982,715,2988,54
312,78899,750,2978,760,2985,70
312,79097,778,2976,784,2985,54
312,79098,808,2979,816,2987,64
312,79102,833,2982,843,2990,80
312,79103,859,2983,864,2988,25
312,79105,872,2981,881,2988,63
312,79108,900,2975,909,2985,90
312,79110,918,2975,925,2984,63
312,79111,928,2978,937,2986,72
312,79115,945,2971,952,2983,84
312,79116,953,2973,961,2982,72
312,79122,963,2974,970,2984,70
312,79132,970,2963,979,2972,81
312,79134,1014,2964,1023,2971,63
312,79128,1001,2964,1008,2971,49
312,79135,1037,2964,1043,2969,30
312,79139,1050,2962,1061,2969,77
312,79136,1070,2962,1078,2969,56
313,78911,1699,3118,1717,3124,108
313,78896,606,2969,615,2980,99
313,78897,721,2978,730,2987,81
313,78971,666,2985,678,2993,96
313,78969,631,2977,640,2984,63
313,79045,675,2976,694,2987,209
313,79037,702,2983,709,2988,35
313,78899,745,2978,753,2985,56
313,79097,771,2976,780,2984,72
313,79098,802,2979,810,2988,72
313,79103,850,2978,858,2986,64
313,79102,828,2979,835,2989,70
313,79105,866,2980,875,2989,81
313,79108,894,2976,905,2987,121
313,79111,925,2976,930,2984,40
313,79115,938,2975,945,2982,49
313,79116,947,2973,957,2981,80
313,79122,958,2976,964,2987,66
313,79132,968,2966,976,2974,64
313,79128,993,2964,1002,2973,81
313,79134,1009,2963,1016,2972,63
313,79135,1029,2959,1040,2969,110
313,79139,1046,2963,1055,2969,54
313,79136,1063,2963,1073,2971,80
314,78911,1698,3120,1712,3126,84
314,78897,710,2980,722,2989,108
314,78896,600,2970,611,2981,121
314,78969,626,2976,635,2982,54
314,78971,659,2983,670,2989,66
314,79045,669,2975,688,2986,209
314,79037,694,2979,703,2984,45
314,78899,738,2979,747,2987,72
314,79097,764,2976,775,2985,99
314,79098,796,2979,804,2984,40
314,79102,822,2983,829,2988,35
314,79103,845,2981,852,2990,63
314,79105,859,2976,868,2987,99
314,79108,887,2979,897,2989,100
314,79110,902,2979,912,2989,100
314,79111,916,2978,925,2984,54
314,79115,931,2975,940,2984,81
314,79116,941,2967,950,2979,108
314,79122,953,2976,958,2986,50
314,79132,960,2964,969,2973,81
314,79128,991,2963,995,2971,32
314,79134,1005,2965,1013,2973,64
314,79135,1024,2964,1032,2968,32
314,79139,1041,2959,1051,2966,70
314,79136,1059,2963,1067,2972,72
315,78911,1698,3122,1711,3127,65
315,78897,707,2979,716,2987,72
315,78896,594,2969,605,2978,99
315,78971,654,2980,664,2988,80
315,78969,618,2970,628,2979,90
315,79045,663,2977,672,2984,63
315,79037,690,2982,697,2987,35
315,78899,733,2978,741,2986,64
315,79098,790,2979,798,2984,40
315,79097,759,2977,768,2985,72
315,79102,815,2983,823,2989,48
315,79103,839,2982,848,2991,81
315,79105,854,2975,861,2985,70
315,79108,881,2978,893,2986,96
315,79110,898,2978,907,2987,81
315,79111,910,2978,920,2987,90
315,79115,926,2975,935,2984,81
315,79116,934,2970,944,2979,90
315,79122,947,2975,952,2984,45
315,79132,953,2961,963,2972,110
315,79128,982,2959,992,2969,100
315,79134,997,2965,1006,2973,72
315,79135,1018,2962,1027,2972,90
315,79139,1035,2959,1046,2967,88
315,79136,1054,2962,1061,2969,49
316,78911,1695,3124,1710,3128,60
316,78896,591,2966,597,2977,66
316,78897,702,2976,713,2985,99
316,78971,645,2982,658,2990,104
316,78969,610,2971,622,2980,108
316,79045,656,2976,672,2989,208
316,79037,681,2982,689,2989,56
316,78899,726,2977,736,2985,80
316,79097,753,2974,763,2983,90
316,79102,811,2978,818,2988,70
316,79103,830,2976,841,2986,110
316,79105,851,2981,856,2990,45
316,79108,873,2975,884,2986,121
316,79110,891,2975,901,2985,100
316,79111,904,2978,913,2987,81
316,79115,920,2971,928,2981,80
316,79116,929,2973,937,2981,64
316,79122,937,2973,944,2979,42
316,79132,946,2961,959,2972,143
316,79128,978,2962,985,2973,77
316,79134,992,2964,1001,2972,72
316,79135,1013,2964,1022,2971,63
316,79139,1031,2960,1040,2968,72
316,79136,1048,2962,1056,2969,56
317,78911,1694,3125,1708,3130,70
317,78896,583,2970,594,2977,77
317,78897,696,2978,703,2985,49
317,78971,639,2983,649,2991,80
317,78969,606,2974,616,2983,90
317,79045,648,2972,670,2986,308
317,78899,721,2977,730,2985,72
317,79098,778,2979,788,2984,50
317,79097,747,2975,757,2984,90
317,79102,803,2980,812,2987,63
317,79103,824,2979,835,2987,88
317,79105,844,2980,851,2989,63
317,79108,869,2979,879,2990,110
317,79110,886,2979,892,2988,54
317,79111,897,2975,907,2983,80
317,79115,913,2974,922,2982,72
317,79116,925,2971,932,2979,56
317,79122,935,2978,940,2986,40
317,79132,942,2963,952,2975,120
317,79128,971,2962,980,2973,99
317,79134,986,2961,995,2970,81
317,79135,1008,2958,1017,2970,108
317,79139,1025,2959,1035,2966,70
317,79136,1042,2963,1052,2968,50
318,78911,1693,3124,1704,3132,88
318,78896,577,2961,588,2987,286
318,78897,688,2978,698,2990,120
318,78971,632,2982,644,2988,72
318,78969,600,2971,610,2982,110
318,79045,641,2972,662,2985,273
318,78899,714,2978,721,2985,49
318,79097,742,2975,752,2985,100
318,79098,771,2977,781,2983,60
318,79102,798,2983,805,2988,35
318,79103,817,2980,828,2988,88
318,79105,836,2975,844,2986,88
318,79108,862,2978,874,2991,156
318,79110,879,2979,887,2989,80
318,79111,891,2975,901,2984,90
318,79115,908,2975,918,2985,100
318,79116,917,2967,927,2978,110
318,79122,930,2976,935,2985,45
318,79132,939,2962,948,2970,72
318,79128,966,2958,975,2969,99
318,79134,983,2963,990,2972,63
318,79136,1037,2962,1046,2968,54
318,79139,1021,2956,1029,2965,72
319,78911,1691,3126,1704,3133,91
319,78897,682,2978,691,2988,90
319,78896,571,2968,581,2977,90
319,78971,629,2979,637,2988,72
319,78969,594,2971,605,2978,77
319,79045,637,2975,656,2985,190
319,79037,662,2982,672,2988,60
319,78899,706,2979,715,2985,54
319,79097,736,2976,745,2985,81
319,79098,765,2976,776,2982,66
319,79102,794,2983,801,2987,28
319,79103,813,2979,822,2985,54
319,79105,830,2976,838,2986,80
319,79108,858,2978,867,2987,81
319,79110,872,2979,881,2986,63
319,79111,884,2978,895,2986,88
319,79115,903,2976,912,2984,72
319,79116,910,2968,920,2981,130
319,79122,921,2971,930,2984,117
319,79132,930,2958,943,2971,169
319,79128,959,2963,969,2969,60
319,79134,975,2964,985,2972,80
319,79135,999,2965,1004,2974,45
319,79139,1013,2959,1024,2965,66
319,79136,1032,2961,1041,2968,63
320,78911,1689,3128,1703,3135,98
320,78896,565,2963,576,2978,165
320,78897,678,2977,684,2985,48
320,78969,588,2968,597,2976,72
320,78971,621,2974,637,2988,224
320,79045,640,2979,649,2986,63
320,79037,654,2981,664,2988,70
320,78899,702,2977,710,2982,40
320,79097,731,2972,739,2983,88
320,79098,758,2977,768,2984,70
320,79102,785,2979,793,2984,40
320,79103,806,2979,817,2985,66
320,79105,824,2980,832,2989,72
320,79108,849,2975,860,2986,121
320,79110,867,2976,875,2985,72
320,79111,878,2977,890,2987,120
320,79115,896,2970,906,2982,120
320,79116,905,2971,916,2981,110
320,79122,918,2976,924,2984,48
320,79132,928,2963,938,2972,90
320,79128,955,2962,964,2972,90
320,79134,971,2960,979,2969,72
320,79135,991,2963,1000,2969,54
320,79139,1010,2959,1018,2968,72
320,79136,1027,2961,1035,2967,48
321,78911,1688,3129,1702,3136,98
321,78897,671,2977,678,2985,56
321,78896,563,2969,570,2976,49
321,78971,614,2972,632,2989,306
321,78969,581,2971,592,2980,99
321,79045,635,2979,644,2984,45
321,79037,647,2979,656,2984,45
321,78899,696,2976,703,2982,42
321,79097,723,2975,733,2983,80
321,79098,752,2977,763,2984,77
321,79103,800,2981,810,2987,60
321,79102,782,2979,788,2984,30
321,79105,818,2981,827,2986,45
321,79108,842,2976,854,2987,132
321,79110,863,2979,870,2986,49
321,79111,874,2976,884,2986,100
321,79115,890,2975,900,2983,80
321,79116,900,2967,911,2977,110
321,79122,909,2975,917,2984,72
321,79132,922,2963,932,2970,70
321,79128,951,2963,960,2968,45
321,79134,963,2959,972,2968,81
321,79135,987,2959,995,2968,72
321,79139,1006,2959,1013,2964,35
321,79136,1020,2962,1029,2968,54
322,78911,1688,3131,1700,3138,84
322,78896,553,2969,565,2977,96
322,78971,607,2972,625,2988,288
322,78969,575,2970,587,2979,108
322,79045,628,2975,636,2984,72
322,78897,662,2978,672,2987,90
322,78899,688,2978,696,2982,32
322,79097,718,2976,727,2984,72
322,79098,750,2976,759,2983,63
322,79102,771,2981,781,2988,70
322,79103,794,2980,804,2986,60
322,79105,811,2975,820,2984,81
322,79108,838,2980,849,2991,121
322,79110,855,2980,863,2989,72
322,79111,868,2976,876,2986,80
322,79115,886,2975,895,2984,81
322,79116,894,2967,905,2977,110
322,79122,906,2974,913,2983,63
322,79132,918,2962,925,2969,49
322,79128,943,2959,954,2968,99
322,79134,961,2963,968,2973,70
322,79135,983,2965,991,2971,48
322,79139,1000,2955,1008,2964,72
322,79136,1014,2962,1023,2969,63
323,78911,1685,3131,1700,3139,120
323,78896,545,2964,559,2975,154
323,78969,570,2968,579,2976,72
323,78971,602,2974,619,2984,170
323,79045,622,2979,631,2984,45
323,79037,637,2979,646,2987,72
323,78897,658,2979,664,2984,30
323,78899,681,2977,691,2984,70
323,79097,710,2975,720,2983,80
323,79098,743,2975,752,2980,45
323,79103,790,2979,797,2984,35
323,79102,767,2980,776,2984,36
323,79105,804,2980,815,2985,55
323,79108,833,2978,843,2987,90
323,79110,848,2979,857,2986,63
323,79111,861,2978,870,2986,72
323,79115,881,2974,890,2984,90
323,79116,890,2971,899,2980,81
323,79122,899,2970,907,2982,96
323,79132,911,2961,922,2969,88
323,79128,942,2962,948,2971,54
323,79134,956,2963,964,2971,64
323,79135,978,2963,985,2973,70
323,79139,994,2956,1003,2963,63
323,79136,1012,2960,1016,2966,24
324,78911,1684,3134,1698,3140,84
324,78896,541,2963,552,2974,121
324,78971,598,2972,612,2989,238
324,78969,564,2967,573,2975,72
324,79045,616,2979,624,2985,48
324,79037,630,2980,637,2986,42
324,78897,651,2978,660,2984,54
324,78899,674,2974,685,2981,77
324,79097,705,2971,715,2982,110
324,79098,733,2975,744,2982,77
324,79103,785,2979,792,2984,35
324,79102,763,2976,768,2984,40
324,79105,799,2980,809,2988,80
324,79108,824,2974,835,2986,132
324,79110,842,2976,852,2985,90
324,79111,854,2977,866,2986,108
324,79115,874,2971,884,2984,130
324,79116,884,2969,896,2979,120
324,79122,895,2974,901,2985,66
324,79132,905,2962,914,2971,81
324,79128,934,2963,943,2971,72
324,79134,948,2959,957,2970,99
324,79135,973,2962,979,2968,36
324,79139,989,2958,999,2964,60
324,79136,1007,2961,1014,2966,35
325,78911,1681,3135,1697,3142,112
325,78896,536,2968,546,2977,90
325,78969,563,2971,569,2976,30
325,78971,591,2971,604,2987,208
325,79045,611,2975,617,2981,36
325,79037,623,2979,632,2984,45
325,78899,670,2975,680,2981,60
325,79097,698,2974,708,2982,80
325,79098,730,2975,738,2984,72
325,79102,755,2979,764,2984,45
325,79103,778,2981,786,2986,40
325,79105,795,2979,802,2984,35
325,79108,818,2977,830,2989,144
325,79110,839,2981,844,2986,25
325,79111,851,2979,859,2984,40
325,79115,868,2973,878,2983,100
325,79116,877,2965,887,2977,120
325,79122,886,2974,895,2984,90
325,79132,900,2963,909,2969,54
325,79128,930,2958,936,2970,72
325,79134,943,2959,952,2968,81
325,79135,966,2963,974,2968,40
325,79139,985,2955,992,2964,63
325,79136,1003,2961,1009,2968,42
326,78911,1681,3136,1696,3143,105
326,78896,529,2965,540,2974,99
326,78971,584,2971,600,2983,192
326,78969,554,2969,563,2976,63
326,79045,603,2975,609,2980,30
326,79037,619,2979,626,2984,35
326,78897,638,2978,649,2986,88
326,78899,662,2975,672,2982,70
326,79097,691,2975,700,2981,54
326,79098,725,2975,733,2981,48
326,79102,747,2979,759,2984,60
326,79105,787,2976,796,2985,81
326,79108,811,2977,824,2988,143
326,79110,830,2979,838,2988,72
326,79111,843,2975,853,2985,100
326,79115,863,2974,872,2985,99
326,79116,872,2967,882,2977,100
326,79122,879,2973,891,2983,120
326,79132,895,2958,904,2968,90
326,79128,922,2959,933,2969,110
326,79134,939,2963,948,2970,63
326,79135,963,2964,969,2973,54
326,79139,978,2953,988,2964,110
326,79136,999,2959,1004,2968,45
327,78911,1679,3137,1694,3144,105
327,78971,576,2972,593,2980,136
327,79045,599,2977,605,2985,48
327,79037,611,2979,619,2985,48
327,78897,634,2979,642,2984,40
327,78899,657,2977,666,2983,54
327,79097,686,2974,695,2979,45
327,79098,718,2974,726,2982,64
327,79102,741,2978,752,2984,66
327,79103,765,2977,774,2983,54
327,79108,807,2976,818,2985,99
327,79110,823,2978,833,2985,70
327,79111,841,2978,848,2986,56
327,79115,858,2975,864,2983,48
327,79116,868,2968,877,2980,108
327,79122,876,2973,884,2982,72
327,79132,891,2963,899,2970,56
327,79128,917,2959,928,2970,121
327,79134,935,2958,944,2968,90
327,79135,958,2964,965,2971,49
327,79139,974,2956,984,2964,80
327,79136,990,2954,997,2965,77
328,78911,1677,3139,1693,3145,96
328,78896,517,2960,530,2973,169
328,78969,541,2966,552,2975,99
328,78971,569,2971,587,2988,306
328,79045,591,2975,600,2984,81
328,79037,607,2979,612,2983,20
328,78897,626,2974,633,2984,70
328,78899,650,2976,661,2981,55
328,79097,679,2971,688,2980,81
328,79098,710,2975,721,2981,66
328,79102,737,2976,745,2983,56
328,79105,776,2980,785,2985,45
328,79108,801,2977,811,2986,90
328,79110,818,2976,827,2985,81
328,79111,832,2979,840,2987,64
328,79115,853,2971,860,2982,77
328,79116,862,2967,873,2977,110
328,79122,871,2976,880,2984,72
328,79132,884,2964,894,2971,70
328,79128,914,2959,923,2969,90
328,79134,929,2959,939,2966,70
328,79135,952,2959,958,2969,60
328,79139,968,2956,978,2964,80
328,79136,983,2956,993,2967,110
329,78911,1676,3140,1691,3145,75
329,78896,514,2966,524,2973,70
329,78971,565,2967,580,2984,255
329,78969,534,2968,546,2976,96
329,79045,586,2971,595,2980,81
329,79037,599,2975,608,2983,72
329,78899,644,2974,654,2981,70
329,79098,704,2975,715,2981,66
329,79097,673,2972,684,2980,88
329,79102,731,2976,739,2983,56
329,79105,771,2979,780,2984,45
329,79108,793,2979,807,2989,140
329,79110,811,2979,820,2987,72
329,79111,828,2978,836,2984,48
329,79115,847,2974,856,2981,63
329,79116,857,2964,866,2975,99
329,79122,865,2974,874,2984,90
329,79132,879,2961,889,2970,90
329,79128,910,2958,918,2967,72
329,79134,922,2959,932,2967,80
329,79136,979,2958,988,2968,90
329,79139,965,2955,972,2964,63
330,78911,1676,3139,1692,3147,128
330,78896,505,2964,521,2973,144
330,78971,558,2972,575,2980,136
330,78969,531,2968,540,2975,63
330,79045,582,2974,588,2981,42
330,79037,592,2977,602,2984,70
330,78897,610,2978,621,2985,77
330,78899,638,2975,649,2983,88
330,79097,666,2971,677,2980,99
330,79098,698,2972,708,2978,60
330,79102,723,2976,732,2984,72
330,79103,750,2975,756,2983,48
330,79105,767,2979,772,2984,25
330,79108,789,2978,800,2986,88
330,79110,807,2979,814,2988,63
330,79111,821,2977,830,2984,63
330,79115,840,2974,851,2984,110
330,79116,851,2967,862,2975,88
330,79122,861,2972,869,2982,80
330,79132,872,2959,883,2969,110
330,79128,907,2963,913,2969,36
330,79134,918,2959,929,2968,99
330,79135,942,2962,948,2973,66
330,79139,960,2951,967,2962,77
330,79136,978,2959,985,2966,49
331,78911,1675,3141,1688,3147,78
331,78896,502,2962,513,2971,99
331,78897,606,2976,618,2983,84
331,78971,552,2970,568,2984,224
331,78969,526,2966,535,2973,63
331,79045,575,2975,582,2983,56
331,79037,587,2976,597,2983,70
331,78899,632,2975,641,2984,81
331,79097,663,2970,672,2976,54
331,79098,692,2972,702,2978,60
331,79102,719,2976,728,2983,63
331,79103,742,2976,750,2983,56
331,79105,759,2979,769,2984,50
331,79108,784,2976,794,2985,90
331,79110,799,2978,809,2985,70
331,79111,815,2978,826,2986,88
331,79115,834,2974,845,2982,88
331,79116,846,2968,856,2975,70
331,79122,853,2975,865,2981,72
331,79132,867,2960,878,2971,121
331,79128,898,2961,908,2969,80
331,79134,915,2959,923,2967,64
331,79135,934,2959,944,2968,90
331,79139,954,2955,964,2963,80
332,78911,1674,3142,1688,3148,84
332,78896,495,2962,507,2972,120
332,78897,599,2973,613,2984,154
332,78971,547,2970,563,2983,208
332,78969,519,2963,528,2972,81
332,79045,569,2974,577,2981,56
332,79037,580,2972,588,2980,64
332,78899,625,2974,634,2982,72
332,79097,655,2967,665,2977,100
332,79098,687,2972,697,2979,70
332,79102,715,2975,720,2980,25
332,79103,734,2976,743,2983,63
332,79105,751,2979,760,2984,45
332,79108,777,2976,786,2986,90
332,79110,792,2978,803,2985,77
332,79111,807,2977,818,2985,88
332,79115,830,2970,841,2981,121
332,79116,843,2967,853,2975,80
332,79122,847,2975,857,2985,100
332,79132,861,2959,875,2968,126
332,79134,911,2960,920,2966,54
332,79128,894,2959,901,2967,56
332,79135,930,2959,939,2968,81
332,79139,949,2956,958,2964,72
333,78911,1673,3142,1687,3149,98
333,78896,491,2964,502,2972,88
333,78897,597,2975,605,2985,80
333,78971,541,2966,558,2981,255
333,78969,514,2966,523,2973,63
333,79045,562,2971,571,2980,81
333,79037,579,2976,585,2980,24
333,78899,617,2971,629,2981,120
333,79097,650,2969,659,2976,63
333,79098,681,2973,690,2981,72
333,79102,707,2975,716,2980,45
333,79103,729,2975,739,2983,80
333,79105,747,2975,756,2983,72
333,79108,770,2978,779,2988,90
333,79110,786,2980,797,2988,88
333,79111,802,2978,811,2984,54
333,79115,823,2974,835,2982,96
333,79116,838,2962,847,2973,99
333,79122,844,2974,851,2985,77
333,79132,856,2957,867,2968,121
333,79128,887,2959,897,2965,60
333,79134,907,2960,914,2966,42
333,79135,929,2963,935,2970,42
333,79139,946,2955,953,2961,42
333,79136,962,2959,969,2965,42
334,78911,1672,3143,1687,3150,105
334,78896,486,2963,496,2969,60
334,78897,587,2975,600,2983,104
334,78971,535,2969,551,2980,176
334,78969,509,2967,518,2972,45
334,79045,557,2974,565,2982,64
334,79037,567,2975,578,2984,99
334,78899,613,2974,625,2981,84
334,79097,643,2970,653,2980,100
334,79098,675,2970,685,2976,60
334,79102,699,2976,709,2981,50
334,79103,723,2973,732,2980,63
334,79105,739,2975,748,2982,63
334,79108,764,2978,776,2985,84
334,79110,783,2978,793,2986,80
334,79111,795,2977,806,2983,66
334,79115,818,2974,829,2982,88
334,79116,833,2966,843,2977,110
334,79122,839,2974,848,2983,81
334,79132,848,2957,862,2967,140
334,79128,882,2959,892,2968,90
334,79134,900,2958,909,2968,90
334,79135,920,2962,930,2969,70
334,79139,938,2951,949,2960,99
334,79136,956,2956,965,2964,72
335,78911,1670,3143,1686,3150,112
335,78897,582,2972,593,2981,99
335,78896,482,2959,489,2967,56
335,78971,530,2969,545,2981,180
335,78969,503,2963,513,2970,70
335,79045,551,2974,559,2981,56
335,79037,564,2975,572,2980,40
335,78899,606,2974,618,2982,96
335,79097,639,2967,648,2977,90
335,79098,669,2967,678,2976,81
335,79103,716,2974,725,2980,54
335,79102,695,2975,702,2980,35
335,79105,731,2975,742,2985,110
335,79108,761,2975,769,2984,72
335,79110,775,2977,785,2984,70
335,79111,789,2978,800,2985,77
335,79115,814,2973,823,2980,63
335,79116,827,2966,838,2975,99
335,79122,834,2979,842,2984,40
335,79132,844,2957,859,2969,180
335,79134,893,2957,904,2966,99
335,79128,878,2959,888,2968,90
335,79135,919,2959,925,2969,60
335,79139,936,2954,945,2960,54
335,79136,950,2956,961,2960,44
336,78911,1669,3143,1685,3151,128
336,78896,473,2962,485,2968,72
336,78897,575,2972,587,2981,108
336,78971,523,2967,540,2982,255
336,78969,497,2963,507,2970,70
336,79045,545,2971,554,2979,72
336,79037,555,2967,566,2980,143
336,78899,602,2970,612,2981,110
336,79097,630,2967,640,2976,90
336,79098,665,2971,672,2976,35
336,79102,690,2970,697,2980,70
336,79103,710,2975,720,2983,80
336,79105,727,2977,736,2984,63
336,79110,768,2979,778,2984,50
336,79111,783,2977,795,2985,96
336,79115,807,2970,818,2979,99
336,79116,823,2962,833,2973,110
336,79122,827,2979,837,2987,80
336,79132,839,2957,854,2968,165
336,79128,875,2958,880,2966,40
336,79134,890,2958,900,2966,80
336,79135,911,2958,924,2969,143
336,79139,931,2956,939,2964,64
336,79136,946,2956,956,2962,60
337,78911,1668,3144,1683,3151,105
337,78896,471,2962,479,2968,48
337,78897,568,2974,580,2984,120
337,78971,520,2964,534,2978,196
337,78969,491,2963,503,2971,96
337,79045,538,2968,547,2976,72
337,79037,550,2970,560,2980,100
337,78899,593,2970,606,2980,130
337,79097,624,2966,634,2975,90
337,79098,654,2971,666,2979,96
337,79103,704,2974,715,2981,77
337,79105,723,2971,731,2980,72
337,79108,745,2978,757,2986,96
337,79110,762,2979,772,2984,50
337,79111,776,2975,788,2982,84
337,79115,803,2974,814,2981,77
337,79116,818,2962,828,2973,110
337,79122,822,2975,830,2984,72
337,79132,835,2956,850,2967,165
337,79134,883,2957,894,2967,110
337,79128,869,2958,877,2964,48
337,79135,907,2961,917,2968,70
337,79139,926,2954,935,2961,63
337,79136,946,2958,951,2966,40
338,78911,1668,3144,1683,3151,105
338,78896,464,2960,475,2968,88
338,78897,563,2973,576,2986,169
338,78971,515,2967,529,2977,140
338,78969,486,2963,496,2971,80
338,79045,534,2971,541,2980,63
338,79037,543,2971,554,2980,99
338,78899,589,2972,600,2982,110
338,79097,619,2967,629,2977,100
338,79098,653,2969,661,2977,64
338,79103,699,2970,709,2979,90
338,79102,676,2974,685,2984,90
338,79105,715,2975,724,2981,54
338,79108,739,2975,751,2983,96
338,79110,758,2979,766,2984,40
338,79111,770,2975,782,2983,96
338,79115,798,2972,810,2981,108
338,79116,816,2965,825,2976,99
338,79122,815,2974,825,2984,100
338,79132,830,2959,843,2968,117
338,79128,863,2958,872,2969,99
338,79134,879,2957,888,2965,72
338,79135,902,2960,912,2969,90
338,79139,921,2952,931,2961,90
338,79136,941,2955,947,2965,60
339,78911,1667,3144,1684,3152,136
339,78896,459,2958,469,2969,110
339,78897,558,2971,569,2979,88
339,78969,484,2963,492,2968,40
339,78971,509,2967,524,2980,195
339,79045,527,2971,536,2979,72
339,79037,538,2968,550,2976,96
339,78899,584,2972,594,2980,80
339,79097,615,2967,624,2976,81
339,79098,643,2964,656,2976,156
339,79103,692,2972,702,2980,80
339,79102,673,2974,678,2984,50
339,79105,707,2976,718,2984,88
339,79108,731,2972,744,2983,143
339,79110,751,2975,760,2984,81
339,79111,765,2977,776,2984,77
339,79115,792,2970,802,2979,90
339,79116,808,2963,820,2974,132
339,79122,809,2979,820,2985,66
339,79132,825,2958,839,2969,154
339,79128,858,2958,869,2965,77
339,79134,874,2954,885,2964,110
339,79135,896,2958,907,2967,99
339,79139,915,2955,926,2962,77
339,79136,932,2952,945,2960,104
340,78911,1667,3145,1684,3152,119
340,78897,551,2971,563,2981,120
340,78896,450,2958,461,2966,88
340,78969,479,2963,485,2969,36
340,78971,504,2967,516,2980,156
340,79045,523,2967,531,2977,80
340,79037,533,2966,544,2976,110
340,78899,578,2970,588,2978,80
340,79097,607,2963,620,2974,143
340,79098,641,2967,649,2976,72
340,79102,663,2968,672,2977,81
340,79103,686,2972,696,2982,100
340,79105,703,2975,712,2981,54
340,79108,727,2975,739,2984,108
340,79110,747,2978,753,2982,24
340,79111,761,2977,770,2983,54
340,79115,787,2970,796,2978,72
340,79116,802,2960,815,2970,130
340,79122,804,2978,815,2986,88
340,79132,820,2954,832,2966,144
340,79128,853,2958,862,2965,63
340,79134,870,2956,880,2964,80
340,79135,891,2959,904,2966,91
340,79139,912,2957,922,2963,60
340,79136,927,2951,940,2961,130
341,78911,1666,3145,1682,3152,112
341,78896,446,2959,458,2969,120
341,78897,545,2972,556,2981,99
341,78969,471,2963,480,2968,45
341,78971,499,2965,508,2978,117
341,79045,515,2967,525,2976,90
341,79037,528,2970,537,2976,54
341,78899,571,2971,581,2978,70
341,79097,602,2966,613,2973,77
341,79098,630,2967,643,2976,117
341,79102,662,2972,667,2978,30
341,79103,681,2971,690,2976,45
341,79105,696,2971,706,2979,80
341,79108,720,2975,733,2985,130
341,79110,738,2978,748,2985,70
341,79115,780,2972,791,2981,99
341,79116,797,2960,810,2970,130
341,79122,799,2974,811,2985,132
341,79132,813,2955,826,2964,117
341,79134,865,2957,875,2966,90
341,79128,848,2959,857,2966,63
341,79135,886,2959,898,2967,96
341,79139,907,2955,917,2961,60
341,79136,926,2955,934,2964,72
342,78911,1666,3145,1682,3152,112
342,78896,443,2958,453,2965,70
342,78897,540,2971,550,2978,70
342,78969,466,2962,476,2968,60
342,78971,494,2967,504,2976,90
342,79045,511,2967,519,2979,96
342,79037,522,2967,531,2977,90
342,78899,565,2971,577,2979,96
342,79097,597,2967,605,2976,72
342,79098,629,2967,637,2977,80
342,79102,655,2972,661,2981,54
342,79103,674,2969,683,2976,63
342,79105,691,2975,700,2980,45
342,79108,713,2971,726,2982,143
342,79110,734,2975,741,2981,42
342,79115,777,2971,785,2980,72
342,79116,793,2962,805,2973,132
342,79122,792,2975,804,2985,120
342,79132,808,2956,823,2969,195
342,79128,843,2958,852,2966,72
342,79134,861,2957,869,2964,56
342,79135,883,2959,893,2967,80
342,79139,903,2954,912,2960,54
342,79136,920,2955,929,2964,81
343,78911,1667,3145,1682,3152,105
343,78897,535,2966,545,2977,110
343,78896,438,2955,446,2965,80
343,78969,463,2960,472,2968,72
343,78971,487,2965,498,2977,132
343,79045,507,2965,513,2976,66
343,79037,518,2966,525,2972,42
343,78899,559,2970,569,2977,70
343,79097,590,2967,600,2972,50
343,79098,623,2965,632,2975,90
343,79102,646,2971,655,2976,45
343,79103,668,2972,678,2980,80
343,79105,687,2974,696,2982,72
343,79108,708,2972,721,2983,143
343,79110,728,2972,735,2981,63
343,79111,744,2977,750,2984,42
343,79115,770,2970,781,2977,77
343,79116,789,2962,802,2972,130
343,79122,788,2978,799,2989,121
343,79132,804,2958,819,2967,135
343,79128,838,2955,849,2965,110
343,79134,854,2955,865,2964,99
343,79135,879,2958,888,2965,63
343,79139,897,2956,908,2962,66
343,79136,917,2955,927,2962,70
344,78911,1666,3145,1682,3152,112
344,78897,531,2971,538,2979,56
344,78896,432,2958,440,2965,56
344,78971,483,2964,493,2976,120
344,78969,455,2958,464,2965,63
344,79045,500,2963,508,2974,88
344,79037,513,2967,522,2973,54
344,78899,553,2967,563,2976,90
344,79097,585,2963,595,2974,110
344,79098,619,2967,625,2975,48
344,79102,640,2967,649,2976,81
344,79103,664,2971,672,2979,64
344,79105,681,2973,688,2980,49
344,79108,704,2973,715,2983,110
344,79110,724,2976,729,2983,35
344,79115,766,2968,777,2977,99
344,79116,786,2958,797,2967,99
344,79122,783,2977,792,2987,90
344,79132,801,2952,817,2964,192
344,79128,832,2955,843,2963,88
344,79134,851,2957,860,2963,54
344,79135,875,2959,885,2964,50
344,79139,894,2957,904,2964,70
344,79136,914,2953,921,2962,63
345,78911,1666,3144,1683,3152,136
345,78897,522,2970,533,2982,132
345,78896,426,2958,437,2968,110
345,78971,479,2963,487,2975,96
345,78969,448,2959,458,2969,100
345,79045,498,2969,504,2976,42
345,79037,506,2967,513,2977,70
345,78899,550,2970,559,2977,63
345,79097,578,2966,588,2973,70
345,79098,611,2965,619,2976,88
345,79103,658,2967,665,2976,63
345,79102,638,2971,643,2978,35
345,79105,674,2968,682,2978,80
345,79108,694,2973,708,2983,140
345,79110,715,2975,724,2984,81
345,79111,729,2969,740,2980,121
345,79115,762,2971,772,2980,90
345,79122,779,2975,789,2985,100
345,79132,794,2955,810,2966,176
345,79128,827,2958,837,2969,110
345,79134,847,2957,855,2968,88
345,79135,870,2959,881,2965,66
345,79139,890,2955,898,2961,48
346,78911,1667,3144,1681,3151,98
346,78897,517,2966,529,2977,132
346,78896,423,2958,433,2966,80
346,78971,470,2963,481,2973,110
346,78969,444,2959,453,2967,72
346,79045,488,2967,498,2977,100
346,79037,502,2967,508,2972,30
346,78899,541,2970,554,2977,91
346,79097,575,2967,582,2973,42
346,79098,605,2966,614,2974,72
346,79102,628,2970,638,2978,80
346,79103,652,2968,659,2975,49
346,79105,666,2971,676,2980,90
346,79108,689,2971,700,2980,99
346,79110,711,2975,716,2984,45
346,79111,724,2974,735,2981,77
346,79115,755,2970,764,2977,63
346,79116,775,2961,788,2972,143
346,79122,772,2979,783,2985,66
346,79132,790,2957,803,2966,117
346,79128,823,2959,833,2965,60
346,79134,840,2956,850,2965,90
346,79135,864,2958,875,2966,88
346,79139,883,2954,895,2961,84
346,79136,903,2955,912,2965,90
347,78911,1666,3143,1681,3151,120
347,78897,512,2963,521,2976,117
347,78896,417,2955,425,2965,80
347,78969,442,2958,449,2965,49
347,78971,466,2963,478,2974,132
347,79045,485,2967,492,2973,42
347,79037,494,2961,503,2970,81
347,78899,538,2967,545,2975,56
347,79097,568,2964,577,2972,72
347,79098,598,2963,608,2973,100
347,79103,646,2969,656,2979,100
347,79102,623,2967,632,2976,81
347,79105,661,2971,671,2980,90
347,79108,683,2969,695,2980,132
347,79110,703,2970,713,2980,100
347,79111,717,2974,729,2982,96
347,79115,752,2966,760,2977,88
347,79116,773,2961,785,2971,120
347,79122,767,2978,777,2988,100
347,79132,788,2955,800,2965,120
347,79128,817,2954,827,2965,110
347,79134,837,2955,848,2963,88
347,79135,863,2958,868,2964,30
347,79139,881,2956,889,2963,56
347,79136,898,2953,908,2961,80
348,78911,1667,3143,1681,3150,98
348,78897,509,2971,516,2977,42
348,78896,410,2959,420,2964,50
348,78969,436,2958,444,2964,48
348,78971,463,2961,470,2972,77
348,79045,479,2966,487,2972,48
348,79037,490,2967,498,2972,40
348,78899,530,2965,540,2974,90
348,79097,562,2963,571,2972,81
348,79098,593,2967,604,2975,88
348,79102,616,2967,626,2975,80
348,79103,639,2968,648,2976,72
348,79105,659,2971,664,2976,25
348,79108,680,2975,690,2982,70
348,79110,698,2974,705,2985,77
348,79111,712,2971,724,2981,120
348,79115,746,2970,752,2977,42
348,79116,767,2957,779,2967,120
348,79122,765,2975,772,2986,77
348,79132,782,2951,795,2962,143
348,79134,836,2957,843,2965,56
348,79128,815,2959,824,2965,54
348,79135,855,2955,865,2965,100
348,79139,875,2957,885,2964,70
348,79136,894,2954,905,2960,66
349,78911,1668,3142,1680,3149,84
349,78897,504,2968,511,2977,63
349,78896,406,2957,413,2965,56
349,78971,456,2961,465,2970,81
349,78969,429,2958,439,2965,70
349,79045,471,2966,482,2973,77
349,79037,487,2966,492,2972,30
349,78899,524,2967,538,2977,140
349,79097,558,2964,565,2972,56
349,79098,585,2966,597,2974,96
349,79103,632,2967,641,2974,63
349,79102,615,2971,621,2977,36
349,79105,650,2967,659,2976,81
349,79108,674,2973,683,2981,72
349,79110,690,2975,699,2984,81
349,79111,705,2968,717,2979,132
349,79115,742,2971,748,2976,30
349,79116,762,2958,776,2967,126
349,79122,755,2975,765,2984,90
349,79132,779,2955,790,2964,99
349,79128,808,2957,819,2965,88
349,79134,827,2956,839,2966,120
349,79135,850,2959,861,2965,66
349,79139,871,2957,880,2963,54
349,79136,890,2955,900,2961,60
350,78911,1668,3142,1685,3152,170
350,78897,496,2962,506,2974,120
350,78896,403,2955,413,2962,70
350,78971,451,2961,461,2971,100
350,78969,423,2958,433,2965,70
350,79045,466,2967,479,2973,78
350,78899,518,2966,529,2974,88
350,79097,550,2964,560,2973,90
350,79098,582,2964,591,2973,81
350,79102,607,2969,616,2976,63
350,79103,626,2968,635,2974,54
350,79105,647,2971,653,2980,54
350,79108,667,2968,676,2977,81
350,79110,682,2971,693,2981,110
350,79111,702,2971,713,2981,110
350,79115,735,2967,745,2976,90
350,79116,761,2959,772,2968,99
350,79122,750,2979,761,2985,66
350,79132,776,2956,786,2965,90
350,79128,803,2954,813,2962,80
350,79134,822,2954,833,2964,110
350,79135,846,2956,856,2965,90
350,79139,865,2955,875,2963,80
350,79136,885,2957,896,2965,88
351,78911,1668,3141,1683,3151,150
351,78897,489,2962,501,2975,156
351,78896,394,2952,408,2960,112
351,78971,447,2961,456,2973,108
351,78969,420,2958,427,2964,42
351,79045,461,2966,472,2973,77
351,78899,513,2962,525,2973,132
351,79097,545,2960,554,2971,99
351,79098,574,2963,585,2973,110
351,79103,621,2969,630,2975,54
351,79102,602,2967,608,2973,36
351,79105,639,2971,647,2978,56
351,79108,660,2970,673,2978,104
351,79110,678,2968,687,2981,117
351,79111,695,2971,706,2980,99
351,79115,731,2967,740,2974,63
351,79116,756,2958,768,2966,96
351,79122,747,2979,756,2984,45
351,79132,769,2950,783,2962,168
351,79128,799,2950,809,2962,120
351,79134,817,2955,829,2962,84
351,79135,842,2956,852,2964,80
351,79139,861,2957,871,2963,60
351,79136,880,2956,891,2961,55
352,78911,1672,3139,1689,3145,102
352,78897,486,2967,494,2977,80
352,78896,386,2955,400,2961,84
352,78971,442,2958,449,2969,77
352,78969,413,2954,422,2962,72
352,79045,455,2966,464,2972,54
352,79037,470,2964,476,2972,48
352,78899,508,2964,520,2974,120
352,79097,540,2961,547,2969,56
352,79098,573,2966,581,2974,64
352,79102,591,2965,605,2972,98
352,79103,616,2967,625,2973,54
352,79105,635,2967,640,2975,40
352,79108,654,2970,667,2981,143
352,79110,674,2971,682,2983,96
352,79111,688,2967,702,2977,140
352,79115,724,2967,732,2975,64
352,79116,754,2955,766,2968,156
352,79122,743,2975,753,2983,80
352,79132,763,2950,774,2960,110
352,79134,813,2955,824,2964,99
352,79128,795,2954,805,2964,100
352,79135,837,2955,849,2963,96
352,79139,856,2957,867,2965,88
352,79136,878,2954,885,2962,56
353,78911,1671,3132,1688,3144,204
353,78897,482,2966,490,2977,88
353,78896,382,2955,393,2964,99
353,78969,407,2956,418,2964,88
353,78971,437,2959,444,2968,63
353,79045,451,2966,463,2972,72
353,79037,463,2963,472,2970,63
353,78899,502,2965,514,2976,132
353,79097,535,2962,544,2973,99
353,79098,565,2964,574,2973,81
353,79103,610,2964,619,2971,63
353,79102,587,2967,599,2975,96
353,79105,627,2967,636,2977,90
353,79108,649,2969,661,2977,96
353,79110,667,2970,676,2981,99
353,79111,682,2967,694,2976,108
353,79115,719,2967,729,2976,90
353,79116,749,2957,761,2965,96
353,79132,761,2952,772,2963,121
353,79128,791,2955,801,2964,90
353,79134,808,2954,820,2961,84
353,79135,833,2954,843,2963,90
353,79139,852,2957,863,2964,77
353,79136,875,2955,882,2962,49
354,78911,1676,3136,1689,3147,143
354,78897,477,2960,484,2974,98
354,78896,378,2955,389,2961,66
354,78971,430,2958,441,2968,110
354,78969,403,2955,413,2965,100
354,79045,446,2964,458,2969,60
354,79037,460,2960,466,2968,48
354,78899,497,2963,505,2969,48
354,79097,530,2962,540,2971,90
354,79098,562,2963,569,2969,42
354,79102,582,2967,593,2974,77
354,79103,605,2967,614,2974,63
354,79105,620,2969,631,2977,88
354,79108,645,2967,657,2978,132
354,79110,661,2967,671,2976,90
354,79111,679,2971,689,2980,90
354,79115,715,2968,725,2973,50
354,79116,746,2957,758,2966,108
354,79122,731,2979,740,2984,45
354,79132,757,2953,770,2963,130
354,79128,787,2951,796,2961,90
354,79134,805,2953,815,2961,80
354,79135,827,2956,838,2965,99
354,79139,847,2955,860,2964,117
354,79136,867,2957,878,2965,88
355,78911,1674,3135,1687,3145,130
355,78897,471,2962,480,2973,99
355,78896,374,2951,385,2960,99
355,78971,422,2958,435,2969,143
355,78969,398,2954,408,2961,70
355,79045,443,2963,453,2968,50
355,79037,456,2962,465,2968,54
355,78899,494,2960,500,2970,60
355,79097,523,2958,533,2969,110
355,79102,580,2966,586,2972,36
355,79103,599,2968,608,2975,63
355,79105,616,2969,624,2975,48
355,79108,639,2967,649,2977,100
355,79110,655,2971,665,2977,60
355,79111,674,2969,686,2980,132
355,79115,711,2963,719,2973,80
355,79116,742,2956,753,2965,99
355,79132,754,2952,764,2961,90
355,79134,800,2953,811,2961,88
355,79128,783,2955,793,2961,60
355,79135,823,2954,833,2961,70
355,79139,842,2956,852,2963,70
355,79136,862,2957,873,2964,77
356,78911,1675,3131,1688,3141,130
356,78897,466,2964,476,2974,100
356,78896,370,2953,380,2961,80
356,78971,421,2958,429,2967,72
356,78969,394,2954,402,2961,56
356,79045,439,2965,448,2969,36
356,79037,448,2961,458,2970,90
356,78899,485,2963,497,2973,120
356,79097,517,2959,527,2968,90
356,79098,547,2963,556,2971,72
356,79102,572,2965,581,2972,63
356,79103,594,2966,601,2971,35
356,79105,610,2964,619,2973,81
356,79108,631,2970,643,2979,108
356,79110,650,2969,662,2981,144
356,79111,667,2967,678,2976,99
356,79115,703,2965,714,2973,88
356,79116,739,2955,751,2963,96
356,79122,722,2972,735,2981,117
356,79132,750,2952,759,2959,63
356,79128,774,2955,788,2964,126
356,79134,796,2954,808,2964,120
356,79135,818,2953,829,2961,88
356,79139,838,2957,849,2964,77
356,79136,861,2954,869,2963,72
357,78911,1676,3127,1692,3139,192
357,78897,462,2963,473,2972,99
357,78896,361,2954,375,2965,154
357,78971,415,2959,424,2968,81
357,78969,389,2955,397,2963,64
357,79045,431,2962,440,2973,99
357,79037,445,2961,456,2968,77
357,78899,482,2963,491,2972,81
357,79097,512,2961,521,2973,108
357,79098,542,2963,551,2970,63
357,79102,568,2967,576,2973,48
357,79103,587,2963,596,2972,81
357,79105,603,2967,614,2974,77
357,79108,627,2968,635,2975,56
357,79110,645,2970,656,2977,77
357,79111,661,2967,673,2976,108
357,79115,700,2966,713,2976,130
357,79116,732,2957,745,2964,91
357,79122,719,2975,726,2984,63
357,79132,745,2950,755,2962,120
357,79134,791,2954,803,2962,96
357,79128,774,2954,785,2961,77
357,79135,814,2953,823,2961,72
357,79139,834,2956,843,2963,63
357,79136,853,2957,866,2963,78
358,78911,1674,3130,1694,3138,160
358,78897,456,2959,466,2970,110
358,78896,358,2954,370,2962,96
358,78971,409,2959,421,2968,108
358,78969,383,2955,393,2963,80
358,79045,427,2961,435,2969,64
358,79037,439,2960,450,2967,77
358,78899,477,2959,486,2968,81
358,79097,506,2961,517,2968,77
358,79098,537,2960,546,2968,72
358,79102,561,2967,571,2973,60
358,79103,583,2966,592,2975,81
358,79105,598,2967,607,2976,81
358,79108,620,2963,633,2974,143
358,79110,642,2969,648,2975,36
358,79111,656,2968,667,2977,99
358,79115,694,2964,706,2972,96
358,79116,728,2955,739,2963,88
358,79122,712,2975,720,2983,64
358,79132,739,2949,750,2959,110
358,79128,769,2951,780,2960,99
358,79134,786,2951,799,2961,130
358,79135,810,2955,821,2964,99
358,79139,829,2955,841,2963,96
358,79136,851,2957,861,2965,80
359,78911,1678,3131,1693,3140,135
359,78896,355,2950,363,2960,80
359,78969,379,2954,387,2960,48
359,78971,404,2959,415,2969,110
359,79045,420,2959,430,2969,100
359,79037,435,2961,447,2968,84
359,78899,469,2959,484,2971,180
359,79097,501,2958,512,2968,110
359,79098,530,2959,539,2968,81
359,79102,557,2963,565,2972,72
359,79103,576,2963,585,2974,99
359,79105,595,2966,600,2974,40
359,79108,616,2967,627,2976,99
359,79110,639,2968,644,2976,40
359,79111,652,2967,661,2975,72
359,79115,689,2963,700,2972,99
359,79116,728,2955,737,2962,63
359,79122,707,2971,716,2980,81
359,79132,737,2949,746,2957,72
359,79128,766,2953,776,2961,80
359,79134,785,2955,794,2960,45
359,79135,808,2955,817,2961,54
359,79139,824,2956,836,2963,84
359,79136,846,2957,857,2966,99
360,78911,1679,3126,1696,3136,170
360,78896,347,2951,357,2959,80
360,78971,398,2956,410,2967,132
360,78969,371,2952,384,2960,104
360,79045,416,2961,426,2970,90
360,79037,431,2962,441,2968,60
360,78897,446,2963,454,2969,48
360,78899,466,2963,479,2973,130
360,79097,497,2959,507,2969,100
360,79098,523,2963,536,2972,117
360,79102,550,2963,559,2971,72
360,79103,570,2960,580,2971,110
360,79105,588,2962,597,2972,90
360,79108,609,2968,622,2976,104
360,79110,631,2970,638,2977,49
360,79111,645,2963,655,2975,120
360,79115,686,2963,697,2970,77
360,79116,726,2955,733,2961,42
360,79122,701,2971,713,2980,108
360,79132,733,2950,742,2959,81
360,79128,762,2953,773,2961,88
360,79134,778,2952,788,2961,90
360,79135,802,2951,813,2960,99
360,79139,820,2957,831,2964,77
360,79136,842,2955,856,2964,126
361,78911,1684,3123,1697,3133,130
361,78897,443,2962,452,2969,63
361,78896,343,2953,353,2961,80
361,78971,392,2956,403,2965,99
361,78969,366,2954,378,2961,84
361,79045,410,2961,421,2969,88
361,79037,426,2959,435,2968,81
361,78899,462,2962,474,2968,72
361,79097,491,2959,503,2969,120
361,79098,519,2963,532,2970,91
361,79102,545,2965,555,2972,70
361,79103,566,2964,575,2972,72
361,79105,581,2967,591,2976,90
361,79108,602,2966,616,2974,112
361,79110,626,2968,632,2975,42
361,79111,640,2966,650,2973,70
361,79115,683,2964,690,2973,63
361,79116,724,2959,732,2963,32
361,79122,696,2974,710,2980,84
361,79132,727,2949,739,2958,108
361,79128,758,2950,769,2960,110
361,79134,777,2952,786,2962,90
361,79135,798,2954,808,2961,70
361,79139,816,2956,827,2962,66
361,79136,839,2959,849,2965,60
362,78911,1680,3120,1698,3131,198
362,78897,436,2958,447,2969,121
362,78896,339,2951,349,2961,100
362,78971,389,2957,400,2967,110
362,78969,362,2954,373,2962,88
362,79045,407,2959,417,2969,100
362,79037,422,2959,430,2967,64
362,78899,456,2958,468,2968,120
362,79097,487,2959,497,2967,80
362,79098,514,2959,524,2969,100
362,79102,540,2964,549,2971,63
362,79103,560,2964,569,2972,72
362,79105,575,2966,585,2975,90
362,79108,597,2962,609,2972,120
362,79110,619,2964,629,2973,90
362,79111,633,2966,650,2978,204
362,79115,678,2962,686,2968,48
362,79116,724,2958,729,2962,20
362,79122,692,2972,705,2980,104
362,79132,726,2948,737,2954,66
362,79134,769,2950,780,2960,110
362,79128,755,2951,760,2956,25
362,79135,793,2954,804,2964,110
362,79139,812,2955,824,2962,84
362,79136,833,2958,844,2965,77
363,78911,1681,3123,1698,3135,204
363,78897,438,2962,444,2969,42
363,78896,334,2950,345,2960,110
363,78971,383,2956,393,2967,110
363,78969,359,2953,371,2961,96
363,79037,415,2959,428,2968,117
363,78899,453,2962,465,2968,72
363,79097,481,2959,492,2967,88
363,79098,510,2962,521,2968,66
363,79102,535,2963,543,2969,48
363,79103,554,2964,562,2970,48
363,79105,574,2962,579,2971,45
363,79108,597,2965,607,2975,100
363,79110,615,2968,624,2977,81
363,79111,633,2967,643,2977,100
363,79115,673,2958,681,2969,88
363,79116,717,2954,725,2960,48
363,79122,687,2966,700,2978,156
363,79132,714,2945,724,2952,70
363,79128,749,2950,759,2961,110
363,79134,767,2952,777,2961,90
363,79135,790,2954,800,2961,70
363,79139,806,2954,818,2963,108
363,79136,829,2958,839,2964,60
364,78911,1686,3120,1699,3130,130
364,78897,428,2962,439,2969,77
364,78896,329,2950,339,2960,100
364,78971,379,2955,391,2965,120
364,78969,352,2951,362,2959,80
364,79045,396,2959,404,2968,72
364,79037,410,2959,422,2968,108
364,78899,447,2960,461,2968,112
364,79097,478,2959,488,2969,100
364,79098,503,2962,515,2971,108
364,79102,527,2964,537,2968,40
364,79103,549,2960,557,2968,64
364,79105,567,2963,575,2971,64
364,79108,587,2966,600,2975,117
364,79110,607,2966,618,2976,110
364,79111,625,2964,636,2976,132
364,79115,667,2962,677,2971,90
364,79116,712,2955,724,2960,60
364,79122,685,2971,692,2977,42
364,79132,713,2949,724,2954,55
364,79128,747,2951,755,2957,48
364,79134,762,2952,773,2959,77
364,79135,786,2950,796,2960,100
364,79139,803,2956,814,2965,99
364,79136,825,2957,837,2965,96
365,78911,1691,3116,1704,3125,117
365,78897,426,2961,433,2968,49
365,78896,324,2952,336,2962,120
365,78971,374,2955,385,2964,99
365,78969,348,2953,360,2960,84
365,79045,392,2959,401,2969,90
365,79037,409,2959,416,2965,42
365,78899,446,2960,455,2968,72
365,79097,471,2958,481,2964,60
365,79098,499,2962,510,2969,77
365,79102,524,2962,532,2972,80
365,79103,543,2964,553,2971,70
365,79105,561,2966,570,2971,45
365,79108,581,2965,592,2971,66
365,79110,603,2966,611,2973,56
365,79111,621,2966,631,2974,80
365,79115,663,2962,674,2970,88
365,79116,712,2956,720,2961,40
365,79122,678,2970,687,2980,90
365,79134,759,2948,770,2957,99
365,79128,740,2947,753,2956,117
365,79135,783,2954,793,2960,60
365,79139,798,2954,809,2961,77
365,79136,822,2958,833,2965,77
366,78911,1690,3111,1705,3123,180
366,78896,318,2950,330,2960,120
366,78971,368,2955,381,2965,130
366,78969,341,2951,353,2960,108
366,79045,387,2955,396,2967,108
366,79037,405,2959,412,2964,35
366,78897,419,2958,428,2967,81
366,78899,440,2959,452,2967,96
366,79097,467,2955,476,2965,90
366,79098,493,2958,505,2968,120
366,79102,519,2962,529,2969,70
366,79103,538,2963,547,2970,63
366,79105,555,2964,564,2973,81
366,79108,576,2959,589,2972,169
366,79110,595,2963,605,2973,100
366,79111,615,2964,626,2973,99
366,79115,659,2959,668,2969,90
366,79116,703,2955,714,2961,66
366,79122,674,2969,685,2976,77
366,79132,709,2945,720,2953,88
366,79128,737,2950,749,2957,84
366,79134,752,2950,765,2958,104
366,79135,777,2954,787,2964,100
366,79139,794,2953,804,2960,70
366,79136,816,2959,828,2965,72
367,78911,1687,3115,1708,3123,168
367,78896,313,2949,325,2960,132
367,78971,363,2955,374,2964,99
367,78969,340,2951,348,2959,64
367,79045,382,2959,391,2967,72
367,79037,397,2957,408,2965,88
367,78897,414,2959,426,2969,120
367,78899,437,2959,445,2967,64
367,79097,461,2959,471,2964,50
367,79102,513,2962,523,2967,50
367,79103,534,2963,544,2971,80
367,79105,552,2963,560,2971,64
367,79108,573,2963,583,2972,90
367,79110,593,2967,601,2975,64
367,79111,608,2962,621,2969,91
367,79115,654,2959,664,2969,100
367,79116,702,2953,712,2958,50
367,79122,670,2969,681,2976,77
367,79132,706,2945,715,2952,63
367,79134,749,2951,763,2961,140
367,79128,734,2950,744,2957,70
367,79135,775,2953,783,2959,48
367,79139,789,2954,800,2961,77
367,79136,815,2956,822,2963,49
368,78911,1690,3111,1707,3124,221
368,78897,410,2962,421,2968,66
368,78896,310,2952,319,2959,63
368,78971,359,2955,369,2962,70
368,78969,338,2952,343,2959,35
368,79045,375,2959,386,2967,88
368,79037,393,2957,406,2965,104
368,78899,432,2959,440,2967,64
368,79098,484,2962,494,2972,100
368,79097,457,2959,467,2969,100
368,79102,507,2960,519,2968,96
368,79103,527,2960,538,2970,110
368,79105,544,2964,554,2971,70
368,79108,565,2963,577,2973,120
368,79110,586,2967,596,2974,70
368,79111,604,2960,616,2969,108
368,79115,651,2959,659,2969,80
368,79116,694,2952,706,2958,72
368,79122,668,2968,675,2976,56
368,79132,701,2945,712,2953,88
368,79134,747,2949,756,2956,63
368,79128,730,2947,744,2955,112
368,79135,770,2950,780,2959,90
368,79139,786,2954,796,2963,90
368,79136,806,2955,818,2962,84
369,78911,1695,3107,1705,3116,90
369,78897,407,2959,418,2967,88
369,78896,301,2951,314,2961,130
369,78971,353,2954,363,2961,70
369,78969,329,2951,340,2959,88
369,79045,375,2958,381,2963,30
369,79037,390,2956,401,2962,66
369,78899,427,2959,438,2966,77
369,79097,454,2958,464,2964,60
369,79098,478,2959,490,2968,108
369,79102,503,2963,512,2971,72
369,79103,525,2962,533,2972,80
369,79105,542,2964,548,2972,48
369,79108,562,2963,574,2971,96
369,79110,582,2963,592,2972,90
369,79111,599,2961,610,2972,121
369,79115,643,2958,655,2970,144
369,79116,698,2954,706,2961,56
369,79122,658,2966,671,2976,130
369,79132,698,2945,707,2953,72
369,79128,726,2948,737,2953,55
369,79134,743,2947,754,2956,99
369,79135,766,2952,776,2961,90
369,79139,784,2954,793,2961,63
369,79136,807,2957,816,2964,63
370,78911,1699,3103,1712,3113,130
370,78897,403,2958,411,2967,72
370,78896,297,2950,310,2959,117
370,78971,347,2954,360,2962,104
370,78969,323,2950,335,2959,108
370,79045,370,2959,377,2963,28
370,79037,385,2956,396,2963,77
370,78899,423,2958,435,2966,96
370,79097,449,2955,460,2965,110
370,79098,474,2955,483,2966,99
370,79102,498,2961,508,2968,70
370,79103,519,2963,529,2969,60
370,79105,535,2963,546,2971,88
370,79108,559,2962,569,2972,100
370,79110,576,2962,586,2971,90
370,79111,591,2961,604,2971,130
370,79115,639,2959,649,2967,80
370,79116,690,2952,703,2958,78
370,79122,657,2963,668,2973,110
370,79134,742,2949,751,2959,90
370,79128,723,2947,734,2957,110
370,79132,698,2942,703,2949,35
370,79135,759,2952,771,2960,96
370,79139,778,2950,788,2961,110
370,79136,799,2956,811,2965,108
371,78911,1696,3101,1713,3112,187
371,78897,398,2959,408,2967,80
371,78896,294,2949,305,2956,77
371,78971,343,2953,353,2963,100
371,78969,322,2950,329,2956,42
371,79045,364,2958,372,2964,48
371,79037,379,2957,392,2964,91
371,78899,418,2958,430,2965,84
371,79097,444,2959,454,2964,50
371,79102,495,2961,504,2968,63
371,79103,514,2962,524,2969,70
371,79105,534,2964,545,2970,66
371,79108,555,2964,565,2973,90
371,79110,572,2964,581,2973,81
371,79111,589,2961,601,2970,108
371,79115,635,2956,645,2967,110
371,79116,692,2958,702,2964,60
371,79122,653,2964,660,2973,63
371,79132,691,2950,701,2956,60
371,79128,719,2946,729,2954,80
371,79134,736,2950,748,2961,132
371,79135,758,2951,770,2961,120
371,79139,774,2951,785,2961,110
371,79136,796,2955,808,2961,72
372,78911,1703,3104,1716,3116,156
372,78897,393,2958,402,2966,72
372,78896,290,2951,301,2957,66
372,78971,338,2953,348,2959,60
372,78969,317,2950,325,2956,48
372,79045,358,2957,368,2965,80
372,79037,375,2956,385,2961,50
372,78899,414,2959,425,2965,66
372,79097,439,2959,449,2964,50
372,79098,462,2959,475,2968,117
372,79102,487,2959,498,2968,99
372,79103,508,2959,518,2968,90
372,79105,525,2962,535,2969,70
372,79108,548,2962,559,2972,110
372,79110,567,2963,576,2972,81
372,79111,584,2957,595,2969,132
372,79115,631,2959,640,2969,90
372,79116,685,2951,694,2956,45
372,79122,647,2964,657,2973,90
372,79132,682,2941,694,2949,96
372,79134,734,2949,745,2957,88
372,79128,717,2945,727,2952,70
372,79135,753,2948,764,2959,121
372,79139,771,2954,781,2963,90
372,79136,794,2955,801,2964,63
373,78911,1703,3102,1716,3110,104
373,78897,389,2957,401,2965,96
373,78896,283,2950,296,2960,130
373,78969,309,2951,321,2958,84
373,78971,332,2951,343,2959,88
373,79045,354,2956,365,2960,44
373,79037,370,2953,382,2960,84
373,78899,408,2957,420,2964,84
373,79097,434,2956,445,2964,88
373,79098,461,2959,472,2965,66
373,79102,482,2961,492,2969,80
373,79103,502,2961,513,2968,77
373,79105,521,2962,530,2972,90
373,79108,544,2962,555,2970,88
373,79110,563,2962,574,2968,66
373,79111,579,2960,591,2970,120
373,79115,627,2955,637,2966,110
373,79116,684,2953,692,2960,56
373,79122,644,2962,654,2969,70
373,79132,682,2945,691,2951,54
373,79134,730,2949,741,2957,88
373,79128,713,2945,721,2952,56
373,79135,751,2951,763,2962,132
373,79139,767,2954,776,2960,54
373,79136,790,2956,799,2965,81
374,78911,1707,3099,1720,3105,78
374,78897,383,2957,396,2965,104
374,78896,279,2951,290,2957,66
374,78971,327,2952,340,2961,117
374,78969,305,2952,316,2957,55
374,79045,349,2956,361,2961,60
374,79037,367,2954,378,2960,66
374,78899,406,2956,417,2964,88
374,79097,431,2956,442,2964,88
374,79098,456,2957,468,2964,84
374,79102,479,2961,488,2968,63
374,79103,498,2961,506,2967,48
374,79105,516,2961,529,2968,91
374,79108,538,2960,549,2970,110
374,79110,557,2962,568,2969,77
374,79111,576,2960,587,2969,99
374,79115,623,2955,633,2966,110
374,79116,679,2951,689,2956,50
374,79122,639,2959,651,2969,120
374,79132,683,2939,692,2947,72
374,79128,707,2945,720,2955,130
374,79134,726,2950,737,2957,77
374,79135,745,2951,757,2960,108
374,79139,762,2949,771,2960,99
374,79136,783,2956,794,2966,110
375,78911,1710,3094,1722,3105,132
375,78897,378,2957,391,2964,91
375,78896,274,2950,284,2956,60
375,78971,322,2953,334,2960,84
375,78969,302,2951,309,2956,35
375,79045,342,2955,355,2962,91
375,79037,361,2953,374,2961,104
375,78899,402,2956,413,2963,77
375,79097,427,2957,436,2965,72
375,79098,452,2957,464,2964,84
375,79102,474,2955,481,2964,63
375,79103,494,2959,503,2967,72
375,79105,512,2959,520,2967,64
375,79108,535,2963,545,2972,90
375,79110,553,2963,562,2973,90
375,79111,572,2959,582,2966,70
375,79115,619,2954,629,2965,110
375,79122,638,2964,644,2969,30
375,79128,706,2944,717,2950,66
375,79134,722,2950,733,2957,77
375,79135,746,2951,752,2957,36
375,79139,758,2951,768,2959,80
375,79136,780,2955,793,2961,78
376,78911,1707,3093,1721,3102,126
376,78897,374,2957,386,2965,96
376,78896,270,2951,281,2956,55
376,78971,319,2950,328,2958,72
376,78969,297,2950,306,2957,63
376,79045,338,2954,354,2961,112
376,79037,358,2953,369,2960,77
376,78899,397,2956,406,2964,72
376,79097,421,2958,433,2965,84
376,79098,446,2957,457,2966,99
376,79102,468,2959,480,2968,108
376,79103,492,2960,501,2967,63
376,79105,511,2960,516,2967,35
376,79108,529,2960,539,2969,90
376,79110,546,2962,558,2971,108
376,79111,566,2958,579,2968,130
376,79115,615,2955,625,2965,100
376,79122,630,2961,640,2968,70
376,79132,671,2940,681,2948,80
376,79128,700,2941,712,2950,108
376,79134,720,2949,729,2955,54
376,79135,738,2948,749,2956,88
376,79139,755,2953,767,2963,120
376,79136,775,2952,785,2962,100
377,78911,1711,3094,1727,3108,224
377,78897,372,2955,383,2964,99
377,78896,264,2952,277,2958,78
377,78971,313,2951,324,2958,77
377,78969,291,2951,300,2957,54
377,79045,335,2953,346,2960,77
377,79037,353,2951,365,2958,84
377,78899,392,2956,402,2964,80
377,79097,418,2955,427,2962,63
377,79098,442,2958,453,2965,77
377,79102,463,2959,474,2968,99
377,79103,482,2959,496,2969,140
377,79105,503,2961,512,2968,63
377,79108,525,2959,536,2968,99
377,79110,543,2961,552,2969,72
377,79111,563,2959,574,2970,121
377,79115,611,2954,621,2961,70
377,79116,670,2950,680,2956,60
377,79122,628,2959,635,2968,63
377,79132,667,2937,682,2946,135
377,79128,696,2942,708,2950,96
377,79134,718,2949,723,2955,30
377,79135,739,2951,748,2957,54
377,79139,752,2953,762,2959,60
377,79136,771,2955,781,2965,100
378,78911,1712,3093,1727,3102,135
378,78897,368,2955,379,2961,66
378,78896,262,2952,271,2959,63
378,78971,306,2951,318,2957,72
378,78969,286,2951,296,2957,60
378,79045,330,2953,342,2959,72
378,79037,349,2952,361,2959,84
378,78899,387,2955,399,2961,72
378,79097,412,2955,423,2961,66
378,79098,437,2956,448,2964,88
378,79102,461,2959,467,2964,30
378,79103,480,2960,489,2966,54
378,79105,498,2960,509,2968,88
378,79110,536,2962,547,2968,66
378,79111,558,2959,570,2966,84
378,79115,607,2950,616,2961,99
378,79116,667,2948,678,2954,66
378,79122,623,2956,632,2965,81
378,79132,668,2939,676,2946,56
378,79128,695,2943,705,2951,80
378,79134,710,2948,721,2958,110
378,79135,731,2951,744,2958,91
378,79139,748,2950,759,2959,99
378,79136,767,2955,777,2964,90
379,78911,1718,3091,1732,3097,84
379,78897,362,2955,372,2962,70
379,78896,255,2951,265,2958,70
379,78971,303,2952,315,2959,84
379,78969,282,2951,289,2956,35
379,79045,323,2953,337,2960,98
379,79037,343,2952,356,2959,91
379,78899,382,2954,396,2961,98
379,79097,408,2955,418,2961,60
379,79098,433,2955,443,2964,90
379,79102,455,2955,464,2964,81
379,79103,475,2959,485,2965,60
379,79105,495,2958,504,2966,72
379,79108,514,2962,526,2972,120
379,79110,536,2964,544,2973,72
379,79111,553,2955,566,2965,130
379,79115,602,2954,615,2961,91
379,79116,664,2947,673,2954,63
379,79122,622,2956,629,2967,77
379,79132,669,2945,677,2950,40
379,79134,707,2948,719,2953,60
379,79128,695,2938,705,2950,120
379,79135,730,2949,742,2955,72
379,79139,745,2951,753,2959,64
379,79136,763,2951,775,2961,120
380,78911,1722,3087,1735,3096,117
380,78897,359,2955,368,2961,54
380,78896,251,2951,260,2957,54
380,78971,298,2951,310,2957,72
380,78969,276,2950,285,2956,54
380,79045,320,2953,332,2959,72
380,79037,342,2951,350,2957,48
380,78899,377,2954,389,2961,84
380,79097,403,2955,414,2961,66
380,79098,426,2956,439,2965,117
380,79102,452,2959,461,2965,54
380,79103,471,2958,481,2966,80
380,79105,489,2959,498,2965,54
380,79108,510,2961,522,2969,96
380,79110,529,2962,539,2969,70
380,79111,549,2958,561,2966,96
380,79115,599,2955,608,2963,72
380,79116,659,2947,670,2952,55
380,79122,615,2958,624,2967,81
380,79132,658,2938,670,2945,84
380,79134,702,2944,714,2952,96
380,79128,687,2940,698,2949,99
380,79135,727,2949,738,2956,77
380,79139,740,2952,751,2960,88
380,79136,759,2954,773,2961,98
381,78911,1718,3085,1735,3097,204
381,78897,356,2954,366,2960,60
381,78896,243,2951,255,2959,96
381,78971,293,2949,304,2956,77
381,78969,270,2951,281,2959,88
381,79045,318,2951,325,2957,42
381,79037,336,2950,346,2956,60
381,78899,375,2954,386,2961,77
381,79097,399,2953,409,2961,80
381,79098,423,2956,437,2964,112
381,79102,447,2959,457,2966,70
381,79103,466,2958,477,2966,88
381,79105,482,2959,494,2967,96
381,79108,505,2959,518,2969,130
381,79110,525,2959,536,2969,110
381,79111,546,2959,556,2968,90
381,79115,594,2952,606,2960,96
381,79116,656,2948,669,2954,78
381,79122,613,2955,623,2964,90
381,79132,656,2934,666,2943,90
381,79134,701,2947,712,2952,55
381,79128,684,2941,695,2949,88
381,79135,724,2951,735,2957,66
381,79139,736,2951,749,2960,117
381,79136,755,2954,768,2965,143
382,78911,1722,3086,1741,3097,209
382,78897,352,2953,362,2961,80
382,78896,238,2951,248,2958,70
382,78971,286,2950,299,2956,78
382,78969,266,2951,277,2960,99
382,79045,314,2950,321,2957,49
382,79037,331,2950,343,2957,84
382,78899,371,2952,381,2960,80
382,79097,394,2953,405,2961,88
382,79098,422,2955,434,2961,72
382,79102,443,2958,453,2963,50
382,79103,462,2958,473,2963,55
382,79105,480,2959,489,2965,54
382,79108,506,2957,515,2968,99
382,79110,524,2962,528,2968,24
382,79111,541,2958,553,2966,96
382,79115,591,2950,600,2960,90
382,79116,653,2945,665,2952,84
382,79122,607,2952,618,2964,132
382,79132,654,2934,664,2941,70
382,79128,680,2938,692,2945,84
382,79134,697,2945,709,2953,96
382,79135,718,2949,731,2957,104
382,79139,736,2948,746,2957,90
382,79136,752,2952,764,2961,108
383,78911,1725,3087,1738,3096,117
383,78897,344,2954,357,2960,78
383,78896,233,2950,245,2957,84
383,78971,282,2951,295,2957,78
383,78969,262,2950,271,2956,54
383,79045,306,2951,317,2956,55
383,79037,326,2951,337,2957,66
383,78899,364,2952,378,2960,112
383,79097,391,2953,400,2960,63
383,79098,415,2954,428,2963,117
383,79102,437,2956,448,2962,66
383,79103,459,2958,466,2964,42
383,79105,476,2956,486,2963,70
383,79108,496,2959,508,2969,120
383,79110,514,2962,525,2968,66
383,79111,534,2955,549,2965,150
383,79115,590,2951,597,2960,63
383,79116,652,2945,664,2950,60
383,79122,604,2955,616,2965,120
383,79132,645,2934,658,2943,117
383,79134,695,2946,705,2953,70
383,79128,677,2939,689,2945,72
383,79135,718,2947,728,2954,70
383,79139,732,2950,742,2956,60
383,79136,748,2949,761,2959,130
384,78911,1729,3085,1744,3091,90
384,78897,341,2952,353,2960,96
384,78896,229,2950,241,2957,84
384,78971,277,2951,289,2958,84
384,78969,258,2951,265,2958,49
384,79045,302,2951,313,2957,66
384,79037,322,2949,331,2956,63
384,78899,360,2953,373,2961,104
384,79097,384,2953,397,2961,104
384,79098,410,2954,421,2963,99
384,79102,434,2957,445,2962,55
384,79103,453,2956,462,2964,72
384,79105,471,2958,480,2963,45
384,79108,493,2960,504,2968,88
384,79110,514,2963,524,2969,60
384,79111,536,2960,548,2968,96
384,79115,582,2951,595,2961,130
384,79116,650,2947,660,2952,50
384,79122,600,2953,612,2961,96
384,79132,643,2933,656,2941,104
384,79134,692,2945,702,2950,50
384,79128,672,2938,685,2944,78
384,79135,715,2946,724,2954,72
384,79139,728,2951,739,2960,99
384,79136,745,2952,757,2960,96
385,78911,1735,3080,1745,3089,90
385,78897,336,2950,348,2959,108
385,78896,223,2950,236,2960,130
385,78971,272,2950,285,2957,91
385,78969,251,2952,261,2961,90
385,79045,298,2949,307,2956,63
385,79037,318,2949,328,2956,70
385,78899,357,2949,369,2959,120
385,79097,382,2951,390,2960,72
385,79098,407,2953,417,2961,80
385,79102,429,2957,440,2964,77
385,79103,450,2956,460,2961,50
385,79105,466,2958,476,2964,60
385,79108,488,2957,499,2966,99
385,79110,508,2959,519,2968,99
385,79111,526,2956,536,2967,110
385,79115,583,2951,588,2959,40
385,79116,643,2945,658,2952,105
385,79122,599,2946,608,2959,117
385,79132,641,2930,653,2939,108
385,79134,686,2943,699,2953,130
385,79128,670,2938,681,2945,77
385,79135,710,2946,720,2955,90
385,79139,725,2950,736,2956,66
385,79136,743,2952,751,2960,64
386,78911,1731,3081,1746,3088,105
386,78897,334,2951,345,2959,88
386,78896,218,2950,230,2960,120
386,78971,265,2950,279,2957,98
386,78969,246,2951,256,2959,80
386,79045,295,2947,304,2956,81
386,79037,312,2949,322,2956,70
386,78899,351,2949,364,2958,117
386,79097,377,2951,384,2958,49
386,79098,402,2953,412,2961,80
386,79102,426,2955,435,2962,63
386,79103,445,2956,457,2961,60
386,79105,463,2957,472,2962,45
386,79108,483,2958,496,2965,91
386,79110,503,2960,513,2967,70
386,79111,525,2958,533,2964,48
386,79115,575,2947,585,2959,120
386,79116,642,2943,654,2951,96
386,79132,638,2931,650,2940,108
386,79128,669,2935,679,2943,80
386,79134,685,2945,697,2951,72
386,79135,707,2947,716,2955,72
386,79139,722,2948,733,2956,88
386,79136,739,2950,750,2958,88
387,78911,1739,3081,1753,3092,154
387,78896,212,2946,226,2958,168
387,78971,261,2951,276,2958,105
387,78969,242,2950,252,2959,90
387,79045,287,2948,298,2957,99
387,79037,307,2949,318,2956,77
387,78897,326,2952,336,2959,70
387,78899,349,2951,359,2958,70
387,79097,370,2951,379,2958,63
387,79098,398,2953,409,2960,77
387,79102,422,2955,431,2960,45
387,79103,440,2955,450,2961,60
387,79105,459,2955,469,2961,60
387,79108,477,2958,490,2968,130
387,79110,497,2960,509,2968,96
387,79111,520,2956,529,2964,72
387,79115,574,2951,583,2959,72
387,79116,636,2943,650,2950,98
387,79122,589,2951,600,2962,121
387,79132,633,2931,646,2940,117
387,79128,662,2935,674,2943,96
387,79134,682,2943,694,2950,84
387,79135,704,2943,716,2951,96
387,79139,718,2949,729,2955,66
387,79136,735,2947,745,2959,120
388,78911,1739,3081,1749,3089,80
388,78897,322,2951,334,2957,72
388,78896,208,2950,220,2957,84
388,78971,256,2951,270,2958,98
388,78969,238,2951,246,2958,56
388,79045,282,2949,294,2957,96
388,79037,304,2948,312,2955,56
388,78899,342,2950,353,2958,88
388,79098,389,2952,404,2961,135
388,79097,367,2951,375,2958,56
388,79102,415,2956,427,2961,60
388,79103,434,2955,445,2964,99
388,79105,454,2957,463,2961,36
388,79108,475,2958,484,2963,45
388,79110,495,2959,504,2965,54
388,79111,513,2958,527,2965,98
388,79115,571,2951,576,2955,20
388,79116,636,2942,648,2949,84
388,79122,587,2950,597,2956,60
388,79132,629,2931,642,2938,91
388,79128,659,2935,671,2944,108
388,79134,678,2942,688,2950,80
388,79135,702,2943,712,2952,90
388,79139,715,2951,727,2956,60
388,79136,735,2951,745,2961,100
389,78911,1742,3078,1756,3085,98
389,78897,319,2948,330,2958,110
389,78896,204,2951,216,2960,108
389,78971,251,2947,264,2957,130
389,78969,230,2951,240,2960,90
389,79045,279,2947,288,2956,81
389,79037,298,2948,307,2955,63
389,78899,339,2949,351,2958,108
389,79097,363,2950,371,2956,48
389,79098,388,2951,399,2960,99
389,79102,411,2955,423,2961,72
389,79103,429,2952,440,2960,88
389,79105,447,2956,458,2963,77
389,79108,469,2956,480,2963,77
389,79110,489,2959,501,2965,72
389,79111,509,2956,521,2964,96
389,79115,567,2946,576,2955,81
389,79116,632,2943,648,2951,128
389,79122,583,2947,596,2956,117
389,79132,629,2928,640,2935,77
389,79128,654,2934,667,2944,130
389,79134,674,2943,686,2951,96
389,79135,695,2945,708,2953,104
389,79139,712,2950,723,2956,66
389,79136,728,2951,739,2960,99
390,78911,1748,3074,1757,3085,99
390,78897,315,2948,325,2956,80
390,78896,198,2950,208,2959,90
390,78971,245,2949,260,2957,120
390,78969,228,2950,234,2959,54
390,79045,276,2947,285,2955,72
390,79037,294,2948,304,2956,80
390,78899,335,2949,345,2955,60
390,79097,357,2950,367,2956,60
390,79098,384,2951,395,2959,88
390,79102,407,2953,417,2958,50
390,79103,427,2954,436,2959,45
390,79105,443,2955,453,2960,50
390,79108,465,2956,477,2964,96
390,79110,482,2959,497,2965,90
390,79111,506,2954,517,2961,77
390,79115,561,2946,574,2955,117
390,79116,631,2939,642,2948,99
390,79122,579,2948,593,2958,140
390,79132,625,2928,633,2936,64
390,79128,653,2929,665,2942,156
390,79134,670,2941,684,2947,84
390,79135,694,2943,704,2953,100
390,79139,711,2948,720,2954,54
390,79136,727,2948,736,2957,81
391,78911,1742,3075,1761,3086,209
391,78897,309,2949,321,2958,108
391,78896,194,2949,205,2957,88
391,78971,239,2951,255,2956,80
391,78969,223,2950,229,2956,36
391,79045,269,2948,278,2956,72
391,79037,289,2947,300,2955,88
391,78899,328,2948,341,2955,91
391,79097,352,2950,362,2956,60
391,79098,379,2951,390,2959,88
391,79102,403,2953,413,2958,50
391,79103,420,2952,433,2960,104
391,79105,437,2952,448,2960,88
391,79108,460,2955,473,2964,117
391,79110,479,2957,490,2965,88
391,79111,502,2954,513,2961,77
391,79115,559,2947,569,2957,100
391,79116,627,2939,641,2947,112
391,79122,578,2946,588,2957,110
391,79132,617,2926,631,2936,140
391,79128,650,2932,660,2942,100
391,79134,668,2938,679,2946,88
391,79135,691,2941,702,2950,99
391,79139,707,2948,717,2954,60
391,79136,723,2948,733,2955,70
392,78911,1744,3076,1764,3090,280
392,78897,305,2949,316,2959,110
392,78896,187,2951,200,2956,65
392,78971,234,2949,249,2956,105
392,78969,214,2950,225,2956,66
392,79045,262,2948,273,2956,88
392,79037,285,2947,294,2954,63
392,78899,323,2948,337,2957,126
392,79097,347,2950,358,2957,77
392,79098,373,2950,385,2961,132
392,79102,396,2953,408,2960,84
392,79103,417,2953,427,2961,80
392,79105,434,2954,444,2960,60
392,79108,456,2955,467,2961,66
392,79111,496,2955,509,2963,104
392,79110,478,2956,489,2964,88
392,79115,555,2947,567,2954,84
392,79116,625,2941,637,2948,84
392,79122,576,2945,588,2954,108
392,79132,615,2925,627,2935,120
392,79128,645,2931,657,2941,120
392,79134,662,2941,674,2947,72
392,79135,688,2943,699,2949,66
392,79139,703,2948,714,2956,88
392,79136,720,2948,732,2958,120
393,78911,1751,3076,1763,3084,96
393,78897,300,2946,312,2955,108
393,78896,183,2950,193,2958,80
393,78971,231,2948,243,2955,84
393,78969,210,2951,219,2959,72
393,79045,258,2948,269,2955,77
393,79037,280,2946,290,2953,70
393,78899,321,2946,332,2955,99
393,79097,343,2948,352,2954,54
393,79098,370,2948,379,2957,81
393,79102,392,2950,404,2960,120
393,79103,412,2950,424,2958,96
393,79105,428,2953,439,2960,77
393,79108,450,2954,463,2960,78
393,79111,491,2953,504,2961,104
393,79110,473,2955,483,2964,90
393,79115,553,2943,562,2953,90
393,79116,622,2940,632,2946,60
393,79122,570,2942,583,2953,143
393,79132,614,2925,624,2933,80
393,79128,644,2930,653,2937,63
393,79134,662,2939,673,2948,99
393,79135,683,2942,696,2950,104
393,79139,701,2947,711,2953,60
393,79136,717,2947,729,2956,108
394,78911,1751,3073,1768,3081,136
394,78897,295,2946,308,2956,130
394,78896,179,2949,188,2957,72
394,78971,224,2948,237,2956,104
394,78969,206,2951,213,2957,42
394,79045,254,2947,265,2956,99
394,79037,274,2947,286,2956,108
394,78899,317,2945,329,2954,108
394,79097,342,2947,351,2954,63
394,79098,367,2946,376,2955,81
394,79102,391,2951,400,2956,45
394,79103,408,2950,419,2957,77
394,79105,425,2951,435,2957,60
394,79108,447,2953,456,2960,63
394,79110,466,2957,477,2964,77
394,79111,487,2952,499,2960,96
394,79115,547,2945,557,2953,80
394,79116,620,2938,632,2944,72
394,79122,570,2944,581,2957,143
394,79132,610,2926,620,2933,70
394,79128,641,2928,650,2936,72
394,79134,657,2937,672,2944,105
394,79135,680,2942,693,2949,91
394,79139,700,2946,710,2952,60
394,79136,714,2945,726,2954,108
395,78911,1758,3070,1769,3081,121
395,78897,289,2948,301,2958,120
395,78896,171,2947,183,2955,96
395,78971,217,2949,233,2957,128
395,78969,203,2951,208,2957,30
395,79045,247,2948,261,2957,126
395,79037,269,2947,281,2956,108
395,78899,313,2945,323,2953,80
395,79097,335,2947,344,2953,54
395,79098,363,2950,371,2955,40
395,79102,386,2950,393,2956,42
395,79103,402,2950,413,2958,88
395,79105,421,2951,432,2958,77
395,79108,442,2952,452,2961,90
395,79111,483,2952,493,2960,80
395,79110,462,2956,473,2963,77
395,79115,543,2947,558,2958,165
395,79116,617,2936,628,2943,77
395,79122,567,2942,577,2951,90
395,79132,606,2926,618,2933,84
395,79128,633,2929,646,2937,104
395,79134,656,2935,668,2943,96
395,79135,679,2939,689,2947,80
395,79139,696,2944,704,2952,64
395,79136,713,2945,722,2952,63
396,78911,1753,3072,1768,3080,120
396,78897,287,2948,295,2956,64
396,78896,168,2950,179,2957,77
396,78971,214,2948,229,2956,120
396,78969,195,2951,203,2957,48
396,79045,242,2948,255,2957,117
396,79037,265,2946,275,2953,70
396,78899,305,2946,317,2954,96
396,79097,329,2947,341,2954,84
396,79098,353,2946,367,2956,140
396,79102,378,2951,389,2956,55
396,79103,398,2949,410,2957,96
396,79105,414,2952,424,2958,60
396,79108,441,2951,450,2959,72
396,79111,478,2954,490,2960,72
396,79110,460,2954,468,2961,56
396,79115,542,2943,553,2951,88
396,79116,614,2937,624,2943,60
396,79122,566,2938,576,2952,140
396,79132,602,2922,613,2929,77
396,79128,631,2928,643,2938,120
396,79134,651,2935,662,2944,99
396,79135,675,2939,685,2946,70
396,79139,691,2944,701,2952,80
396,79136,708,2944,720,2953,108
397,78911,1759,3075,1774,3084,135
397,78897,282,2947,292,2953,60
397,78896,162,2950,173,2957,77
397,78971,210,2948,224,2955,98
397,78969,187,2951,200,2957,78
397,79045,238,2946,249,2953,77
397,79037,260,2946,270,2954,80
397,78899,301,2945,313,2953,96
397,79097,327,2946,336,2954,72
397,79098,351,2946,363,2954,96
397,79102,375,2951,384,2956,45
397,79103,397,2947,407,2956,90
397,79105,410,2950,420,2958,80
397,79108,435,2950,445,2958,80
397,79111,471,2951,485,2959,112
397,79110,455,2955,464,2960,45
397,79115,538,2940,550,2950,120
397,79116,610,2936,622,2944,96
397,79122,559,2942,571,2950,96
397,79132,600,2921,611,2928,77
397,79128,630,2926,641,2934,88
397,79134,646,2935,657,2943,88
397,79135,671,2938,683,2949,132
397,79139,689,2942,700,2949,77
397,79136,705,2943,716,2952,99
398,78911,1760,3073,1772,3084,132
398,78897,278,2947,287,2953,54
398,78896,159,2948,169,2954,60
398,78971,203,2947,220,2954,119
398,78969,184,2950,192,2956,48
398,79045,234,2946,244,2954,80
398,79037,254,2947,266,2956,108
398,78899,297,2943,310,2952,117
398,79097,324,2944,331,2952,56
398,79098,346,2945,359,2951,78
398,79102,372,2947,380,2954,56
398,79103,392,2947,403,2955,88
398,79105,407,2951,416,2957,54
398,79108,430,2952,441,2960,88
398,79110,448,2954,460,2960,72
398,79111,471,2949,481,2957,80
398,79115,539,2944,549,2950,60
398,79116,609,2933,620,2941,88
398,79122,559,2942,568,2952,90
398,79132,596,2922,610,2928,84
398,79128,627,2926,637,2933,70
398,79134,645,2931,656,2939,88
398,79135,668,2935,681,2946,143
398,79139,687,2942,697,2948,60
398,79136,704,2942,715,2949,77
399,78911,1761,3070,1776,3081,165
399,78897,271,2948,279,2954,48
399,78896,153,2947,162,2954,63
399,78971,199,2947,213,2955,112
399,78969,182,2950,188,2957,42
399,79045,227,2946,237,2955,90
399,79037,248,2946,261,2954,104
399,78899,293,2944,304,2951,77
399,79097,318,2945,326,2952,56
399,79102,368,2947,375,2955,56
399,79103,385,2947,394,2954,63
399,79105,403,2950,413,2955,50
399,79108,424,2952,434,2959,70
399,79111,464,2950,476,2956,72
399,79110,443,2953,455,2961,96
399,79115,534,2942,545,2950,88
399,79116,605,2931,616,2940,99
399,79122,559,2940,568,2949,81
399,79132,590,2922,604,2930,112
399,79128,621,2926,634,2936,130
399,79134,642,2932,651,2939,63
399,79135,666,2934,678,2945,132
399,79139,683,2942,694,2948,66
399,79136,701,2942,712,2949,77
400,78911,1766,3069,1777,3080,121
400,78897,267,2947,276,2954,63
400,78896,146,2948,156,2956,80
400,78971,194,2947,208,2956,126
400,78969,174,2951,184,2957,60
400,79045,222,2947,233,2956,99
400,79037,244,2943,257,2953,130
400,78899,288,2942,299,2952,110
400,79097,311,2946,320,2953,63
400,79098,337,2947,350,2954,91
400,79102,359,2947,372,2955,104
400,79103,379,2945,389,2952,70
400,79105,398,2949,408,2954,50
400,79108,421,2950,430,2955,45
400,79110,442,2950,450,2959,72
400,79111,458,2949,470,2958,108
400,79115,531,2943,543,2949,72
400,79116,600,2933,613,2940,91
400,79122,553,2935,567,2950,210
400,79132,586,2921,598,2928,84
400,79128,617,2924,627,2934,100
400,79134,636,2931,648,2941,120
400,79135,662,2934,672,2943,90
400,79139,680,2942,690,2948,60
400,79136,698,2943,709,2949,66
401,78911,1762,3069,1779,3080,187
401,78897,261,2943,274,2953,130
401,78896,142,2947,153,2956,99
401,78971,187,2945,202,2954,135
401,78969,167,2948,180,2957,117
401,79045,217,2945,229,2953,96
401,79037,237,2946,251,2955,126
401,78899,282,2945,294,2953,96
401,79097,307,2945,317,2953,80
401,79098,331,2945,345,2952,98
401,79102,356,2946,367,2954,88
401,79103,379,2945,389,2952,70
401,79105,391,2948,404,2957,117
401,79108,414,2947,427,2956,117
401,79110,434,2951,446,2957,72
401,79111,452,2947,466,2956,126
401,79115,526,2938,541,2949,165
401,79116,597,2931,610,2940,117
401,79122,551,2938,564,2948,130
401,79132,584,2918,596,2928,120
401,79128,614,2919,626,2929,120
401,79134,633,2928,645,2937,108
401,79135,658,2935,669,2944,99
401,79139,677,2938,688,2946,88
401,79136,695,2941,705,2949,80
402,78911,1766,3073,1781,3081,120
402,78897,257,2944,269,2953,108
402,78896,139,2945,148,2953,72
402,78971,183,2946,198,2955,135
402,78969,165,2946,173,2957,88
402,79045,211,2946,224,2953,91
402,79037,234,2946,247,2955,117
402,78899,278,2944,290,2952,96
402,79097,302,2943,312,2952,90
402,79098,328,2942,340,2951,108
402,79102,353,2944,360,2953,63
402,79103,372,2943,386,2952,126
402,79105,388,2946,400,2953,84
402,79108,412,2950,421,2956,54
402,79110,430,2950,441,2957,77
402,79111,450,2944,463,2953,117
402,79115,527,2941,537,2950,90
402,79116,596,2929,607,2938,99
402,79122,550,2938,561,2947,99
402,79132,581,2918,592,2927,99
402,79128,610,2922,621,2929,77
402,79134,632,2928,643,2936,88
402,79135,656,2934,665,2941,63
402,79139,676,2936,685,2945,81
402,79136,693,2936,702,2944,72
403,78911,1767,3074,1779,3084,120
403,78897,249,2947,261,2955,96
403,78896,133,2946,143,2953,70
403,78971,177,2947,193,2956,144
403,78969,161,2947,168,2956,63
403,79045,206,2946,219,2953,91
403,79037,230,2946,241,2953,77
403,78899,271,2942,285,2951,126
403,79097,300,2943,308,2952,72
403,79098,323,2943,335,2952,108
403,79102,350,2944,357,2954,70
403,79103,367,2945,380,2953,104
403,79105,384,2946,396,2952,72
403,79108,405,2949,418,2956,91
403,79110,427,2951,437,2955,40
403,79111,445,2945,457,2953,96
403,79115,522,2939,532,2948,90
403,79116,594,2928,605,2937,99
403,79122,548,2934,560,2945,132
403,79132,576,2918,588,2928,120
403,79128,607,2922,617,2929,70
403,79134,627,2928,637,2935,70
403,79135,654,2931,664,2938,70
403,79139,671,2939,680,2944,45
403,79136,690,2937,699,2944,63
404,78911,1767,3070,1780,3080,130
404,78897,248,2947,257,2954,63
404,78896,126,2947,136,2954,70
404,78971,172,2947,189,2956,153
404,78969,151,2949,160,2954,45
404,79045,201,2947,214,2956,117
404,79037,224,2945,236,2952,84
404,78899,267,2945,279,2953,96
404,79097,293,2944,304,2953,99
404,79098,317,2944,330,2953,117
404,79102,343,2943,353,2953,100
404,79103,362,2943,373,2952,99
404,79105,379,2946,390,2952,66
404,79108,401,2946,414,2953,91
404,79110,422,2946,433,2956,110
404,79111,440,2946,453,2957,143
404,79115,520,2938,529,2946,72
404,79116,588,2930,601,2938,104
404,79122,545,2938,555,2944,60
404,79132,573,2919,585,2925,72
404,79128,603,2920,614,2927,77
404,79134,623,2928,633,2937,90
404,79135,650,2931,658,2937,48
404,79139,668,2935,676,2943,64
404,79136,687,2938,697,2945,70
405,78911,1770,3067,1784,3079,168
405,78897,245,2943,253,2953,80
405,78896,121,2946,131,2952,60
405,78971,168,2945,183,2953,120
405,78969,147,2948,157,2956,80
405,79045,194,2946,207,2952,78
405,79037,219,2947,230,2953,66
405,78899,264,2943,276,2953,120
405,79097,289,2944,298,2951,63
405,79098,314,2943,326,2951,96
405,79103,360,2942,372,2950,96
405,79102,338,2943,348,2953,100
405,79105,375,2946,384,2952,54
405,79108,398,2943,409,2953,110
405,79110,417,2948,427,2955,70
405,79111,437,2945,449,2953,96
405,79115,517,2937,526,2944,63
405,79116,585,2928,597,2936,96
405,79122,542,2937,553,2945,88
405,79132,571,2918,580,2924,54
405,79128,600,2919,609,2926,63
405,79134,621,2926,629,2933,56
405,79135,643,2931,655,2940,108
405,79139,666,2932,674,2941,72
405,79136,684,2936,693,2944,72
406,78911,1767,3070,1785,3080,180
406,78897,236,2944,249,2953,117
406,78896,117,2944,128,2953,99
406,78971,163,2946,177,2953,98
406,78969,143,2947,152,2952,45
406,79045,190,2946,202,2953,84
406,79037,214,2946,224,2953,70
406,78899,259,2944,271,2952,96
406,79097,283,2943,293,2950,70
406,79098,309,2939,321,2950,132
406,79103,355,2941,365,2949,80
406,79102,334,2943,341,2950,49
406,79105,371,2944,379,2951,56
406,79108,393,2945,402,2953,72
406,79110,411,2947,424,2957,130
406,79111,433,2945,444,2952,77
406,79115,511,2939,525,2945,84
406,79116,583,2926,594,2935,99
406,79122,539,2934,548,2941,63
406,79132,566,2918,579,2926,104
406,79128,597,2919,606,2925,54
406,79134,617,2924,627,2933,90
406,79135,640,2928,652,2937,108
406,79139,661,2932,672,2940,88
406,79136,683,2931,690,2940,63
407,78911,1771,3071,1789,3081,180
407,78897,231,2945,242,2954,99
407,78896,110,2944,120,2953,90
407,78971,155,2947,171,2954,112
407,78969,136,2946,147,2953,77
407,79045,185,2947,197,2954,84
407,79037,210,2946,218,2952,48
407,78899,253,2943,265,2951,96
407,79097,278,2943,288,2949,60
407,79098,305,2941,315,2949,80
407,79103,350,2942,359,2950,72
407,79102,329,2943,337,2949,48
407,79105,367,2943,377,2950,70
407,79108,388,2944,400,2953,108
407,79111,429,2943,438,2952,81
407,79110,408,2946,416,2953,56
407,79115,510,2937,522,2945,96
407,79116,579,2927,590,2935,88
407,79122,539,2933,548,2941,72
407,79132,562,2918,573,2924,66
407,79128,592,2919,604,2926,84
407,79134,612,2924,624,2933,108
407,79135,639,2927,650,2936,99
407,79139,659,2934,668,2940,54
407,79136,676,2933,689,2942,117
408,78911,1773,3070,1785,3081,132
408,78897,225,2946,238,2953,91
408,78896,103,2946,116,2955,117
408,78971,151,2946,169,2956,180
408,78969,130,2947,142,2954,84
408,79045,180,2946,190,2953,70
408,79037,205,2947,213,2953,48
408,78899,249,2944,260,2952,88
408,79097,272,2943,282,2950,70
408,79098,297,2942,311,2952,140
408,79102,323,2942,333,2949,70
408,79103,346,2942,357,2949,77
408,79105,365,2944,370,2949,25
408,79108,383,2944,393,2952,80
408,79110,404,2945,412,2953,64
408,79111,421,2943,435,2952,126
408,79115,508,2935,520,2943,96
408,79116,575,2927,585,2935,80
408,79122,535,2935,545,2940,50
408,79132,558,2916,570,2924,96
408,79128,589,2917,598,2925,72
408,79134,608,2923,618,2929,60
408,79135,634,2926,644,2936,100
408,79139,652,2931,664,2939,96
408,79136,673,2934,685,2942,96
409,78911,1775,3071,1785,3080,90
409,78897,222,2943,233,2952,99
409,78896,98,2945,111,2953,104
409,78971,145,2946,161,2953,112
409,78969,125,2947,137,2953,72
409,79045,174,2946,185,2953,77
409,79037,197,2947,208,2953,66
409,78899,243,2946,255,2953,84
409,79097,267,2943,277,2952,90
409,79098,293,2943,305,2951,96
409,79102,319,2942,329,2949,70
409,79103,343,2939,352,2949,90
409,79105,356,2943,369,2951,104
409,79108,377,2942,389,2951,108
409,79111,418,2943,431,2952,117
409,79110,400,2944,408,2952,64
409,79115,505,2934,513,2942,64
409,79116,569,2926,580,2934,88
409,79122,530,2933,541,2940,77
409,79132,554,2913,566,2923,120
409,79128,585,2915,595,2922,70
409,79134,603,2920,616,2928,104
409,79135,630,2926,640,2937,110
409,79139,654,2926,662,2937,88
409,79136,671,2930,680,2941,99
410,78911,1775,3068,1787,3080,144
410,78897,217,2945,228,2954,99
410,78896,94,2942,105,2951,99
410,78971,142,2945,157,2953,120
410,78969,122,2945,130,2952,56
410,79045,167,2945,180,2953,104
410,79037,192,2947,202,2953,60
410,78899,239,2945,249,2952,70
410,79097,262,2943,273,2952,99
410,79098,289,2939,302,2948,117
410,79102,315,2943,324,2948,45
410,79103,336,2940,348,2948,96
410,79105,351,2942,360,2948,54
410,79108,373,2942,385,2949,84
410,79110,393,2945,405,2952,84
410,79111,411,2942,425,2949,98
410,79115,503,2934,513,2943,90
410,79116,568,2922,580,2931,108
410,79122,532,2931,541,2939,72
410,79132,553,2914,565,2922,96
410,79128,579,2914,592,2923,117
410,79134,600,2920,611,2927,77
410,79135,626,2926,637,2934,88
410,79139,647,2927,657,2935,80
410,79136,669,2926,677,2938,96
411,78911,1770,3070,1788,3078,144
411,78896,85,2942,99,2952,140
411,78971,136,2946,153,2954,136
411,78969,113,2942,125,2953,132
411,79045,162,2945,176,2957,168
411,79037,187,2944,197,2952,80
411,78897,209,2947,225,2956,144
411,78899,233,2944,246,2953,117
411,79097,258,2943,268,2950,70
411,79098,285,2939,296,2948,99
411,79102,309,2942,318,2948,54
411,79103,330,2939,345,2948,135
411,79105,348,2939,360,2946,84
411,79108,370,2943,381,2950,77
411,79110,390,2943,400,2950,70
411,79111,408,2941,420,2949,96
411,79115,499,2935,508,2942,63
411,79116,565,2923,576,2931,88
411,79122,528,2931,539,2940,99
411,79132,550,2915,561,2924,99
411,79128,575,2915,586,2923,88
411,79134,595,2921,609,2929,112
411,79135,625,2922,633,2932,80
411,79139,644,2928,656,2937,108
411,79136,663,2929,673,2938,90
412,78911,1775,3074,1789,3081,98
412,78897,206,2947,217,2953,66
412,78896,82,2943,95,2954,143
412,78971,131,2946,145,2955,126
412,78969,111,2946,122,2953,77
412,79045,159,2946,171,2956,120
412,79037,182,2946,193,2953,77
412,78899,227,2944,240,2954,130
412,79097,255,2943,264,2950,63
412,79098,277,2942,291,2949,98
412,79103,326,2937,342,2948,176
412,79102,304,2943,312,2948,40
412,79105,345,2942,353,2946,32
412,79108,365,2942,378,2948,78
412,79111,402,2942,416,2950,112
412,79110,388,2941,396,2949,64
412,79115,499,2932,509,2941,90
412,79116,557,2924,571,2933,126
412,79122,524,2932,537,2941,117
412,79132,547,2915,560,2920,65
412,79134,593,2920,606,2927,91
412,79128,575,2913,584,2922,81
412,79135,618,2923,629,2931,88
412,79139,641,2926,653,2934,96
412,79136,659,2930,672,2941,143
413,78911,1776,3073,1788,3080,84
413,78897,197,2943,212,2953,150
413,78896,79,2944,88,2952,72
413,78971,124,2946,142,2953,126
413,78969,104,2946,116,2953,84
413,79045,155,2943,164,2952,81
413,79037,174,2946,186,2953,84
413,78899,223,2943,236,2952,117
413,79097,248,2943,256,2949,48
413,79098,274,2943,285,2949,66
413,79103,325,2937,337,2947,120
413,79102,299,2943,309,2948,50
413,79105,338,2940,350,2946,72
413,79108,360,2939,372,2947,96
413,79110,380,2942,391,2947,55
413,79111,397,2941,409,2949,96
413,79115,495,2935,504,2941,54
413,79116,558,2923,568,2931,80
413,79122,522,2931,535,2940,117
413,79132,545,2914,555,2920,60
413,79134,590,2918,601,2925,77
413,79128,572,2913,580,2921,64
413,79135,613,2922,626,2933,143
413,79139,636,2923,649,2932,117
413,79136,656,2927,667,2935,88
414,78911,1778,3073,1787,3080,63
414,78896,73,2939,85,2952,156
414,78897,190,2945,205,2952,105
414,78971,120,2946,136,2953,112
414,78969,103,2946,114,2952,66
414,79037,170,2946,180,2952,60
414,78899,218,2943,230,2952,108
414,79097,241,2943,253,2952,108
414,79098,270,2939,281,2946,77
414,79102,295,2940,304,2946,54
414,79103,319,2937,331,2944,84
414,79105,335,2939,345,2945,60
414,79108,355,2939,367,2946,84
414,79110,375,2942,388,2949,91
414,79111,392,2938,406,2945,98
414,79115,491,2933,502,2941,88
414,79116,553,2921,568,2929,120
414,79122,521,2927,532,2937,110
414,79132,540,2915,549,2920,45
414,79128,565,2913,576,2920,77
414,79134,587,2918,598,2924,66
414,79135,612,2921,622,2928,70
414,79139,632,2923,646,2933,140
414,79136,654,2924,665,2935,121
415,78911,1777,3069,1788,3080,121
415,78896,71,2941,81,2950,90
415,78897,188,2946,202,2955,126
415,78971,114,2946,131,2954,136
415,78969,97,2945,104,2951,42
415,79045,143,2947,153,2955,80
415,79037,163,2946,173,2952,60
415,78899,213,2944,225,2952,96
415,79097,239,2943,248,2951,72
415,79098,265,2939,276,2946,77
415,79103,313,2937,326,2946,117
415,79102,289,2939,300,2947,88
415,79105,330,2937,340,2944,70
415,79108,350,2939,361,2947,88
415,79110,371,2941,382,2947,66
415,79111,390,2939,401,2945,66
415,79115,489,2931,496,2936,35
415,79116,550,2921,564,2928,98
415,79122,518,2927,531,2937,130
415,79132,534,2913,545,2920,77
415,79128,561,2912,569,2920,64
415,79134,581,2917,594,2924,91
415,79135,608,2919,619,2927,88
415,79139,629,2923,640,2933,110
415,79136,648,2927,661,2935,104
416,78911,1774,3071,1787,3081,130
416,78896,62,2942,76,2951,126
416,78897,184,2946,195,2953,77
416,78971,110,2947,128,2953,108
416,78969,87,2945,99,2951,72
416,79045,134,2946,147,2954,104
416,79037,158,2946,169,2952,66
416,78899,207,2945,218,2953,88
416,79097,231,2942,241,2951,90
416,79098,258,2941,269,2948,77
416,79103,309,2935,323,2942,98
416,79102,283,2941,295,2948,84
416,79105,326,2935,336,2944,90
416,79108,345,2937,358,2947,130
416,79110,368,2939,377,2947,72
416,79111,385,2938,398,2945,91
416,79115,487,2931,497,2937,60
416,79116,545,2921,557,2928,84
416,79122,512,2928,525,2938,130
416,79132,534,2909,542,2919,80
416,79128,558,2912,563,2918,30
416,79134,579,2914,590,2921,77
416,79135,604,2918,614,2926,80
416,79139,626,2920,637,2931,121
416,79136,647,2926,657,2936,100
417,78911,1776,3073,1793,3085,204
417,78896,58,2942,68,2949,70
417,78897,181,2946,189,2954,64
417,78971,103,2944,121,2952,144
417,78969,81,2945,94,2952,91
417,79045,130,2944,143,2954,130
417,79037,152,2946,164,2954,96
417,78899,203,2945,213,2953,80
417,79097,227,2943,237,2951,80
417,79098,251,2942,265,2948,84
417,79103,305,2935,316,2943,88
417,79102,279,2940,292,2948,104
417,79105,320,2937,331,2944,77
417,79108,342,2936,353,2944,88
417,79110,363,2940,372,2945,45
417,79111,379,2937,392,2947,130
417,79115,485,2931,493,2937,48
417,79116,542,2920,554,2926,72
417,79122,510,2927,521,2936,99
417,79132,527,2911,540,2919,104
417,79128,555,2913,561,2919,36
417,79134,576,2914,587,2921,77
417,79135,599,2918,612,2928,130
417,79139,622,2918,634,2929,132
417,79136,642,2923,653,2932,99
418,78911,1777,3072,1788,3081,99
418,78896,53,2938,65,2947,108
418,78971,97,2943,115,2952,162
418,78969,78,2943,88,2950,70
418,79037,148,2945,158,2953,80
418,78899,197,2942,209,2953,132
418,79098,249,2939,258,2948,81
418,79097,222,2943,231,2952,81
418,79102,274,2939,284,2945,60
418,79103,300,2936,312,2943,84
418,79105,315,2937,327,2944,84
418,79108,337,2937,347,2943,60
418,79110,355,2939,368,2947,104
418,79111,375,2936,385,2943,70
418,79115,479,2931,488,2938,63
418,79116,539,2915,549,2926,110
418,79122,509,2926,520,2936,110
418,79132,523,2910,535,2920,120
418,79128,550,2911,555,2919,40
418,79134,572,2913,584,2919,72
418,79135,598,2918,606,2925,56
418,79139,618,2919,630,2928,108
418,79136,639,2920,649,2929,90
419,78911,1777,3071,1792,3082,165
419,78896,46,2941,57,2948,77
419,78897,166,2947,177,2954,77
419,78971,91,2944,108,2952,136
419,78969,71,2943,83,2949,72
419,79045,118,2947,128,2952,50
419,79037,142,2943,153,2952,99
419,78899,192,2943,203,2953,110
419,79097,216,2942,226,2952,100
419,79098,244,2939,253,2947,72
419,79102,268,2937,280,2944,84
419,79103,294,2935,306,2944,108
419,79105,314,2933,321,2941,56
419,79108,330,2934,344,2944,140
419,79110,353,2937,363,2944,70
419,79111,372,2936,381,2943,63
419,79115,479,2929,486,2938,63
419,79116,535,2917,545,2925,80
419,79122,510,2926,517,2936,70
419,79132,518,2909,531,2917,104
419,79128,547,2909,551,2918,36
419,79134,567,2913,578,2920,77
419,79135,591,2915,605,2923,112
419,79139,614,2917,625,2926,99
419,79136,635,2923,646,2929,66
420,78911,1777,3070,1792,3082,180
420,78896,40,2941,53,2949,104
420,78897,164,2944,174,2952,80
420,78971,86,2944,104,2952,144
420,78969,66,2943,77,2949,66
420,79045,114,2944,124,2952,80
420,79037,134,2946,145,2952,66
420,78899,185,2943,197,2953,120
420,79097,210,2942,222,2951,108
420,79098,238,2939,249,2947,88
420,79103,290,2934,301,2941,77
420,79102,263,2938,275,2945,84
420,79105,309,2935,317,2940,40
420,79108,328,2933,340,2943,120
420,79110,350,2935,360,2944,90
420,79111,367,2935,378,2943,88
420,79115,475,2927,484,2936,81
420,79116,530,2916,541,2924,88
420,79122,502,2928,516,2937,126
420,79132,517,2906,527,2916,100
420,79128,538,2911,545,2916,35
420,79134,563,2912,575,2920,96
420,79135,587,2914,600,2921,91
420,79139,611,2914,622,2925,121
420,79136,631,2921,641,2928,70
421,78911,1774,3071,1793,3080,171
421,78896,36,2939,50,2947,112
421,78897,154,2945,168,2953,112
421,78971,80,2943,99,2951,152
421,78969,62,2943,73,2950,77
421,79045,109,2943,119,2952,90
421,79037,130,2945,142,2953,96
421,78899,180,2942,194,2951,126
421,79097,206,2942,217,2951,99
421,79098,231,2940,244,2949,117
421,79102,258,2938,269,2946,88
421,79103,287,2931,299,2940,108
421,79105,303,2935,312,2940,45
421,79108,324,2932,333,2942,90
421,79110,345,2934,354,2943,81
421,79111,360,2935,372,2944,108
421,79115,473,2927,480,2938,77
421,79116,525,2916,537,2924,96
421,79122,502,2927,512,2933,60
421,79132,515,2910,524,2916,54
421,79128,535,2910,541,2917,42
421,79134,560,2909,571,2919,110
421,79135,583,2914,596,2925,143
421,79139,605,2913,619,2924,154
421,79136,628,2920,638,2928,80
422,78911,1777,3074,1793,3085,176
422,78896,29,2936,42,2946,130
422,78897,151,2946,161,2954,80
422,78971,76,2943,94,2951,144
422,78969,58,2943,65,2948,35
422,79045,106,2946,113,2952,42
422,79037,125,2943,135,2951,80
422,78899,173,2942,188,2952,150
422,79097,200,2943,211,2951,88
422,79098,227,2938,237,2947,90
422,79102,254,2935,264,2944,90
422,79103,281,2930,291,2938,80
422,79105,298,2934,310,2941,84
422,79108,320,2934,329,2940,54
422,79110,338,2935,349,2945,110
422,79111,357,2933,367,2941,80
422,79115,466,2926,480,2936,140
422,79116,525,2915,534,2923,72
422,79122,499,2925,510,2933,88
422,79132,507,2909,522,2917,120
422,79128,529,2908,536,2914,42
422,79134,554,2910,567,2919,117
422,79135,581,2913,593,2920,84
422,79139,601,2914,614,2924,130
422,79136,622,2916,634,2927,132
423,78911,1778,3074,1792,3081,98
423,78896,27,2939,34,2945,42
423,78897,143,2946,156,2952,78
423,78971,69,2944,88,2952,152
423,78969,50,2939,60,2947,80
423,79045,98,2945,108,2952,70
423,79037,117,2943,129,2951,96
423,78899,171,2945,179,2952,56
423,79097,195,2943,205,2950,70
423,79098,222,2938,232,2948,100
423,79102,247,2934,259,2943,108
423,79103,277,2931,289,2941,120
423,79105,292,2932,304,2938,72
423,79108,314,2933,325,2942,99
423,79110,335,2934,343,2941,56
423,79111,351,2933,363,2941,96
423,79115,466,2927,476,2934,70
423,79116,518,2913,530,2920,84
423,79122,495,2926,504,2933,63
423,79132,505,2908,516,2915,77
423,79128,521,2907,532,2914,77
423,79134,549,2910,563,2918,112
423,79135,577,2910,588,2919,99
423,79139,598,2915,610,2923,96
423,79136,618,2918,631,2926,104
424,78911,1783,3073,1792,3079,54
424,78896,18,2937,31,2949,156
424,78897,142,2943,151,2953,90
424,78971,65,2943,83,2952,162
424,78969,48,2942,58,2949,70
424,79045,93,2943,104,2952,99
424,79037,111,2944,123,2953,108
424,78899,164,2946,177,2954,104
424,79098,214,2939,228,2949,140
424,79097,189,2942,200,2949,77
424,79102,242,2938,253,2944,66
424,79103,273,2930,285,2939,108
424,79105,289,2931,300,2937,66
424,79108,309,2930,321,2939,108
424,79110,331,2935,338,2941,42
424,79111,347,2935,357,2942,70
424,79115,464,2926,473,2934,72
424,79116,511,2913,523,2921,96
424,79122,492,2926,503,2933,77
424,79132,499,2906,512,2915,117
424,79128,515,2909,524,2913,36
424,79134,546,2909,559,2918,117
424,79135,573,2911,585,2919,96
424,79139,593,2911,609,2921,160
424,79136,615,2918,626,2928,110
425,78911,1783,3071,1796,3080,117
425,78896,15,2936,25,2947,110
425,78971,58,2941,80,2950,198
425,78969,38,2940,50,2949,108
425,79045,88,2943,98,2951,80
425,79037,108,2944,118,2951,70
425,78899,160,2945,170,2952,70
425,79097,183,2943,195,2949,72
425,79098,208,2939,221,2948,117
425,79102,238,2938,248,2943,50
425,79103,268,2928,279,2937,99
425,79105,284,2932,296,2937,60
425,79108,307,2930,316,2936,54
425,79110,326,2935,335,2940,45
425,79111,341,2934,354,2941,91
425,79115,462,2926,473,2934,88
425,79116,510,2914,522,2921,84
425,79122,490,2923,500,2931,80
425,79132,495,2906,509,2914,112
425,79128,510,2906,519,2913,63
425,79134,545,2909,557,2916,84
425,79135,566,2911,580,2921,140
425,79139,590,2911,601,2921,110
425,79136,611,2917,622,2926,99
426,78911,1782,3071,1794,3080,108
426,78896,10,2932,20,2945,130
426,78897,125,2945,139,2954,126
426,78971,54,2943,73,2950,133
426,78969,38,2940,49,2946,66
426,79045,81,2944,91,2952,80
426,79037,101,2942,112,2949,77
426,78899,152,2941,165,2952,143
426,79097,178,2943,191,2950,91
426,79098,205,2938,217,2946,96
426,79103,261,2930,274,2937,91
426,79102,235,2935,243,2941,48
426,79105,278,2931,290,2938,84
426,79108,302,2930,312,2940,100
426,79110,319,2934,329,2941,70
426,79111,337,2931,350,2938,91
426,79115,458,2923,469,2933,110
426,79116,508,2912,521,2919,91
426,79122,488,2922,498,2931,90
426,79132,493,2909,505,2916,84
426,79134,539,2908,552,2915,91
426,79128,505,2905,514,2912,63
426,79135,567,2910,577,2917,70
426,79139,589,2909,599,2923,140
426,79136,607,2915,619,2923,96
427,78911,1782,3073,1795,3081,104
427,78896,4,2934,13,2945,99
427,78971,47,2943,68,2951,168
427,78969,30,2939,42,2945,72
427,79045,76,2943,87,2952,99
427,79037,97,2943,106,2949,54
427,78897,122,2945,132,2952,70
427,78899,146,2945,161,2953,120
427,79097,173,2941,184,2948,77
427,79098,198,2938,212,2945,98
427,79103,256,2930,269,2936,78
427,79102,229,2934,237,2941,56
427,79105,278,2930,286,2936,48
427,79108,296,2930,309,2938,104
427,79110,319,2932,326,2938,42
427,79111,332,2931,344,2939,96
427,79115,455,2922,468,2932,130
427,79116,505,2910,516,2917,77
427,79122,482,2924,491,2932,72
427,79132,493,2906,502,2914,72
427,79128,499,2904,507,2912,64
427,79134,537,2907,549,2916,108
427,79135,562,2906,573,2917,121
427,79139,583,2910,594,2920,110
427,79136,603,2915,615,2923,96
428,78911,1787,3075,1796,3080,45
428,78896,0,2933,7,2945,84
428,78897,115,2942,129,2953,154
428,78971,42,2941,62,2950,180
428,78969,26,2938,36,2945,70
428,79045,72,2942,81,2950,72
428,79037,90,2944,100,2951,70
428,78899,141,2941,153,2952,132
428,79098,194,2939,208,2947,112
428,79097,168,2942,179,2947,55
428,79102,223,2935,232,2944,81
428,79103,253,2929,264,2935,66
428,79105,273,2930,280,2936,42
428,79108,293,2928,303,2938,100
428,79110,311,2930,321,2938,80
428,79111,328,2930,338,2937,70
428,79115,452,2922,466,2931,126
428,79116,500,2911,511,2917,66
428,79122,480,2922,489,2931,81
428,79132,489,2905,496,2913,56
428,79128,496,2906,504,2912,48
428,79134,532,2906,545,2915,117
428,79135,558,2909,570,2918,108
428,79139,580,2908,590,2917,90
428,79136,598,2912,610,2924,144
429,78911,1788,3074,1797,3081,63
429,78896,0,2934,2,2941,14
429,78971,36,2940,57,2947,147
429,78969,16,2939,30,2948,126
429,79045,63,2940,75,2949,108
429,79037,83,2943,93,2949,60
429,78897,110,2944,120,2953,90
429,78899,137,2943,150,2953,130
429,79097,162,2942,173,2949,77
429,79098,189,2937,202,2948,143
429,79102,218,2935,228,2940,50
429,79103,252,2927,259,2934,49
429,79105,267,2928,277,2934,60
429,79108,288,2927,297,2936,81
429,79110,307,2931,317,2937,60
429,79111,323,2930,334,2938,88
429,79115,451,2922,462,2931,99
429,79116,494,2911,509,2917,90
429,79122,478,2920,489,2929,99
429,79132,482,2904,491,2912,72
429,79128,490,2905,497,2912,49
429,79134,531,2905,542,2913,88
429,79135,555,2909,564,2917,72
429,79139,575,2907,588,2915,104
429,79136,596,2914,605,2919,45
430,78911,1790,3074,1800,3081,70
430,78897,105,2945,115,2952,70
430,78971,32,2940,50,2947,126
430,78969,15,2937,23,2944,56
430,79045,59,2943,70,2949,66
430,79037,79,2939,88,2948,81
430,78899,130,2942,142,2951,108
430,79097,156,2943,169,2949,78
430,79098,185,2939,193,2945,48
430,79103,243,2928,254,2937,99
430,79102,214,2931,224,2940,90
430,79105,262,2928,271,2935,63
430,79108,285,2926,295,2933,70
430,79110,302,2931,311,2937,54
430,79111,318,2930,330,2938,96
430,79115,446,2921,462,2930,144
430,79116,493,2906,503,2914,80
430,79122,474,2922,484,2928,60
430,79132,477,2905,485,2912,56
430,79134,527,2906,538,2913,77
430,79128,483,2903,491,2908,40
430,79135,551,2906,563,2915,108
430,79139,571,2907,584,2916,117
430,79136,590,2908,601,2918,110
431,78911,1790,3074,1800,3081,70
431,78971,26,2940,47,2949,189
431,78969,9,2935,20,2945,110
431,79045,55,2941,65,2949,80
431,79037,73,2943,83,2948,50
431,78897,98,2942,109,2950,88
431,78899,126,2942,136,2951,90
431,79097,151,2939,163,2948,108
431,79098,180,2939,189,2945,54
431,79102,207,2932,219,2939,84
431,79103,237,2926,251,2937,154
431,79105,260,2927,266,2934,42
431,79108,277,2925,290,2933,104
431,79110,298,2928,307,2934,54
431,79111,313,2926,325,2934,96
431,79115,443,2918,457,2929,154
431,79116,487,2907,499,2914,84
431,79122,470,2922,482,2928,72
431,79132,473,2903,481,2909,48
431,79134,521,2905,532,2913,88
431,79128,481,2902,486,2908,30
431,79135,547,2906,560,2915,117
431,79139,568,2906,580,2917,132
431,79136,587,2911,601,2920,126
432,78911,1790,3074,1802,3080,72
432,78897,92,2941,105,2952,143
432,78971,20,2938,41,2946,168
432,78969,3,2935,12,2944,81
432,79045,50,2938,61,2945,77
432,79037,65,2940,77,2948,96
432,78899,119,2942,132,2951,117
432,79097,146,2940,156,2946,60
432,79098,171,2938,183,2945,84
432,79102,203,2932,213,2940,80
432,79103,234,2926,244,2933,70
432,79105,251,2925,263,2933,96
432,79108,273,2927,285,2934,84
432,79110,296,2928,302,2933,30
432,79111,309,2927,321,2935,96
432,79115,442,2918,454,2927,108
432,79116,484,2906,495,2914,88
432,79122,467,2919,476,2925,54
432,79132,467,2903,474,2910,49
432,79134,518,2903,530,2911,96
432,79128,474,2902,482,2908,48
432,79135,542,2906,556,2916,140
432,79139,565,2905,577,2913,96
432,79136,582,2911,595,2920,117
433,78911,1790,3074,1804,3080,84
433,78971,15,2935,36,2945,210
433,78969,0,2935,8,2944,72
433,79045,45,2938,55,2945,70
433,79037,59,2940,72,2946,78
433,78897,85,2941,98,2952,143
433,78899,115,2941,127,2951,120
433,79098,167,2939,179,2945,72
433,79097,139,2940,152,2949,117
433,79102,198,2931,208,2936,50
433,79103,231,2926,241,2934,80
433,79105,247,2927,258,2932,55
433,79108,268,2924,279,2931,77
433,79110,286,2927,300,2934,98
433,79111,303,2926,316,2934,104
433,79115,438,2918,449,2924,66
433,79116,477,2907,491,2915,112
433,79122,465,2917,476,2926,99
433,79132,461,2901,472,2906,55
433,79134,514,2903,526,2911,96
433,79128,467,2905,477,2911,60
433,79135,538,2906,550,2914,96
433,79139,559,2903,572,2912,117
433,79136,580,2911,592,2916,60
434,78911,1790,3074,1805,3080,90
434,78897,83,2943,91,2949,48
434,78971,10,2938,31,2945,147
434,78969,0,2933,2,2939,12
434,79045,39,2938,49,2948,100
434,79037,55,2939,65,2944,50
434,78899,109,2941,121,2950,108
434,79097,134,2939,147,2945,78
434,79098,161,2935,173,2944,108
434,79102,194,2930,205,2936,66
434,79103,223,2925,236,2935,130
434,79105,243,2927,253,2932,50
434,79108,265,2922,276,2931,99
434,79110,282,2926,294,2934,96
434,79111,298,2926,311,2935,117
434,79115,435,2918,446,2924,66
434,79116,475,2905,486,2912,77
434,79122,462,2918,473,2925,77
434,79132,455,2898,466,2904,66
434,79128,463,2903,474,2910,77
434,79134,508,2903,521,2910,91
434,79136,573,2904,588,2916,180
434,79139,557,2903,568,2913,110
434,79135,534,2903,545,2910,77
435,78911,1792,3074,1806,3080,84
435,78897,76,2938,89,2948,130
435,78971,5,2938,25,2944,120
435,79045,34,2937,43,2945,72
435,79037,49,2938,60,2948,110
435,78899,102,2941,114,2950,108
435,79097,129,2937,140,2945,88
435,79098,158,2936,168,2944,80
435,79103,219,2925,232,2934,117
435,79105,238,2925,249,2931,66
435,79108,265,2922,273,2931,72
435,79110,279,2926,288,2931,45
435,79111,295,2925,307,2932,84
435,79115,432,2916,443,2923,77
435,79116,472,2903,484,2911,96
435,79122,458,2919,469,2928,99
435,79132,450,2898,460,2905,70
435,79128,460,2899,469,2908,81
435,79134,505,2904,518,2912,104
435,79136,574,2909,586,2915,72
435,79139,554,2904,565,2915,121
435,79135,532,2903,541,2910,63
436,78911,1794,3075,1806,3080,60
436,78971,1,2935,18,2943,136
436,79045,28,2935,37,2942,63
436,79037,43,2938,54,2944,66
436,78899,96,2941,109,2949,104
436,79097,124,2939,134,2945,60
436,79098,149,2938,162,2944,78
436,79102,183,2931,192,2939,72
436,79103,214,2921,227,2931,130
436,79105,234,2923,245,2929,66
436,79108,256,2923,269,2934,143
436,79110,275,2924,285,2931,70
436,79111,291,2925,301,2931,60
436,79115,430,2916,441,2922,66
436,79116,467,2903,478,2910,77
436,79122,458,2915,466,2924,72
436,79132,443,2898,451,2907,72
436,79128,454,2901,465,2907,66
436,79134,501,2903,514,2909,78
436,79135,527,2903,541,2912,126
436,79139,551,2901,561,2912,110
436,79136,567,2907,580,2917,130
437,78911,1795,3075,1808,3080,65
437,78897,62,2941,75,2949,104
437,78971,0,2935,12,2942,84
437,79037,39,2935,47,2942,56
437,78899,90,2937,104,2947,140
437,79098,146,2934,159,2943,117
437,79097,117,2938,128,2944,66
437,79102,181,2928,187,2936,48
437,79103,211,2922,220,2930,72
437,79105,227,2923,238,2928,55
437,79108,250,2918,263,2930,156
437,79110,268,2924,281,2931,91
437,79111,287,2924,296,2931,63
437,79115,427,2915,439,2922,84
437,79116,464,2903,474,2911,80
437,79122,455,2913,463,2923,80
437,79132,437,2897,449,2904,84
437,79128,450,2901,460,2910,90
437,79134,499,2898,512,2908,130
437,79135,523,2902,536,2909,91
437,79139,548,2902,556,2911,72
437,79136,567,2906,576,2913,63
438,78911,1797,3076,1810,3081,65
438,78897,58,2938,69,2946,88
438,78971,0,2936,9,2942,54
438,79045,17,2935,28,2944,99
438,79037,32,2935,43,2944,99
438,78899,82,2937,98,2948,176
438,79098,142,2933,152,2942,90
438,79097,114,2937,122,2945,64
438,79102,172,2927,184,2936,108
438,79103,202,2924,212,2932,80
438,79105,223,2924,235,2931,84
438,79108,248,2919,258,2929,100
438,79110,265,2924,277,2932,96
438,79111,281,2923,292,2932,99
438,79115,424,2915,435,2923,88
438,79116,461,2903,470,2911,72
438,79122,447,2915,460,2923,104
438,79132,429,2893,446,2902,153
438,79128,446,2899,457,2908,99
438,79134,494,2899,506,2908,108
438,79135,523,2899,532,2908,81
438,79139,543,2902,554,2911,99
438,79136,563,2903,573,2912,90
439,78911,1799,3076,1812,3082,78
439,78897,52,2935,62,2946,110
439,78971,0,2935,4,2942,28
439,79045,11,2935,23,2940,60
439,79037,27,2935,37,2944,90
439,78899,81,2939,90,2949,90
439,79098,136,2935,147,2942,77
439,79097,108,2936,119,2944,88
439,79102,167,2928,178,2936,88
439,79103,200,2921,213,2930,117
439,79105,218,2922,229,2929,77
439,79108,242,2920,254,2929,108
439,79110,262,2922,272,2928,60
439,79111,278,2922,288,2930,80
439,79115,422,2912,433,2921,99
439,79116,457,2900,467,2909,90
439,79122,445,2916,457,2924,96
439,79132,425,2895,437,2902,84
439,79128,443,2898,452,2906,72
439,79134,490,2900,501,2909,99
439,79135,519,2900,528,2907,63
439,79139,538,2902,550,2910,96
439,79136,558,2903,568,2912,90
440,78911,1800,3076,1813,3082,78
440,78897,46,2936,58,2949,156
440,79045,9,2933,16,2940,49
440,79037,22,2935,32,2940,50
440,78899,75,2938,85,2945,70
440,79097,102,2936,112,2943,70
440,79098,130,2934,140,2940,60
440,79102,163,2927,174,2935,88
440,79103,195,2918,207,2929,132
440,79105,215,2919,224,2928,81
440,79108,238,2919,251,2929,130
440,79110,259,2919,268,2926,63
440,79111,275,2920,283,2929,72
440,79115,419,2912,430,2921,99
440,79116,452,2900,461,2908,72
440,79122,442,2912,454,2922,120
440,79132,418,2895,431,2902,91
440,79128,438,2898,448,2905,70
440,79134,486,2896,497,2905,99
440,79135,512,2900,524,2909,108
440,79139,536,2899,546,2909,100
440,79136,556,2904,565,2913,81
441,78911,1800,3077,1816,3082,80
441,78897,41,2935,53,2947,144
441,79045,2,2934,12,2940,60
441,79037,17,2931,27,2940,90
441,78899,69,2937,80,2945,88
441,79098,125,2934,136,2940,66
441,79097,96,2937,108,2944,84
441,79102,160,2926,168,2932,48
441,79103,191,2920,201,2928,80
441,79105,207,2923,220,2928,65
441,79108,233,2918,247,2928,140
441,79110,252,2920,264,2928,96
441,79111,270,2921,279,2928,63
441,79115,415,2913,425,2921,80
441,79116,446,2900,459,2908,104
441,79122,440,2911,449,2922,99
441,79132,414,2895,426,2902,84
441,79128,434,2899,444,2905,60
441,79134,482,2895,494,2906,132
441,79135,510,2899,521,2908,99
441,79139,533,2898,544,2909,121
441,79136,553,2902,560,2907,35
442,78911,1807,3078,1816,3083,45
442,78897,37,2934,49,2946,144
442,79045,0,2932,8,2940,64
442,79037,9,2934,20,2940,66
442,78899,62,2937,75,2945,104
442,79097,91,2935,101,2942,70
442,79098,120,2933,133,2939,78
442,79102,155,2927,163,2931,32
442,79103,186,2921,195,2928,63
442,79105,205,2923,216,2928,55
442,79108,228,2916,241,2927,143
442,79110,247,2922,261,2928,84
442,79111,263,2920,275,2928,96
442,79116,442,2898,453,2908,110
442,79115,410,2912,422,2920,96
442,79122,435,2915,448,2922,91
442,79132,406,2892,416,2900,80
442,79128,430,2896,438,2904,64
442,79134,477,2898,490,2907,117
442,79135,507,2894,517,2906,120
442,79139,529,2900,540,2908,88
442,79136,550,2897,557,2906,63
443,78911,1807,3078,1816,3083,45
443,79045,0,2933,2,2936,6
443,79037,5,2932,15,2940,80
443,78897,31,2932,39,2942,80
443,78899,57,2936,69,2946,120
443,79097,86,2934,97,2941,77
443,79098,112,2931,123,2937,66
443,79102,147,2926,160,2932,78
443,79103,181,2919,193,2928,108
443,79105,202,2920,209,2927,49
443,79108,225,2917,236,2926,99
443,79110,244,2919,255,2926,77
443,79111,259,2920,273,2928,112
443,79116,439,2896,452,2906,130
443,79115,410,2908,418,2918,80
443,79122,431,2913,443,2921,96
443,79132,402,2892,412,2900,80
443,79128,426,2895,436,2904,90
443,79134,472,2899,488,2907,128
443,79135,502,2894,513,2905,121
443,79139,524,2900,538,2909,126
443,79136,546,2903,553,2907,28
444,78911,1810,3079,1819,3084,45
444,78897,22,2933,34,2945,144
444,79037,2,2932,11,2936,36
444,78899,52,2934,64,2944,120
444,79098,107,2931,120,2941,130
444,79097,79,2935,89,2939,40
444,79102,143,2923,155,2930,84
444,79103,177,2919,189,2927,96
444,79105,195,2918,204,2926,72
444,79108,217,2918,231,2930,168
444,79110,240,2919,249,2926,63
444,79111,256,2916,268,2925,108
444,79115,407,2911,416,2920,81
444,79116,435,2896,447,2904,96
444,79122,431,2910,440,2920,90
444,79132,393,2892,405,2900,96
444,79128,421,2896,433,2903,84
444,79134,468,2895,482,2902,98
444,79135,498,2898,509,2905,77
444,79139,522,2898,533,2905,77
444,79136,540,2900,546,2909,54
445,78911,1812,3079,1821,3084,45
445,78897,21,2932,30,2944,108
445,79037,0,2930,6,2936,36
445,78899,46,2934,57,2943,99
445,79098,104,2930,115,2940,110
445,79097,74,2934,84,2940,60
445,79102,141,2921,150,2928,63
445,79103,171,2920,183,2926,72
445,79105,188,2920,200,2925,60
445,79108,213,2916,225,2927,132
445,79110,235,2918,246,2925,77
445,79111,251,2918,262,2925,77
445,79115,402,2911,412,2920,90
445,79116,429,2898,440,2907,99
445,79122,426,2910,438,2919,108
445,79132,387,2890,400,2897,91
445,79128,414,2897,425,2905,88
445,79134,466,2895,478,2904,108
445,79135,493,2897,505,2905,96
445,79139,519,2897,530,2907,110
445,79136,538,2899,544,2906,42
446,78911,1814,3080,1824,3085,50
446,78897,14,2928,23,2940,108
446,78899,40,2933,54,2944,154
446,79098,100,2929,109,2937,72
446,79097,69,2932,80,2937,55
446,79103,166,2919,178,2929,120
446,79105,184,2919,194,2927,80
446,79108,212,2916,222,2926,100
446,79110,230,2919,240,2925,60
446,79111,246,2916,258,2925,108
446,79115,399,2911,409,2920,90
446,79116,423,2898,437,2905,98
446,79122,420,2911,432,2921,120
446,79132,382,2889,394,2896,84
446,79128,414,2895,424,2900,50
446,79134,462,2895,472,2904,90
446,79135,490,2894,500,2903,90
446,79139,513,2895,529,2904,144
446,79136,531,2898,539,2907,72
447,78911,1816,3080,1826,3086,60
447,78897,8,2930,20,2940,120
447,78899,37,2933,48,2941,88
447,79097,64,2932,74,2937,50
447,79098,94,2930,105,2937,77
447,79102,131,2922,141,2930,80
447,79103,163,2918,172,2924,54
447,79105,182,2919,189,2924,35
447,79108,206,2917,219,2926,117
447,79110,225,2918,236,2925,77
447,79111,241,2917,254,2925,104
447,79115,396,2906,406,2918,120
447,79116,422,2895,435,2903,104
447,79122,415,2911,428,2920,117
447,79132,374,2889,386,2896,84
447,79128,410,2894,417,2901,49
447,79134,457,2896,470,2904,104
447,79135,486,2894,497,2904,110
447,79139,511,2897,521,2907,100
447,79136,522,2899,533,2906,77
448,78911,1817,3081,1827,3087,60
448,78897,2,2930,15,2942,156
448,78899,29,2928,41,2939,132
448,79097,58,2931,69,2940,99
448,79098,86,2929,98,2937,96
448,79102,127,2920,135,2927,56
448,79103,158,2917,168,2925,80
448,79105,175,2916,184,2924,72
448,79108,198,2916,213,2926,150
448,79110,222,2915,232,2924,90
448,79111,238,2915,248,2923,80
448,79115,391,2910,402,2917,77
448,79116,417,2895,428,2903,88
448,79122,416,2908,425,2918,90
448,79132,368,2890,381,2897,91
448,79134,453,2895,465,2901,72
448,79128,402,2896,413,2903,77
448,79135,481,2893,494,2905,156
448,79139,508,2893,519,2904,121
448,79136,518,2898,527,2905,63
449,78911,1820,3082,1829,3087,45
449,78897,1,2929,10,2937,72
449,78899,25,2931,36,2939,88
449,79097,55,2930,63,2937,56
449,79098,81,2924,91,2934,100
449,79102,120,2915,132,2927,144
449,79103,150,2918,163,2925,91
449,79105,170,2918,180,2924,60
449,79108,195,2915,208,2925,130
449,79110,219,2915,228,2924,81
449,79111,234,2914,244,2921,70
449,79115,387,2910,398,2917,77
449,79116,411,2897,423,2905,96
449,79122,409,2910,422,2917,91
449,79132,362,2888,376,2895,98
449,79128,399,2895,408,2902,63
449,79134,449,2893,460,2900,77
449,79135,478,2894,488,2902,80
449,79139,503,2891,512,2903,108
449,79136,513,2894,521,2904,80
450,78911,1820,3083,1831,3088,55
450,78897,0,2929,9,2938,81
450,78899,22,2931,31,2940,81
450,79097,48,2929,57,2934,45
450,79098,76,2926,86,2934,80
450,79102,116,2918,129,2929,143
450,79103,145,2918,157,2925,84
450,79105,164,2918,176,2924,72
450,79108,192,2914,205,2923,117
450,79110,211,2915,225,2925,140
450,79111,226,2913,239,2922,117
450,79115,383,2910,397,2918,112
450,79116,408,2897,419,2905,88
450,79122,406,2910,417,2918,88
450,79132,356,2887,369,2895,104
450,79128,396,2893,404,2900,56
450,79134,446,2894,457,2902,88
450,79135,476,2890,485,2902,108
450,79139,496,2897,507,2906,99
450,79136,504,2897,515,2902,55
451,78911,1823,3084,1833,3089,50
451,78899,16,2930,26,2937,70
451,79097,42,2927,52,2935,80
451,79098,70,2926,84,2936,140
451,79103,143,2916,154,2923,77
451,79102,112,2918,124,2928,120
451,79105,162,2917,169,2923,42
451,79108,188,2915,197,2921,54
451,79110,208,2916,218,2923,70
451,79111,223,2913,233,2923,100
451,79115,382,2907,392,2918,110
451,79116,406,2893,416,2902,90
451,79122,403,2908,413,2915,70
451,79132,351,2886,365,2896,140
451,79128,390,2895,399,2901,54
451,79134,441,2894,453,2902,96
451,79135,470,2894,480,2903,90
451,79139,491,2894,503,2903,108
451,79136,501,2896,512,2903,77
452,78911,1825,3085,1835,3090,50
452,78899,9,2926,21,2936,120
452,79097,38,2927,48,2936,90
452,79098,65,2925,80,2935,150
452,79102,110,2916,119,2925,81
452,79103,138,2915,149,2922,77
452,79105,156,2916,166,2921,50
452,79108,181,2912,194,2923,143
452,79110,205,2912,214,2922,90
452,79111,219,2913,230,2921,88
452,79115,378,2907,390,2917,120
452,79116,399,2894,409,2901,70
452,79122,399,2907,409,2914,70
452,79132,343,2887,358,2895,120
452,79128,383,2892,396,2901,117
452,79134,437,2893,448,2900,77
452,79135,465,2893,477,2905,144
452,79139,489,2894,499,2904,100
452,79136,496,2891,506,2902,110
453,78911,1828,3085,1837,3090,45
453,78899,5,2928,16,2937,99
453,79097,33,2927,43,2936,90
453,79098,61,2923,73,2933,120
453,79103,129,2915,144,2924,135
453,79102,102,2915,114,2924,108
453,79105,149,2916,160,2925,99
453,79108,178,2914,189,2924,110
453,79110,201,2913,209,2922,72
453,79111,216,2912,226,2921,90
453,79115,371,2908,384,2917,117
453,79116,394,2894,405,2903,99
453,79122,393,2907,405,2915,96
453,79132,337,2885,351,2895,140
453,79128,382,2891,393,2898,77
453,79134,431,2893,441,2900,70
453,79135,461,2894,472,2904,110
453,79139,484,2892,494,2902,100
453,79136,491,2893,500,2898,45
454,78911,1827,3086,1839,3091,60
454,78899,1,2927,12,2936,99
454,79097,29,2923,38,2934,99
454,79098,55,2922,68,2931,117
454,79102,98,2915,111,2924,117
454,79103,126,2912,138,2922,120
454,79105,145,2915,157,2920,60
454,79108,173,2913,184,2922,99
454,79110,194,2914,205,2922,88
454,79111,211,2910,221,2917,70
454,79116,390,2895,401,2903,88
454,79115,368,2908,381,2916,104
454,79122,390,2907,401,2916,99
454,79132,333,2882,342,2892,90
454,79128,375,2887,388,2897,130
454,79134,427,2895,440,2904,117
454,79135,458,2890,468,2900,100
454,79139,480,2894,488,2903,72
454,79136,483,2895,496,2899,52
455,78911,1826,3086,1840,3090,56
455,78899,0,2923,6,2933,60
455,79097,23,2923,33,2933,100
455,79098,49,2923,64,2933,150
455,79103,124,2913,135,2921,88
455,79102,94,2913,105,2924,121
455,79105,143,2913,152,2920,63
455,79108,168,2912,180,2922,120
455,79110,190,2912,201,2922,110
455,79111,204,2911,218,2920,126
455,79115,366,2905,380,2916,154
455,79116,388,2892,396,2901,72
455,79122,389,2904,400,2912,88
455,79132,328,2883,337,2892,81
455,79128,370,2891,381,2896,55
455,79134,423,2895,434,2900,55
455,79135,452,2893,462,2901,80
455,79139,471,2893,482,2901,88
455,79136,476,2894,488,2897,36
456,78911,1829,3087,1842,3091,52
456,79097,19,2924,28,2933,81
456,79098,45,2923,58,2931,104
456,79102,90,2911,101,2921,110
456,79103,115,2915,130,2923,120
456,79105,139,2915,145,2920,30
456,79108,164,2912,178,2921,126
456,79110,188,2911,196,2920,72
456,79111,200,2910,214,2919,126
456,79115,363,2905,375,2913,96
456,79116,381,2893,391,2900,70
456,79122,386,2903,395,2912,81
456,79132,318,2883,333,2893,150
456,79128,367,2891,377,2898,70
456,79134,420,2892,431,2900,88
456,79135,446,2893,459,2902,117
456,79139,469,2891,479,2903,120
456,79136,467,2892,479,2900,96
457,78911,1832,3087,1845,3092,65
457,79097,13,2924,22,2929,45
457,79098,43,2920,53,2930,100
457,79102,87,2915,97,2919,40
457,79103,111,2913,123,2921,96
457,79105,131,2914,141,2922,80
457,79108,157,2912,172,2920,120
457,79110,183,2912,191,2919,56
457,79111,199,2911,207,2916,40
457,79116,376,2894,386,2902,80
457,79115,356,2907,368,2915,96
457,79122,379,2904,388,2912,72
457,79132,312,2882,326,2890,112
457,79128,367,2889,373,2895,36
457,79134,416,2893,426,2900,70
457,79135,443,2893,454,2900,77
457,79139,463,2892,472,2900,72
457,79136,461,2891,472,2898,77
458,78911,1833,3087,1845,3091,48
458,79097,8,2919,19,2929,110
458,79098,38,2921,47,2929,72
458,79102,78,2913,92,2920,98
458,79103,105,2911,120,2920,135
458,79105,127,2911,136,2920,81
458,79108,154,2910,167,2919,117
458,79110,175,2911,188,2919,104
458,79111,193,2910,204,2917,77
458,79115,353,2906,365,2915,108
458,79116,372,2894,383,2901,77
458,79122,374,2904,384,2912,80
458,79132,310,2880,319,2889,81
458,79128,360,2888,369,2896,72
458,79134,410,2892,421,2901,99
458,79135,438,2889,450,2899,120
458,79139,458,2891,467,2897,54
458,79136,456,2889,465,2895,54
459,78911,1833,3087,1847,3092,70
459,79097,4,2922,15,2928,66
459,79098,30,2920,43,2930,130
459,79102,79,2911,88,2917,54
459,79103,101,2907,113,2917,120
459,79105,123,2910,132,2920,90
459,79108,150,2911,162,2920,108
459,79110,171,2911,185,2920,126
459,79111,188,2910,200,2916,72
459,79115,351,2905,362,2915,110
459,79116,369,2891,377,2899,64
459,79122,372,2902,384,2912,120
459,79132,303,2880,312,2889,81
459,79128,353,2889,365,2897,96
459,79134,406,2893,416,2900,70
459,79135,436,2891,444,2900,72
459,79139,450,2891,459,2898,63
459,79136,448,2890,458,2897,70
460,78911,1837,3087,1850,3092,65
460,79097,0,2922,10,2930,80
460,79098,27,2919,42,2929,150
460,79103,97,2909,107,2919,100
460,79102,74,2908,85,2917,99
460,79105,115,2911,127,2919,96
460,79108,147,2912,158,2921,99
460,79110,167,2911,177,2919,80
460,79111,181,2909,195,2917,112
460,79115,346,2905,358,2914,108
460,79116,363,2892,373,2899,70
460,79122,368,2902,378,2911,90
460,79132,296,2879,311,2890,165
460,79128,348,2888,361,2897,117
460,79134,401,2888,413,2899,132
460,79135,430,2892,442,2901,108
460,79139,443,2891,453,2898,70
460,79136,441,2889,453,2896,84
461,78911,1837,3087,1852,3092,75
461,79097,0,2921,4,2927,24
461,79098,23,2917,37,2926,126
461,79102,71,2911,80,2917,54
461,79103,90,2911,104,2920,126
461,79105,111,2911,123,2920,108
461,79108,140,2910,154,2921,154
461,79110,163,2911,173,2919,80
461,79111,180,2908,193,2916,104
461,79115,342,2906,352,2913,70
461,79116,358,2891,370,2899,96
461,79122,360,2902,373,2912,130
461,79132,291,2879,302,2888,99
461,79128,345,2883,358,2895,156
461,79134,395,2890,409,2898,112
461,79135,427,2892,438,2896,44
461,79139,435,2888,447,2895,84
461,79136,438,2889,446,2894,40
462,78911,1837,3087,1854,3092,85
462,79098,19,2919,28,2924,45
462,79102,63,2910,76,2921,143
462,79103,87,2910,100,2917,91
462,79105,107,2912,117,2916,40
462,79108,136,2908,149,2918,130
462,79110,158,2912,169,2919,77
462,79111,172,2906,187,2915,135
462,79116,354,2891,366,2899,96
462,79115,338,2905,350,2913,96
462,79122,358,2903,369,2911,88
462,79132,287,2879,295,2886,56
462,79128,342,2887,353,2895,88
462,79134,390,2891,404,2900,126
462,79135,422,2888,432,2897,90
462,79139,432,2887,441,2895,72
462,79136,432,2888,441,2895,63
463,78911,1841,3086,1857,3092,96
463,79098,11,2919,24,2928,117
463,79102,59,2908,71,2916,96
463,79103,81,2907,94,2918,143
463,79105,99,2907,113,2916,126
463,79108,130,2909,146,2920,176
463,79110,150,2911,166,2920,144
463,79111,167,2908,182,2915,105
463,79115,334,2903,348,2912,126
463,79116,350,2887,361,2896,99
463,79122,354,2898,366,2907,108
463,79132,277,2876,289,2884,96
463,79128,335,2887,347,2897,120
463,79134,389,2888,400,2898,110
463,79135,417,2891,430,2896,65
463,79139,425,2886,435,2893,70
463,79136,423,2887,437,2892,70
464,78911,1842,3085,1859,3091,102
464,79098,7,2918,19,2926,96
464,79102,55,2906,64,2916,90
464,79103,74,2910,90,2918,128
464,79105,95,2910,107,2917,84
464,79108,126,2909,140,2918,126
464,79110,151,2909,160,2915,54
464,79111,165,2908,177,2917,108
464,79115,330,2903,344,2911,112
464,79116,347,2887,356,2897,90
464,79122,349,2900,363,2909,126
464,79132,274,2879,286,2885,72
464,79128,335,2887,341,2894,42
464,79134,386,2887,396,2898,110
464,79135,410,2890,421,2897,77
464,79139,420,2884,430,2892,80
464,79136,418,2886,429,2892,66
465,78911,1843,3085,1859,3091,96
465,79098,6,2914,16,2923,90
465,79102,51,2906,60,2916,90
465,79103,69,2908,84,2916,120
465,79105,89,2910,103,2917,98
465,79108,121,2908,133,2918,120
465,79110,144,2909,155,2915,66
465,79111,160,2906,173,2914,104
465,79115,326,2903,336,2913,100
465,79116,339,2886,349,2896,100
465,79122,343,2900,357,2909,126
465,79132,265,2878,279,2885,98
465,79128,327,2883,337,2891,80
465,79134,378,2889,389,2896,77
465,79135,409,2891,417,2896,40
465,79139,414,2885,423,2892,63
465,79136,414,2886,423,2891,45
466,78911,1844,3085,1859,3090,75
466,79098,0,2915,11,2921,66
466,79102,45,2906,57,2916,120
466,79103,65,2906,81,2914,128
466,79105,86,2907,97,2916,99
466,79108,116,2905,129,2918,169
466,79110,137,2910,153,2916,96
466,79111,158,2906,171,2915,117
466,79116,336,2887,346,2896,90
466,79115,321,2902,332,2913,121
466,79122,340,2898,352,2904,72
466,79132,260,2875,273,2883,104
466,79128,323,2883,335,2890,84
466,79134,373,2888,384,2895,77
466,79135,404,2888,412,2895,56
466,79139,407,2883,417,2890,70
466,79136,408,2885,418,2890,50
467,78911,1844,3084,1861,3090,102
467,79098,0,2915,7,2923,56
467,79102,42,2906,52,2913,70
467,79103,62,2907,75,2914,91
467,79105,81,2907,95,2916,126
467,79108,115,2906,125,2916,100
467,79110,134,2909,149,2917,120
467,79111,150,2904,164,2913,126
467,79116,332,2884,343,2893,99
467,79115,319,2899,328,2911,108
467,79122,334,2895,348,2905,140
467,79132,254,2875,267,2880,65
467,79128,319,2883,330,2889,66
467,79134,370,2885,380,2893,80
467,79139,396,2883,409,2889,78
467,79136,398,2883,409,2888,55
468,78911,1847,3083,1863,3089,96
468,79102,37,2902,49,2912,120
468,79103,56,2906,69,2917,143
468,79105,77,2908,84,2913,35
468,79108,106,2907,119,2917,130
468,79110,131,2908,142,2915,77
468,79111,147,2907,160,2915,104
468,79116,328,2882,338,2892,100
468,79115,314,2902,326,2911,108
468,79122,330,2897,340,2905,80
468,79132,253,2875,261,2884,72
468,79134,365,2885,376,2893,88
468,79128,314,2880,327,2889,117
468,79139,391,2881,405,2889,112
468,79135,394,2889,405,2896,77
468,79136,392,2883,405,2889,78
469,78911,1847,3083,1863,3088,80
469,79102,31,2903,41,2912,90
469,79103,55,2904,65,2913,90
469,79105,71,2907,82,2915,88
469,79108,100,2904,117,2913,153
469,79110,127,2909,136,2914,45
469,79111,141,2904,156,2914,150
469,79116,320,2885,333,2894,117
469,79115,306,2902,321,2910,120
469,79122,326,2897,338,2905,96
469,79132,243,2875,254,2885,110
469,79128,308,2879,320,2888,108
469,79134,359,2886,371,2897,132
469,79135,391,2888,401,2893,50
469,79139,384,2880,396,2888,96
469,79136,386,2883,396,2888,50
470,78911,1848,3082,1865,3087,85
470,79102,26,2904,39,2913,117
470,79103,46,2902,59,2911,117
470,79105,67,2905,76,2912,63
470,79108,98,2903,109,2914,121
470,79110,118,2909,132,2915,84
470,79111,139,2905,152,2914,117
470,79116,317,2885,330,2893,104
470,79115,303,2900,314,2909,99
470,79122,322,2894,333,2902,88
470,79132,236,2874,250,2880,84
470,79128,303,2881,316,2888,91
470,79134,357,2887,365,2893,48
470,79135,387,2886,397,2893,70
470,79139,383,2881,392,2888,63
470,79136,382,2881,389,2887,42
471,78911,1849,3081,1866,3086,85
471,79102,23,2903,34,2913,110
471,79103,44,2903,55,2913,110
471,79105,62,2905,71,2912,63
471,79108,95,2906,106,2915,99
471,79110,116,2909,129,2915,78
471,79111,134,2906,147,2914,104
471,79115,301,2898,312,2907,99
471,79116,312,2882,324,2890,96
471,79122,318,2894,329,2900,66
471,79132,230,2871,243,2880,117
471,79128,302,2881,312,2887,60
471,79134,351,2882,362,2891,99
471,79135,383,2886,392,2893,63
471,79139,372,2878,384,2889,132
471,79136,375,2880,385,2886,60
472,78911,1850,3080,1867,3085,85
472,79102,18,2902,30,2911,108
472,79103,38,2902,50,2914,144
472,79105,55,2906,68,2913,91
472,79108,89,2905,102,2914,117
472,79110,111,2907,126,2913,90
472,79111,129,2907,141,2915,96
472,79115,296,2898,305,2905,63
472,79116,310,2880,319,2889,81
472,79122,313,2892,325,2899,84
472,79132,225,2871,238,2880,117
472,79128,299,2877,308,2884,63
472,79134,346,2884,358,2891,84
472,79135,377,2885,388,2892,77
472,79139,364,2876,375,2886,110
472,79136,366,2879,378,2888,108
473,78911,1851,3080,1867,3085,80
473,79102,15,2903,24,2910,63
473,79103,33,2901,44,2909,88
473,79105,53,2905,62,2913,72
473,79108,86,2904,98,2913,108
473,79110,106,2907,116,2913,60
473,79111,125,2906,137,2913,84
473,79115,289,2897,304,2906,135
473,79116,304,2880,313,2889,81
473,79122,309,2892,321,2900,96
473,79132,219,2871,232,2880,117
473,79128,294,2878,300,2883,30
473,79134,341,2884,352,2892,88
473,79135,373,2883,382,2890,63
473,79139,361,2878,371,2885,70
473,79136,361,2879,371,2884,50
474,78911,1851,3079,1868,3085,102
474,79102,10,2903,21,2909,66
474,79103,29,2900,40,2909,99
474,79105,47,2901,57,2908,70
474,79108,79,2903,93,2912,126
474,79110,99,2908,112,2915,91
474,79111,120,2903,134,2912,126
474,79115,287,2897,296,2903,54
474,79116,298,2880,309,2889,99
474,79122,303,2890,317,2897,98
474,79132,214,2872,225,2880,88
474,79134,338,2883,348,2888,50
474,79128,284,2879,296,2885,72
474,79135,370,2884,379,2890,54
474,79139,354,2874,366,2884,120
474,79136,355,2875,366,2884,99
475,78911,1855,3078,1869,3088,140
475,79102,7,2898,17,2908,100
475,79103,22,2899,35,2910,143
475,79105,41,2901,53,2907,72
475,79108,72,2904,90,2912,144
475,79110,96,2906,109,2913,91
475,79111,117,2904,129,2911,84
475,79115,282,2894,296,2903,126
475,79116,295,2878,303,2886,64
475,79122,299,2887,312,2895,104
475,79132,208,2871,219,2878,77
475,79128,282,2878,292,2885,70
475,79134,331,2879,344,2888,117
475,79135,367,2884,376,2891,63
475,79139,348,2875,362,2884,126
475,79136,350,2876,361,2883,77
476,78911,1855,3076,1870,3083,105
476,79103,18,2898,32,2910,168
476,79102,2,2900,13,2908,88
476,79105,37,2902,48,2910,88
476,79108,71,2903,81,2911,80
476,79110,92,2903,104,2913,120
476,79111,110,2904,125,2913,135
476,79116,289,2878,300,2885,77
476,79115,277,2895,288,2903,88
476,79122,295,2888,305,2895,70
476,79132,204,2871,217,2880,117
476,79134,325,2880,340,2887,105
476,79128,279,2872,287,2881,72
476,79135,358,2884,370,2890,72
476,79139,340,2874,353,2884,130
476,79136,342,2874,353,2884,110
477,78911,1858,3073,1872,3083,140
477,79102,0,2901,8,2907,48
477,79103,15,2897,27,2906,108
477,79105,33,2901,43,2907,60
477,79108,66,2899,77,2910,121
477,79110,88,2903,99,2912,99
477,79111,105,2903,119,2913,140
477,79115,270,2894,284,2904,140
477,79116,284,2878,293,2884,54
477,79122,290,2887,301,2897,110
477,79132,199,2870,210,2881,121
477,79128,274,2876,283,2880,36
477,79134,323,2878,336,2888,130
477,79139,338,2873,350,2882,108
477,79135,356,2882,363,2890,56
477,79136,338,2874,349,2880,66
478,78911,1859,3074,1872,3082,104
478,79103,12,2897,23,2906,99
478,79105,27,2899,37,2905,60
478,79108,61,2901,72,2909,88
478,79110,83,2904,95,2912,96
478,79111,102,2900,112,2911,110
478,79115,270,2894,279,2901,63
478,79116,279,2877,288,2885,72
478,79122,287,2885,297,2892,70
478,79132,192,2869,204,2876,84
478,79128,268,2875,278,2880,50
478,79134,316,2878,329,2885,91
478,79135,352,2882,359,2889,49
478,79139,329,2870,341,2881,132
478,79136,335,2876,342,2881,35
479,78911,1858,3075,1873,3085,150
479,79103,3,2897,15,2908,132
479,79105,22,2899,31,2905,54
479,79108,55,2902,69,2910,112
479,79110,78,2902,90,2911,108
479,79111,96,2901,110,2910,126
479,79116,275,2875,284,2883,72
479,79115,263,2891,276,2900,117
479,79122,284,2883,294,2890,70
479,79132,186,2867,198,2876,108
479,79128,263,2872,271,2879,56
479,79134,312,2877,324,2885,96
479,79139,325,2873,340,2882,135
479,79135,346,2882,356,2888,60
480,78911,1859,3074,1873,3083,126
480,79103,0,2897,10,2908,110
480,79105,15,2898,28,2908,130
480,79108,50,2901,61,2908,77
480,79110,75,2902,84,2911,81
480,79111,90,2902,105,2912,150
480,79115,254,2887,271,2897,170
480,79116,271,2872,281,2881,90
480,79122,278,2883,287,2890,63
480,79132,182,2867,194,2876,108
480,79128,257,2871,268,2877,66
480,79134,310,2876,320,2884,80
480,79135,340,2879,350,2887,80
480,79139,316,2873,329,2879,78
480,79136,319,2873,329,2880,70
481,78911,1863,3071,1877,3079,112
481,79103,0,2895,7,2905,70
481,79105,12,2898,21,2903,45
481,79108,47,2899,57,2906,70
481,79110,68,2902,80,2909,84
481,79111,85,2901,100,2910,135
481,79115,255,2891,268,2899,104
481,79116,265,2872,273,2880,64
481,79122,272,2882,285,2892,130
481,79132,175,2867,188,2876,117
481,79128,251,2872,263,2878,72
481,79134,305,2874,317,2883,108
481,79135,336,2879,345,2885,54
481,79139,312,2870,324,2876,72
481,79136,315,2871,324,2878,63
482,78911,1862,3066,1875,3078,156
482,79105,7,2894,18,2903,99
482,79108,40,2899,50,2905,60
482,79110,62,2902,74,2909,84
482,79111,81,2898,95,2907,126
482,79115,250,2887,262,2895,96
482,79116,258,2873,270,2881,96
482,79122,268,2881,279,2887,66
482,79132,170,2865,183,2872,91
482,79128,246,2872,257,2879,77
482,79134,302,2873,311,2881,72
482,79135,330,2878,341,2882,44
482,79139,307,2868,319,2876,96
482,79136,310,2871,320,2876,50
483,78911,1859,3072,1877,3077,90
483,79105,2,2895,11,2903,72
483,79108,35,2898,49,2906,112
483,79110,60,2900,71,2906,66
483,79111,75,2901,90,2908,105
483,79115,246,2886,256,2894,80
483,79116,256,2871,266,2879,80
483,79122,263,2878,276,2886,104
483,79132,165,2865,178,2873,104
483,79128,246,2866,254,2877,88
483,79134,296,2870,304,2879,72
483,79135,327,2878,337,2884,60
483,79139,302,2869,310,2876,56
483,79136,302,2872,312,2876,40
484,78911,1863,3071,1876,3080,117
484,79105,0,2895,7,2904,63
484,79108,29,2897,42,2906,117
484,79110,54,2898,64,2907,90
484,79111,71,2900,87,2910,160
484,79115,239,2886,254,2893,105
484,79116,249,2870,260,2877,77
484,79122,258,2878,270,2886,96
484,79132,160,2865,172,2873,96
484,79128,238,2871,248,2875,40
484,79134,290,2871,299,2880,81
484,79135,320,2877,332,2881,48
484,79139,298,2871,305,2879,56
484,79136,299,2872,305,2879,42
485,78911,1865,3067,1875,3076,90
485,79108,27,2895,40,2904,117
485,79110,50,2898,61,2905,77
485,79111,66,2898,79,2905,91
485,79115,236,2887,250,2896,126
485,79116,247,2871,256,2878,63
485,79122,254,2877,265,2885,88
485,79132,156,2866,167,2876,110
485,79128,231,2871,245,2877,84
485,79134,285,2870,295,2877,70
485,79135,318,2874,328,2880,60
485,79139,291,2871,300,2876,45
485,79136,293,2871,300,2875,28
486,78911,1868,3063,1879,3073,110
486,79108,22,2895,34,2904,108
486,79110,43,2898,55,2904,72
486,79111,63,2898,78,2904,90
486,79115,231,2883,248,2890,119
486,79116,239,2869,251,2877,96
486,79122,250,2875,261,2883,88
486,79132,149,2866,161,2872,72
486,79128,226,2868,239,2875,91
486,79134,282,2870,291,2877,63
486,79135,312,2874,323,2878,44
486,79139,287,2866,297,2872,60
486,79136,288,2868,298,2873,50
487,78911,1863,3063,1880,3073,170
487,79108,17,2895,29,2903,96
487,79110,39,2896,48,2902,54
487,79111,57,2895,71,2904,126
487,79115,227,2882,239,2889,84
487,79116,233,2867,246,2877,130
487,79122,245,2875,255,2880,50
487,79132,143,2865,157,2871,84
487,79128,225,2866,232,2873,49
487,79134,277,2868,286,2874,54
487,79135,305,2874,318,2881,91
487,79139,280,2864,290,2871,70
487,79136,285,2866,290,2874,40
488,78911,1863,3066,1881,3075,162
488,79108,13,2893,24,2902,99
488,79110,35,2894,45,2902,80
488,79111,53,2895,66,2904,117
488,79116,229,2865,240,2874,99
488,79115,222,2883,236,2888,70
488,79122,238,2874,251,2882,104
488,79132,143,2864,152,2874,90
488,79128,218,2867,228,2872,50
488,79134,270,2868,278,2875,56
488,79135,300,2870,313,2876,78
488,79139,276,2866,284,2875,72
488,79136,277,2867,284,2876,63
489,78911,1867,3063,1881,3073,140
489,79108,6,2891,20,2900,126
489,79110,31,2894,40,2902,72
489,79111,47,2893,61,2902,126
489,79116,225,2864,235,2873,90
489,79115,219,2882,231,2888,72
489,79122,234,2874,246,2881,84
489,79132,135,2863,144,2873,90
489,79128,211,2866,223,2874,96
489,79134,267,2868,275,2873,40
489,79139,273,2865,281,2873,64
489,79135,297,2869,307,2876,70
489,79136,272,2867,280,2872,40
490,78911,1871,3060,1881,3068,80
490,79108,1,2891,15,2900,126
490,79110,23,2895,35,2902,84
490,79111,43,2892,56,2900,104
490,79116,219,2865,231,2874,108
490,79115,215,2879,224,2887,72
490,79122,231,2870,240,2879,81
490,79132,128,2862,138,2872,100
490,79128,208,2864,216,2871,56
490,79134,262,2865,269,2873,56
490,79135,294,2868,304,2875,70
490,79139,265,2861,276,2868,77
490,79136,269,2862,276,2870,56
491,78911,1869,3056,1883,3069,182
491,79108,0,2892,10,2902,100
491,79110,22,2892,31,2900,72
491,79111,38,2893,52,2902,126
491,79116,216,2865,227,2873,88
491,79115,210,2878,219,2886,72
491,79122,227,2871,237,2877,60
491,79132,122,2861,134,2871,120
491,79128,203,2861,213,2870,90
491,79134,258,2863,267,2870,63
491,79135,287,2869,299,2877,96
491,79139,264,2862,272,2867,40
491,79136,265,2863,271,2870,42
492,78911,1873,3059,1882,3067,72
492,79108,0,2888,4,2898,40
492,79110,15,2891,27,2899,96
492,79111,32,2891,45,2901,130
492,79116,212,2862,221,2872,90
492,79115,204,2877,215,2885,88
492,79122,218,2870,232,2881,154
492,79132,119,2861,128,2868,63
492,79128,199,2864,208,2869,45
492,79134,248,2864,259,2870,66
492,79135,281,2865,293,2873,96
492,79139,254,2861,264,2868,70
492,79136,257,2865,265,2869,32
493,78911,1870,3058,1884,3068,140
493,79110,11,2891,22,2899,88
493,79111,29,2888,43,2897,126
493,79115,199,2877,212,2885,104
493,79116,207,2862,217,2871,90
493,79122,213,2869,225,2881,144
493,79132,110,2863,122,2869,72
493,79128,192,2863,203,2870,77
493,79134,244,2863,253,2869,54
493,79135,276,2863,288,2870,84
493,79139,251,2862,259,2868,48
493,79136,252,2863,260,2870,56
494,78911,1871,3057,1882,3064,77
494,79110,7,2891,17,2899,80
494,79111,25,2888,37,2897,108
494,79115,196,2876,207,2882,66
494,79116,199,2863,213,2872,126
494,79122,213,2867,222,2875,72
494,79132,106,2863,118,2869,72
494,79128,188,2860,197,2868,72
494,79134,241,2860,249,2867,56
494,79135,269,2863,281,2871,96
494,79139,247,2860,255,2865,40
494,79136,246,2860,255,2868,72
495,78911,1874,3051,1884,3060,90
495,79110,2,2891,12,2895,40
495,79111,18,2890,33,2897,105
495,79116,195,2863,206,2873,110
495,79115,191,2874,204,2882,104
495,79122,207,2869,216,2875,54
495,79132,103,2860,113,2868,80
495,79128,180,2860,192,2867,84
495,79134,233,2859,241,2867,64
495,79135,266,2864,279,2873,117
495,79139,242,2860,251,2866,54
495,79136,241,2860,250,2867,63
496,78911,1869,3051,1886,3060,153
496,79110,0,2889,7,2895,42
496,79111,14,2888,28,2896,112
496,79116,190,2860,202,2867,84
496,79115,186,2873,197,2883,110
496,79122,199,2868,213,2878,140
496,79132,94,2858,108,2867,126
496,79128,175,2860,187,2868,96
496,79134,228,2859,237,2865,54
496,79135,262,2862,271,2869,63
496,79139,235,2858,242,2867,63
496,79136,235,2863,245,2869,60
497,78911,1871,3051,1883,3059,96
497,79110,0,2890,3,2896,18
497,79111,12,2886,22,2894,80
497,79115,181,2874,193,2881,84
497,79116,183,2858,196,2867,117
497,79122,194,2866,207,2872,78
497,79132,88,2858,102,2868,140
497,79128,171,2860,182,2868,88
497,79134,221,2859,232,2865,66
497,79135,259,2859,268,2867,72
497,79139,231,2859,239,2865,48
497,79136,230,2860,241,2867,77
498,78911,1871,3051,1883,3059,96
498,79111,7,2885,17,2893,80
498,79115,179,2872,187,2877,40
498,79116,179,2859,190,2869,110
498,79122,191,2865,201,2872,70
498,79132,85,2858,97,2864,72
498,79128,167,2856,176,2865,81
498,79134,215,2857,225,2863,60
498,79135,252,2860,264,2866,72
498,79139,227,2857,235,2864,56
498,79136,227,2857,237,2864,70
499,78911,1871,3046,1885,3057,154
499,79111,1,2886,12,2893,77
499,79116,173,2861,186,2869,104
499,79115,173,2869,184,2877,88
499,79122,184,2866,196,2872,72
499,79132,78,2855,92,2864,126
499,79128,162,2858,171,2865,63
499,79134,209,2855,219,2862,70
499,79135,247,2860,258,2868,88
499,79139,220,2856,229,2864,72
499,79136,221,2856,232,2863,77
500,78911,1871,3042,1883,3052,120
500,79111,0,2885,9,2892,63
500,79116,168,2856,179,2865,99
500,79115,170,2870,177,2877,49
500,79122,179,2866,192,2874,104
500,79132,74,2855,87,2863,104
500,79128,155,2859,165,2867,80
500,79134,205,2856,214,2862,54
500,79135,242,2858,255,2865,91
500,79139,214,2856,222,2864,64
500,79136,216,2858,224,2865,56
501,78911,1867,3043,1883,3051,128
501,79116,163,2855,174,2865,110
501,79115,162,2870,176,2878,112
501,79122,175,2864,185,2870,60
501,79132,68,2856,81,2864,104
501,79128,151,2857,161,2864,70
501,79134,199,2854,208,2860,54
501,79135,237,2854,248,2863,99
501,79139,210,2858,219,2864,54
501,79136,208,2857,220,2865,96
502,78911,1871,3043,1884,3052,117
502,79116,158,2857,172,2865,112
502,79115,159,2867,171,2873,72
502,79122,172,2863,181,2868,45
502,79132,63,2855,76,2863,104
502,79128,145,2855,155,2863,80
502,79134,191,2853,201,2860,70
502,79135,232,2855,243,2863,88
502,79139,207,2856,215,2864,64
502,79136,205,2854,216,2863,99
503,78911,1871,3041,1881,3049,80
503,79115,155,2867,165,2872,50
503,79116,153,2857,163,2866,90
503,79122,162,2863,176,2868,70
503,79132,57,2854,72,2862,120
503,79128,139,2858,149,2863,50
503,79134,185,2854,195,2860,60
503,79135,224,2855,239,2862,105
503,79139,199,2855,207,2862,56
503,79136,198,2855,208,2862,70
504,78911,1871,3038,1884,3044,78
504,79115,149,2866,159,2872,60
504,79116,147,2857,157,2864,70
504,79122,158,2862,171,2869,91
504,79132,52,2853,65,2861,104
504,79128,134,2856,144,2865,90
504,79134,178,2853,191,2860,91
504,79135,220,2854,234,2863,126
504,79139,195,2856,202,2862,42
504,79136,194,2855,203,2862,63
505,78911,1871,3032,1881,3043,110
505,79116,141,2854,152,2863,99
505,79115,145,2866,157,2873,84
505,79122,155,2861,164,2868,63
505,79132,47,2854,59,2862,96
505,79128,128,2854,138,2863,90
505,79134,174,2852,186,2861,108
505,79135,215,2851,229,2860,126
505,79139,189,2856,199,2861,50
505,79136,188,2854,199,2862,88
506,78911,1867,3034,1883,3041,112
506,79115,140,2864,151,2872,88
506,79116,137,2856,148,2864,88
506,79122,151,2861,160,2866,45
506,79132,41,2852,52,2858,66
506,79128,124,2853,133,2862,81
506,79134,168,2850,180,2857,84
506,79135,210,2851,224,2859,112
506,79139,184,2854,192,2861,56
506,79136,182,2854,192,2862,80
507,78911,1868,3034,1881,3044,130
507,79116,130,2855,143,2864,117
507,79115,138,2863,144,2869,36
507,79122,142,2860,151,2865,45
507,79132,37,2850,49,2859,108
507,79128,116,2855,128,2863,96
507,79134,162,2849,172,2856,70
507,79135,205,2853,217,2860,84
507,79139,178,2854,187,2861,63
507,79136,177,2854,187,2862,80
508,78911,1868,3032,1876,3040,64
508,79115,131,2863,141,2869,60
508,79116,125,2853,137,2864,132
508,79122,138,2860,149,2867,77
508,79132,32,2850,42,2858,80
508,79128,111,2855,123,2865,120
508,79134,156,2849,167,2856,77
508,79135,199,2852,212,2860,104
508,79139,172,2854,183,2862,88
508,79136,170,2854,184,2863,126
509,78911,1871,3027,1880,3036,81
509,79116,120,2851,132,2861,120
509,79115,126,2863,137,2872,99
509,79122,134,2858,144,2864,60
509,79132,24,2850,37,2859,117
509,79128,107,2851,116,2862,99
509,79134,150,2849,161,2858,99
509,79135,194,2849,204,2857,80
509,79139,166,2854,177,2861,77
509,79136,166,2853,177,2862,99
510,78911,1870,3023,1881,3034,121
510,79115,121,2861,133,2872,132
510,79116,115,2852,127,2862,120
510,79122,129,2857,137,2864,56
510,79132,19,2850,31,2859,108
510,79128,101,2852,112,2860,88
510,79134,142,2848,156,2854,84
510,79135,190,2850,200,2857,70
510,79139,161,2853,170,2860,63
510,79136,161,2851,172,2859,88
511,78911,1870,3023,1881,3034,121
511,79115,119,2860,126,2867,49
511,79116,108,2854,120,2864,120
511,79122,124,2857,135,2864,77
511,79132,14,2846,28,2856,140
511,79128,93,2854,105,2863,108
511,79134,140,2846,151,2854,88
511,79135,182,2851,196,2857,84
511,79139,157,2853,166,2860,63
511,79136,156,2853,168,2860,84
512,78911,1866,3025,1879,3033,104
512,79115,110,2860,122,2865,60
512,79116,105,2852,115,2861,90
512,79122,118,2857,128,2863,60
512,79132,7,2846,20,2856,130
512,79128,87,2854,99,2860,72
512,79134,135,2847,144,2854,63
512,79135,179,2850,190,2860,110
512,79139,149,2853,162,2860,91
512,79136,149,2853,163,2860,98
513,78911,1863,3023,1877,3031,112
513,79115,104,2860,116,2869,108
513,79116,99,2852,108,2859,63
513,79122,111,2856,122,2862,66
513,79132,2,2848,16,2858,140
513,79128,83,2851,92,2859,72
513,79134,127,2847,138,2855,88
513,79135,174,2848,184,2856,80
513,79139,144,2853,156,2860,84
513,79136,145,2854,156,2860,66
514,78911,1863,3019,1876,3028,117
514,79115,99,2859,109,2868,90
514,79116,91,2851,103,2859,96
514,79122,107,2855,117,2862,70
514,79132,0,2850,9,2859,81
514,79128,76,2851,88,2858,84
514,79134,121,2846,132,2853,77
514,79135,168,2846,180,2854,96
514,79139,140,2851,150,2860,90
514,79136,141,2851,152,2860,99
515,78911,1864,3015,1876,3024,108
515,79115,95,2858,104,2866,72
515,79116,86,2854,96,2864,100
515,79122,99,2855,112,2861,78
515,79132,0,2843,4,2853,40
515,79128,71,2852,81,2863,110
515,79134,115,2843,126,2851,88
515,79135,164,2847,172,2857,80
515,79139,131,2851,143,2858,84
515,79136,133,2852,145,2859,84
516,78911,1863,3017,1876,3025,104
516,79115,88,2857,99,2864,77
516,79116,78,2851,92,2860,126
516,79122,94,2854,107,2862,104
516,79128,65,2852,74,2859,63
516,79134,108,2846,120,2851,60
516,79135,156,2850,169,2857,91
516,79139,127,2852,139,2860,96
516,79136,126,2852,139,2861,117
517,78911,1862,3014,1873,3025,121
517,79115,82,2857,93,2864,77
517,79116,77,2848,87,2858,100
517,79122,90,2854,100,2861,70
517,79128,58,2851,68,2856,50
517,79134,104,2845,117,2852,91
517,79135,151,2848,161,2855,70
517,79139,122,2851,132,2857,60
517,79136,122,2851,132,2857,60
518,78911,1861,3015,1872,3022,77
518,79115,77,2858,87,2868,100
518,79116,71,2850,81,2860,100
518,79122,83,2854,92,2860,54
518,79128,51,2852,62,2859,77
518,79134,96,2843,107,2851,88
518,79135,146,2844,157,2857,143
518,79139,115,2850,124,2856,54
518,79136,116,2851,128,2856,60
519,78911,1859,3011,1872,3018,91
519,79115,72,2858,81,2864,54
519,79116,62,2853,73,2863,110
519,79122,76,2854,87,2861,77
519,79128,46,2852,58,2861,108
519,79134,91,2839,102,2850,121
519,79135,138,2847,151,2854,91
519,79139,109,2851,120,2856,55
519,79136,109,2850,122,2856,78
520,78911,1856,3007,1870,3018,154
520,79115,67,2857,76,2863,54
520,79116,57,2851,67,2860,90
520,79122,71,2854,82,2859,55
520,79128,42,2850,52,2858,80
520,79134,85,2838,96,2848,110
520,79135,133,2848,146,2857,117
520,79139,104,2850,114,2860,100
520,79136,104,2851,115,2860,99
521,78911,1854,3010,1869,3017,105
521,79115,58,2857,70,2864,84
521,79116,52,2847,62,2858,110
521,79122,64,2854,76,2860,72
521,79128,36,2850,47,2858,88
521,79134,77,2840,88,2850,110
521,79135,128,2846,141,2856,130
521,79139,97,2850,108,2857,77
521,79136,98,2849,109,2857,88
522,78911,1854,3010,1865,3020,110
522,79115,54,2856,65,2865,99
522,79116,44,2849,55,2859,110
522,79122,59,2854,69,2860,60
522,79128,27,2852,38,2860,88
522,79134,71,2841,83,2850,108
522,79135,122,2842,136,2851,126
522,79139,94,2849,103,2856,63
522,79136,94,2847,103,2855,72
523,78911,1854,3008,1863,3016,72
523,79115,48,2855,62,2865,140
523,79116,39,2852,48,2862,90
523,79122,53,2854,63,2859,50
523,79128,22,2852,32,2859,70
523,79134,66,2840,77,2848,88
523,79135,116,2843,129,2852,117
523,79139,86,2849,97,2856,77
523,79136,86,2850,97,2855,55
524,78911,1852,3004,1863,3013,99
524,79115,43,2855,55,2866,132
524,79116,32,2851,44,2861,120
524,79122,48,2853,59,2859,66
524,79128,16,2848,27,2858,110
524,79134,60,2840,69,2848,72
524,79135,110,2846,122,2856,120
524,79139,80,2852,92,2861,108
524,79136,80,2851,92,2859,96
525,78911,1848,3001,1860,3012,132
525,79115,34,2857,46,2865,96
525,79116,26,2847,37,2859,132
525,79122,41,2853,51,2859,60
525,79128,6,2849,20,2857,112
525,79134,53,2840,63,2849,90
525,79135,104,2846,117,2854,104
525,79139,72,2850,86,2857,98
525,79136,75,2849,85,2856,70
526,78911,1850,3002,1859,3012,90
526,79115,29,2859,40,2867,88
526,79116,19,2850,31,2859,108
526,79122,36,2853,46,2860,70
526,79128,1,2851,12,2860,99
526,79134,44,2841,56,2849,96
526,79135,100,2842,112,2853,132
526,79139,67,2850,78,2856,66
526,79136,68,2850,79,2856,66
527,78911,1843,3004,1856,3013,117
527,79115,24,2857,37,2865,104
527,79116,12,2851,25,2862,143
527,79122,28,2854,41,2859,65
527,79128,0,2850,7,2856,42
527,79134,39,2838,50,2848,110
527,79135,90,2843,107,2852,153
527,79139,61,2849,72,2856,77
527,79136,60,2849,72,2856,84
528,78911,1843,3003,1856,3010,91
528,79115,17,2857,31,2864,98
528,79116,7,2850,19,2862,144
528,79122,22,2855,34,2860,60
528,79134,32,2839,41,2847,72
528,79135,86,2845,98,2854,108
528,79139,54,2849,67,2860,143
528,79136,55,2851,67,2859,96
529,78911,1843,3000,1853,3009,90
529,79115,11,2855,24,2864,117
529,79116,1,2850,12,2860,110
529,79122,15,2854,27,2859,60
529,79134,23,2840,34,2848,88
529,79135,80,2845,91,2854,99
529,79139,50,2849,60,2857,80
529,79136,51,2849,61,2855,60
530,78911,1838,2996,1851,3008,156
530,79115,4,2859,15,2867,88
530,79116,0,2852,4,2862,40
530,79122,9,2855,20,2861,66
530,79134,19,2840,27,2848,64
530,79135,74,2842,87,2852,130
530,79139,42,2849,54,2857,96
530,79136,42,2847,55,2855,104
531,78911,1834,2998,1848,3006,112
531,79115,0,2858,8,2866,64
531,79122,2,2855,12,2861,60
531,79134,10,2837,21,2847,110
531,79135,70,2843,82,2852,108
531,79139,37,2849,47,2859,100
531,79136,36,2851,48,2857,72
532,78911,1835,2998,1844,3005,63
532,79122,0,2856,6,2860,24
532,79134,4,2840,12,2847,56
532,79135,59,2847,73,2854,98
532,79139,27,2852,40,2861,117
532,79136,29,2851,41,2860,108
533,78911,1832,2998,1843,3005,77
533,79134,0,2839,9,2848,81
533,79135,55,2847,67,2854,84
533,79139,23,2849,34,2856,77
533,79136,25,2849,35,2857,80
534,78911,1829,2999,1841,3004,60
534,79135,51,2842,61,2851,90
534,79139,17,2849,28,2857,88
534,79136,18,2849,29,2857,88
535,78911,1828,2999,1839,3003,44
535,79135,42,2844,54,2852,96
535,79139,9,2850,22,2857,91
535,79136,10,2850,24,2857,98
536,78911,1826,2998,1837,3003,55
536,79135,34,2847,49,2852,75
536,79139,4,2851,17,2863,156
536,79136,5,2850,17,2859,108
537,78911,1823,2998,1835,3003,60
537,79135,30,2847,40,2853,60
537,79139,0,2850,8,2857,56
537,79136,0,2848,9,2858,90
538,78911,1823,2998,1833,3003,50
538,79135,25,2843,36,2852,99
538,79136,0,2850,3,2857,21
539,78911,1818,2996,1832,3002,84
539,79135,18,2847,26,2851,32
540,78911,1817,2997,1829,3002,60
540,79135,7,2847,21,2855,112
541,78911,1815,2997,1828,3002,65
541,79135,3,2847,15,2856,108
542,78911,1813,2996,1824,3001,55
542,79135,0,2842,9,2857,135
543,78911,1811,2996,1822,3001,55
544,78911,1808,2997,1820,3001,48
545,78911,1807,2997,1818,3001,44
546,78911,1807,2997,1817,3002,50
547,78911,1805,2997,1816,3002,55
548,78911,1804,2998,1814,3003,50
549,78911,1802,2998,1812,3003,50
550,78911,1801,2999,1811,3004,50
551,78911,1799,3000,1809,3005,50
552,78911,1798,3001,1809,3006,55
553,78911,1796,3002,1807,3007,55
554,78911,1796,3003,1806,3008,50
555,78911,1795,3004,1805,3009,50
556,78911,1793,3006,1804,3011,55
557,78911,1791,3007,1802,3012,55
558,78911,1791,3009,1800,3014,45
559,78911,1788,3010,1800,3015,60
560,78911,1787,3011,1799,3016,60
561,78911,1786,3013,1798,3018,60
562,78911,1784,3014,1797,3019,65
563,78911,1784,3016,1796,3021,60
564,78911,1782,3017,1795,3022,65
565,78911,1782,3019,1792,3023,40
566,78911,1780,3020,1792,3025,60
567,78911,1780,3023,1791,3027,44
568,78911,1780,3024,1790,3028,40
569,78911,1779,3026,1789,3030,40
570,78911,1778,3028,1788,3032,40
571,78911,1776,3029,1788,3034,60
572,78911,1776,3030,1788,3037,84
573,78911,1775,3033,1785,3040,70
574,78911,1774,3034,1784,3040,60
575,78911,1775,3037,1783,3043,48
576,78911,1775,3039,1783,3045,48
577,78911,1773,3041,1782,3047,54
578,78911,1772,3043,1781,3049,54
579,78911,1771,3046,1782,3052,66
580,78911,1770,3048,1780,3054,60
581,78911,1769,3051,1779,3056,50
582,78911,1768,3053,1776,3057,32
583,78911,1768,3055,1776,3060,40
584,78911,1767,3057,1775,3062,40
585,78911,1766,3059,1773,3064,35
586,78911,1765,3061,1773,3066,40
587,78911,1764,3064,1772,3068,32
588,78911,1763,3065,1772,3070,45
589,78911,1762,3067,1770,3071,32
590,78911,1761,3068,1770,3073,45
591,78911,1760,3070,1769,3075,45
592,78911,1759,3071,1768,3076,45
593,78911,1759,3074,1766,3078,28
594,78911,1756,3075,1765,3079,36
595,78911,1754,3077,1765,3081,44
596,78911,1754,3078,1764,3083,50
597,78911,1750,3079,1763,3084,65
598,78911,1752,3081,1761,3087,54
599,78911,1750,3083,1758,3088,40
600,78911,1749,3085,1758,3089,36
601,78911,1748,3086,1757,3090,36
602,78911,1747,3088,1756,3092,36
603,78911,1745,3089,1755,3094,50
604,78911,1743,3091,1754,3095,44
605,78911,1743,3092,1752,3097,45
606,78911,1743,3094,1752,3098,36
607,78911,1741,3095,1750,3100,45
608,78911,1738,3096,1749,3101,55
609,78911,1736,3097,1747,3103,66
610,78911,1736,3099,1746,3104,50
611,78911,1733,3101,1743,3106,50
612,78911,1731,3102,1741,3107,50
613,78911,1730,3103,1741,3109,66
614,78911,1727,3105,1741,3113,112
615,78911,1728,3107,1740,3115,96
616,78911,1727,3108,1739,3115,84
617,78911,1725,3106,1737,3117,132
618,78911,1721,3110,1736,3119,135
619,78911,1719,3115,1733,3124,126
620,78911,1720,3116,1730,3123,70
621,78911,1718,3113,1728,3123,100
622,78911,1716,3116,1727,3125,99
623,78911,1710,3119,1725,3128,135
624,78911,1709,3120,1721,3129,108
625,78911,1710,3119,1720,3127,80
626,78911,1703,3119,1715,3129,120
627,78911,1702,3122,1713,3129,77
628,78911,1699,3124,1709,3133,90
629,78911,1695,3124,1706,3132,88
630,78911,1691,3119,1701,3132,130
631,78911,1688,3123,1697,3133,90
632,78911,1679,3126,1692,3137,143
633,78911,1678,3127,1689,3135,88
634,78911,1674,3124,1687,3134,130
635,78911,1667,3123,1680,3133,130
636,78911,1663,3128,1676,3137,117
637,78911,1660,3128,1672,3136,96
638,78911,1655,3125,1667,3134,108
639,78911,1648,3120,1664,3133,208
640,78911,1647,3125,1657,3136,110
641,78911,1642,3126,1651,3136,90
642,78911,1639,3125,1648,3131,54
643,78911,1633,3118,1641,3130,96
644,78911,1624,3120,1636,3129,108
645,78911,1619,3123,1632,3135,156
646,78911,1614,3121,1627,3131,130
647,78911,1611,3118,1621,3126,80
648,78911,1603,3115,1615,3125,120
649,78911,1597,3119,1609,3128,108
650,78911,1592,3119,1603,3128,99
651,78911,1587,3115,1596,3121,54
652,78911,1581,3111,1591,3120,90
653,78911,1575,3109,1585,3120,110
654,78911,1567,3110,1577,3121,110
655,78911,1563,3111,1571,3120,72
656,78911,1558,3106,1565,3112,42
657,78911,1549,3103,1560,3113,110
658,78911,1542,3102,1552,3114,120
659,78911,1534,3103,1545,3113,110
660,78911,1530,3099,1540,3109,100
661,78911,1523,3095,1534,3105,110
662,78911,1516,3092,1527,3103,121
663,78911,1510,3095,1521,3105,110
664,78911,1504,3090,1515,3099,99
665,78911,1499,3086,1510,3097,121
666,78911,1490,3083,1503,3095,156
667,78911,1482,3086,1494,3096,120
668,78911,1478,3082,1487,3092,90
669,78911,1473,3077,1480,3086,63
670,78911,1466,3071,1475,3082,99
671,78911,1458,3070,1469,3082,132
672,78911,1452,3071,1461,3081,90
673,78911,1447,3067,1456,3076,81
674,78911,1440,3061,1448,3069,64
675,78911,1432,3056,1440,3066,80
676,78911,1426,3058,1433,3068,70
677,78911,1418,3055,1430,3065,120
678,78911,1415,3051,1423,3057,48
679,78911,1409,3045,1417,3054,72
680,78911,1402,3040,1410,3053,104
681,78911,1395,3042,1405,3054,120
682,78911,1389,3039,1399,3048,90
683,78911,1384,3036,1392,3042,48
684,78911,1378,3031,1387,3039,72
685,78911,1371,3028,1381,3038,100
686,78911,1366,3030,1375,3037,63
687,78911,1361,3026,1368,3033,49
688,78911,1355,3022,1362,3028,42
689,78911,1347,3015,1357,3025,100
690,78911,1342,3015,1351,3024,81
691,78911,1336,3015,1344,3024,72
692,78911,1332,3011,1339,3016,35
693,78911,1327,3008,1333,3014,36
694,78911,1322,3003,1328,3009,36
695,78911,1316,3000,1322,3008,48
696,78911,1309,3000,1316,3008,56
697,78911,1304,2997,1312,3004,56
698,78911,1299,2993,1307,2998,40
699,78911,1293,2988,1301,2996,64
700,78911,1287,2986,1296,2994,72
701,78911,1281,2987,1289,2994,56
702,78911,1275,2982,1284,2993,99
703,78911,1272,2981,1280,2986,40
704,78911,1266,2975,1275,2984,81
705,78911,1259,2971,1270,2982,121
706,78911,1256,2974,1263,2980,42
707,78911,1248,2970,1257,2981,99
708,78911,1244,2969,1250,2976,42
709,78911,1240,2965,1247,2972,49
710,78911,1233,2961,1242,2970,81
711,78911,1226,2963,1239,2970,91
712,78911,1221,2961,1232,2968,77
713,78911,1217,2958,1225,2965,56
714,78911,1211,2953,1220,2960,63
715,78911,1208,2951,1217,2961,90
716,78911,1202,2951,1211,2959,72
717,78911,1197,2949,1206,2957,72
718,78911,1192,2947,1200,2955,64
719,78911,1186,2945,1195,2953,72
720,78911,1183,2944,1190,2950,42
721,78911,1178,2943,1186,2948,40
722,78911,1173,2941,1181,2947,48
723,78911,1168,2939,1177,2944,45
724,78911,1164,2938,1172,2944,48
725,78911,1159,2937,1167,2941,32
726,78911,1154,2935,1162,2940,40
727,78911,1151,2934,1157,2939,30
728,78911,1146,2932,1152,2937,30
729,78911,1141,2931,1148,2936,35
730,78911,1137,2930,1145,2935,40
731,78911,1132,2929,1141,2934,45
732,78911,1129,2927,1136,2932,35
733,78911,1124,2926,1132,2931,40
734,78911,1120,2925,1128,2929,32
735,78911,1116,2924,1124,2928,32
736,78911,1112,2922,1120,2927,40
737,78911,1108,2922,1116,2926,32
738,78911,1103,2921,1112,2925,36
739,78911,1099,2920,1109,2925,50
740,78911,1096,2919,1105,2923,36
741,78911,1092,2918,1101,2922,36
742,78911,1088,2917,1097,2922,45
743,78911,1084,2916,1094,2921,50
744,78911,1081,2916,1090,2921,45
745,78911,1077,2915,1087,2920,50
746,78911,1073,2915,1083,2919,40
747,78911,1070,2913,1079,2918,45
748,78911,1065,2914,1077,2919,60
749,78911,1062,2913,1072,2918,50
750,78911,1059,2912,1069,2917,50
751,78911,1055,2912,1064,2916,36
752,78911,1052,2911,1062,2916,50
753,78911,1049,2911,1057,2916,40
754,78911,1045,2911,1052,2915,28
755,78911,1041,2910,1051,2914,40
756,78911,1039,2909,1047,2913,32
757,78911,1035,2909,1044,2914,45
758,78911,1031,2908,1041,2914,60
759,78911,1028,2908,1038,2912,40
760,78911,1025,2908,1034,2912,36
761,78911,1020,2907,1031,2911,44
762,78911,1018,2907,1027,2911,36
763,78911,1015,2906,1024,2911,45
764,78911,1011,2906,1020,2910,36
765,78911,1008,2906,1020,2911,60
766,78911,1005,2905,1017,2910,60
767,78911,1002,2905,1010,2910,40
768,78911,999,2905,1006,2909,28
769,78911,995,2904,1003,2909,40
770,78911,992,2904,1000,2909,40
771,78911,989,2904,996,2909,35
772,78911,986,2904,995,2909,45
773,78911,983,2903,993,2908,50
774,78911,979,2904,989,2909,50
775,78911,977,2903,986,2908,45
776,78911,973,2903,982,2908,45
777,78911,970,2904,981,2908,44
778,78911,967,2903,979,2909,72
779,78911,965,2903,977,2909,72
780,78911,962,2903,973,2909,66
781,78911,959,2903,969,2908,50
782,78911,956,2903,966,2908,50
783,78911,953,2903,963,2909,60
784,78911,950,2903,960,2909,60
785,78911,947,2903,957,2909,60
786,78911,943,2904,954,2915,121
787,78911,942,2904,949,2912,56
788,78911,937,2898,947,2909,110
789,78911,935,2899,943,2911,96
790,78911,933,2905,941,2916,88
791,78911,928,2903,938,2915,120
792,78911,927,2903,936,2912,81
793,78911,922,2901,933,2913,132
794,78911,918,2904,929,2914,110
795,78911,915,2906,923,2916,80
796,78911,912,2903,921,2913,90
797,78911,908,2900,919,2913,143
798,78911,903,2904,913,2912,80
799,78911,899,2903,909,2913,100
800,78911,897,2903,905,2908,40
801,78911,890,2897,906,2908,176
802,78911,889,2902,896,2907,35
803,78911,882,2900,892,2911,110
804,78911,880,2898,888,2905,56
805,78911,877,2891,885,2903,96
806,78911,871,2894,881,2904,100
807,78911,866,2895,877,2905,110
808,78911,863,2892,873,2900,80
809,78911,860,2886,868,2897,88
810,78911,855,2887,865,2897,100
811,78911,847,2887,859,2897,120
812,78911,847,2884,857,2894,100
813,78911,842,2881,853,2888,77
814,78911,838,2875,848,2886,110
815,78911,831,2880,841,2887,70
816,78911,828,2879,836,2888,72
817,78911,824,2875,832,2881,48
818,78911,818,2866,828,2879,130
819,78911,813,2868,825,2879,132
820,78911,807,2870,819,2878,96
821,78911,803,2867,812,2876,81
822,78911,801,2863,812,2871,88
823,78911,796,2857,803,2868,77
824,78911,791,2860,800,2865,45
825,78911,787,2858,800,2869,143
826,78911,783,2855,794,2863,88
827,78911,777,2850,787,2859,90
828,78911,773,2845,783,2857,120
829,78911,765,2847,776,2857,110
830,78911,762,2846,770,2856,80
831,78911,755,2842,767,2848,72
832,78911,750,2835,762,2845,120
833,78911,747,2833,758,2846,143
834,78911,739,2836,751,2848,144
835,78911,735,2834,745,2845,110
836,78911,733,2831,741,2841,80
837,78911,726,2823,737,2837,154
838,78911,722,2824,731,2834,90
839,78911,715,2824,727,2837,156
840,78911,711,2823,721,2832,90
841,78911,706,2818,716,2827,90
842,78911,700,2815,710,2824,90
843,78911,694,2815,705,2824,99
844,78911,691,2815,700,2825,90
845,78911,684,2811,692,2818,56
846,78911,680,2808,689,2817,81
847,78911,674,2803,684,2815,120
848,78911,667,2807,676,2816,81
849,78911,662,2803,672,2815,120
850,78911,658,2803,665,2809,42
851,78911,651,2799,661,2805,60
852,78911,648,2795,656,2803,64
853,78911,642,2797,650,2803,48
854,78911,635,2795,645,2805,100
855,78911,631,2792,640,2800,72
856,78911,626,2789,636,2798,90
857,78911,619,2786,630,2795,99
858,78911,615,2786,625,2795,90
859,78911,611,2787,616,2790,15
860,78911,605,2785,616,2791,66
861,78911,599,2784,610,2789,55
862,78911,594,2783,606,2787,48
863,78911,588,2780,602,2786,84
864,78911,582,2777,595,2785,104
865,78911,579,2777,593,2786,126
866,78911,574,2776,586,2783,84
867,78911,570,2775,580,2781,60
868,78911,565,2775,575,2781,60
869,78911,560,2774,570,2779,50
870,78911,555,2773,565,2777,40
871,78911,550,2773,560,2778,50
872,78911,546,2771,556,2776,50
873,78911,541,2770,550,2775,45
874,78911,537,2769,544,2773,28
875,78911,533,2768,541,2773,40
876,78911,528,2767,536,2772,40
877,78911,523,2766,531,2770,32
878,78911,519,2765,528,2770,45
879,78911,514,2764,524,2769,50
880,78911,511,2763,520,2768,45
881,78911,506,2762,516,2767,50
882,78911,503,2761,512,2766,45
883,78911,498,2760,508,2765,50
884,78911,493,2759,503,2764,50
885,78911,490,2757,499,2762,45
886,78911,485,2756,495,2760,40
887,78911,481,2755,492,2760,55
888,78911,479,2754,488,2758,36
889,78911,473,2752,484,2757,55
890,78911,470,2751,480,2756,50
891,78911,466,2750,476,2755,50
892,78911,463,2749,473,2754,50
893,78911,459,2748,470,2753,55
894,78911,455,2746,465,2752,60
895,78911,451,2745,461,2750,50
896,78911,448,2744,458,2749,50
897,78911,444,2742,456,2749,84
898,78911,439,2743,453,2748,70
899,78911,436,2741,448,2747,72
900,78911,434,2740,446,2745,60
901,78911,431,2739,442,2744,55
902,78911,427,2739,438,2744,55
903,78911,424,2738,436,2743,60
904,78911,422,2738,432,2743,50
905,78911,418,2737,429,2742,55
906,78911,415,2737,425,2742,50
907,78911,412,2737,423,2742,55
908,78911,409,2736,419,2741,50
909,78911,406,2736,416,2741,50
910,78911,403,2736,414,2742,66
911,78911,400,2736,409,2742,54
912,78911,397,2737,407,2743,60
913,78911,394,2736,403,2743,63
914,78911,391,2738,398,2743,35
915,78911,388,2737,397,2743,54
916,78911,385,2738,393,2743,40
917,78911,381,2738,390,2744,54
918,78911,378,2738,386,2744,48
919,78911,375,2739,382,2745,42
920,78911,372,2740,379,2747,49
921,78911,369,2741,376,2748,49
922,78911,366,2741,374,2748,56
923,78911,363,2742,370,2750,56
924,78911,360,2743,367,2751,56
925,78911,357,2743,365,2752,72
926,78911,354,2745,362,2753,64
927,78911,351,2746,358,2753,49
928,78911,348,2747,355,2755,56
929,78911,344,2748,352,2757,72
930,78911,341,2749,350,2758,81
931,78911,337,2751,346,2759,72
932,78911,335,2752,343,2761,72
933,78911,332,2753,341,2762,81
934,78911,329,2754,339,2763,90
935,78911,326,2757,335,2764,63
936,78911,322,2758,332,2766,80
937,78911,319,2758,328,2767,81
938,78911,316,2760,326,2769,90
939,78911,313,2761,324,2771,110
940,78911,310,2763,322,2772,108
941,78911,307,2765,320,2774,117
942,78911,305,2767,317,2775,96
943,78911,301,2767,313,2776,108
944,78911,298,2769,311,2777,104
945,78911,296,2771,309,2778,91
946,78911,293,2772,304,2779,77
947,78911,290,2773,302,2781,96
948,78911,287,2775,299,2783,96
949,78911,285,2777,297,2784,84
950,78911,281,2778,295,2786,112
951,78911,279,2780,294,2788,120
952,78911,276,2782,289,2789,91
953,78911,274,2780,285,2788,88
954,78911,270,2779,285,2789,150
955,78911,270,2787,281,2793,66
956,78911,267,2787,277,2797,100
957,78911,264,2786,273,2793,63
958,78911,260,2783,271,2794,121
959,78911,253,2790,268,2795,75
960,78911,252,2791,265,2800,117
961,78911,251,2790,260,2797,63
962,78911,247,2787,257,2797,100
963,78911,238,2790,254,2797,112
964,78911,238,2794,249,2800,66
965,78911,235,2793,240,2800,35
966,78911,230,2791,240,2801,100
967,78911,222,2791,238,2801,160
968,78911,219,2795,232,2804,117
969,78911,214,2791,225,2801,110
970,78911,212,2791,222,2798,70
971,78911,205,2789,216,2798,99
972,78911,198,2790,212,2801,154
973,78911,196,2791,206,2798,70
974,78911,192,2787,201,2795,72
975,78911,182,2782,197,2794,180
976,78911,180,2788,189,2795,63
977,78911,175,2786,184,2793,63
978,78911,171,2781,179,2789,64
979,78911,164,2778,175,2788,110
980,78911,156,2780,169,2788,104
981,78911,153,2778,162,2786,72
982,78911,149,2774,159,2780,60
983,78911,143,2768,153,2778,100
984,78911,135,2771,146,2777,66
985,78911,131,2766,140,2776,90
986,78911,127,2763,136,2768,45
987,78911,119,2755,129,2769,140
988,78911,113,2757,125,2766,108
989,78911,107,2755,117,2767,120
990,78911,103,2753,113,2761,80
991,78911,99,2748,108,2755,63
992,78911,91,2741,104,2755,182
993,78911,87,2745,96,2749,36
994,78911,78,2743,90,2753,120
995,78911,76,2739,84,2744,40
996,78911,71,2733,80,2741,72
997,78911,64,2727,73,2738,99
998,78911,56,2730,68,2739,108
999,78911,50,2727,64,2736,126
1000,78911,47,2725,56,2729,36
1001,78911,42,2719,52,2727,80
1002,78911,35,2715,45,2725,100
1003,78911,27,2717,37,2725,80
1004,78911,23,2715,33,2723,80
1005,78911,18,2711,27,2716,45
1006,78911,10,2704,21,2714,110
1007,78911,6,2703,16,2712,90
1008,78911,0,2705,7,2714,63
