frame_number,frame_timestamp,x,y,w,h,area,classifier_name
0,0,1857,3450,17,19,323,corrected
1,40,1850,3450,24,16,384,corrected
2,80,1850,3449,23,14,322,corrected
3,120,1851,3445,15,12,180,corrected
4,160,1849,3440,19,12,228,corrected
5,200,1855,3431,9,14,126,corrected
6,240,1842,3431,24,11,264,corrected
7,280,1846,3431,19,9,171,corrected
8,320,1846,3426,14,11,154,corrected
9,360,1843,3420,18,9,162,corrected
10,400,1844,3415,13,11,143,corrected
11,440,1843,3415,13,10,130,corrected
12,480,1835,3411,22,10,220,corrected
13,520,1835,3410,18,8,144,corrected
14,560,1833,3407,17,9,153,corrected
15,600,1830,3403,21,9,189,corrected
16,640,1828,3399,20,10,200,corrected
17,680,1827,3398,20,6,120,corrected
18,720,1825,3395,18,5,90,corrected
19,760,1824,3393,19,5,95,corrected
20,800,1823,3390,19,6,114,corrected
21,840,1823,3387,18,6,108,corrected
22,880,1820,3383,20,8,160,corrected
23,920,1819,3381,22,8,176,corrected
24,960,1817,3379,20,7,140,corrected
25,1000,1816,3376,20,7,140,corrected
26,1040,1815,3374,19,7,133,corrected
27,1080,1813,3372,20,7,140,corrected
28,1120,1811,3370,19,8,152,corrected
29,1160,1810,3367,23,9,207,corrected
30,1200,1809,3364,21,10,210,corrected
31,1240,1808,3362,22,10,220,corrected
32,1280,1807,3360,19,11,209,corrected
33,1320,1805,3359,19,12,228,corrected
34,1360,1803,3358,19,10,190,corrected
35,1400,1801,3357,19,10,190,corrected
36,1440,1800,3355,19,10,190,corrected
37,1480,1798,3355,17,9,153,corrected
38,1520,1796,3354,19,11,209,corrected
39,1560,1795,3353,18,8,144,corrected
40,1600,1793,3351,17,9,153,corrected
41,1640,1791,3351,17,8,136,corrected
42,1680,1789,3350,21,10,210,corrected
43,1720,1788,3352,21,6,126,corrected
44,1760,1786,3351,23,8,184,corrected
45,1800,1785,3350,23,8,184,corrected
46,1840,1783,3350,22,7,154,corrected
47,1880,1781,3350,17,6,102,corrected
48,1920,1779,3350,17,7,119,corrected
49,1960,1777,3350,15,5,75,corrected
50,2000,1776,3349,15,6,90,corrected
51,2040,1774,3349,16,6,96,corrected
52,2080,1771,3348,18,7,126,corrected
53,2120,1771,3348,17,6,102,corrected
54,2160,1769,3348,17,6,102,corrected
55,2200,1768,3348,17,6,102,corrected
56,2240,1766,3348,17,6,102,corrected
57,2280,1765,3348,16,6,96,corrected
58,2320,1764,3348,17,6,102,corrected
59,2360,1763,3348,17,6,102,corrected
60,2400,1762,3348,18,6,108,corrected
61,2440,1761,3348,15,5,75,corrected
62,2480,1757,3348,18,7,126,corrected
63,2520,1757,3348,16,5,80,corrected
64,2560,1756,3348,17,6,102,corrected
65,2600,1756,3348,16,6,96,corrected
66,2640,1755,3348,15,6,90,corrected
67,2680,1754,3347,17,8,136,corrected
68,2720,1752,3349,17,8,136,corrected
69,2760,1751,3349,16,6,96,corrected
70,2800,1750,3350,17,8,136,corrected
71,2840,1749,3349,18,8,144,corrected
72,2880,1749,3352,18,11,198,corrected
73,2920,1750,3350,14,12,168,corrected
74,2960,1750,3346,17,15,255,corrected
75,3000,1746,3347,20,14,280,corrected
76,3040,1743,3354,21,10,210,corrected
76,3040,2150,3029,9,7,63,corrected
77,3080,1746,3357,14,14,196,corrected
77,3080,2147,3031,10,6,60,corrected
78,3120,1748,3357,14,6,84,corrected
78,3120,2143,3031,5,5,25,corrected
79,3160,1748,3351,12,13,156,corrected
79,3160,2136,3028,5,7,35,corrected
80,3200,1739,3355,22,10,220,corrected
80,3200,2129,3031,8,5,40,corrected
80,3200,2151,3031,8,5,40,corrected
81,3240,1742,3358,18,17,306,corrected
81,3240,2122,3030,8,6,48,corrected
81,3240,2147,3030,10,7,70,corrected
82,3280,1744,3359,12,10,120,corrected
82,3280,2117,3030,8,4,32,corrected
82,3280,2140,3029,11,6,66,corrected
83,3320,1744,3358,17,10,170,corrected
83,3320,2111,3030,7,6,42,corrected
83,3320,2135,3029,8,7,56,corrected
84,3360,1739,3356,20,13,260,corrected
84,3360,2104,3031,9,7,63,corrected
84,3360,2146,3030,8,8,64,corrected
84,3360,2128,3030,10,8,80,corrected
84,3360,2156,3031,3,5,15,corrected
85,3400,1744,3365,15,7,105,corrected
85,3400,2098,3030,8,6,48,corrected
85,3400,2141,3030,8,7,56,corrected
85,3400,2121,3028,11,10,110,corrected
85,3400,2150,3029,6,6,36,corrected
86,3440,1738,3365,15,12,180,corrected
86,3440,2093,3029,7,6,42,corrected
86,3440,2135,3030,9,7,63,corrected
86,3440,2117,3029,9,8,72,corrected
86,3440,2145,3030,5,6,30,corrected
86,3440,2155,3029,4,8,32,corrected
87,3480,1738,3363,14,7,98,corrected
87,3480,2087,3030,7,6,42,corrected
87,3480,2109,3029,10,7,70,corrected
87,3480,2130,3030,7,6,42,corrected
87,3480,2138,3030,6,7,42,corrected
87,3480,2148,3030,9,7,63,corrected
88,3520,1734,3358,19,13,247,corrected
88,3520,2081,3031,7,6,42,corrected
88,3520,2103,3029,10,9,90,corrected
88,3520,2122,3031,7,6,42,corrected
88,3520,2143,3031,9,5,45,corrected
88,3520,2132,3030,7,6,42,corrected
89,3560,1738,3366,14,6,84,corrected
89,3560,2075,3030,6,8,48,corrected
89,3560,2097,3030,10,8,80,corrected
89,3560,2117,3030,8,8,64,corrected
89,3560,2127,3029,5,6,30,corrected
89,3560,2136,3029,10,11,110,corrected
89,3560,2151,3027,8,8,64,corrected
90,3600,1730,3367,17,10,170,corrected
90,3600,2068,3030,7,6,42,corrected
90,3600,2092,3029,9,8,72,corrected
90,3600,2111,3030,8,7,56,corrected
90,3600,2121,3031,6,5,30,corrected
90,3600,2130,3031,10,9,90,corrected
90,3600,2144,3027,9,7,63,corrected
91,3640,1732,3364,14,7,98,corrected
91,3640,2059,3029,11,8,88,corrected
91,3640,2084,3027,11,9,99,corrected
91,3640,2104,3030,9,7,63,corrected
91,3640,2113,3031,7,6,42,corrected
91,3640,2124,3030,10,7,70,corrected
91,3640,2138,3028,8,5,40,corrected
91,3640,2154,3027,5,6,30,corrected
92,3680,1726,3358,21,14,294,corrected
92,3680,2055,3030,8,7,56,corrected
92,3680,2098,3031,7,10,70,corrected
92,3680,2079,3028,8,10,80,corrected
92,3680,2105,3031,11,5,55,corrected
92,3680,2119,3030,10,8,80,corrected
92,3680,2133,3029,7,6,42,corrected
92,3680,2146,3027,11,7,77,corrected
93,3720,1722,3363,25,9,225,corrected
93,3720,2048,3030,8,7,56,corrected
93,3720,2091,3030,8,7,56,corrected
93,3720,2073,3030,9,8,72,corrected
93,3720,2103,3027,7,9,63,corrected
93,3720,2113,3030,10,9,90,corrected
93,3720,2128,3029,8,6,48,corrected
93,3720,2142,3028,9,5,45,corrected
94,3760,1723,3363,17,15,255,corrected
94,3760,2044,3026,7,10,70,corrected
94,3760,2087,3027,7,11,77,corrected
94,3760,2065,3026,12,10,120,corrected
94,3760,2097,3030,7,6,42,corrected
94,3760,2107,3030,11,8,88,corrected
94,3760,2121,3027,8,6,48,corrected
94,3760,2136,3026,9,6,54,corrected
94,3760,2149,3026,7,4,28,corrected
95,3800,1723,3361,10,12,120,corrected
95,3800,2037,3030,7,6,42,corrected
95,3800,2080,3030,8,7,56,corrected
95,3800,2062,3030,7,6,42,corrected
95,3800,2089,3031,7,6,42,corrected
95,3800,2100,3031,10,7,70,corrected
95,3800,2115,3029,7,6,42,corrected
95,3800,2130,3026,9,6,54,corrected
95,3800,2143,3026,7,6,42,corrected
96,3840,1721,3358,15,12,180,corrected
96,3840,2031,3031,7,6,42,corrected
96,3840,2073,3030,8,9,72,corrected
96,3840,2055,3032,9,8,72,corrected
96,3840,2084,3031,7,5,35,corrected
96,3840,2094,3030,10,7,70,corrected
96,3840,2108,3030,9,6,54,corrected
96,3840,2123,3026,10,6,60,corrected
96,3840,2137,3026,8,6,48,corrected
97,3880,1716,3357,18,12,216,corrected
97,3880,2025,3031,9,6,54,corrected
97,3880,2068,3030,8,9,72,corrected
97,3880,2049,3031,10,9,90,corrected
97,3880,2078,3028,7,8,56,corrected
97,3880,2088,3027,10,11,110,corrected
97,3880,2103,3029,8,8,64,corrected
97,3880,2119,3027,8,6,48,corrected
97,3880,2131,3025,8,6,48,corrected
97,3880,2142,3023,11,7,77,corrected
98,3920,1719,3363,13,9,117,corrected
98,3920,2019,3029,8,8,64,corrected
98,3920,2062,3030,8,8,64,corrected
98,3920,2042,3028,11,10,110,corrected
98,3920,2071,3031,9,4,36,corrected
98,3920,2082,3029,10,10,100,corrected
98,3920,2096,3027,8,8,64,corrected
98,3920,2112,3026,9,6,54,corrected
98,3920,2125,3025,8,6,48,corrected
98,3920,2137,3023,9,7,63,corrected
98,3920,2150,3024,8,5,40,corrected
99,3960,1711,3360,16,13,208,corrected
99,3960,2010,3031,12,6,72,corrected
99,3960,2056,3030,7,8,56,corrected
99,3960,2037,3029,9,9,81,corrected
99,3960,2065,3031,6,5,30,corrected
99,3960,2075,3031,10,7,70,corrected
99,3960,2090,3026,9,9,81,corrected
99,3960,2105,3027,9,6,54,corrected
99,3960,2118,3026,9,5,45,corrected
99,3960,2131,3022,9,7,63,corrected
99,3960,2144,3024,7,5,35,corrected
99,3960,2152,3018,7,6,42,corrected
100,4000,1712,3359,16,7,112,corrected
100,4000,2005,3030,9,7,63,corrected
100,4000,2048,3030,9,9,81,corrected
100,4000,2029,3029,9,10,90,corrected
100,4000,2058,3030,6,5,30,corrected
100,4000,2071,3030,10,7,70,corrected
100,4000,2084,3030,9,7,63,corrected
100,4000,2100,3027,8,7,56,corrected
100,4000,2113,3027,9,5,45,corrected
100,4000,2125,3023,10,8,80,corrected
100,4000,2139,3023,7,6,42,corrected
100,4000,2146,3020,8,5,40,corrected
101,4040,1707,3351,17,14,238,corrected
101,4040,1999,3030,9,7,63,corrected
101,4040,2043,3030,9,8,72,corrected
101,4040,2023,3029,10,9,90,corrected
101,4040,2051,3029,7,5,35,corrected
101,4040,2062,3030,13,9,117,corrected
101,4040,2079,3031,8,5,40,corrected
101,4040,2095,3027,7,7,49,corrected
101,4040,2107,3026,9,5,45,corrected
101,4040,2119,3024,10,8,80,corrected
101,4040,2133,3023,6,5,30,corrected
101,4040,2142,3020,6,7,42,corrected
101,4040,2151,3020,6,5,30,corrected
102,4080,1701,3356,22,8,176,corrected
102,4080,1993,3029,9,7,63,corrected
102,4080,2036,3029,10,8,80,corrected
102,4080,2015,3027,12,10,120,corrected
102,4080,2046,3031,6,4,24,corrected
102,4080,2055,3030,14,9,126,corrected
102,4080,2073,3028,8,7,56,corrected
102,4080,2089,3028,8,5,40,corrected
102,4080,2101,3026,8,5,40,corrected
102,4080,2113,3023,10,8,80,corrected
102,4080,2127,3025,7,4,28,corrected
102,4080,2136,3019,6,6,36,corrected
103,4120,1702,3356,18,12,216,corrected
103,4120,1985,3029,10,8,80,corrected
103,4120,2028,3028,10,9,90,corrected
103,4120,2010,3030,9,7,63,corrected
103,4120,2038,3031,9,5,45,corrected
103,4120,2051,3031,11,7,77,corrected
103,4120,2067,3028,7,7,49,corrected
103,4120,2082,3027,8,6,48,corrected
103,4120,2096,3026,8,5,40,corrected
103,4120,2109,3023,9,8,72,corrected
103,4120,2121,3025,7,5,35,corrected
103,4120,2129,3020,9,5,45,corrected
103,4120,2140,3023,6,5,30,corrected
104,4160,1702,3355,13,8,104,corrected
104,4160,1980,3030,8,9,72,corrected
104,4160,2023,3030,9,9,81,corrected
104,4160,2004,3030,10,7,70,corrected
104,4160,2033,3031,7,5,35,corrected
104,4160,2046,3030,10,8,80,corrected
104,4160,2060,3029,8,6,48,corrected
104,4160,2075,3028,9,5,45,corrected
104,4160,2089,3026,9,7,63,corrected
104,4160,2102,3024,10,7,70,corrected
104,4160,2115,3024,8,6,48,corrected
104,4160,2122,3020,8,5,40,corrected
104,4160,2134,3023,6,4,24,corrected
104,4160,2151,3023,7,6,42,corrected
105,4200,1700,3350,17,11,187,corrected
105,4200,1975,3031,6,7,42,corrected
105,4200,2018,3029,8,10,80,corrected
105,4200,1999,3029,9,8,72,corrected
105,4200,2027,3031,7,5,35,corrected
105,4200,2040,3030,9,8,72,corrected
105,4200,2054,3030,8,6,48,corrected
105,4200,2070,3028,8,6,48,corrected
105,4200,2084,3026,8,6,48,corrected
105,4200,2097,3025,7,7,49,corrected
105,4200,2110,3024,7,5,35,corrected
105,4200,2117,3020,7,6,42,corrected
105,4200,2127,3021,7,5,35,corrected
105,4200,2145,3022,7,6,42,corrected
106,4240,1694,3346,19,15,285,corrected
106,4240,1969,3031,6,7,42,corrected
106,4240,2013,3030,7,8,56,corrected
106,4240,1993,3029,9,8,72,corrected
106,4240,2020,3031,7,5,35,corrected
106,4240,2033,3031,10,7,70,corrected
106,4240,2049,3030,7,5,35,corrected
106,4240,2063,3027,9,6,54,corrected
106,4240,2078,3026,9,5,45,corrected
106,4240,2092,3025,8,7,56,corrected
106,4240,2104,3026,7,5,35,corrected
106,4240,2113,3020,7,6,42,corrected
106,4240,2122,3023,6,5,30,corrected
106,4240,2138,3023,7,6,42,corrected
106,4240,2154,3023,5,4,20,corrected
107,4280,1690,3351,23,10,230,corrected
107,4280,2006,3028,7,10,70,corrected
107,4280,1960,3030,10,8,80,corrected
107,4280,1985,3030,8,9,72,corrected
107,4280,2015,3031,8,5,40,corrected
107,4280,2026,3030,10,7,70,corrected
107,4280,2043,3028,7,7,49,corrected
107,4280,2058,3028,9,5,45,corrected
107,4280,2072,3026,9,6,54,corrected
107,4280,2086,3024,8,8,64,corrected
107,4280,2098,3027,7,5,35,corrected
107,4280,2107,3019,6,7,42,corrected
107,4280,2115,3023,7,4,28,corrected
107,4280,2133,3024,6,5,30,corrected
108,4320,1691,3348,15,13,195,corrected
108,4320,1955,3031,9,8,72,corrected
108,4320,1999,3030,9,9,81,corrected
108,4320,1979,3031,11,8,88,corrected
108,4320,2010,3031,9,6,54,corrected
108,4320,2021,3031,10,6,60,corrected
108,4320,2036,3030,9,6,54,corrected
108,4320,2051,3028,9,6,54,corrected
108,4320,2066,3027,8,5,40,corrected
108,4320,2081,3025,7,7,49,corrected
108,4320,2094,3025,5,5,25,corrected
108,4320,2101,3020,7,6,42,corrected
108,4320,2110,3022,7,6,42,corrected
108,4320,2127,3024,8,6,48,corrected
108,4320,2142,3024,6,5,30,corrected
109,4360,1690,3346,15,6,90,corrected
109,4360,1948,3030,9,9,81,corrected
109,4360,1992,3029,9,11,99,corrected
109,4360,1973,3030,10,9,90,corrected
109,4360,2003,3031,8,6,48,corrected
109,4360,2014,3031,11,6,66,corrected
109,4360,2029,3030,9,7,63,corrected
109,4360,2045,3028,9,6,54,corrected
109,4360,2060,3027,9,6,54,corrected
109,4360,2073,3026,9,7,63,corrected
109,4360,2087,3026,6,4,24,corrected
109,4360,2093,3021,8,7,56,corrected
109,4360,2104,3020,7,7,49,corrected
109,4360,2122,3022,6,6,36,corrected
109,4360,2136,3024,7,5,35,corrected
109,4360,2151,3022,7,6,42,corrected
110,4400,1686,3339,15,14,210,corrected
110,4400,1941,3031,10,7,70,corrected
110,4400,1986,3029,9,10,90,corrected
110,4400,1966,3030,11,9,99,corrected
110,4400,1997,3031,7,5,35,corrected
110,4400,2008,3031,10,7,70,corrected
110,4400,2023,3030,10,5,50,corrected
110,4400,2038,3027,10,7,70,corrected
110,4400,2054,3026,9,7,63,corrected
110,4400,2068,3026,9,7,63,corrected
110,4400,2081,3026,7,5,35,corrected
110,4400,2089,3020,7,7,49,corrected
110,4400,2098,3022,7,5,35,corrected
110,4400,2114,3022,8,6,48,corrected
110,4400,2131,3023,6,6,36,corrected
110,4400,2145,3023,7,5,35,corrected
111,4440,1679,3342,23,10,230,corrected
111,4440,1934,3029,11,10,110,corrected
111,4440,1980,3028,8,11,88,corrected
111,4440,1960,3032,11,8,88,corrected
111,4440,1990,3032,9,6,54,corrected
111,4440,2003,3032,9,6,54,corrected
111,4440,2017,3029,9,7,63,corrected
111,4440,2033,3027,8,7,56,corrected
111,4440,2048,3027,8,6,48,corrected
111,4440,2061,3026,9,6,54,corrected
111,4440,2075,3027,8,5,40,corrected
111,4440,2083,3020,9,7,63,corrected
111,4440,2093,3022,7,6,42,corrected
111,4440,2110,3023,7,6,42,corrected
111,4440,2126,3023,6,8,48,corrected
111,4440,2138,3024,8,5,40,corrected
111,4440,2155,3015,2,8,16,corrected
112,4480,1678,3343,18,10,180,corrected
112,4480,1929,3033,9,8,72,corrected
112,4480,1973,3029,9,11,99,corrected
112,4480,1955,3031,9,10,90,corrected
112,4480,1984,3032,8,5,40,corrected
112,4480,1995,3031,11,8,88,corrected
112,4480,2012,3030,7,5,35,corrected
112,4480,2028,3029,8,6,48,corrected
112,4480,2042,3027,8,7,56,corrected
112,4480,2054,3026,10,7,70,corrected
112,4480,2069,3027,7,5,35,corrected
112,4480,2078,3021,8,6,48,corrected
112,4480,2088,3023,7,5,35,corrected
112,4480,2105,3024,8,6,48,corrected
112,4480,2121,3023,7,9,63,corrected
112,4480,2133,3024,8,8,64,corrected
112,4480,2149,3017,8,6,48,corrected
113,4520,1678,3340,11,8,88,corrected
113,4520,1924,3031,8,8,64,corrected
113,4520,1967,3030,9,10,90,corrected
113,4520,1949,3030,9,11,99,corrected
113,4520,1979,3031,7,6,42,corrected
113,4520,1990,3031,10,7,70,corrected
113,4520,2005,3031,7,5,35,corrected
113,4520,2020,3028,10,8,80,corrected
113,4520,2036,3028,9,6,54,corrected
113,4520,2050,3027,8,6,48,corrected
113,4520,2064,3026,6,5,30,corrected
113,4520,2070,3021,8,7,56,corrected
113,4520,2081,3023,8,4,32,corrected
113,4520,2098,3023,7,6,42,corrected
113,4520,2113,3024,8,7,56,corrected
113,4520,2129,3024,7,7,49,corrected
113,4520,2143,3018,7,6,42,corrected
114,4560,1674,3335,19,10,190,corrected
114,4560,1914,3031,14,8,112,corrected
114,4560,1962,3030,8,10,80,corrected
114,4560,1942,3030,9,10,90,corrected
114,4560,1973,3031,7,7,49,corrected
114,4560,1983,3031,10,8,80,corrected
114,4560,1999,3031,7,6,42,corrected
114,4560,2014,3028,8,6,48,corrected
114,4560,2030,3027,9,6,54,corrected
114,4560,2044,3027,8,6,48,corrected
114,4560,2058,3027,7,4,28,corrected
114,4560,2065,3021,8,5,40,corrected
114,4560,2076,3022,6,6,36,corrected
114,4560,2094,3023,7,5,35,corrected
114,4560,2107,3023,8,7,56,corrected
114,4560,2121,3024,10,6,60,corrected
114,4560,2138,3018,7,7,49,corrected
114,4560,2152,3019,7,6,42,corrected
115,4600,1671,3330,18,12,216,corrected
115,4600,1908,3030,11,9,99,corrected
115,4600,1935,3032,9,8,72,corrected
115,4600,1955,3031,8,6,48,corrected
115,4600,1978,3032,10,6,60,corrected
115,4600,1964,3032,9,7,63,corrected
115,4600,1992,3031,8,5,40,corrected
115,4600,2009,3027,7,6,42,corrected
115,4600,2024,3027,9,6,54,corrected
115,4600,2038,3026,9,6,54,corrected
115,4600,2051,3027,8,6,48,corrected
115,4600,2059,3020,7,6,42,corrected
115,4600,2069,3023,8,4,32,corrected
115,4600,2089,3023,7,5,35,corrected
115,4600,2102,3023,7,7,49,corrected
115,4600,2116,3025,8,7,56,corrected
115,4600,2132,3017,7,8,56,corrected
115,4600,2145,3019,7,5,35,corrected
116,4640,1671,3332,11,9,99,corrected
116,4640,1904,3033,8,8,64,corrected
116,4640,1929,3032,9,8,72,corrected
116,4640,1949,3033,8,6,48,corrected
116,4640,1959,3032,9,7,63,corrected
116,4640,1971,3031,10,7,70,corrected
116,4640,1986,3031,9,5,45,corrected
116,4640,2003,3029,7,6,42,corrected
116,4640,2018,3027,9,7,63,corrected
116,4640,2031,3026,9,6,54,corrected
116,4640,2046,3028,7,5,35,corrected
116,4640,2054,3022,8,6,48,corrected
116,4640,2063,3023,9,7,63,corrected
116,4640,2083,3024,8,5,40,corrected
116,4640,2097,3025,8,6,48,corrected
116,4640,2110,3025,8,7,56,corrected
116,4640,2127,3018,6,6,36,corrected
116,4640,2140,3021,8,5,40,corrected
117,4680,1666,3331,15,9,135,corrected
117,4680,1899,3032,7,4,28,corrected
117,4680,1922,3030,10,8,80,corrected
117,4680,1943,3034,7,6,42,corrected
117,4680,1952,3031,9,7,63,corrected
117,4680,1965,3031,7,7,49,corrected
117,4680,1998,3029,7,7,49,corrected
117,4680,2013,3027,8,7,56,corrected
117,4680,2025,3027,12,7,84,corrected
117,4680,2040,3027,7,5,35,corrected
117,4680,2046,3022,9,6,54,corrected
117,4680,2057,3022,10,6,60,corrected
117,4680,2078,3023,7,5,35,corrected
117,4680,2091,3023,7,8,56,corrected
117,4680,2105,3025,8,5,40,corrected
117,4680,2120,3018,8,6,48,corrected
117,4680,2134,3021,7,7,49,corrected
118,4720,1663,3327,15,9,135,corrected
118,4720,1892,3032,6,4,24,corrected
118,4720,1916,3030,10,9,90,corrected
118,4720,1938,3033,5,6,30,corrected
118,4720,1947,3031,7,8,56,corrected
118,4720,1960,3031,8,9,72,corrected
118,4720,1974,3032,7,6,42,corrected
118,4720,1991,3029,8,7,56,corrected
118,4720,2007,3027,7,6,42,corrected
118,4720,2019,3027,11,7,77,corrected
118,4720,2033,3027,7,5,35,corrected
118,4720,2041,3021,8,7,56,corrected
118,4720,2052,3022,10,6,60,corrected
118,4720,2073,3023,8,6,48,corrected
118,4720,2087,3023,6,7,42,corrected
118,4720,2099,3025,9,6,54,corrected
118,4720,2114,3019,8,6,48,corrected
118,4720,2129,3020,5,5,25,corrected
118,4720,2150,3023,7,6,42,corrected
119,4760,1662,3322,16,11,176,corrected
119,4760,1883,3030,13,7,91,corrected
119,4760,1910,3032,7,7,49,corrected
119,4760,1930,3031,6,7,42,corrected
119,4760,1940,3033,8,6,48,corrected
119,4760,1952,3032,10,8,80,corrected
119,4760,1969,3032,7,5,35,corrected
119,4760,1984,3028,9,8,72,corrected
119,4760,2000,3026,8,6,48,corrected
119,4760,2014,3026,10,7,70,corrected
119,4760,2026,3028,8,4,32,corrected
119,4760,2035,3021,10,7,70,corrected
119,4760,2046,3023,9,6,54,corrected
119,4760,2067,3024,7,5,35,corrected
119,4760,2094,3026,9,5,45,corrected
119,4760,2111,3018,6,6,36,corrected
119,4760,2123,3019,6,6,36,corrected
119,4760,2145,3023,7,6,42,corrected
120,4800,1656,3320,19,13,247,corrected
120,4800,1878,3032,9,8,72,corrected
120,4800,1904,3031,8,8,64,corrected
120,4800,1923,3035,6,5,30,corrected
120,4800,1934,3033,8,7,56,corrected
120,4800,1946,3031,10,8,80,corrected
120,4800,1963,3030,6,7,42,corrected
120,4800,1978,3031,9,5,45,corrected
120,4800,1994,3028,8,6,48,corrected
120,4800,2007,3027,10,6,60,corrected
120,4800,2022,3028,7,5,35,corrected
120,4800,2031,3022,9,7,63,corrected
120,4800,2040,3024,9,5,45,corrected
120,4800,2060,3025,8,4,32,corrected
120,4800,2074,3024,6,8,48,corrected
120,4800,2086,3027,11,6,66,corrected
120,4800,2104,3016,8,8,64,corrected
120,4800,2116,3021,8,5,40,corrected
120,4800,2139,3022,8,7,56,corrected
120,4800,2154,3019,5,6,30,corrected
121,4840,1651,3323,21,8,168,corrected
121,4840,1872,3030,8,8,64,corrected
121,4840,1898,3030,7,7,49,corrected
121,4840,1917,3034,7,6,42,corrected
121,4840,1927,3031,9,9,81,corrected
121,4840,1940,3031,9,8,72,corrected
121,4840,1954,3032,8,7,56,corrected
121,4840,1971,3030,10,6,60,corrected
121,4840,1988,3028,9,6,54,corrected
121,4840,2000,3027,10,6,60,corrected
121,4840,2016,3027,7,4,28,corrected
121,4840,2023,3022,9,7,63,corrected
121,4840,2036,3022,8,6,48,corrected
121,4840,2054,3024,9,4,36,corrected
121,4840,2069,3024,7,7,49,corrected
121,4840,2081,3026,9,5,45,corrected
121,4840,2099,3019,7,5,35,corrected
121,4840,2110,3021,10,6,60,corrected
121,4840,2135,3023,4,6,24,corrected
121,4840,2149,3017,8,7,56,corrected
122,4880,1651,3321,19,11,209,corrected
122,4880,1866,3028,7,10,70,corrected
122,4880,1890,3030,9,8,72,corrected
122,4880,1912,3033,6,5,30,corrected
122,4880,1921,3031,8,8,64,corrected
122,4880,1935,3031,9,8,72,corrected
122,4880,1950,3032,8,7,56,corrected
122,4880,1965,3031,10,6,60,corrected
122,4880,1983,3029,7,5,35,corrected
122,4880,1994,3027,10,7,70,corrected
122,4880,2010,3026,7,6,42,corrected
122,4880,2017,3022,8,5,40,corrected
122,4880,2031,3021,7,7,49,corrected
122,4880,2049,3023,9,6,54,corrected
122,4880,2063,3022,8,8,64,corrected
122,4880,2077,3026,9,5,45,corrected
122,4880,2104,3021,10,7,70,corrected
122,4880,2093,3019,7,5,35,corrected
122,4880,2127,3023,7,7,49,corrected
122,4880,2142,3018,11,8,88,corrected
123,4920,1652,3318,15,8,120,corrected
123,4920,1859,3033,7,4,28,corrected
123,4920,1883,3031,10,8,80,corrected
123,4920,1905,3032,7,6,42,corrected
123,4920,1914,3032,7,7,49,corrected
123,4920,1926,3031,11,9,99,corrected
123,4920,1942,3031,10,7,70,corrected
123,4920,1958,3030,11,7,77,corrected
123,4920,1976,3026,9,9,81,corrected
123,4920,1989,3027,10,6,60,corrected
123,4920,2002,3029,8,4,32,corrected
123,4920,2013,3018,7,9,63,corrected
123,4920,2025,3023,8,5,40,corrected
123,4920,2045,3024,7,5,35,corrected
123,4920,2057,3023,7,8,56,corrected
123,4920,2071,3026,8,6,48,corrected
123,4920,2086,3018,8,5,40,corrected
123,4920,2100,3020,10,6,60,corrected
123,4920,2121,3023,8,5,40,corrected
123,4920,2137,3020,7,6,42,corrected
124,4960,1650,3315,14,7,98,corrected
124,4960,1852,3032,7,7,49,corrected
124,4960,1878,3030,7,7,49,corrected
124,4960,1898,3033,7,6,42,corrected
124,4960,1909,3032,7,7,49,corrected
124,4960,1922,3032,8,7,56,corrected
124,4960,1935,3031,11,7,77,corrected
124,4960,1952,3030,11,7,77,corrected
124,4960,1970,3027,9,8,72,corrected
124,4960,1983,3027,10,6,60,corrected
124,4960,1997,3029,8,5,40,corrected
124,4960,2007,3022,7,5,35,corrected
124,4960,2018,3024,8,6,48,corrected
124,4960,2037,3025,9,6,54,corrected
124,4960,2051,3024,7,8,56,corrected
124,4960,2066,3027,7,5,35,corrected
124,4960,2081,3019,7,5,35,corrected
124,4960,2095,3021,7,5,35,corrected
124,4960,2115,3022,8,7,56,corrected
124,4960,2130,3021,9,6,54,corrected
124,4960,2149,3020,7,5,35,corrected
125,5000,1648,3313,14,8,112,corrected
125,5000,1841,3031,15,5,75,corrected
125,5000,1871,3030,7,7,49,corrected
125,5000,1892,3034,6,6,36,corrected
125,5000,1902,3031,6,7,42,corrected
125,5000,1915,3032,9,8,72,corrected
125,5000,1930,3031,8,7,56,corrected
125,5000,1946,3030,10,7,70,corrected
125,5000,1963,3027,8,8,64,corrected
125,5000,1976,3027,10,7,70,corrected
125,5000,1991,3028,8,4,32,corrected
125,5000,2000,3023,7,6,42,corrected
125,5000,2013,3023,9,7,63,corrected
125,5000,2032,3024,8,5,40,corrected
125,5000,2047,3026,6,5,30,corrected
125,5000,2062,3026,6,6,36,corrected
125,5000,2076,3020,8,4,32,corrected
125,5000,2087,3023,10,6,60,corrected
125,5000,2108,3023,9,7,63,corrected
125,5000,2124,3020,11,8,88,corrected
125,5000,2143,3019,9,6,54,corrected
126,5040,1646,3312,13,8,104,corrected
126,5040,1839,3028,8,9,72,corrected
126,5040,1863,3030,8,7,56,corrected
126,5040,1887,3032,5,6,30,corrected
126,5040,1895,3032,8,7,56,corrected
126,5040,1909,3032,10,8,80,corrected
126,5040,1922,3032,11,8,88,corrected
126,5040,1939,3030,11,7,77,corrected
126,5040,1957,3029,9,7,63,corrected
126,5040,1970,3027,10,8,80,corrected
126,5040,1986,3027,6,5,30,corrected
126,5040,1995,3022,7,6,42,corrected
126,5040,2008,3020,8,8,64,corrected
126,5040,2027,3022,9,7,63,corrected
126,5040,2041,3023,8,6,48,corrected
126,5040,2057,3026,6,6,36,corrected
126,5040,2069,3020,8,7,56,corrected
126,5040,2081,3022,8,5,40,corrected
126,5040,2103,3024,8,6,48,corrected
126,5040,2119,3019,9,7,63,corrected
126,5040,2138,3019,8,6,48,corrected
127,5080,1639,3311,16,6,96,corrected
127,5080,1832,3030,7,10,70,corrected
127,5080,1856,3030,9,10,90,corrected
127,5080,1880,3030,8,8,64,corrected
127,5080,1889,3033,7,6,42,corrected
127,5080,1902,3030,10,9,90,corrected
127,5080,1918,3032,10,6,60,corrected
127,5080,1934,3030,10,7,70,corrected
127,5080,1951,3028,10,7,70,corrected
127,5080,1966,3027,10,8,80,corrected
127,5080,1979,3028,8,5,40,corrected
127,5080,1989,3020,7,7,49,corrected
127,5080,2002,3023,10,6,60,corrected
127,5080,2021,3023,9,6,54,corrected
127,5080,2035,3025,7,5,35,corrected
127,5080,2048,3026,9,6,54,corrected
127,5080,2064,3019,8,7,56,corrected
127,5080,2077,3019,7,9,63,corrected
127,5080,2098,3022,7,8,56,corrected
127,5080,2112,3021,10,8,80,corrected
127,5080,2133,3020,8,5,40,corrected
127,5080,2150,3018,9,8,72,corrected
128,5120,1637,3309,16,7,112,corrected
128,5120,1822,3031,13,9,117,corrected
128,5120,1850,3031,10,8,80,corrected
128,5120,1871,3032,9,7,63,corrected
128,5120,1883,3032,7,7,49,corrected
128,5120,1896,3031,10,8,80,corrected
128,5120,1911,3031,9,7,63,corrected
128,5120,1928,3030,9,7,63,corrected
128,5120,1945,3028,10,6,60,corrected
128,5120,1960,3028,9,7,63,corrected
128,5120,1973,3029,8,6,48,corrected
128,5120,1983,3022,7,5,35,corrected
128,5120,1995,3024,10,6,60,corrected
128,5120,2016,3023,7,8,56,corrected
128,5120,2029,3027,7,5,35,corrected
128,5120,2043,3027,7,6,42,corrected
128,5120,2059,3018,7,7,49,corrected
128,5120,2071,3021,7,5,35,corrected
128,5120,2092,3022,6,7,42,corrected
128,5120,2106,3021,10,6,60,corrected
128,5120,2127,3021,8,7,56,corrected
128,5120,2145,3019,8,7,56,corrected
129,5160,1633,3307,18,6,108,corrected
129,5160,1819,3029,9,9,81,corrected
129,5160,1845,3030,7,9,63,corrected
129,5160,1864,3032,9,9,81,corrected
129,5160,1876,3031,7,6,42,corrected
129,5160,1889,3030,10,10,100,corrected
129,5160,1904,3032,8,7,56,corrected
129,5160,1921,3031,9,7,63,corrected
129,5160,1938,3028,10,7,70,corrected
129,5160,1952,3027,9,7,63,corrected
129,5160,1977,3022,7,6,42,corrected
129,5160,1989,3023,9,6,54,corrected
129,5160,2011,3023,8,6,48,corrected
129,5160,2024,3025,7,5,35,corrected
129,5160,2038,3026,8,6,48,corrected
129,5160,2052,3019,8,6,48,corrected
129,5160,2065,3023,8,4,32,corrected
129,5160,2084,3025,8,5,40,corrected
129,5160,2102,3020,11,6,66,corrected
129,5160,2122,3019,6,8,48,corrected
129,5160,2137,3018,11,8,88,corrected
129,5160,2153,3013,6,9,54,corrected
130,5200,1632,3306,20,5,100,corrected
130,5200,1812,3027,9,10,90,corrected
130,5200,1833,3030,11,9,99,corrected
130,5200,1858,3030,7,9,63,corrected
130,5200,1868,3031,8,9,72,corrected
130,5200,1883,3030,9,10,90,corrected
130,5200,1898,3032,10,7,70,corrected
130,5200,1914,3031,11,7,77,corrected
130,5200,1932,3028,10,8,80,corrected
130,5200,1947,3028,9,7,63,corrected
130,5200,1961,3027,8,6,48,corrected
130,5200,1971,3022,6,5,30,corrected
130,5200,1983,3022,9,6,54,corrected
130,5200,2004,3022,10,7,70,corrected
130,5200,2019,3023,6,7,42,corrected
130,5200,2032,3025,8,6,48,corrected
130,5200,2047,3019,7,9,63,corrected
130,5200,2059,3022,8,5,40,corrected
130,5200,2080,3024,8,7,56,corrected
130,5200,2097,3021,8,7,56,corrected
130,5200,2114,3019,9,7,63,corrected
130,5200,2133,3019,8,7,56,corrected
130,5200,2147,3014,8,8,64,corrected
131,5240,1631,3304,17,5,85,corrected
131,5240,1805,3031,8,5,40,corrected
131,5240,1829,3031,9,10,90,corrected
131,5240,1853,3030,7,9,63,corrected
131,5240,1862,3033,7,8,56,corrected
131,5240,1877,3031,8,8,64,corrected
131,5240,1892,3031,10,6,60,corrected
131,5240,1910,3030,9,6,54,corrected
131,5240,1928,3027,8,8,64,corrected
131,5240,1941,3027,10,7,70,corrected
131,5240,1956,3026,8,6,48,corrected
131,5240,1966,3021,8,7,56,corrected
131,5240,1977,3022,9,6,54,corrected
131,5240,1998,3023,8,5,40,corrected
131,5240,2015,3025,4,5,20,corrected
131,5240,2025,3026,8,7,56,corrected
131,5240,2054,3018,7,9,63,corrected
131,5240,2041,3020,7,8,56,corrected
131,5240,2075,3023,6,7,42,corrected
131,5240,2091,3023,8,6,48,corrected
131,5240,2108,3020,8,7,56,corrected
131,5240,2126,3021,11,7,77,corrected
131,5240,2142,3015,6,6,36,corrected
132,5280,1628,3301,18,6,108,corrected
132,5280,1799,3029,6,8,48,corrected
132,5280,1822,3029,10,9,90,corrected
132,5280,1846,3031,6,6,36,corrected
132,5280,1856,3031,7,7,49,corrected
132,5280,1870,3031,9,9,81,corrected
132,5280,1886,3031,10,9,90,corrected
132,5280,1904,3028,8,8,64,corrected
132,5280,1921,3026,9,8,72,corrected
132,5280,1935,3027,9,6,54,corrected
132,5280,1948,3027,9,8,72,corrected
132,5280,1959,3022,7,7,49,corrected
132,5280,1970,3023,11,5,55,corrected
132,5280,1992,3022,10,8,80,corrected
132,5280,2007,3025,6,5,30,corrected
132,5280,2021,3025,8,7,56,corrected
132,5280,2049,3019,8,8,64,corrected
132,5280,2036,3019,7,8,56,corrected
132,5280,2070,3023,7,6,42,corrected
132,5280,2086,3022,8,6,48,corrected
132,5280,2104,3020,9,7,63,corrected
132,5280,2121,3019,10,8,80,corrected
132,5280,2135,3014,8,7,56,corrected
132,5280,2153,3014,6,6,36,corrected
133,5320,1626,3299,19,6,114,corrected
133,5320,1792,3030,6,6,36,corrected
133,5320,1815,3029,9,9,81,corrected
133,5320,1839,3032,8,8,64,corrected
133,5320,1850,3030,6,7,42,corrected
133,5320,1863,3027,9,14,126,corrected
133,5320,1879,3031,8,9,72,corrected
133,5320,1896,3028,10,10,100,corrected
133,5320,1915,3027,9,8,72,corrected
133,5320,1929,3026,7,8,56,corrected
133,5320,1942,3027,8,5,40,corrected
133,5320,1951,3022,9,7,63,corrected
133,5320,1965,3022,9,7,63,corrected
133,5320,1986,3023,10,5,50,corrected
133,5320,2002,3024,6,6,36,corrected
133,5320,2015,3025,8,6,48,corrected
133,5320,2029,3019,8,7,56,corrected
133,5320,2042,3022,8,6,48,corrected
133,5320,2062,3024,8,8,64,corrected
133,5320,2081,3019,7,8,56,corrected
133,5320,2099,3019,9,7,63,corrected
133,5320,2115,3020,11,5,55,corrected
133,5320,2130,3014,8,9,72,corrected
133,5320,2147,3016,8,5,40,corrected
134,5360,1624,3297,18,6,108,corrected
134,5360,1785,3027,7,9,63,corrected
134,5360,1805,3030,12,8,96,corrected
134,5360,1833,3030,6,7,42,corrected
134,5360,1843,3031,7,6,42,corrected
134,5360,1857,3031,9,9,81,corrected
134,5360,1872,3031,10,9,90,corrected
134,5360,1890,3030,11,8,88,corrected
134,5360,1910,3027,7,10,70,corrected
134,5360,1922,3028,9,8,72,corrected
134,5360,1937,3027,8,5,40,corrected
134,5360,1945,3023,9,5,45,corrected
134,5360,1958,3020,10,8,80,corrected
134,5360,1981,3020,9,7,63,corrected
134,5360,1996,3023,6,5,30,corrected
134,5360,2010,3026,8,6,48,corrected
134,5360,2022,3021,9,5,45,corrected
134,5360,2036,3022,9,6,54,corrected
134,5360,2058,3024,6,7,42,corrected
134,5360,2074,3023,7,5,35,corrected
134,5360,2094,3020,8,6,48,corrected
134,5360,2112,3020,7,7,49,corrected
134,5360,2125,3014,8,8,64,corrected
134,5360,2141,3015,8,5,40,corrected
135,5400,1623,3295,18,5,90,corrected
135,5400,1779,3030,6,6,36,corrected
135,5400,1801,3031,9,8,72,corrected
135,5400,1827,3030,6,7,42,corrected
135,5400,1836,3031,7,7,49,corrected
135,5400,1850,3030,9,9,81,corrected
135,5400,1866,3031,8,7,56,corrected
135,5400,1883,3028,12,8,96,corrected
135,5400,1903,3028,9,7,63,corrected
135,5400,1917,3027,8,7,56,corrected
135,5400,1931,3027,8,5,40,corrected
135,5400,1940,3020,9,9,81,corrected
135,5400,1951,3020,12,8,96,corrected
135,5400,1977,3021,8,7,56,corrected
135,5400,1991,3023,6,6,36,corrected
135,5400,2001,3026,10,6,60,corrected
135,5400,2017,3021,8,7,56,corrected
135,5400,2031,3020,8,8,64,corrected
135,5400,2052,3023,6,7,42,corrected
135,5400,2068,3023,9,7,63,corrected
135,5400,2087,3022,10,7,70,corrected
135,5400,2103,3022,11,6,66,corrected
135,5400,2120,3013,6,7,42,corrected
135,5400,2135,3012,8,7,56,corrected
136,5440,1621,3292,18,7,126,corrected
136,5440,1772,3029,5,9,45,corrected
136,5440,1796,3029,8,8,64,corrected
136,5440,1818,3030,6,8,48,corrected
136,5440,1830,3030,6,7,42,corrected
136,5440,1843,3031,10,7,70,corrected
136,5440,1877,3029,11,6,66,corrected
136,5440,1861,3031,6,6,36,corrected
136,5440,1897,3027,8,8,64,corrected
136,5440,1911,3026,8,8,64,corrected
136,5440,1925,3029,8,6,48,corrected
136,5440,1933,3022,9,7,63,corrected
136,5440,1946,3022,10,7,70,corrected
136,5440,1972,3022,8,6,48,corrected
136,5440,1984,3023,7,7,49,corrected
136,5440,1997,3026,9,6,54,corrected
136,5440,2011,3021,9,7,63,corrected
136,5440,2025,3020,8,8,64,corrected
136,5440,2044,3023,8,7,56,corrected
136,5440,2062,3020,8,8,64,corrected
136,5440,2081,3022,10,6,60,corrected
136,5440,2101,3021,8,7,56,corrected
136,5440,2113,3013,6,8,48,corrected
136,5440,2155,3014,4,6,24,corrected
136,5440,2129,3014,9,6,54,corrected
137,5480,1619,3290,19,7,133,corrected
137,5480,1764,3029,9,7,63,corrected
137,5480,1853,3031,6,8,48,corrected
137,5480,1790,3028,7,8,56,corrected
137,5480,1811,3031,8,9,72,corrected
137,5480,1824,3030,6,5,30,corrected
137,5480,1838,3028,7,11,77,corrected
137,5480,1871,3030,8,7,56,corrected
137,5480,1891,3028,7,7,49,corrected
137,5480,1903,3027,9,7,63,corrected
137,5480,1919,3029,7,5,35,corrected
137,5480,1927,3023,10,7,70,corrected
137,5480,1941,3023,10,6,60,corrected
137,5480,1964,3022,10,6,60,corrected
137,5480,1979,3023,7,7,49,corrected
137,5480,1993,3023,6,6,36,corrected
137,5480,2005,3019,9,9,81,corrected
137,5480,2018,3022,8,6,48,corrected
137,5480,2039,3025,8,7,56,corrected
137,5480,2057,3020,7,8,56,corrected
137,5480,2078,3018,7,10,70,corrected
137,5480,2093,3019,10,8,80,corrected
137,5480,2106,3015,9,7,63,corrected
137,5480,2147,3014,10,8,80,corrected
137,5480,2122,3015,10,5,50,corrected
138,5520,1618,3288,18,6,108,corrected
138,5520,1759,3028,6,8,48,corrected
138,5520,1847,3031,7,8,56,corrected
138,5520,1781,3030,7,6,42,corrected
138,5520,1807,3031,5,7,35,corrected
138,5520,1817,3030,6,6,36,corrected
138,5520,1831,3030,8,8,64,corrected
138,5520,1867,3031,6,6,36,corrected
138,5520,1884,3028,8,8,64,corrected
138,5520,1898,3028,8,7,56,corrected
138,5520,1913,3027,8,5,40,corrected
138,5520,1923,3022,8,9,72,corrected
138,5520,1937,3021,8,7,56,corrected
138,5520,1958,3022,11,6,66,corrected
138,5520,1974,3023,6,5,30,corrected
138,5520,1986,3024,6,5,30,corrected
138,5520,1998,3021,8,6,48,corrected
138,5520,2012,3022,9,7,63,corrected
138,5520,2033,3023,7,8,56,corrected
138,5520,2050,3023,8,6,48,corrected
138,5520,2072,3020,6,8,48,corrected
138,5520,2086,3019,9,9,81,corrected
138,5520,2100,3013,10,8,80,corrected
138,5520,2142,3014,9,8,72,corrected
138,5520,2120,3014,7,6,42,corrected
139,5560,1616,3286,18,7,126,corrected
139,5560,1751,3030,6,5,30,corrected
139,5560,1841,3029,6,8,48,corrected
139,5560,1775,3030,8,6,48,corrected
139,5560,1800,3031,6,6,36,corrected
139,5560,1810,3031,5,7,35,corrected
139,5560,1825,3030,8,7,56,corrected
139,5560,1859,3029,9,7,63,corrected
139,5560,1879,3028,8,8,64,corrected
139,5560,1892,3027,9,7,63,corrected
139,5560,1905,3029,8,3,24,corrected
139,5560,1917,3022,8,7,56,corrected
139,5560,1931,3020,8,7,56,corrected
139,5560,1954,3021,9,7,63,corrected
139,5560,1967,3023,7,5,35,corrected
139,5560,1978,3025,8,7,56,corrected
139,5560,1994,3022,6,6,36,corrected
139,5560,2006,3022,9,6,54,corrected
139,5560,2027,3023,8,7,56,corrected
139,5560,2044,3023,7,6,42,corrected
139,5560,2064,3022,9,7,63,corrected
139,5560,2079,3021,12,8,96,corrected
139,5560,2097,3010,7,11,77,corrected
139,5560,2139,3012,6,7,42,corrected
139,5560,2113,3012,8,8,64,corrected
140,5600,1614,3284,17,6,102,corrected
140,5600,1744,3030,6,7,42,corrected
140,5600,1835,3029,6,7,42,corrected
140,5600,1767,3026,11,7,77,corrected
140,5600,1792,3031,7,5,35,corrected
140,5600,1803,3031,6,6,36,corrected
140,5600,1819,3027,7,10,70,corrected
140,5600,1854,3028,7,7,49,corrected
140,5600,1872,3027,8,8,64,corrected
140,5600,1887,3026,8,8,64,corrected
140,5600,1900,3029,7,6,42,corrected
140,5600,1910,3023,8,7,56,corrected
140,5600,1924,3023,8,5,40,corrected
140,5600,1947,3023,9,8,72,corrected
140,5600,1962,3024,7,4,28,corrected
140,5600,1973,3024,8,6,48,corrected
140,5600,1987,3020,7,7,49,corrected
140,5600,1998,3021,11,8,88,corrected
140,5600,2020,3024,9,7,63,corrected
140,5600,2038,3019,7,9,63,corrected
140,5600,2059,3022,7,5,35,corrected
140,5600,2076,3018,8,8,64,corrected
140,5600,2090,3013,7,8,56,corrected
140,5600,2132,3011,7,8,56,corrected
140,5600,2106,3013,9,6,54,corrected
141,5640,1612,3282,18,7,126,corrected
141,5640,1738,3028,6,7,42,corrected
141,5640,1760,3026,11,7,77,corrected
141,5640,1783,3031,9,9,81,corrected
141,5640,1797,3029,6,7,42,corrected
141,5640,1812,3027,7,11,77,corrected
141,5640,1827,3031,5,6,30,corrected
141,5640,1846,3030,7,7,49,corrected
141,5640,1867,3026,5,9,45,corrected
141,5640,1879,3026,9,8,72,corrected
141,5640,1894,3028,7,6,42,corrected
141,5640,1903,3022,9,7,63,corrected
141,5640,1918,3023,9,6,54,corrected
141,5640,1942,3023,10,7,70,corrected
141,5640,1956,3023,7,7,49,corrected
141,5640,1968,3023,9,6,54,corrected
141,5640,1981,3020,7,7,49,corrected
141,5640,1992,3022,11,6,66,corrected
141,5640,2015,3025,7,7,49,corrected
141,5640,2032,3021,7,7,49,corrected
141,5640,2054,3019,7,8,56,corrected
141,5640,2070,3018,9,8,72,corrected
141,5640,2083,3014,8,10,80,corrected
141,5640,2125,3014,7,7,49,corrected
141,5640,2103,3014,8,6,48,corrected
142,5680,1611,3280,17,7,119,corrected
142,5680,1731,3028,6,6,36,corrected
142,5680,1820,3030,7,8,56,corrected
142,5680,1752,3027,12,7,84,corrected
142,5680,1778,3030,8,10,80,corrected
142,5680,1791,3029,5,7,35,corrected
142,5680,1805,3027,8,11,88,corrected
142,5680,1839,3029,9,7,63,corrected
142,5680,1859,3028,8,8,64,corrected
142,5680,1873,3028,8,7,56,corrected
142,5680,1888,3027,6,6,36,corrected
142,5680,1899,3020,7,8,56,corrected
142,5680,1914,3023,6,4,24,corrected
142,5680,1936,3021,9,7,63,corrected
142,5680,1950,3019,7,10,70,corrected
142,5680,1962,3022,9,7,63,corrected
142,5680,1974,3021,8,5,40,corrected
142,5680,1986,3023,12,5,60,corrected
142,5680,2011,3022,5,7,35,corrected
142,5680,2026,3022,7,7,49,corrected
142,5680,2047,3020,9,8,72,corrected
142,5680,2064,3020,9,9,81,corrected
142,5680,2078,3013,7,10,70,corrected
142,5680,2119,3014,9,7,63,corrected
142,5680,2095,3013,11,8,88,corrected
143,5720,1609,3279,17,6,102,corrected
143,5720,1723,3029,6,8,48,corrected
143,5720,1745,3026,12,8,96,corrected
143,5720,1772,3027,8,13,104,corrected
143,5720,1782,3030,7,7,49,corrected
143,5720,1798,3028,7,10,70,corrected
143,5720,1815,3029,6,7,42,corrected
143,5720,1834,3028,8,7,56,corrected
143,5720,1854,3028,7,9,63,corrected
143,5720,1868,3029,7,7,49,corrected
143,5720,1881,3028,6,4,24,corrected
143,5720,1892,3020,8,9,72,corrected
143,5720,1909,3019,6,8,48,corrected
143,5720,1930,3020,10,8,80,corrected
143,5720,1943,3019,9,10,90,corrected
143,5720,1957,3023,7,6,42,corrected
143,5720,1970,3021,7,7,49,corrected
143,5720,1984,3023,7,4,28,corrected
143,5720,2003,3023,7,6,42,corrected
143,5720,2020,3022,8,6,48,corrected
143,5720,2040,3019,9,9,81,corrected
143,5720,2059,3019,9,8,72,corrected
143,5720,2072,3010,8,12,96,corrected
143,5720,2114,3013,8,7,56,corrected
143,5720,2089,3012,10,8,80,corrected
144,5760,1608,3277,17,6,102,corrected
144,5760,1714,3030,10,5,50,corrected
144,5760,1808,3028,7,7,49,corrected
144,5760,1740,3026,10,7,70,corrected
144,5760,1763,3031,9,5,45,corrected
144,5760,1777,3031,7,6,42,corrected
144,5760,1792,3028,7,8,56,corrected
144,5760,1827,3027,9,7,63,corrected
144,5760,1847,3027,9,8,72,corrected
144,5760,1861,3027,9,7,63,corrected
144,5760,1875,3029,7,6,42,corrected
144,5760,1884,3022,9,7,63,corrected
144,5760,1901,3022,7,6,42,corrected
144,5760,1925,3022,9,6,54,corrected
144,5760,1936,3023,11,7,77,corrected
144,5760,1951,3022,8,6,48,corrected
144,5760,1964,3019,7,5,35,corrected
144,5760,1977,3020,7,7,49,corrected
144,5760,1999,3023,6,6,36,corrected
144,5760,2014,3019,7,8,56,corrected
144,5760,2035,3018,8,7,56,corrected
144,5760,2053,3018,8,8,64,corrected
144,5760,2066,3013,9,8,72,corrected
144,5760,2107,3012,8,7,56,corrected
144,5760,2084,3012,8,7,56,corrected
145,5800,1606,3275,17,6,102,corrected
145,5800,1711,3027,5,7,35,corrected
145,5800,1800,3029,7,7,49,corrected
145,5800,1734,3026,6,7,42,corrected
145,5800,1759,3031,7,5,35,corrected
145,5800,1770,3029,6,5,30,corrected
145,5800,1785,3028,7,9,63,corrected
145,5800,1820,3029,9,7,63,corrected
145,5800,1841,3028,7,7,49,corrected
145,5800,1854,3026,10,10,100,corrected
145,5800,1870,3029,5,3,15,corrected
145,5800,1879,3022,8,7,56,corrected
145,5800,1895,3023,8,6,48,corrected
145,5800,1917,3022,12,7,84,corrected
145,5800,1931,3022,9,8,72,corrected
145,5800,1945,3020,8,8,64,corrected
145,5800,1957,3018,8,8,64,corrected
145,5800,1971,3021,8,6,48,corrected
145,5800,1991,3023,9,8,72,corrected
145,5800,2009,3022,7,7,49,corrected
145,5800,2030,3019,7,7,49,corrected
145,5800,2046,3018,9,8,72,corrected
145,5800,2059,3014,10,9,90,corrected
145,5800,2102,3015,7,6,42,corrected
145,5800,2078,3013,8,7,56,corrected
146,5840,1605,3274,17,6,102,corrected
146,5840,1703,3026,7,8,56,corrected
146,5840,1726,3026,8,7,56,corrected
146,5840,1751,3031,5,5,25,corrected
146,5840,1763,3029,6,6,36,corrected
146,5840,1778,3029,8,8,64,corrected
146,5840,1794,3030,7,7,49,corrected
146,5840,1814,3029,9,7,63,corrected
146,5840,1835,3028,7,9,63,corrected
146,5840,1849,3027,8,7,56,corrected
146,5840,1863,3026,7,6,42,corrected
146,5840,1873,3020,9,8,72,corrected
146,5840,1890,3022,7,6,42,corrected
146,5840,1912,3021,10,8,80,corrected
146,5840,1927,3019,9,9,81,corrected
146,5840,1939,3023,8,5,40,corrected
146,5840,1951,3021,7,7,49,corrected
146,5840,1964,3022,8,6,48,corrected
146,5840,1986,3023,7,5,35,corrected
146,5840,2002,3022,8,7,56,corrected
146,5840,2023,3023,6,5,30,corrected
146,5840,2041,3019,8,9,72,corrected
146,5840,2054,3013,9,9,81,corrected
146,5840,2095,3015,8,7,56,corrected
146,5840,2071,3014,9,6,54,corrected
147,5880,1604,3272,18,9,162,corrected
147,5880,1696,3029,7,8,56,corrected
147,5880,1718,3027,10,8,80,corrected
147,5880,1745,3027,7,8,56,corrected
147,5880,1755,3029,7,5,35,corrected
147,5880,1772,3028,7,8,56,corrected
147,5880,1788,3028,7,8,56,corrected
147,5880,1807,3027,10,8,80,corrected
147,5880,1829,3028,8,8,64,corrected
147,5880,1842,3027,8,7,56,corrected
147,5880,1856,3028,7,4,28,corrected
147,5880,1866,3020,9,8,72,corrected
147,5880,1883,3020,8,8,64,corrected
147,5880,1906,3020,10,7,70,corrected
147,5880,1921,3019,9,9,81,corrected
147,5880,1934,3022,7,6,42,corrected
147,5880,1945,3021,9,7,63,corrected
147,5880,1957,3020,9,7,63,corrected
147,5880,1980,3022,8,6,48,corrected
147,5880,1996,3020,7,8,56,corrected
147,5880,2018,3020,8,7,56,corrected
147,5880,2033,3020,11,9,99,corrected
147,5880,2048,3010,10,11,110,corrected
147,5880,2090,3013,6,7,42,corrected
147,5880,2067,3012,9,7,63,corrected
148,5920,1602,3271,16,7,112,corrected
148,5920,1690,3028,6,8,48,corrected
148,5920,1711,3024,9,9,81,corrected
148,5920,1738,3031,6,3,18,corrected
148,5920,1750,3029,7,6,42,corrected
148,5920,1766,3026,8,9,72,corrected
148,5920,1781,3027,8,9,72,corrected
148,5920,1801,3027,9,8,72,corrected
148,5920,1822,3026,7,9,63,corrected
148,5920,1837,3028,8,7,56,corrected
148,5920,1851,3028,6,7,42,corrected
148,5920,1859,3022,11,8,88,corrected
148,5920,1879,3021,7,7,49,corrected
148,5920,1900,3021,10,8,80,corrected
148,5920,1914,3021,9,7,63,corrected
148,5920,1928,3022,7,5,35,corrected
148,5920,1952,3019,8,7,56,corrected
148,5920,1940,3020,7,6,42,corrected
148,5920,1972,3022,7,7,49,corrected
148,5920,1989,3019,8,8,64,corrected
148,5920,2012,3017,8,9,72,corrected
148,5920,2031,3019,8,7,56,corrected
148,5920,2043,3010,9,11,99,corrected
148,5920,2084,3011,7,8,56,corrected
148,5920,2062,3011,7,8,56,corrected
149,5960,1601,3270,17,7,119,corrected
149,5960,1683,3027,6,7,42,corrected
149,5960,1774,3028,9,8,72,corrected
149,5960,1706,3026,6,7,42,corrected
149,5960,1730,3031,9,5,45,corrected
149,5960,1743,3028,6,6,36,corrected
149,5960,1759,3027,7,10,70,corrected
149,5960,1794,3028,9,7,63,corrected
149,5960,1816,3028,6,8,48,corrected
149,5960,1830,3028,9,8,72,corrected
149,5960,1845,3027,7,7,49,corrected
149,5960,1854,3022,11,7,77,corrected
149,5960,1871,3023,8,6,48,corrected
149,5960,1896,3022,8,6,48,corrected
149,5960,1909,3023,9,5,45,corrected
149,5960,1921,3021,8,6,48,corrected
149,5960,1933,3019,8,7,56,corrected
149,5960,1946,3019,8,8,64,corrected
149,5960,1967,3023,8,5,40,corrected
149,5960,1981,3022,9,5,45,corrected
149,5960,2005,3018,8,9,72,corrected
149,5960,2024,3019,5,9,45,corrected
149,5960,2035,3013,8,9,72,corrected
149,5960,2079,3012,7,7,49,corrected
149,5960,2055,3012,7,8,56,corrected
150,6000,1600,3268,18,8,144,corrected
150,6000,1676,3026,6,6,36,corrected
150,6000,1767,3029,8,8,64,corrected
150,6000,1699,3025,6,8,48,corrected
150,6000,1727,3029,4,7,28,corrected
150,6000,1736,3027,6,6,36,corrected
150,6000,1752,3027,8,11,88,corrected
150,6000,1788,3028,8,7,56,corrected
150,6000,1809,3030,8,5,40,corrected
150,6000,1822,3028,9,8,72,corrected
150,6000,1838,3027,8,6,48,corrected
150,6000,1847,3019,12,10,120,corrected
150,6000,1865,3023,7,5,35,corrected
150,6000,1890,3022,8,5,40,corrected
150,6000,1903,3020,9,7,63,corrected
150,6000,1917,3021,7,6,42,corrected
150,6000,1926,3020,9,7,63,corrected
150,6000,1941,3020,7,7,49,corrected
150,6000,1961,3019,7,9,63,corrected
150,6000,1978,3020,6,7,42,corrected
150,6000,1999,3018,8,10,80,corrected
150,6000,2014,3019,11,8,88,corrected
150,6000,2029,3011,8,10,80,corrected
150,6000,2070,3015,10,6,60,corrected
150,6000,2048,3012,7,7,49,corrected
151,6040,1599,3267,17,7,119,corrected
151,6040,1667,3026,7,7,49,corrected
151,6040,1719,3027,6,7,42,corrected
151,6040,1729,3028,7,5,35,corrected
151,6040,1746,3027,7,9,63,corrected
151,6040,1691,3027,9,6,54,corrected
151,6040,1763,3028,5,6,30,corrected
151,6040,1782,3026,8,8,64,corrected
151,6040,1803,3028,7,7,49,corrected
151,6040,1817,3027,9,9,81,corrected
151,6040,1831,3028,7,6,42,corrected
151,6040,1841,3021,11,8,88,corrected
151,6040,1860,3020,7,8,56,corrected
151,6040,1883,3019,11,8,88,corrected
151,6040,1899,3019,8,8,64,corrected
151,6040,1910,3021,8,6,48,corrected
151,6040,1920,3020,9,7,63,corrected
151,6040,1935,3020,8,7,56,corrected
151,6040,1955,3021,7,8,56,corrected
151,6040,1971,3019,6,6,36,corrected
151,6040,1994,3018,6,7,42,corrected
151,6040,2010,3019,10,7,70,corrected
151,6040,2025,3009,7,12,84,corrected
151,6040,2065,3013,11,8,88,corrected
151,6040,2043,3011,7,8,56,corrected
152,6080,1599,3266,15,6,90,corrected
152,6080,1662,3027,8,6,48,corrected
152,6080,1755,3027,6,7,42,corrected
152,6080,1711,3027,6,7,42,corrected
152,6080,1723,3028,7,7,49,corrected
152,6080,1739,3025,8,11,88,corrected
152,6080,1685,3025,7,7,49,corrected
152,6080,1775,3026,9,8,72,corrected
152,6080,1797,3027,7,7,49,corrected
152,6080,1809,3027,11,8,88,corrected
152,6080,1826,3029,6,6,36,corrected
152,6080,1835,3022,9,7,63,corrected
152,6080,1853,3021,8,8,64,corrected
152,6080,1877,3022,10,7,70,corrected
152,6080,1892,3021,9,6,54,corrected
152,6080,1904,3020,8,9,72,corrected
152,6080,1915,3020,8,7,56,corrected
152,6080,1930,3018,7,9,63,corrected
152,6080,1949,3023,8,7,56,corrected
152,6080,1964,3020,8,5,40,corrected
152,6080,1988,3018,7,7,49,corrected
152,6080,2003,3019,10,8,80,corrected
152,6080,2018,3008,8,11,88,corrected
152,6080,2062,3011,6,9,54,corrected
152,6080,2037,3011,7,7,49,corrected
153,6120,1598,3265,15,8,120,corrected
153,6120,1655,3024,7,8,56,corrected
153,6120,1747,3026,9,8,72,corrected
153,6120,1703,3029,8,7,56,corrected
153,6120,1716,3027,7,5,35,corrected
153,6120,1732,3027,8,11,88,corrected
153,6120,1679,3023,6,9,54,corrected
153,6120,1768,3027,8,8,64,corrected
153,6120,1788,3028,11,7,77,corrected
153,6120,1805,3026,8,7,56,corrected
153,6120,1820,3027,8,5,40,corrected
153,6120,1829,3022,8,7,56,corrected
153,6120,1847,3023,9,8,72,corrected
153,6120,1871,3022,10,8,80,corrected
153,6120,1887,3020,8,10,80,corrected
153,6120,1897,3019,10,7,70,corrected
153,6120,1907,3019,9,7,63,corrected
153,6120,1923,3018,7,8,56,corrected
153,6120,1942,3022,8,7,56,corrected
153,6120,1956,3022,9,6,54,corrected
153,6120,1980,3019,10,10,100,corrected
153,6120,1998,3019,11,8,88,corrected
153,6120,2011,3012,10,9,90,corrected
153,6120,2054,3011,9,9,81,corrected
153,6120,2030,3011,8,8,64,corrected
154,6160,1598,3264,16,9,144,corrected
154,6160,1648,3025,7,8,56,corrected
154,6160,1696,3028,8,5,40,corrected
154,6160,1709,3027,8,5,40,corrected
154,6160,1726,3027,8,10,80,corrected
154,6160,1671,3027,5,5,25,corrected
154,6160,1741,3027,8,8,64,corrected
154,6160,1762,3028,9,7,63,corrected
154,6160,1783,3029,8,8,64,corrected
154,6160,1797,3027,11,7,77,corrected
154,6160,1814,3027,5,5,25,corrected
154,6160,1824,3021,8,8,64,corrected
154,6160,1841,3023,8,6,48,corrected
154,6160,1866,3022,9,7,63,corrected
154,6160,1880,3019,9,9,81,corrected
154,6160,1893,3018,8,7,56,corrected
154,6160,1903,3019,7,7,49,corrected
154,6160,1916,3018,8,10,80,corrected
154,6160,1937,3019,7,10,70,corrected
154,6160,1951,3020,8,8,64,corrected
154,6160,1974,3019,10,7,70,corrected
154,6160,1991,3021,11,8,88,corrected
154,6160,2006,3012,10,9,90,corrected
154,6160,2047,3011,10,9,90,corrected
154,6160,2023,3012,8,8,64,corrected
155,6200,1595,3264,17,8,136,corrected
155,6200,1641,3026,7,7,49,corrected
155,6200,1691,3026,5,6,30,corrected
155,6200,1702,3027,8,5,40,corrected
155,6200,1719,3026,7,10,70,corrected
155,6200,1665,3026,5,6,30,corrected
155,6200,1735,3027,7,7,49,corrected
155,6200,1755,3027,11,7,77,corrected
155,6200,1777,3028,7,7,49,corrected
155,6200,1792,3028,10,8,80,corrected
155,6200,1807,3027,5,6,30,corrected
155,6200,1816,3022,9,7,63,corrected
155,6200,1836,3022,6,7,42,corrected
155,6200,1860,3020,9,8,72,corrected
155,6200,1875,3019,9,9,81,corrected
155,6200,1885,3018,9,8,72,corrected
155,6200,1897,3020,7,8,56,corrected
155,6200,1911,3018,8,10,80,corrected
155,6200,1930,3023,7,6,42,corrected
155,6200,1944,3017,9,7,63,corrected
155,6200,1968,3015,9,10,90,corrected
155,6200,1985,3018,10,7,70,corrected
155,6200,2001,3010,7,9,63,corrected
155,6200,2041,3012,9,8,72,corrected
155,6200,2018,3011,8,9,72,corrected
156,6240,1596,3263,16,8,128,corrected
156,6240,1635,3027,7,5,35,corrected
156,6240,1682,3028,6,5,30,corrected
156,6240,1694,3027,9,5,45,corrected
156,6240,1713,3025,6,11,66,corrected
156,6240,1659,3027,5,5,25,corrected
156,6240,1727,3024,9,10,90,corrected
156,6240,1749,3026,9,7,63,corrected
156,6240,1770,3026,7,7,49,corrected
156,6240,1786,3027,8,7,56,corrected
156,6240,1799,3029,8,5,40,corrected
156,6240,1809,3023,11,8,88,corrected
156,6240,1829,3023,7,6,42,corrected
156,6240,1853,3024,8,5,40,corrected
156,6240,1867,3023,11,6,66,corrected
156,6240,1881,3020,8,9,72,corrected
156,6240,1905,3017,8,12,96,corrected
156,6240,1891,3020,7,8,56,corrected
156,6240,1923,3023,8,7,56,corrected
156,6240,1937,3017,9,8,72,corrected
156,6240,1962,3019,7,5,35,corrected
156,6240,1981,3018,9,6,54,corrected
156,6240,1994,3010,7,10,70,corrected
156,6240,2036,3011,8,8,64,corrected
156,6240,2011,3009,9,10,90,corrected
157,6280,1594,3262,16,9,144,corrected
157,6280,1628,3025,6,5,30,corrected
157,6280,1722,3027,6,6,36,corrected
157,6280,1675,3028,7,8,56,corrected
157,6280,1688,3025,7,6,42,corrected
157,6280,1705,3027,7,10,70,corrected
157,6280,1650,3025,6,6,36,corrected
157,6280,1742,3027,9,7,63,corrected
157,6280,1764,3026,9,8,72,corrected
157,6280,1779,3026,8,7,56,corrected
157,6280,1794,3027,6,6,36,corrected
157,6280,1804,3023,9,7,63,corrected
157,6280,1822,3023,8,7,56,corrected
157,6280,1848,3023,8,7,56,corrected
157,6280,1862,3022,9,7,63,corrected
157,6280,1875,3021,7,7,49,corrected
157,6280,1885,3019,7,9,63,corrected
157,6280,1899,3017,8,12,96,corrected
157,6280,1918,3023,8,5,40,corrected
157,6280,1932,3020,8,7,56,corrected
157,6280,1955,3019,9,9,81,corrected
157,6280,1974,3020,10,7,70,corrected
157,6280,1987,3011,7,10,70,corrected
157,6280,2030,3009,9,10,90,corrected
157,6280,2007,3011,8,8,64,corrected
158,6320,1596,3261,15,9,135,corrected
158,6320,1620,3025,7,6,42,corrected
158,6320,1715,3027,7,7,49,corrected
158,6320,1671,3027,4,6,24,corrected
158,6320,1681,3023,7,7,49,corrected
158,6320,1699,3026,8,11,88,corrected
158,6320,1642,3026,7,7,49,corrected
158,6320,1737,3027,8,7,56,corrected
158,6320,1758,3028,7,7,49,corrected
158,6320,1773,3027,9,5,45,corrected
158,6320,1787,3027,7,5,35,corrected
158,6320,1797,3018,11,10,110,corrected
158,6320,1816,3023,8,6,48,corrected
158,6320,1842,3023,9,7,63,corrected
158,6320,1857,3018,8,10,80,corrected
158,6320,1870,3018,7,8,56,corrected
158,6320,1891,3018,10,10,100,corrected
158,6320,1878,3018,8,8,64,corrected
158,6320,1913,3020,7,8,56,corrected
158,6320,1925,3020,9,5,45,corrected
158,6320,1951,3016,8,9,72,corrected
158,6320,1968,3020,11,7,77,corrected
158,6320,1981,3012,8,10,80,corrected
158,6320,2023,3009,10,10,100,corrected
158,6320,1999,3012,7,9,63,corrected
159,6360,1594,3261,16,8,128,corrected
159,6360,1613,3024,8,7,56,corrected
159,6360,1708,3026,7,6,42,corrected
159,6360,1664,3025,4,7,28,corrected
159,6360,1675,3025,7,6,42,corrected
159,6360,1692,3024,8,9,72,corrected
159,6360,1635,3026,8,6,48,corrected
159,6360,1730,3026,9,7,63,corrected
159,6360,1750,3027,9,6,54,corrected
159,6360,1766,3027,10,6,60,corrected
159,6360,1782,3028,6,3,18,corrected
159,6360,1792,3022,8,7,56,corrected
159,6360,1811,3023,7,5,35,corrected
159,6360,1838,3019,8,11,88,corrected
159,6360,1851,3019,7,9,63,corrected
159,6360,1863,3018,7,10,70,corrected
159,6360,1871,3019,11,7,77,corrected
159,6360,1884,3019,10,8,80,corrected
159,6360,1905,3022,8,6,48,corrected
159,6360,1919,3016,8,9,72,corrected
159,6360,1944,3016,8,8,64,corrected
159,6360,1963,3018,8,6,48,corrected
159,6360,1976,3009,7,10,70,corrected
159,6360,2017,3013,10,8,80,corrected
159,6360,1993,3013,7,7,49,corrected
160,6400,1595,3260,15,9,135,corrected
160,6400,1607,3023,7,7,49,corrected
160,6400,1655,3027,9,5,45,corrected
160,6400,1669,3025,6,7,42,corrected
160,6400,1685,3025,7,8,56,corrected
160,6400,1630,3023,6,8,48,corrected
160,6400,1702,3025,6,8,48,corrected
160,6400,1724,3026,8,6,48,corrected
160,6400,1745,3025,7,7,49,corrected
160,6400,1760,3026,10,7,70,corrected
160,6400,1775,3027,6,5,30,corrected
160,6400,1785,3022,8,8,64,corrected
160,6400,1804,3023,8,5,40,corrected
160,6400,1831,3021,8,9,72,corrected
160,6400,1844,3023,9,6,54,corrected
160,6400,1855,3018,9,11,99,corrected
160,6400,1866,3019,9,8,72,corrected
160,6400,1879,3018,9,9,81,corrected
160,6400,1899,3022,6,6,36,corrected
160,6400,1913,3019,8,6,48,corrected
160,6400,1936,3018,9,7,63,corrected
160,6400,1954,3018,10,7,70,corrected
160,6400,1969,3009,6,10,60,corrected
160,6400,2011,3012,8,8,64,corrected
160,6400,1988,3010,8,9,72,corrected
161,6440,1593,3260,15,7,105,corrected
161,6440,1598,3021,10,8,80,corrected
161,6440,1695,3027,6,6,36,corrected
161,6440,1662,3024,7,6,42,corrected
161,6440,1678,3024,7,11,77,corrected
161,6440,1647,3027,11,5,55,corrected
161,6440,1622,3023,6,6,36,corrected
161,6440,1716,3026,8,6,48,corrected
161,6440,1739,3026,7,7,49,corrected
161,6440,1754,3024,9,7,63,corrected
161,6440,1769,3024,6,7,42,corrected
161,6440,1780,3021,6,8,48,corrected
161,6440,1798,3023,6,5,30,corrected
161,6440,1823,3022,11,8,88,corrected
161,6440,1838,3023,10,6,60,corrected
161,6440,1851,3020,8,9,72,corrected
161,6440,1860,3020,10,5,50,corrected
161,6440,1872,3019,9,8,72,corrected
161,6440,1893,3023,6,5,30,corrected
161,6440,1908,3020,7,5,35,corrected
161,6440,1930,3018,8,7,56,corrected
161,6440,1947,3020,10,9,90,corrected
161,6440,1962,3011,7,10,70,corrected
161,6440,2006,3010,8,9,72,corrected
161,6440,1980,3011,10,9,90,corrected
162,6480,1593,3260,15,8,120,corrected
162,6480,1590,3022,10,7,70,corrected
162,6480,1654,3023,7,6,42,corrected
162,6480,1671,3025,8,8,64,corrected
162,6480,1642,3026,8,6,48,corrected
162,6480,1615,3023,5,5,25,corrected
162,6480,1687,3025,8,9,72,corrected
162,6480,1710,3025,8,6,48,corrected
162,6480,1731,3027,8,5,40,corrected
162,6480,1748,3025,8,7,56,corrected
162,6480,1762,3025,7,5,35,corrected
162,6480,1773,3019,8,9,72,corrected
162,6480,1792,3023,8,6,48,corrected
162,6480,1818,3022,9,7,63,corrected
162,6480,1834,3019,7,9,63,corrected
162,6480,1845,3018,9,10,90,corrected
162,6480,1854,3019,10,6,60,corrected
162,6480,1867,3020,9,8,72,corrected
162,6480,1887,3019,5,9,45,corrected
162,6480,1901,3018,7,6,42,corrected
162,6480,1925,3015,8,9,72,corrected
162,6480,1942,3019,7,9,63,corrected
162,6480,1956,3010,8,11,88,corrected
162,6480,1998,3011,9,7,63,corrected
162,6480,1973,3013,11,8,88,corrected
163,6520,1593,3260,15,8,120,corrected
163,6520,1584,3022,10,8,80,corrected
163,6520,1682,3026,6,6,36,corrected
163,6520,1646,3022,8,9,72,corrected
163,6520,1665,3022,8,11,88,corrected
163,6520,1634,3023,8,8,64,corrected
163,6520,1606,3023,8,8,64,corrected
163,6520,1703,3024,8,7,56,corrected
163,6520,1726,3026,6,6,36,corrected
163,6520,1742,3026,8,7,56,corrected
163,6520,1756,3025,5,5,25,corrected
163,6520,1764,3020,11,8,88,corrected
163,6520,1785,3020,7,7,49,corrected
163,6520,1812,3020,9,7,63,corrected
163,6520,1827,3023,7,5,35,corrected
163,6520,1838,3019,10,8,80,corrected
163,6520,1847,3019,9,7,63,corrected
163,6520,1861,3020,10,7,70,corrected
163,6520,1880,3022,9,6,54,corrected
163,6520,1893,3016,8,8,64,corrected
163,6520,1918,3018,7,6,42,corrected
163,6520,1935,3017,9,9,81,corrected
163,6520,1952,3009,6,11,66,corrected
163,6520,1993,3013,9,8,72,corrected
163,6520,1966,3013,10,8,80,corrected
164,6560,1593,3260,16,8,128,corrected
164,6560,1578,3023,9,6,54,corrected
164,6560,1674,3022,7,10,70,corrected
164,6560,1641,3023,7,9,63,corrected
164,6560,1658,3024,7,9,63,corrected
164,6560,1601,3023,7,6,42,corrected
164,6560,1697,3025,7,6,42,corrected
164,6560,1719,3024,8,7,56,corrected
164,6560,1735,3025,9,6,54,corrected
164,6560,1750,3025,6,5,30,corrected
164,6560,1760,3019,7,8,56,corrected
164,6560,1780,3020,6,7,42,corrected
164,6560,1807,3022,7,7,49,corrected
164,6560,1819,3024,9,8,72,corrected
164,6560,1832,3021,9,7,63,corrected
164,6560,1840,3020,10,7,70,corrected
164,6560,1854,3019,9,6,54,corrected
164,6560,1874,3022,8,7,56,corrected
164,6560,1887,3020,8,6,48,corrected
164,6560,1912,3019,7,7,49,corrected
164,6560,1929,3017,8,7,56,corrected
164,6560,1944,3010,7,10,70,corrected
164,6560,1988,3012,8,10,80,corrected
164,6560,1961,3009,10,10,100,corrected
165,6600,1593,3259,16,8,128,corrected
165,6600,1571,3015,8,10,80,corrected
165,6600,1634,3022,7,7,49,corrected
165,6600,1650,3023,9,10,90,corrected
165,6600,1620,3025,7,7,49,corrected
165,6600,1592,3019,8,9,72,corrected
165,6600,1690,3027,7,5,35,corrected
165,6600,1713,3025,6,5,30,corrected
165,6600,1729,3022,9,8,72,corrected
165,6600,1744,3023,6,6,36,corrected
165,6600,1754,3018,9,7,63,corrected
165,6600,1774,3023,6,5,30,corrected
165,6600,1800,3023,9,7,63,corrected
165,6600,1814,3022,9,7,63,corrected
165,6600,1826,3019,8,10,80,corrected
165,6600,1834,3019,8,5,40,corrected
165,6600,1846,3019,9,6,54,corrected
165,6600,1868,3022,7,5,35,corrected
165,6600,1881,3018,7,6,42,corrected
165,6600,1905,3017,8,6,48,corrected
165,6600,1923,3020,9,8,72,corrected
165,6600,1936,3011,9,11,99,corrected
165,6600,1982,3011,6,9,54,corrected
165,6600,1955,3011,10,7,70,corrected
166,6640,1593,3259,16,8,128,corrected
166,6640,1563,3019,10,7,70,corrected
166,6640,1662,3024,6,9,54,corrected
166,6640,1628,3022,6,8,48,corrected
166,6640,1644,3022,9,11,99,corrected
166,6640,1615,3023,7,7,49,corrected
166,6640,1585,3023,8,5,40,corrected
166,6640,1683,3027,8,5,40,corrected
166,6640,1706,3026,7,6,42,corrected
166,6640,1723,3024,8,6,48,corrected
166,6640,1736,3023,9,6,54,corrected
166,6640,1747,3018,10,6,60,corrected
166,6640,1767,3022,7,6,42,corrected
166,6640,1794,3022,10,6,60,corrected
166,6640,1809,3019,8,9,72,corrected
166,6640,1822,3018,7,9,63,corrected
166,6640,1829,3019,7,6,42,corrected
166,6640,1841,3022,8,6,48,corrected
166,6640,1863,3019,6,8,48,corrected
166,6640,1874,3017,8,6,48,corrected
166,6640,1899,3014,7,10,70,corrected
166,6640,1916,3020,10,5,50,corrected
166,6640,1930,3012,8,8,64,corrected
166,6640,1975,3011,8,9,72,corrected
166,6640,1950,3012,7,8,56,corrected
167,6680,1593,3259,16,8,128,corrected
167,6680,1557,3019,9,8,72,corrected
167,6680,1620,3023,7,6,42,corrected
167,6680,1636,3019,9,12,108,corrected
167,6680,1607,3019,5,10,50,corrected
167,6680,1578,3023,9,5,45,corrected
167,6680,1655,3023,7,8,56,corrected
167,6680,1676,3023,9,7,63,corrected
167,6680,1699,3025,8,6,48,corrected
167,6680,1717,3025,9,7,63,corrected
167,6680,1730,3024,7,5,35,corrected
167,6680,1741,3019,8,6,48,corrected
167,6680,1760,3020,9,7,63,corrected
167,6680,1788,3019,8,8,64,corrected
167,6680,1803,3023,8,5,40,corrected
167,6680,1814,3016,9,10,90,corrected
167,6680,1823,3020,8,6,48,corrected
167,6680,1834,3020,9,8,72,corrected
167,6680,1855,3020,7,7,49,corrected
167,6680,1868,3015,8,8,64,corrected
167,6680,1891,3016,9,8,72,corrected
167,6680,1909,3016,9,9,81,corrected
167,6680,1925,3010,6,8,48,corrected
167,6680,1968,3013,8,9,72,corrected
167,6680,1943,3012,7,8,56,corrected
168,6720,1596,3259,13,8,104,corrected
168,6720,1552,3019,6,6,36,corrected
168,6720,1614,3023,7,6,42,corrected
168,6720,1630,3023,8,8,64,corrected
168,6720,1571,3021,10,6,60,corrected
168,6720,1647,3022,9,7,63,corrected
168,6720,1669,3023,9,7,63,corrected
168,6720,1692,3022,8,8,64,corrected
168,6720,1709,3023,9,8,72,corrected
168,6720,1723,3024,8,7,56,corrected
168,6720,1733,3019,10,6,60,corrected
168,6720,1754,3019,9,8,72,corrected
168,6720,1781,3021,10,6,60,corrected
168,6720,1797,3023,7,6,42,corrected
168,6720,1809,3019,6,7,42,corrected
168,6720,1815,3020,8,7,56,corrected
168,6720,1828,3017,12,8,96,corrected
168,6720,1849,3021,7,7,49,corrected
168,6720,1860,3018,8,8,64,corrected
168,6720,1887,3016,7,8,56,corrected
168,6720,1902,3017,10,8,80,corrected
168,6720,1917,3009,8,10,80,corrected
168,6720,1964,3014,6,7,42,corrected
168,6720,1937,3011,8,7,56,corrected
169,6760,1596,3260,14,7,98,corrected
169,6760,1544,3016,9,9,81,corrected
169,6760,1607,3022,6,5,30,corrected
169,6760,1623,3023,8,9,72,corrected
169,6760,1591,3022,9,10,90,corrected
169,6760,1566,3018,6,7,42,corrected
169,6760,1662,3023,10,8,80,corrected
169,6760,1685,3023,9,6,54,corrected
169,6760,1704,3023,9,6,54,corrected
169,6760,1718,3023,8,7,56,corrected
169,6760,1729,3017,9,8,72,corrected
169,6760,1748,3020,7,7,49,corrected
169,6760,1775,3022,10,7,70,corrected
169,6760,1791,3023,8,4,32,corrected
169,6760,1801,3020,9,7,63,corrected
169,6760,1811,3021,6,4,24,corrected
169,6760,1821,3019,10,6,60,corrected
169,6760,1844,3020,6,8,48,corrected
169,6760,1854,3018,8,7,56,corrected
169,6760,1881,3015,7,8,56,corrected
169,6760,1897,3018,8,11,88,corrected
169,6760,1910,3013,8,7,56,corrected
169,6760,1958,3011,6,9,54,corrected
169,6760,1929,3011,9,9,81,corrected
170,6800,1596,3260,15,7,105,corrected
170,6800,1539,3018,6,7,42,corrected
170,6800,1633,3024,8,9,72,corrected
170,6800,1600,3022,7,5,35,corrected
170,6800,1615,3022,10,9,90,corrected
170,6800,1587,3023,5,4,20,corrected
170,6800,1558,3019,7,5,35,corrected
170,6800,1655,3023,10,8,80,corrected
170,6800,1679,3023,9,8,72,corrected
170,6800,1696,3022,9,6,54,corrected
170,6800,1711,3022,7,6,42,corrected
170,6800,1722,3016,7,7,49,corrected
170,6800,1743,3020,7,7,49,corrected
170,6800,1768,3019,10,8,80,corrected
170,6800,1785,3020,6,7,42,corrected
170,6800,1796,3020,8,6,48,corrected
170,6800,1804,3020,7,4,28,corrected
170,6800,1815,3019,8,7,56,corrected
170,6800,1836,3019,7,9,63,corrected
170,6800,1848,3014,9,10,90,corrected
170,6800,1873,3016,8,7,56,corrected
170,6800,1890,3018,9,6,54,corrected
170,6800,1904,3013,8,5,40,corrected
170,6800,1951,3009,6,10,60,corrected
170,6800,1923,3012,9,9,81,corrected
171,6840,1596,3260,15,7,105,corrected
171,6840,1531,3019,8,5,40,corrected
171,6840,1626,3023,9,7,63,corrected
171,6840,1580,3019,4,7,28,corrected
171,6840,1551,3018,8,7,56,corrected
171,6840,1593,3022,7,5,35,corrected
171,6840,1609,3020,8,9,72,corrected
171,6840,1649,3023,9,7,63,corrected
171,6840,1671,3022,10,9,90,corrected
171,6840,1690,3023,10,6,60,corrected
171,6840,1704,3022,7,5,35,corrected
171,6840,1714,3016,10,8,80,corrected
171,6840,1737,3017,4,8,32,corrected
171,6840,1763,3018,9,8,72,corrected
171,6840,1778,3023,8,4,32,corrected
171,6840,1790,3017,8,8,64,corrected
171,6840,1798,3019,6,4,24,corrected
171,6840,1810,3020,9,5,45,corrected
171,6840,1830,3021,6,5,30,corrected
171,6840,1841,3016,9,8,72,corrected
171,6840,1866,3017,7,7,49,corrected
171,6840,1885,3014,8,9,72,corrected
171,6840,1899,3010,7,9,63,corrected
171,6840,1916,3012,9,8,72,corrected
172,6880,1595,3260,18,8,144,corrected
172,6880,1524,3016,8,6,48,corrected
172,6880,1574,3021,4,5,20,corrected
172,6880,1545,3017,9,8,72,corrected
172,6880,1586,3021,7,7,49,corrected
172,6880,1602,3023,8,7,56,corrected
172,6880,1619,3019,10,10,100,corrected
172,6880,1642,3022,9,8,72,corrected
172,6880,1666,3022,9,7,63,corrected
172,6880,1684,3022,10,7,70,corrected
172,6880,1699,3023,7,5,35,corrected
172,6880,1709,3018,9,6,54,corrected
172,6880,1730,3017,6,8,48,corrected
172,6880,1757,3019,9,9,81,corrected
172,6880,1773,3023,7,5,35,corrected
172,6880,1783,3019,8,7,56,corrected
172,6880,1791,3019,6,5,30,corrected
172,6880,1804,3019,7,6,42,corrected
172,6880,1823,3021,7,6,42,corrected
172,6880,1835,3018,7,7,49,corrected
172,6880,1860,3016,8,9,72,corrected
172,6880,1878,3019,8,6,48,corrected
172,6880,1893,3011,6,8,48,corrected
172,6880,1937,3014,8,6,48,corrected
172,6880,1909,3011,11,8,88,corrected
173,6920,1595,3260,18,9,162,corrected
173,6920,1519,3015,6,6,36,corrected
173,6920,1614,3022,8,8,64,corrected
173,6920,1567,3021,5,7,35,corrected
173,6920,1537,3016,10,7,70,corrected
173,6920,1579,3020,7,5,35,corrected
173,6920,1595,3022,9,7,63,corrected
173,6920,1636,3023,8,8,64,corrected
173,6920,1660,3023,7,6,42,corrected
173,6920,1680,3022,7,7,49,corrected
173,6920,1691,3023,7,5,35,corrected
173,6920,1701,3015,12,10,120,corrected
173,6920,1723,3019,6,6,36,corrected
173,6920,1750,3019,12,8,96,corrected
173,6920,1767,3021,6,5,30,corrected
173,6920,1777,3018,8,10,80,corrected
173,6920,1785,3018,7,6,42,corrected
173,6920,1797,3019,8,6,48,corrected
173,6920,1817,3020,8,6,48,corrected
173,6920,1829,3016,6,7,42,corrected
173,6920,1854,3014,7,9,63,corrected
173,6920,1873,3018,7,6,42,corrected
173,6920,1885,3013,6,7,42,corrected
173,6920,1932,3011,6,8,48,corrected
173,6920,1903,3011,10,7,70,corrected
174,6960,1595,3261,19,8,152,corrected
174,6960,1510,3014,8,8,64,corrected
174,6960,1605,3022,10,8,80,corrected
174,6960,1559,3019,5,5,25,corrected
174,6960,1530,3016,9,7,63,corrected
174,6960,1573,3019,7,6,42,corrected
174,6960,1590,3021,8,7,56,corrected
174,6960,1629,3023,9,7,63,corrected
174,6960,1655,3023,6,6,36,corrected
174,6960,1672,3022,9,7,63,corrected
174,6960,1686,3020,6,6,36,corrected
174,6960,1695,3015,9,8,72,corrected
174,6960,1717,3018,6,6,36,corrected
174,6960,1745,3016,8,8,64,corrected
174,6960,1760,3019,7,6,42,corrected
174,6960,1772,3019,7,7,49,corrected
174,6960,1780,3017,6,6,36,corrected
174,6960,1791,3020,9,6,54,corrected
174,6960,1810,3019,8,7,56,corrected
174,6960,1822,3013,8,11,88,corrected
174,6960,1847,3015,6,10,60,corrected
174,6960,1867,3017,7,8,56,corrected
174,6960,1880,3013,6,7,42,corrected
174,6960,1925,3009,6,11,66,corrected
174,6960,1898,3013,8,6,48,corrected
175,7000,1596,3263,19,7,133,corrected
175,7000,1504,3016,5,6,30,corrected
175,7000,1599,3021,9,7,63,corrected
175,7000,1552,3018,6,6,36,corrected
175,7000,1524,3016,9,7,63,corrected
175,7000,1567,3020,7,5,35,corrected
175,7000,1583,3020,7,7,49,corrected
175,7000,1622,3023,10,7,70,corrected
175,7000,1649,3022,5,6,30,corrected
175,7000,1665,3023,9,7,63,corrected
175,7000,1680,3020,6,6,36,corrected
175,7000,1689,3016,8,7,56,corrected
175,7000,1712,3017,5,6,30,corrected
175,7000,1737,3015,10,10,100,corrected
175,7000,1753,3021,7,5,35,corrected
175,7000,1766,3017,5,7,35,corrected
175,7000,1775,3018,4,5,20,corrected
175,7000,1785,3019,8,6,48,corrected
175,7000,1803,3019,9,7,63,corrected
175,7000,1814,3015,10,9,90,corrected
175,7000,1839,3017,8,8,64,corrected
175,7000,1860,3016,6,8,48,corrected
175,7000,1873,3010,6,7,42,corrected
175,7000,1918,3011,7,11,77,corrected
175,7000,1891,3013,9,7,63,corrected
176,7040,1600,3263,16,7,112,corrected
176,7040,1498,3014,7,6,42,corrected
176,7040,1594,3018,7,8,56,corrected
176,7040,1545,3019,7,5,35,corrected
176,7040,1518,3016,7,7,49,corrected
176,7040,1560,3019,7,7,49,corrected
176,7040,1576,3021,8,8,64,corrected
176,7040,1615,3023,10,7,70,corrected
176,7040,1641,3020,8,8,64,corrected
176,7040,1659,3020,9,9,81,corrected
176,7040,1673,3021,7,5,35,corrected
176,7040,1684,3017,8,7,56,corrected
176,7040,1704,3017,7,5,35,corrected
176,7040,1731,3018,8,7,56,corrected
176,7040,1747,3021,7,5,35,corrected
176,7040,1757,3019,9,6,54,corrected
176,7040,1767,3018,6,6,36,corrected
176,7040,1778,3017,8,7,56,corrected
176,7040,1798,3020,7,8,56,corrected
176,7040,1808,3016,8,8,64,corrected
176,7040,1834,3014,6,10,60,corrected
176,7040,1852,3018,9,9,81,corrected
176,7040,1866,3011,6,9,54,corrected
176,7040,1911,3014,8,9,72,corrected
176,7040,1885,3011,9,7,63,corrected
177,7080,1603,3265,13,6,78,corrected
177,7080,1492,3011,5,9,45,corrected
177,7080,1587,3019,8,6,48,corrected
177,7080,1537,3019,7,5,35,corrected
177,7080,1511,3014,8,7,56,corrected
177,7080,1551,3019,9,5,45,corrected
177,7080,1567,3019,10,7,70,corrected
177,7080,1609,3022,10,7,70,corrected
177,7080,1634,3021,8,6,48,corrected
177,7080,1654,3019,7,7,49,corrected
177,7080,1668,3020,5,6,30,corrected
177,7080,1677,3014,9,8,72,corrected
177,7080,1698,3018,6,7,42,corrected
177,7080,1727,3018,7,7,49,corrected
177,7080,1743,3018,6,6,36,corrected
177,7080,1752,3019,7,7,49,corrected
177,7080,1760,3018,7,6,42,corrected
177,7080,1771,3018,8,6,48,corrected
177,7080,1791,3018,8,6,48,corrected
177,7080,1801,3015,7,7,49,corrected
177,7080,1826,3013,8,10,80,corrected
177,7080,1847,3018,7,6,42,corrected
177,7080,1859,3013,7,6,42,corrected
177,7080,1905,3012,9,10,90,corrected
177,7080,1878,3010,8,8,64,corrected
178,7120,1604,3264,14,8,112,corrected
178,7120,1483,3012,8,6,48,corrected
178,7120,1579,3020,9,8,72,corrected
178,7120,1531,3017,7,7,49,corrected
178,7120,1504,3013,7,6,42,corrected
178,7120,1544,3019,8,5,40,corrected
178,7120,1562,3018,9,8,72,corrected
178,7120,1602,3020,10,7,70,corrected
178,7120,1628,3021,8,8,64,corrected
178,7120,1647,3018,9,8,72,corrected
178,7120,1660,3018,7,6,42,corrected
178,7120,1670,3014,8,6,48,corrected
178,7120,1692,3017,7,7,49,corrected
178,7120,1719,3016,9,7,63,corrected
178,7120,1735,3018,8,6,48,corrected
178,7120,1746,3018,8,8,64,corrected
178,7120,1766,3019,7,5,35,corrected
178,7120,1756,3017,4,6,24,corrected
178,7120,1785,3018,8,7,56,corrected
178,7120,1795,3014,8,9,72,corrected
178,7120,1819,3016,9,8,72,corrected
178,7120,1839,3015,9,7,63,corrected
178,7120,1852,3012,8,8,64,corrected
178,7120,1898,3010,7,11,77,corrected
178,7120,1871,3014,9,7,63,corrected
179,7160,1604,3266,21,8,168,corrected
179,7160,1477,3012,7,8,56,corrected
179,7160,1575,3018,6,7,42,corrected
179,7160,1525,3015,6,7,42,corrected
179,7160,1496,3013,8,7,56,corrected
179,7160,1538,3017,8,7,56,corrected
179,7160,1555,3017,9,7,63,corrected
179,7160,1595,3019,10,5,50,corrected
179,7160,1623,3020,8,6,48,corrected
179,7160,1640,3020,10,8,80,corrected
179,7160,1655,3019,5,5,25,corrected
179,7160,1664,3015,7,6,42,corrected
179,7160,1685,3016,7,6,42,corrected
179,7160,1714,3017,7,6,42,corrected
179,7160,1728,3018,8,7,56,corrected
179,7160,1740,3017,6,6,36,corrected
179,7160,1759,3018,7,6,42,corrected
179,7160,1748,3017,7,6,42,corrected
179,7160,1778,3019,8,6,48,corrected
179,7160,1790,3017,7,8,56,corrected
179,7160,1814,3017,9,7,63,corrected
179,7160,1833,3015,8,8,64,corrected
179,7160,1847,3011,5,7,35,corrected
179,7160,1891,3011,7,11,77,corrected
179,7160,1867,3014,6,6,36,corrected
180,7200,1607,3268,16,9,144,corrected
180,7200,1471,3011,6,6,36,corrected
180,7200,1567,3016,8,9,72,corrected
180,7200,1519,3017,5,3,15,corrected
180,7200,1490,3014,7,5,35,corrected
180,7200,1533,3017,6,7,42,corrected
180,7200,1547,3018,10,7,70,corrected
180,7200,1588,3019,9,9,81,corrected
180,7200,1615,3018,9,7,63,corrected
180,7200,1634,3020,9,7,63,corrected
180,7200,1648,3019,6,5,30,corrected
180,7200,1658,3016,6,5,30,corrected
180,7200,1679,3015,8,7,56,corrected
180,7200,1708,3018,6,8,48,corrected
180,7200,1723,3017,7,7,49,corrected
180,7200,1733,3016,8,8,64,corrected
180,7200,1742,3016,6,7,42,corrected
180,7200,1753,3016,8,6,48,corrected
180,7200,1772,3019,7,6,42,corrected
180,7200,1782,3015,7,7,49,corrected
180,7200,1807,3014,8,9,72,corrected
180,7200,1827,3017,8,10,80,corrected
180,7200,1840,3011,6,8,48,corrected
180,7200,1886,3012,7,11,77,corrected
180,7200,1860,3010,7,9,63,corrected
181,7240,1607,3268,18,9,162,corrected
181,7240,1465,3009,7,8,56,corrected
181,7240,1511,3017,6,7,42,corrected
181,7240,1483,3012,9,8,72,corrected
181,7240,1525,3014,8,7,56,corrected
181,7240,1543,3018,7,6,42,corrected
181,7240,1583,3019,8,9,72,corrected
181,7240,1629,3018,9,7,63,corrected
181,7240,1641,3019,7,7,49,corrected
181,7240,1652,3014,7,6,42,corrected
181,7240,1673,3017,6,6,36,corrected
181,7240,1702,3017,7,6,42,corrected
181,7240,1717,3016,7,7,49,corrected
181,7240,1726,3017,8,7,56,corrected
181,7240,1735,3017,7,5,35,corrected
181,7240,1746,3017,8,6,48,corrected
181,7240,1766,3017,6,7,42,corrected
181,7240,1776,3015,6,7,42,corrected
181,7240,1800,3014,8,9,72,corrected
181,7240,1821,3016,7,7,49,corrected
181,7240,1832,3012,7,9,63,corrected
181,7240,1879,3013,5,8,40,corrected
181,7240,1854,3011,7,8,56,corrected
182,7280,1612,3262,13,15,195,corrected
182,7280,1456,3010,8,7,56,corrected
182,7280,1503,3016,9,5,45,corrected
182,7280,1475,3008,10,10,100,corrected
182,7280,1518,3013,8,8,64,corrected
182,7280,1534,3015,10,9,90,corrected
182,7280,1554,3018,7,7,49,corrected
182,7280,1577,3017,8,7,56,corrected
182,7280,1602,3019,8,8,64,corrected
182,7280,1622,3018,10,7,70,corrected
182,7280,1636,3016,6,7,42,corrected
182,7280,1645,3014,8,5,40,corrected
182,7280,1667,3016,6,6,36,corrected
182,7280,1697,3015,8,7,56,corrected
182,7280,1710,3015,8,7,56,corrected
182,7280,1721,3017,7,6,42,corrected
182,7280,1729,3015,7,6,42,corrected
182,7280,1740,3016,7,6,42,corrected
182,7280,1760,3016,5,6,30,corrected
182,7280,1769,3015,8,7,56,corrected
182,7280,1792,3015,10,7,70,corrected
182,7280,1812,3013,9,10,90,corrected
182,7280,1826,3012,8,9,72,corrected
182,7280,1873,3011,8,8,64,corrected
182,7280,1845,3013,8,8,64,corrected
183,7320,1606,3264,18,14,252,corrected
183,7320,1450,3010,9,7,63,corrected
183,7320,1570,3017,8,8,64,corrected
183,7320,1498,3012,7,8,56,corrected
183,7320,1470,3011,9,6,54,corrected
183,7320,1510,3015,10,6,60,corrected
183,7320,1527,3015,10,9,90,corrected
183,7320,1546,3016,8,8,64,corrected
183,7320,1596,3017,8,7,56,corrected
183,7320,1614,3019,10,8,80,corrected
183,7320,1629,3017,5,7,35,corrected
183,7320,1638,3015,8,6,48,corrected
183,7320,1661,3014,6,7,42,corrected
183,7320,1690,3015,7,6,42,corrected
183,7320,1705,3017,6,7,42,corrected
183,7320,1716,3016,5,6,30,corrected
183,7320,1723,3015,7,6,42,corrected
183,7320,1734,3016,6,7,42,corrected
183,7320,1753,3018,5,7,35,corrected
183,7320,1762,3016,7,7,49,corrected
183,7320,1787,3015,7,8,56,corrected
183,7320,1806,3016,9,7,63,corrected
183,7320,1821,3009,5,9,45,corrected
183,7320,1864,3014,9,5,45,corrected
183,7320,1840,3013,7,7,49,corrected
184,7360,1615,3272,18,11,198,corrected
184,7360,1445,3009,6,6,36,corrected
184,7360,1539,3016,8,8,64,corrected
184,7360,1564,3017,7,7,49,corrected
184,7360,1490,3015,6,4,24,corrected
184,7360,1462,3010,10,8,80,corrected
184,7360,1505,3014,8,7,56,corrected
184,7360,1521,3015,10,9,90,corrected
184,7360,1590,3016,6,8,48,corrected
184,7360,1610,3019,7,8,56,corrected
184,7360,1622,3017,6,8,48,corrected
184,7360,1633,3015,8,5,40,corrected
184,7360,1654,3015,7,6,42,corrected
184,7360,1683,3016,7,8,56,corrected
184,7360,1699,3016,7,8,56,corrected
184,7360,1709,3015,8,8,64,corrected
184,7360,1718,3016,6,5,30,corrected
184,7360,1728,3016,8,6,48,corrected
184,7360,1748,3018,5,7,35,corrected
184,7360,1756,3015,7,7,49,corrected
184,7360,1782,3013,6,8,48,corrected
184,7360,1800,3015,8,9,72,corrected
184,7360,1814,3010,7,7,49,corrected
184,7360,1857,3014,9,6,54,corrected
184,7360,1833,3010,10,9,90,corrected
185,7400,1615,3272,12,8,96,corrected
185,7400,1438,3008,8,6,48,corrected
185,7400,1532,3016,9,10,90,corrected
185,7400,1557,3017,8,7,56,corrected
185,7400,1484,3015,7,5,35,corrected
185,7400,1456,3009,9,7,63,corrected
185,7400,1499,3013,7,7,49,corrected
185,7400,1515,3014,9,7,63,corrected
185,7400,1582,3017,8,8,64,corrected
185,7400,1604,3015,8,9,72,corrected
185,7400,1616,3018,8,7,56,corrected
185,7400,1626,3013,8,5,40,corrected
185,7400,1647,3016,7,6,42,corrected
185,7400,1675,3014,10,8,80,corrected
185,7400,1694,3014,7,8,56,corrected
185,7400,1703,3016,6,8,48,corrected
185,7400,1711,3016,6,6,36,corrected
185,7400,1722,3015,7,6,42,corrected
185,7400,1741,3016,5,7,35,corrected
185,7400,1749,3013,6,8,48,corrected
185,7400,1774,3014,7,7,49,corrected
185,7400,1794,3015,7,7,49,corrected
185,7400,1807,3011,6,8,48,corrected
185,7400,1853,3013,7,7,49,corrected
185,7400,1825,3009,9,9,81,corrected
186,7440,1619,3270,14,9,126,corrected
186,7440,1427,3004,13,11,143,corrected
186,7440,1551,3015,6,7,42,corrected
186,7440,1479,3014,4,4,16,corrected
186,7440,1449,3007,10,9,90,corrected
186,7440,1493,3012,6,7,42,corrected
186,7440,1507,3013,10,7,70,corrected
186,7440,1526,3014,9,9,81,corrected
186,7440,1576,3017,8,8,64,corrected
186,7440,1597,3017,9,7,63,corrected
186,7440,1611,3016,6,6,36,corrected
186,7440,1621,3012,7,6,42,corrected
186,7440,1643,3015,6,5,30,corrected
186,7440,1672,3015,8,6,48,corrected
186,7440,1687,3014,7,7,49,corrected
186,7440,1698,3016,6,7,42,corrected
186,7440,1706,3015,6,6,36,corrected
186,7440,1735,3015,6,8,48,corrected
186,7440,1743,3015,7,8,56,corrected
186,7440,1767,3015,8,8,64,corrected
186,7440,1789,3013,7,9,63,corrected
186,7440,1801,3011,6,9,54,corrected
186,7440,1846,3010,7,11,77,corrected
186,7440,1820,3011,8,9,72,corrected
187,7480,1615,3267,18,14,252,corrected
187,7480,1424,3009,6,4,24,corrected
187,7480,1520,3014,9,9,81,corrected
187,7480,1543,3016,9,7,63,corrected
187,7480,1471,3011,6,6,36,corrected
187,7480,1441,3008,11,7,77,corrected
187,7480,1486,3012,7,8,56,corrected
187,7480,1501,3015,7,8,56,corrected
187,7480,1569,3014,9,9,81,corrected
187,7480,1590,3018,9,7,63,corrected
187,7480,1604,3017,6,5,30,corrected
187,7480,1613,3014,9,5,45,corrected
187,7480,1635,3013,7,7,49,corrected
187,7480,1665,3014,8,7,56,corrected
187,7480,1681,3016,7,6,42,corrected
187,7480,1691,3013,7,8,56,corrected
187,7480,1700,3013,4,7,28,corrected
187,7480,1709,3015,6,8,48,corrected
187,7480,1727,3017,6,8,48,corrected
187,7480,1737,3015,5,7,35,corrected
187,7480,1761,3015,7,7,49,corrected
187,7480,1783,3014,7,9,63,corrected
187,7480,1794,3009,6,8,48,corrected
187,7480,1840,3013,6,8,48,corrected
187,7480,1813,3012,8,7,56,corrected
188,7520,1615,3274,22,10,220,corrected
188,7520,1416,3005,11,8,88,corrected
188,7520,1512,3014,9,8,72,corrected
188,7520,1463,3012,9,4,36,corrected
188,7520,1438,3008,12,9,108,corrected
188,7520,1480,3011,7,9,63,corrected
188,7520,1495,3013,8,8,64,corrected
188,7520,1536,3016,9,8,72,corrected
188,7520,1562,3014,9,9,81,corrected
188,7520,1584,3017,9,7,63,corrected
188,7520,1597,3017,7,5,35,corrected
188,7520,1608,3013,9,6,54,corrected
188,7520,1629,3012,6,8,48,corrected
188,7520,1659,3014,7,6,42,corrected
188,7520,1675,3015,6,6,36,corrected
188,7520,1685,3012,7,11,77,corrected
188,7520,1702,3015,9,6,54,corrected
188,7520,1693,3015,7,4,28,corrected
188,7520,1722,3016,6,7,42,corrected
188,7520,1730,3012,5,8,40,corrected
188,7520,1755,3012,6,8,48,corrected
188,7520,1773,3014,9,9,81,corrected
188,7520,1786,3008,7,8,56,corrected
188,7520,1835,3014,5,8,40,corrected
188,7520,1807,3008,8,8,64,corrected
189,7560,1619,3274,15,12,180,corrected
189,7560,1411,3005,7,7,49,corrected
189,7560,1505,3015,11,6,66,corrected
189,7560,1456,3012,8,5,40,corrected
189,7560,1429,3007,11,7,77,corrected
189,7560,1471,3010,10,8,80,corrected
189,7560,1489,3012,8,8,64,corrected
189,7560,1530,3015,8,7,56,corrected
189,7560,1555,3015,10,7,70,corrected
189,7560,1579,3014,8,8,64,corrected
189,7560,1591,3017,7,6,42,corrected
189,7560,1601,3011,8,5,40,corrected
189,7560,1623,3014,6,7,42,corrected
189,7560,1652,3015,8,5,40,corrected
189,7560,1669,3013,7,6,42,corrected
189,7560,1678,3013,7,9,63,corrected
189,7560,1687,3015,6,5,30,corrected
189,7560,1696,3013,8,6,48,corrected
189,7560,1715,3014,5,7,35,corrected
189,7560,1723,3013,6,7,42,corrected
189,7560,1747,3014,7,6,42,corrected
189,7560,1768,3013,8,7,56,corrected
189,7560,1779,3009,7,9,63,corrected
189,7560,1827,3014,6,8,48,corrected
189,7560,1800,3008,8,8,64,corrected
190,7600,1622,3274,15,7,105,corrected
190,7600,1405,3005,6,7,42,corrected
190,7600,1449,3010,7,6,42,corrected
190,7600,1420,3003,11,9,99,corrected
190,7600,1465,3008,9,9,81,corrected
190,7600,1480,3011,12,7,84,corrected
190,7600,1502,3014,5,5,25,corrected
190,7600,1524,3015,9,7,63,corrected
190,7600,1551,3015,9,7,63,corrected
190,7600,1573,3015,7,8,56,corrected
190,7600,1585,3016,7,6,42,corrected
190,7600,1596,3011,8,6,48,corrected
190,7600,1617,3013,5,6,30,corrected
190,7600,1646,3012,8,7,56,corrected
190,7600,1662,3013,7,6,42,corrected
190,7600,1672,3014,7,6,42,corrected
190,7600,1681,3013,7,7,49,corrected
190,7600,1690,3014,8,6,48,corrected
190,7600,1709,3017,5,6,30,corrected
190,7600,1715,3015,7,7,49,corrected
190,7600,1739,3015,8,5,40,corrected
190,7600,1762,3012,8,9,72,corrected
190,7600,1774,3011,6,6,36,corrected
190,7600,1821,3012,5,8,40,corrected
190,7600,1793,3009,8,8,64,corrected
191,7640,1621,3270,18,12,216,corrected
191,7640,1398,3006,6,7,42,corrected
191,7640,1442,3007,7,7,49,corrected
191,7640,1416,3004,8,9,72,corrected
191,7640,1459,3009,8,7,56,corrected
191,7640,1474,3011,11,8,88,corrected
191,7640,1495,3011,5,6,30,corrected
191,7640,1518,3014,7,6,42,corrected
191,7640,1543,3011,9,10,90,corrected
191,7640,1565,3015,8,9,72,corrected
191,7640,1578,3014,7,7,49,corrected
191,7640,1588,3012,8,5,40,corrected
191,7640,1610,3012,6,6,36,corrected
191,7640,1640,3013,8,5,40,corrected
191,7640,1656,3015,6,6,36,corrected
191,7640,1666,3012,9,8,72,corrected
191,7640,1675,3012,5,6,30,corrected
191,7640,1685,3013,7,7,49,corrected
191,7640,1703,3017,5,7,35,corrected
191,7640,1710,3013,5,7,35,corrected
191,7640,1734,3015,7,5,35,corrected
191,7640,1754,3012,9,9,81,corrected
191,7640,1767,3007,5,8,40,corrected
191,7640,1814,3013,5,8,40,corrected
191,7640,1788,3009,8,7,56,corrected
192,7680,1618,3277,23,7,161,corrected
192,7680,1391,3005,10,7,70,corrected
192,7680,1513,3014,7,7,49,corrected
192,7680,1436,3007,7,7,49,corrected
192,7680,1410,3005,8,7,56,corrected
192,7680,1452,3009,8,7,56,corrected
192,7680,1468,3010,9,8,72,corrected
192,7680,1535,3014,11,6,66,corrected
192,7680,1558,3014,10,7,70,corrected
192,7680,1583,3012,8,6,48,corrected
192,7680,1604,3011,6,6,36,corrected
192,7680,1634,3015,7,4,28,corrected
192,7680,1651,3014,6,6,36,corrected
192,7680,1660,3011,7,8,56,corrected
192,7680,1677,3012,8,7,56,corrected
192,7680,1669,3011,6,7,42,corrected
192,7680,1696,3015,6,7,42,corrected
192,7680,1703,3013,6,6,36,corrected
192,7680,1727,3013,8,6,48,corrected
192,7680,1750,3014,7,7,49,corrected
192,7680,1761,3008,6,7,42,corrected
192,7680,1806,3014,6,8,48,corrected
192,7680,1782,3009,8,6,48,corrected
193,7720,1623,3277,16,12,192,corrected
193,7720,1382,3003,10,7,70,corrected
193,7720,1428,3008,8,7,56,corrected
193,7720,1403,3004,9,7,63,corrected
193,7720,1446,3008,8,6,48,corrected
193,7720,1461,3008,9,7,63,corrected
193,7720,1479,3013,9,5,45,corrected
193,7720,1505,3012,9,7,63,corrected
193,7720,1530,3014,9,6,54,corrected
193,7720,1552,3013,11,8,88,corrected
193,7720,1567,3016,5,8,40,corrected
193,7720,1576,3010,9,6,54,corrected
193,7720,1596,3013,7,6,42,corrected
193,7720,1626,3014,9,6,54,corrected
193,7720,1645,3013,5,6,30,corrected
193,7720,1654,3014,6,5,30,corrected
193,7720,1662,3012,7,7,49,corrected
193,7720,1671,3012,9,6,54,corrected
193,7720,1691,3013,5,8,40,corrected
193,7720,1696,3013,6,7,42,corrected
193,7720,1720,3014,8,6,48,corrected
193,7720,1744,3012,6,7,42,corrected
193,7720,1754,3010,6,6,36,corrected
193,7720,1800,3014,7,6,42,corrected
193,7720,1774,3008,8,7,56,corrected
194,7760,1627,3276,14,6,84,corrected
194,7760,1378,3003,9,7,63,corrected
194,7760,1423,3008,7,5,35,corrected
194,7760,1395,3002,11,7,77,corrected
194,7760,1440,3006,7,7,49,corrected
194,7760,1454,3007,10,7,70,corrected
194,7760,1474,3011,6,5,30,corrected
194,7760,1497,3011,10,7,70,corrected
194,7760,1545,3015,9,6,54,corrected
194,7760,1525,3012,9,6,54,corrected
194,7760,1558,3014,8,6,48,corrected
194,7760,1569,3008,8,9,72,corrected
194,7760,1591,3012,6,6,36,corrected
194,7760,1621,3011,8,6,48,corrected
194,7760,1639,3013,5,5,25,corrected
194,7760,1647,3012,9,8,72,corrected
194,7760,1656,3012,7,6,42,corrected
194,7760,1665,3011,8,6,48,corrected
194,7760,1689,3012,7,8,56,corrected
194,7760,1713,3013,8,7,56,corrected
194,7760,1734,3011,9,8,72,corrected
194,7760,1748,3010,6,6,36,corrected
194,7760,1794,3011,6,8,48,corrected
194,7760,1770,3010,6,6,36,corrected
195,7800,1626,3271,16,12,192,corrected
195,7800,1372,3003,8,7,56,corrected
195,7800,1492,3010,7,10,70,corrected
195,7800,1419,3007,5,5,25,corrected
195,7800,1389,3001,10,9,90,corrected
195,7800,1433,3008,7,6,42,corrected
195,7800,1448,3007,12,9,108,corrected
195,7800,1467,3009,8,7,56,corrected
195,7800,1518,3009,10,8,80,corrected
195,7800,1537,3014,12,7,84,corrected
195,7800,1552,3014,7,5,35,corrected
195,7800,1563,3011,8,6,48,corrected
195,7800,1585,3010,7,6,42,corrected
195,7800,1614,3010,9,6,54,corrected
195,7800,1631,3013,7,7,49,corrected
195,7800,1640,3010,8,8,64,corrected
195,7800,1650,3010,7,6,42,corrected
195,7800,1659,3011,9,9,81,corrected
195,7800,1679,3016,4,6,24,corrected
195,7800,1681,3010,7,7,49,corrected
195,7800,1711,3011,3,8,24,corrected
195,7800,1730,3012,6,9,54,corrected
195,7800,1741,3006,5,8,40,corrected
195,7800,1787,3014,6,5,30,corrected
195,7800,1762,3010,7,5,35,corrected
196,7840,1622,3278,23,7,161,corrected
196,7840,1364,3002,10,7,70,corrected
196,7840,1486,3010,7,7,49,corrected
196,7840,1412,3007,5,5,25,corrected
196,7840,1381,3002,13,8,104,corrected
196,7840,1426,3007,8,7,56,corrected
196,7840,1441,3006,11,7,77,corrected
196,7840,1462,3010,6,6,36,corrected
196,7840,1514,3011,7,6,42,corrected
196,7840,1533,3013,12,7,84,corrected
196,7840,1547,3015,7,4,28,corrected
196,7840,1557,3009,7,8,56,corrected
196,7840,1579,3009,6,6,36,corrected
196,7840,1609,3012,7,6,42,corrected
196,7840,1626,3012,6,7,42,corrected
196,7840,1635,3010,8,8,64,corrected
196,7840,1644,3010,6,5,30,corrected
196,7840,1653,3010,8,9,72,corrected
196,7840,1671,3015,5,5,25,corrected
196,7840,1675,3010,5,6,30,corrected
196,7840,1703,3009,6,9,54,corrected
196,7840,1724,3013,6,6,36,corrected
196,7840,1734,3005,6,8,48,corrected
196,7840,1781,3015,7,7,49,corrected
196,7840,1757,3008,6,5,30,corrected
197,7880,1628,3278,16,11,176,corrected
197,7880,1359,2999,9,8,72,corrected
197,7880,1479,3008,8,10,80,corrected
197,7880,1403,3007,7,5,35,corrected
197,7880,1376,3002,10,6,60,corrected
197,7880,1421,3006,7,5,35,corrected
197,7880,1435,3006,10,7,70,corrected
197,7880,1453,3008,10,8,80,corrected
197,7880,1507,3010,7,7,49,corrected
197,7880,1527,3010,10,9,90,corrected
197,7880,1540,3015,7,5,35,corrected
197,7880,1550,3008,9,7,63,corrected
197,7880,1572,3010,7,6,42,corrected
197,7880,1602,3012,8,5,40,corrected
197,7880,1620,3010,7,6,42,corrected
197,7880,1628,3010,7,7,49,corrected
197,7880,1638,3010,6,6,36,corrected
197,7880,1646,3009,8,6,48,corrected
197,7880,1665,3012,4,7,28,corrected
197,7880,1669,3010,6,7,42,corrected
197,7880,1695,3012,7,7,49,corrected
197,7880,1716,3009,8,10,80,corrected
197,7880,1728,3007,5,7,35,corrected
197,7880,1774,3014,6,6,36,corrected
197,7880,1749,3007,7,5,35,corrected
198,7920,1629,3276,15,6,90,corrected
198,7920,1353,3000,8,8,64,corrected
198,7920,1472,3008,11,7,77,corrected
198,7920,1399,3007,5,5,25,corrected
198,7920,1370,2999,9,8,72,corrected
198,7920,1414,3001,7,9,63,corrected
198,7920,1429,3003,10,8,80,corrected
198,7920,1448,3008,8,6,48,corrected
198,7920,1500,3008,8,8,64,corrected
198,7920,1522,3013,9,6,54,corrected
198,7920,1534,3013,7,6,42,corrected
198,7920,1544,3007,9,7,63,corrected
198,7920,1567,3010,5,5,25,corrected
198,7920,1597,3009,7,7,49,corrected
198,7920,1614,3010,7,7,49,corrected
198,7920,1623,3010,6,8,48,corrected
198,7920,1631,3010,7,7,49,corrected
198,7920,1640,3008,9,7,63,corrected
198,7920,1659,3015,4,4,16,corrected
198,7920,1663,3010,6,8,48,corrected
198,7920,1688,3012,7,8,56,corrected
198,7920,1710,3011,5,8,40,corrected
198,7920,1722,3006,5,8,40,corrected
198,7920,1767,3011,7,7,49,corrected
198,7920,1742,3008,7,6,42,corrected
199,7960,1630,3271,16,10,160,corrected
199,7960,1345,2999,8,10,80,corrected
199,7960,1465,3006,10,10,100,corrected
199,7960,1390,3003,10,6,60,corrected
199,7960,1365,2997,8,10,80,corrected
199,7960,1406,3003,8,8,64,corrected
199,7960,1421,3006,11,6,66,corrected
199,7960,1442,3004,7,8,56,corrected
199,7960,1494,3007,7,8,56,corrected
199,7960,1514,3012,9,8,72,corrected
199,7960,1528,3013,7,5,35,corrected
199,7960,1538,3009,8,5,40,corrected
199,7960,1561,3008,5,6,30,corrected
199,7960,1590,3008,8,7,56,corrected
199,7960,1607,3011,7,7,49,corrected
199,7960,1615,3008,8,9,72,corrected
199,7960,1626,3009,6,7,42,corrected
199,7960,1635,3009,8,6,48,corrected
199,7960,1652,3015,5,6,30,corrected
199,7960,1656,3009,6,7,42,corrected
199,7960,1683,3010,6,6,36,corrected
199,7960,1704,3013,5,8,40,corrected
199,7960,1715,3004,6,9,54,corrected
199,7960,1761,3013,6,5,30,corrected
199,7960,1737,3007,7,9,63,corrected
200,8000,1625,3273,23,9,207,corrected
200,8000,1339,3000,6,5,30,corrected
200,8000,1437,3006,6,6,36,corrected
200,8000,1383,3002,8,6,48,corrected
200,8000,1358,2999,8,9,72,corrected
200,8000,1400,3003,9,7,63,corrected
200,8000,1416,3005,11,5,55,corrected
200,8000,1457,3006,11,9,99,corrected
200,8000,1507,3009,10,8,80,corrected
200,8000,1522,3012,7,7,49,corrected
200,8000,1532,3008,9,5,45,corrected
200,8000,1553,3006,8,7,56,corrected
200,8000,1583,3009,10,7,70,corrected
200,8000,1602,3010,6,6,36,corrected
200,8000,1486,3007,6,6,36,corrected
200,8000,1609,3008,9,7,63,corrected
200,8000,1620,3008,6,6,36,corrected
200,8000,1629,3009,8,6,48,corrected
200,8000,1646,3013,4,8,32,corrected
200,8000,1649,3008,6,7,42,corrected
200,8000,1674,3010,8,7,56,corrected
200,8000,1698,3010,8,7,56,corrected
200,8000,1708,3004,6,8,48,corrected
200,8000,1753,3014,8,7,56,corrected
200,8000,1731,3007,8,8,64,corrected
201,8040,1630,3275,18,13,234,corrected
201,8040,1332,2997,8,8,64,corrected
201,8040,1428,3006,8,6,48,corrected
201,8040,1451,3002,11,13,143,corrected
201,8040,1378,3003,7,5,35,corrected
201,8040,1350,2999,10,8,80,corrected
201,8040,1394,3001,7,7,49,corrected
201,8040,1409,3003,11,6,66,corrected
201,8040,1483,3007,6,9,54,corrected
201,8040,1501,3008,11,8,88,corrected
201,8040,1515,3012,7,7,49,corrected
201,8040,1527,3006,8,7,56,corrected
201,8040,1548,3007,6,7,42,corrected
201,8040,1577,3010,8,6,48,corrected
201,8040,1594,3007,8,8,64,corrected
201,8040,1603,3007,8,8,64,corrected
201,8040,1622,3007,8,7,56,corrected
201,8040,1613,3009,7,5,35,corrected
201,8040,1639,3011,4,8,32,corrected
201,8040,1644,3009,5,8,40,corrected
201,8040,1668,3011,6,6,36,corrected
201,8040,1690,3009,7,7,49,corrected
201,8040,1702,3007,6,5,30,corrected
201,8040,1748,3013,6,7,42,corrected
201,8040,1722,3004,10,10,100,corrected
202,8080,1631,3273,17,10,170,corrected
202,8080,1327,2998,7,6,42,corrected
202,8080,1446,3005,11,9,99,corrected
202,8080,1371,3002,7,7,49,corrected
202,8080,1345,2998,7,7,49,corrected
202,8080,1387,3000,9,7,63,corrected
202,8080,1403,3002,10,7,70,corrected
202,8080,1421,3004,9,7,63,corrected
202,8080,1474,3006,8,8,64,corrected
202,8080,1494,3009,12,8,96,corrected
202,8080,1510,3010,7,6,42,corrected
202,8080,1521,3007,6,5,30,corrected
202,8080,1541,3008,7,7,49,corrected
202,8080,1572,3006,8,9,72,corrected
202,8080,1589,3007,7,10,70,corrected
202,8080,1598,3008,7,7,49,corrected
202,8080,1607,3009,7,7,49,corrected
202,8080,1617,3007,6,7,42,corrected
202,8080,1633,3012,5,8,40,corrected
202,8080,1636,3009,6,7,42,corrected
202,8080,1663,3010,6,6,36,corrected
202,8080,1683,3011,8,6,48,corrected
202,8080,1696,3007,6,5,30,corrected
202,8080,1741,3011,7,8,56,corrected
202,8080,1716,3007,9,7,63,corrected
203,8120,1635,3270,14,11,154,corrected
203,8120,1320,2997,9,9,81,corrected
203,8120,1440,3005,9,7,63,corrected
203,8120,1367,3000,5,6,30,corrected
203,8120,1338,2996,7,7,49,corrected
203,8120,1380,3002,9,7,63,corrected
203,8120,1397,3002,9,9,81,corrected
203,8120,1415,2998,9,10,90,corrected
203,8120,1468,3003,7,9,63,corrected
203,8120,1489,3009,11,7,77,corrected
203,8120,1503,3007,7,8,56,corrected
203,8120,1515,3007,7,6,42,corrected
203,8120,1535,3007,7,6,42,corrected
203,8120,1566,3007,7,6,42,corrected
203,8120,1582,3009,7,7,49,corrected
203,8120,1591,3008,8,8,64,corrected
203,8120,1601,3007,7,7,49,corrected
203,8120,1610,3006,7,7,49,corrected
203,8120,1625,3013,7,6,42,corrected
203,8120,1630,3006,5,8,40,corrected
203,8120,1655,3009,7,6,42,corrected
203,8120,1676,3011,8,5,40,corrected
203,8120,1688,3002,8,9,72,corrected
203,8120,1734,3012,6,6,36,corrected
203,8120,1708,3007,9,5,45,corrected
204,8160,1630,3266,19,14,266,corrected
204,8160,1311,2997,12,8,96,corrected
204,8160,1434,3004,10,7,70,corrected
204,8160,1330,2996,10,8,80,corrected
204,8160,1359,3000,7,7,49,corrected
204,8160,1374,3001,9,8,72,corrected
204,8160,1390,3001,10,7,70,corrected
204,8160,1409,3002,7,7,49,corrected
204,8160,1462,3005,6,6,36,corrected
204,8160,1485,3006,9,8,72,corrected
204,8160,1497,3010,7,5,35,corrected
204,8160,1508,3006,8,5,40,corrected
204,8160,1529,3003,7,9,63,corrected
204,8160,1559,3009,8,6,48,corrected
204,8160,1577,3007,7,8,56,corrected
204,8160,1586,3007,8,7,56,corrected
204,8160,1595,3007,7,6,42,corrected
204,8160,1604,3007,7,8,56,corrected
204,8160,1618,3012,8,5,40,corrected
204,8160,1623,3005,5,8,40,corrected
204,8160,1648,3008,6,7,42,corrected
204,8160,1668,3007,9,8,72,corrected
204,8160,1681,3004,8,6,48,corrected
204,8160,1727,3012,8,8,64,corrected
204,8160,1703,3004,8,8,64,corrected
205,8200,1630,3273,19,8,152,corrected
205,8200,1307,2995,7,10,70,corrected
205,8200,1428,3003,10,6,60,corrected
205,8200,1351,3000,8,8,64,corrected
205,8200,1325,2997,7,7,49,corrected
205,8200,1369,2999,7,6,42,corrected
205,8200,1383,2999,9,8,72,corrected
205,8200,1401,3000,9,8,72,corrected
205,8200,1455,3004,9,8,72,corrected
205,8200,1477,3007,10,7,70,corrected
205,8200,1491,3010,7,6,42,corrected
205,8200,1502,3004,7,6,42,corrected
205,8200,1523,3006,7,6,42,corrected
205,8200,1553,3008,8,6,48,corrected
205,8200,1571,3007,6,7,42,corrected
205,8200,1581,3007,6,8,48,corrected
205,8200,1589,3007,7,6,42,corrected
205,8200,1598,3006,8,6,48,corrected
205,8200,1613,3012,7,5,35,corrected
205,8200,1617,3006,4,7,28,corrected
205,8200,1642,3010,7,7,49,corrected
205,8200,1665,3009,5,7,35,corrected
205,8200,1673,3004,7,8,56,corrected
205,8200,1722,3011,7,6,42,corrected
205,8200,1697,3002,8,10,80,corrected
206,8240,1633,3272,13,9,117,corrected
206,8240,1300,2996,6,5,30,corrected
206,8240,1422,3001,8,8,64,corrected
206,8240,1345,3000,7,8,56,corrected
206,8240,1318,2995,9,8,72,corrected
206,8240,1363,2998,7,7,49,corrected
206,8240,1378,2999,9,9,81,corrected
206,8240,1398,3001,7,7,49,corrected
206,8240,1450,2999,6,10,60,corrected
206,8240,1471,3007,9,7,63,corrected
206,8240,1486,3008,6,7,42,corrected
206,8240,1495,3004,9,5,45,corrected
206,8240,1515,3007,8,6,48,corrected
206,8240,1547,3003,8,9,72,corrected
206,8240,1564,3008,6,7,42,corrected
206,8240,1574,3007,6,7,42,corrected
206,8240,1582,3007,7,6,42,corrected
206,8240,1589,3003,10,8,80,corrected
206,8240,1610,3006,5,6,30,corrected
206,8240,1634,3007,10,8,80,corrected
206,8240,1657,3008,9,9,81,corrected
206,8240,1669,3003,8,6,48,corrected
206,8240,1715,3008,7,10,70,corrected
206,8240,1689,3004,9,7,63,corrected
207,8280,1635,3268,15,8,120,corrected
207,8280,1294,2997,6,5,30,corrected
207,8280,1414,3000,10,10,100,corrected
207,8280,1338,2998,8,6,48,corrected
207,8280,1312,2995,8,7,56,corrected
207,8280,1355,2998,7,9,63,corrected
207,8280,1370,3000,9,8,72,corrected
207,8280,1390,2998,7,9,63,corrected
207,8280,1443,3002,8,7,56,corrected
207,8280,1465,3007,9,6,54,corrected
207,8280,1478,3007,7,5,35,corrected
207,8280,1489,3004,8,7,56,corrected
207,8280,1510,3004,7,5,35,corrected
207,8280,1541,3006,8,6,48,corrected
207,8280,1559,3007,5,8,40,corrected
207,8280,1568,3007,6,6,36,corrected
207,8280,1584,3005,9,6,54,corrected
207,8280,1577,3007,6,6,36,corrected
207,8280,1600,3011,6,7,42,corrected
207,8280,1602,3005,7,7,49,corrected
207,8280,1629,3006,6,7,42,corrected
207,8280,1651,3010,9,8,72,corrected
207,8280,1662,2999,8,11,88,corrected
207,8280,1683,3004,10,8,80,corrected
208,8320,1636,3265,14,11,154,corrected
208,8320,1288,2995,7,8,56,corrected
208,8320,1407,3000,13,9,117,corrected
208,8320,1333,2997,7,6,42,corrected
208,8320,1306,2994,8,8,64,corrected
208,8320,1349,2998,8,7,56,corrected
208,8320,1365,2999,9,8,72,corrected
208,8320,1436,3003,8,7,56,corrected
208,8320,1460,3003,8,8,64,corrected
208,8320,1474,3007,6,5,30,corrected
208,8320,1484,3003,7,7,49,corrected
208,8320,1503,3002,8,7,56,corrected
208,8320,1536,3006,6,8,48,corrected
208,8320,1553,3004,6,9,54,corrected
208,8320,1562,3005,6,8,48,corrected
208,8320,1578,3005,8,8,64,corrected
208,8320,1570,3003,7,9,63,corrected
208,8320,1593,3011,8,5,40,corrected
208,8320,1595,3003,10,7,70,corrected
208,8320,1622,3008,7,4,28,corrected
208,8320,1643,3007,10,7,70,corrected
208,8320,1654,3002,9,6,54,corrected
208,8320,1702,3011,6,6,36,corrected
208,8320,1676,3002,10,8,80,corrected
209,8360,1631,3266,20,9,180,corrected
209,8360,1281,2994,6,8,48,corrected
209,8360,1402,2999,12,8,96,corrected
209,8360,1327,2998,5,6,30,corrected
209,8360,1297,2993,10,8,80,corrected
209,8360,1343,2996,8,8,64,corrected
209,8360,1358,2997,10,9,90,corrected
209,8360,1375,2999,9,9,81,corrected
209,8360,1431,3003,10,5,50,corrected
209,8360,1454,3005,8,6,48,corrected
209,8360,1467,3007,5,6,30,corrected
209,8360,1479,2999,6,8,48,corrected
209,8360,1496,3004,9,5,45,corrected
209,8360,1530,3007,7,5,35,corrected
209,8360,1546,3006,6,7,42,corrected
209,8360,1556,3003,7,8,56,corrected
209,8360,1565,3006,7,6,42,corrected
209,8360,1572,3005,9,7,63,corrected
209,8360,1588,3009,5,6,30,corrected
209,8360,1590,3004,7,8,56,corrected
209,8360,1615,3008,7,8,56,corrected
209,8360,1637,3008,8,6,48,corrected
209,8360,1647,3003,10,6,60,corrected
209,8360,1695,3011,7,5,35,corrected
209,8360,1670,3003,11,6,66,corrected
210,8400,1635,3266,15,14,210,corrected
210,8400,1275,2994,6,7,42,corrected
210,8400,1395,2999,10,9,90,corrected
210,8400,1319,2998,8,7,56,corrected
210,8400,1293,2993,9,7,63,corrected
210,8400,1336,2995,8,8,64,corrected
210,8400,1351,2997,9,10,90,corrected
210,8400,1372,2998,8,8,64,corrected
210,8400,1422,2998,11,9,99,corrected
210,8400,1445,3006,12,7,84,corrected
210,8400,1461,3007,6,4,24,corrected
210,8400,1471,3000,9,7,63,corrected
210,8400,1490,3003,8,6,48,corrected
210,8400,1523,3002,8,8,64,corrected
210,8400,1540,3007,6,7,42,corrected
210,8400,1550,3006,6,6,36,corrected
210,8400,1558,3007,7,5,35,corrected
210,8400,1566,3005,9,8,72,corrected
210,8400,1583,3005,7,5,35,corrected
210,8400,1611,3006,6,6,36,corrected
210,8400,1632,3010,7,7,49,corrected
210,8400,1642,3002,7,6,42,corrected
210,8400,1686,3007,10,10,100,corrected
210,8400,1663,3002,9,7,63,corrected
211,8440,1636,3262,12,11,132,corrected
211,8440,1268,2994,7,8,56,corrected
211,8440,1389,2998,9,9,81,corrected
211,8440,1286,2992,8,7,56,corrected
211,8440,1312,2995,9,7,63,corrected
211,8440,1329,2995,9,8,72,corrected
211,8440,1346,2997,9,9,81,corrected
211,8440,1367,2996,5,9,45,corrected
211,8440,1418,3000,7,6,42,corrected
211,8440,1439,3005,11,5,55,corrected
211,8440,1455,3003,5,6,30,corrected
211,8440,1466,3002,7,6,42,corrected
211,8440,1486,3002,7,6,42,corrected
211,8440,1516,3003,9,6,54,corrected
211,8440,1536,3006,4,5,20,corrected
211,8440,1544,3006,6,6,36,corrected
211,8440,1552,3005,7,6,42,corrected
211,8440,1560,3003,8,9,72,corrected
211,8440,1574,3011,7,6,42,corrected
211,8440,1575,3001,8,7,56,corrected
211,8440,1603,3003,6,8,48,corrected
211,8440,1623,3008,8,6,48,corrected
211,8440,1635,2998,8,10,80,corrected
211,8440,1680,3009,8,5,40,corrected
211,8440,1656,3002,11,7,77,corrected
212,8480,1641,3259,12,10,120,corrected
212,8480,1261,2994,7,6,42,corrected
212,8480,1383,2997,9,8,72,corrected
212,8480,1282,2994,7,6,42,corrected
212,8480,1306,2994,10,8,80,corrected
212,8480,1323,2995,9,8,72,corrected
212,8480,1340,2997,8,7,56,corrected
212,8480,1357,2996,8,9,72,corrected
212,8480,1411,2999,7,7,49,corrected
212,8480,1433,3000,12,10,120,corrected
212,8480,1449,3005,7,3,21,corrected
212,8480,1460,3001,8,7,56,corrected
212,8480,1481,2999,5,7,35,corrected
212,8480,1510,3003,8,8,64,corrected
212,8480,1527,3000,8,11,88,corrected
212,8480,1538,3003,7,8,56,corrected
212,8480,1556,3005,5,7,35,corrected
212,8480,1546,3003,7,8,56,corrected
212,8480,1568,3008,7,6,42,corrected
212,8480,1569,2999,7,8,56,corrected
212,8480,1595,3006,9,6,54,corrected
212,8480,1616,3004,8,8,64,corrected
212,8480,1629,3000,8,8,64,corrected
212,8480,1674,3010,6,6,36,corrected
212,8480,1649,2999,11,10,110,corrected
213,8520,1635,3258,18,11,198,corrected
213,8520,1255,2991,6,9,54,corrected
213,8520,1351,2996,9,8,72,corrected
213,8520,1378,2995,8,10,80,corrected
213,8520,1297,2994,12,8,96,corrected
213,8520,1273,2993,9,7,63,corrected
213,8520,1318,2993,8,8,64,corrected
213,8520,1333,2995,8,7,56,corrected
213,8520,1407,2996,6,9,54,corrected
213,8520,1428,3001,10,8,80,corrected
213,8520,1442,3004,8,6,48,corrected
213,8520,1454,2999,6,6,36,corrected
213,8520,1474,3000,6,8,48,corrected
213,8520,1505,3002,9,6,54,corrected
213,8520,1522,3002,7,10,70,corrected
213,8520,1530,3000,8,10,80,corrected
213,8520,1540,3004,7,6,42,corrected
213,8520,1548,3002,8,9,72,corrected
213,8520,1563,3008,4,6,24,corrected
213,8520,1564,3002,6,8,48,corrected
213,8520,1591,3004,5,8,40,corrected
213,8520,1611,3008,8,6,48,corrected
213,8520,1621,3000,8,9,72,corrected
213,8520,1668,3007,8,9,72,corrected
213,8520,1644,2999,9,8,72,corrected
214,8560,1639,3262,18,10,180,corrected
214,8560,1248,2992,7,8,56,corrected
214,8560,1371,2995,7,9,63,corrected
214,8560,1293,2994,10,7,70,corrected
214,8560,1269,2991,8,7,56,corrected
214,8560,1310,2993,9,6,54,corrected
214,8560,1326,2994,10,9,90,corrected
214,8560,1345,2994,8,9,72,corrected
214,8560,1399,2997,6,6,36,corrected
214,8560,1421,3003,9,9,81,corrected
214,8560,1437,3003,6,4,24,corrected
214,8560,1447,3001,9,7,63,corrected
214,8560,1466,3000,8,8,64,corrected
214,8560,1500,2999,5,9,45,corrected
214,8560,1514,3003,7,9,63,corrected
214,8560,1527,3003,5,8,40,corrected
214,8560,1535,3003,6,9,54,corrected
214,8560,1542,3001,7,9,63,corrected
214,8560,1554,3008,7,5,35,corrected
214,8560,1558,3002,6,6,36,corrected
214,8560,1582,3002,7,6,42,corrected
214,8560,1605,3008,7,7,49,corrected
214,8560,1615,3000,9,8,72,corrected
214,8560,1662,3005,7,8,56,corrected
214,8560,1637,2999,12,9,108,corrected
215,8600,1638,3255,14,16,224,corrected
215,8600,1238,2992,11,8,88,corrected
215,8600,1338,2992,11,9,99,corrected
215,8600,1364,2993,10,12,120,corrected
215,8600,1286,2990,11,10,110,corrected
215,8600,1260,2988,9,10,90,corrected
215,8600,1303,2994,9,7,63,corrected
215,8600,1318,2995,12,9,108,corrected
215,8600,1391,2997,9,7,63,corrected
215,8600,1415,2999,11,9,99,corrected
215,8600,1431,3000,5,6,30,corrected
215,8600,1461,3000,7,4,28,corrected
215,8600,1439,3001,9,7,63,corrected
215,8600,1491,3002,11,6,66,corrected
215,8600,1510,3002,7,7,49,corrected
215,8600,1520,3004,6,8,48,corrected
215,8600,1527,3003,9,8,72,corrected
215,8600,1535,3002,9,8,72,corrected
215,8600,1547,3007,9,9,81,corrected
215,8600,1551,2998,7,7,49,corrected
215,8600,1575,3001,9,8,72,corrected
215,8600,1597,3005,9,6,54,corrected
215,8600,1609,2996,9,9,81,corrected
215,8600,1655,3006,8,7,56,corrected
215,8600,1629,2998,12,10,120,corrected
216,8640,1640,3254,15,11,165,corrected
216,8640,1233,2992,10,8,80,corrected
216,8640,1358,2993,9,8,72,corrected
216,8640,1279,2990,10,10,100,corrected
216,8640,1254,2990,9,9,81,corrected
216,8640,1298,2995,8,6,48,corrected
216,8640,1312,2993,13,8,104,corrected
216,8640,1333,2993,7,9,63,corrected
216,8640,1387,2996,7,4,28,corrected
216,8640,1409,2999,11,8,88,corrected
216,8640,1434,2999,8,9,72,corrected
216,8640,1455,2997,7,7,49,corrected
216,8640,1487,3002,7,7,49,corrected
216,8640,1503,3002,7,5,35,corrected
216,8640,1514,3002,7,7,49,corrected
216,8640,1523,3002,5,6,30,corrected
216,8640,1530,3002,8,12,96,corrected
216,8640,1542,3006,7,7,49,corrected
216,8640,1543,2998,8,6,48,corrected
216,8640,1567,3002,9,7,63,corrected
216,8640,1590,3004,9,7,63,corrected
216,8640,1602,2996,11,9,99,corrected
216,8640,1649,3007,8,6,48,corrected
216,8640,1624,2997,11,9,99,corrected
217,8680,1639,3251,17,12,204,corrected
217,8680,1229,2991,7,7,49,corrected
217,8680,1326,2993,7,8,56,corrected
217,8680,1351,2993,10,8,80,corrected
217,8680,1274,2991,7,10,70,corrected
217,8680,1247,2990,11,9,99,corrected
217,8680,1293,2992,7,7,49,corrected
217,8680,1306,2992,11,8,88,corrected
217,8680,1379,2992,10,8,80,corrected
217,8680,1404,2999,9,9,81,corrected
217,8680,1418,3001,6,8,48,corrected
217,8680,1428,2999,9,6,54,corrected
217,8680,1480,2999,9,8,72,corrected
217,8680,1497,3003,7,6,42,corrected
217,8680,1507,3001,7,6,42,corrected
217,8680,1516,3002,8,6,48,corrected
217,8680,1523,3004,8,7,56,corrected
217,8680,1536,3004,8,8,64,corrected
217,8680,1538,2999,7,6,42,corrected
217,8680,1562,3002,9,6,54,corrected
217,8680,1584,3006,10,6,60,corrected
217,8680,1595,2997,10,9,90,corrected
217,8680,1642,3006,7,7,49,corrected
217,8680,1619,2998,9,8,72,corrected
218,8720,1640,3254,17,7,119,corrected
218,8720,1222,2991,7,6,42,corrected
218,8720,1320,2993,8,8,64,corrected
218,8720,1344,2991,9,11,99,corrected
218,8720,1268,2992,9,8,72,corrected
218,8720,1240,2990,9,8,72,corrected
218,8720,1285,2990,9,8,72,corrected
218,8720,1299,2991,13,9,117,corrected
218,8720,1395,2998,13,8,104,corrected
218,8720,1411,2999,9,6,54,corrected
218,8720,1422,2999,7,6,42,corrected
218,8720,1443,2999,5,6,30,corrected
218,8720,1474,2999,8,7,56,corrected
218,8720,1489,3002,9,7,63,corrected
218,8720,1502,3002,5,7,35,corrected
218,8720,1511,3004,6,8,48,corrected
218,8720,1517,2999,8,8,64,corrected
218,8720,1527,3007,10,7,70,corrected
218,8720,1532,2998,6,8,48,corrected
218,8720,1558,2999,7,7,49,corrected
218,8720,1579,3004,9,8,72,corrected
218,8720,1590,2998,9,8,72,corrected
218,8720,1636,3004,6,7,42,corrected
218,8720,1611,2998,10,6,60,corrected
219,8760,1640,3251,14,14,196,corrected
219,8760,1215,2991,7,7,49,corrected
219,8760,1339,2992,10,7,70,corrected
219,8760,1262,2990,8,8,64,corrected
219,8760,1234,2988,9,8,72,corrected
219,8760,1278,2993,7,4,28,corrected
219,8760,1293,2991,12,9,108,corrected
219,8760,1315,2990,6,10,60,corrected
219,8760,1367,2994,9,6,54,corrected
219,8760,1391,2995,11,9,99,corrected
219,8760,1407,2996,6,8,48,corrected
219,8760,1417,2999,8,6,48,corrected
219,8760,1439,2996,5,6,30,corrected
219,8760,1486,2999,6,7,42,corrected
219,8760,1494,3001,7,8,56,corrected
219,8760,1503,3003,8,7,56,corrected
219,8760,1511,3001,8,7,56,corrected
219,8760,1522,3007,9,7,63,corrected
219,8760,1526,2992,7,12,84,corrected
219,8760,1551,2998,6,8,48,corrected
219,8760,1574,3003,7,6,42,corrected
219,8760,1584,2997,8,6,48,corrected
219,8760,1629,3003,8,8,64,corrected
219,8760,1604,2997,11,10,110,corrected
220,8800,1638,3250,19,7,133,corrected
220,8800,1209,2992,10,4,40,corrected
220,8800,1334,2990,10,8,80,corrected
220,8800,1254,2987,11,10,110,corrected
220,8800,1228,2989,10,9,90,corrected
220,8800,1272,2991,8,9,72,corrected
220,8800,1286,2991,14,9,126,corrected
220,8800,1361,2992,9,6,54,corrected
220,8800,1386,2995,11,9,99,corrected
220,8800,1401,2999,6,5,30,corrected
220,8800,1411,2997,8,7,56,corrected
220,8800,1432,2995,5,6,30,corrected
220,8800,1462,2999,6,8,48,corrected
220,8800,1478,3000,9,7,63,corrected
220,8800,1490,3000,6,8,48,corrected
220,8800,1499,3001,6,7,42,corrected
220,8800,1506,3002,6,8,48,corrected
220,8800,1518,3006,6,6,36,corrected
220,8800,1518,2994,8,9,72,corrected
220,8800,1544,2999,8,9,72,corrected
220,8800,1565,3002,8,6,48,corrected
220,8800,1577,2994,7,9,63,corrected
220,8800,1622,3005,10,6,60,corrected
220,8800,1600,2998,9,8,72,corrected
221,8840,1642,3243,15,13,195,corrected
221,8840,1203,2989,7,6,42,corrected
221,8840,1302,2992,6,7,42,corrected
221,8840,1328,2990,7,7,49,corrected
221,8840,1248,2990,9,6,54,corrected
221,8840,1221,2988,10,9,90,corrected
221,8840,1266,2991,9,8,72,corrected
221,8840,1279,2990,14,9,126,corrected
221,8840,1354,2991,8,6,48,corrected
221,8840,1378,2995,12,9,108,corrected
221,8840,1395,2998,6,6,36,corrected
221,8840,1404,2996,8,7,56,corrected
221,8840,1425,2997,7,5,35,corrected
221,8840,1457,2998,6,6,36,corrected
221,8840,1472,3000,8,8,64,corrected
221,8840,1482,2998,7,8,56,corrected
221,8840,1493,3000,5,7,35,corrected
221,8840,1500,3001,7,8,56,corrected
221,8840,1510,3003,7,8,56,corrected
221,8840,1513,2996,8,7,56,corrected
221,8840,1538,2997,7,9,63,corrected
221,8840,1559,3003,7,7,49,corrected
221,8840,1569,2996,8,7,56,corrected
221,8840,1616,3004,8,8,64,corrected
221,8840,1593,2993,10,11,110,corrected
222,8880,1639,3245,17,11,187,corrected
222,8880,1196,2990,7,6,42,corrected
222,8880,1321,2991,9,9,81,corrected
222,8880,1216,2989,8,8,64,corrected
222,8880,1242,2990,9,8,72,corrected
222,8880,1262,2988,7,8,56,corrected
222,8880,1274,2991,11,9,99,corrected
222,8880,1296,2991,6,6,36,corrected
222,8880,1347,2991,10,7,70,corrected
222,8880,1374,2992,10,9,90,corrected
222,8880,1390,2997,6,5,30,corrected
222,8880,1398,2999,7,5,35,corrected
222,8880,1418,2996,8,7,56,corrected
222,8880,1451,2997,7,7,49,corrected
222,8880,1467,2999,6,7,42,corrected
222,8880,1476,3001,8,7,56,corrected
222,8880,1486,3002,6,10,60,corrected
222,8880,1494,2998,8,10,80,corrected
222,8880,1507,2995,5,8,40,corrected
222,8880,1532,2996,7,9,63,corrected
222,8880,1552,3002,8,7,56,corrected
222,8880,1563,2996,9,7,63,corrected
222,8880,1609,3002,7,8,56,corrected
222,8880,1587,2997,7,7,49,corrected
223,8920,1641,3245,17,11,187,corrected
223,8920,1189,2991,6,5,30,corrected
223,8920,1317,2990,8,10,80,corrected
223,8920,1210,2987,7,7,49,corrected
223,8920,1235,2989,9,6,54,corrected
223,8920,1253,2990,8,6,48,corrected
223,8920,1267,2991,13,7,91,corrected
223,8920,1289,2989,8,8,64,corrected
223,8920,1343,2991,9,7,63,corrected
223,8920,1366,2990,11,9,99,corrected
223,8920,1383,2996,6,5,30,corrected
223,8920,1393,2997,8,7,56,corrected
223,8920,1414,2994,6,7,42,corrected
223,8920,1445,2998,6,5,30,corrected
223,8920,1460,2996,7,8,56,corrected
223,8920,1471,3000,7,6,42,corrected
223,8920,1481,3001,5,6,30,corrected
223,8920,1487,2999,5,9,45,corrected
223,8920,1498,3004,7,9,63,corrected
223,8920,1500,2994,6,6,36,corrected
223,8920,1525,2995,7,8,56,corrected
223,8920,1546,2998,7,8,56,corrected
223,8920,1558,2994,7,8,56,corrected
223,8920,1602,3001,8,6,48,corrected
223,8920,1580,2998,9,6,54,corrected
224,8960,1642,3242,17,9,153,corrected
224,8960,1184,2990,6,5,30,corrected
224,8960,1307,2986,10,12,120,corrected
224,8960,1203,2986,8,7,56,corrected
224,8960,1230,2986,7,7,49,corrected
224,8960,1248,2990,7,6,42,corrected
224,8960,1262,2990,11,7,77,corrected
224,8960,1334,2988,10,8,80,corrected
224,8960,1363,2992,6,7,42,corrected
224,8960,1376,2996,7,7,49,corrected
224,8960,1387,2996,6,5,30,corrected
224,8960,1407,2994,7,6,42,corrected
224,8960,1439,2998,6,6,36,corrected
224,8960,1466,2999,6,6,36,corrected
224,8960,1475,2998,5,8,40,corrected
224,8960,1481,3000,6,8,48,corrected
224,8960,1492,3003,6,7,42,corrected
224,8960,1493,2992,7,8,56,corrected
224,8960,1519,2997,6,7,42,corrected
224,8960,1540,3000,7,8,56,corrected
224,8960,1551,2994,7,7,49,corrected
224,8960,1574,2995,11,9,99,corrected
225,9000,1647,3238,13,9,117,corrected
225,9000,1177,2987,7,7,49,corrected
225,9000,1301,2989,9,8,72,corrected
225,9000,1196,2987,8,7,56,corrected
225,9000,1222,2987,10,7,70,corrected
225,9000,1241,2989,8,6,48,corrected
225,9000,1254,2990,7,7,49,corrected
225,9000,1275,2990,8,8,64,corrected
225,9000,1327,2987,12,9,108,corrected
225,9000,1353,2993,10,7,70,corrected
225,9000,1370,2995,6,5,30,corrected
225,9000,1382,2996,5,4,20,corrected
225,9000,1400,2995,6,7,42,corrected
225,9000,1432,2997,8,6,48,corrected
225,9000,1448,2998,10,7,70,corrected
225,9000,1467,3001,7,6,42,corrected
225,9000,1475,3000,6,9,54,corrected
225,9000,1485,3002,8,7,56,corrected
225,9000,1485,2994,8,6,48,corrected
225,9000,1514,2996,5,5,25,corrected
225,9000,1534,3002,7,7,49,corrected
225,9000,1546,2996,6,5,30,corrected
225,9000,1589,3003,8,6,48,corrected
225,9000,1568,2995,9,8,72,corrected
226,9040,1645,3232,15,13,195,corrected
226,9040,1171,2988,6,6,36,corrected
226,9040,1294,2988,9,9,81,corrected
226,9040,1191,2988,7,6,42,corrected
226,9040,1215,2987,11,10,110,corrected
226,9040,1234,2986,8,8,64,corrected
226,9040,1247,2987,13,9,117,corrected
226,9040,1269,2989,6,6,36,corrected
226,9040,1321,2989,11,8,88,corrected
226,9040,1349,2992,8,8,64,corrected
226,9040,1365,2992,7,8,56,corrected
226,9040,1374,2996,7,6,42,corrected
226,9040,1395,2995,6,6,36,corrected
226,9040,1425,2995,9,6,54,corrected
226,9040,1443,2996,7,7,49,corrected
226,9040,1452,3000,9,7,63,corrected
226,9040,1463,3002,5,6,30,corrected
226,9040,1470,2998,6,7,42,corrected
226,9040,1480,3004,6,5,30,corrected
226,9040,1482,2993,5,6,30,corrected
226,9040,1506,2993,6,7,42,corrected
226,9040,1529,2999,4,10,40,corrected
226,9040,1539,2995,7,6,42,corrected
226,9040,1583,3001,8,7,56,corrected
226,9040,1562,2996,9,6,54,corrected
227,9080,1644,3234,17,8,136,corrected
227,9080,1163,2990,7,5,35,corrected
227,9080,1289,2987,10,10,100,corrected
227,9080,1209,2985,10,8,80,corrected
227,9080,1182,2986,11,7,77,corrected
227,9080,1226,2987,12,7,84,corrected
227,9080,1243,2988,12,7,84,corrected
227,9080,1264,2987,6,8,48,corrected
227,9080,1316,2988,10,8,80,corrected
227,9080,1343,2990,9,8,72,corrected
227,9080,1370,2995,8,5,40,corrected
227,9080,1389,2992,6,8,48,corrected
227,9080,1418,2995,9,5,45,corrected
227,9080,1437,2995,7,7,49,corrected
227,9080,1446,2998,8,7,56,corrected
227,9080,1455,2999,7,6,42,corrected
227,9080,1463,2997,6,9,54,corrected
227,9080,1472,3003,7,8,56,corrected
227,9080,1475,2990,6,7,42,corrected
227,9080,1500,2994,6,6,36,corrected
227,9080,1522,2996,5,8,40,corrected
227,9080,1533,2994,6,6,36,corrected
227,9080,1577,2998,6,8,48,corrected
227,9080,1554,2995,9,8,72,corrected
228,9120,1646,3233,14,12,168,corrected
228,9120,1157,2988,7,8,56,corrected
228,9120,1282,2987,9,9,81,corrected
228,9120,1204,2983,8,9,72,corrected
228,9120,1177,2986,9,7,63,corrected
228,9120,1222,2988,9,8,72,corrected
228,9120,1235,2988,13,8,104,corrected
228,9120,1255,2988,9,7,63,corrected
228,9120,1310,2986,8,7,56,corrected
228,9120,1336,2991,9,5,45,corrected
228,9120,1352,2995,8,5,40,corrected
228,9120,1362,2991,7,8,56,corrected
228,9120,1382,2993,6,5,30,corrected
228,9120,1411,2996,10,7,70,corrected
228,9120,1430,2997,9,6,54,corrected
228,9120,1441,2997,7,7,49,corrected
228,9120,1449,2999,8,6,48,corrected
228,9120,1457,2999,5,7,35,corrected
228,9120,1465,3003,8,6,48,corrected
228,9120,1469,2990,7,7,49,corrected
228,9120,1491,2994,9,6,54,corrected
228,9120,1514,2999,8,7,56,corrected
228,9120,1526,2993,8,7,56,corrected
228,9120,1571,3000,7,6,42,corrected
228,9120,1550,2994,7,7,49,corrected
229,9160,1647,3230,13,10,130,corrected
229,9160,1151,2987,6,6,36,corrected
229,9160,1250,2988,10,9,90,corrected
229,9160,1277,2986,7,9,63,corrected
229,9160,1198,2984,8,8,64,corrected
229,9160,1172,2987,6,7,42,corrected
229,9160,1216,2986,8,8,64,corrected
229,9160,1227,2986,14,9,126,corrected
229,9160,1303,2986,9,7,63,corrected
229,9160,1330,2991,10,6,60,corrected
229,9160,1348,2993,6,4,24,corrected
229,9160,1358,2994,6,6,36,corrected
229,9160,1376,2994,8,6,48,corrected
229,9160,1407,2995,9,7,63,corrected
229,9160,1424,2997,8,6,48,corrected
229,9160,1435,2998,7,7,49,corrected
229,9160,1450,3000,7,6,42,corrected
229,9160,1443,2999,6,6,36,corrected
229,9160,1460,3000,7,7,49,corrected
229,9160,1462,2992,7,6,42,corrected
229,9160,1487,2992,7,8,56,corrected
229,9160,1509,2999,6,7,42,corrected
229,9160,1520,2993,6,8,48,corrected
229,9160,1563,3000,9,8,72,corrected
229,9160,1543,2991,8,9,72,corrected
230,9200,1650,3224,15,11,165,corrected
230,9200,1144,2986,8,8,64,corrected
230,9200,1244,2987,7,6,42,corrected
230,9200,1271,2988,8,8,64,corrected
230,9200,1190,2984,10,9,90,corrected
230,9200,1165,2988,8,6,48,corrected
230,9200,1209,2984,8,9,72,corrected
230,9200,1221,2986,15,10,150,corrected
230,9200,1297,2986,8,7,56,corrected
230,9200,1325,2989,10,8,80,corrected
230,9200,1343,2991,6,5,30,corrected
230,9200,1351,2994,7,7,49,corrected
230,9200,1372,2992,4,7,28,corrected
230,9200,1401,2992,8,8,64,corrected
230,9200,1418,2994,8,8,64,corrected
230,9200,1429,2998,7,7,49,corrected
230,9200,1438,3001,6,5,30,corrected
230,9200,1443,2998,8,6,48,corrected
230,9200,1455,3002,6,6,36,corrected
230,9200,1457,2989,7,7,49,corrected
230,9200,1481,2990,7,7,49,corrected
230,9200,1502,2998,7,6,42,corrected
230,9200,1513,2993,7,8,56,corrected
230,9200,1558,2998,10,9,90,corrected
230,9200,1536,2994,8,6,48,corrected
231,9240,1648,3222,17,10,170,corrected
231,9240,1138,2988,8,6,48,corrected
231,9240,1238,2986,9,7,63,corrected
231,9240,1265,2988,8,6,48,corrected
231,9240,1186,2984,8,8,64,corrected
231,9240,1160,2987,6,6,36,corrected
231,9240,1204,2985,6,8,48,corrected
231,9240,1215,2987,14,7,98,corrected
231,9240,1291,2987,8,5,40,corrected
231,9240,1319,2987,9,9,81,corrected
231,9240,1334,2991,8,6,48,corrected
231,9240,1345,2990,8,6,48,corrected
231,9240,1363,2990,9,7,63,corrected
231,9240,1412,2994,8,7,56,corrected
231,9240,1423,2997,7,6,42,corrected
231,9240,1439,2997,5,7,35,corrected
231,9240,1433,2999,6,6,36,corrected
231,9240,1446,3001,9,7,63,corrected
231,9240,1450,2988,8,7,56,corrected
231,9240,1474,2991,8,6,48,corrected
231,9240,1494,2995,9,9,81,corrected
231,9240,1506,2991,8,9,72,corrected
231,9240,1551,2999,7,5,35,corrected
231,9240,1530,2994,8,6,48,corrected
232,9280,1647,3225,21,8,168,corrected
232,9280,1131,2989,6,5,30,corrected
232,9280,1258,2984,9,10,90,corrected
232,9280,1152,2987,8,6,48,corrected
232,9280,1179,2982,9,9,81,corrected
232,9280,1197,2987,8,7,56,corrected
232,9280,1210,2986,13,8,104,corrected
232,9280,1230,2987,9,5,45,corrected
232,9280,1287,2984,6,8,48,corrected
232,9280,1310,2987,10,8,80,corrected
232,9280,1329,2992,7,5,35,corrected
232,9280,1340,2991,7,5,35,corrected
232,9280,1391,2994,6,6,36,corrected
232,9280,1406,2995,7,7,49,corrected
232,9280,1416,2997,7,5,35,corrected
232,9280,1359,2991,6,6,36,corrected
232,9280,1433,2997,7,7,49,corrected
232,9280,1427,2997,5,8,40,corrected
232,9280,1442,3000,8,7,56,corrected
232,9280,1445,2990,8,6,48,corrected
232,9280,1468,2991,8,6,48,corrected
232,9280,1489,2995,7,9,63,corrected
232,9280,1501,2988,7,10,70,corrected
232,9280,1546,3000,6,5,30,corrected
232,9280,1523,2994,9,6,54,corrected
233,9320,1649,3222,15,10,150,corrected
233,9320,1125,2987,6,6,36,corrected
233,9320,1225,2987,8,9,72,corrected
233,9320,1249,2985,12,9,108,corrected
233,9320,1175,2986,5,5,25,corrected
233,9320,1146,2987,8,6,48,corrected
233,9320,1191,2987,8,5,40,corrected
233,9320,1203,2986,14,6,84,corrected
233,9320,1279,2984,8,7,56,corrected
233,9320,1305,2987,10,8,80,corrected
233,9320,1323,2990,7,5,35,corrected
233,9320,1333,2992,9,7,63,corrected
233,9320,1351,2993,8,7,56,corrected
233,9320,1383,2992,10,7,70,corrected
233,9320,1400,2993,8,8,64,corrected
233,9320,1409,2996,8,7,56,corrected
233,9320,1426,2997,7,8,56,corrected
233,9320,1419,2998,7,6,42,corrected
233,9320,1434,2996,9,10,90,corrected
233,9320,1438,2990,7,7,49,corrected
233,9320,1461,2991,9,6,54,corrected
233,9320,1482,2996,8,6,48,corrected
233,9320,1494,2990,7,7,49,corrected
233,9320,1538,2999,8,6,48,corrected
233,9320,1517,2991,8,8,64,corrected
234,9360,1652,3218,14,7,98,corrected
234,9360,1119,2987,8,7,56,corrected
234,9360,1220,2986,6,7,42,corrected
234,9360,1244,2987,10,7,70,corrected
234,9360,1139,2987,9,8,72,corrected
234,9360,1166,2986,8,6,48,corrected
234,9360,1184,2983,8,8,64,corrected
234,9360,1196,2986,15,8,120,corrected
234,9360,1273,2986,7,5,35,corrected
234,9360,1300,2986,10,6,60,corrected
234,9360,1317,2989,7,6,42,corrected
234,9360,1327,2991,10,8,80,corrected
234,9360,1348,2990,5,8,40,corrected
234,9360,1377,2991,9,6,54,corrected
234,9360,1393,2991,8,8,64,corrected
234,9360,1404,2997,8,6,48,corrected
234,9360,1414,2999,7,5,35,corrected
234,9360,1421,2996,7,7,49,corrected
234,9360,1432,2987,7,6,42,corrected
234,9360,1456,2988,9,6,54,corrected
234,9360,1477,2994,7,6,42,corrected
234,9360,1489,2991,7,9,63,corrected
234,9360,1534,2996,6,8,48,corrected
234,9360,1510,2991,9,9,81,corrected
235,9400,1658,3215,11,8,88,corrected
235,9400,1111,2987,8,6,48,corrected
235,9400,1214,2983,7,10,70,corrected
235,9400,1237,2986,11,6,66,corrected
235,9400,1133,2986,8,7,56,corrected
235,9400,1160,2983,9,8,72,corrected
235,9400,1177,2985,8,7,56,corrected
235,9400,1191,2986,13,6,78,corrected
235,9400,1266,2985,8,7,56,corrected
235,9400,1292,2982,13,11,143,corrected
235,9400,1310,2991,7,5,35,corrected
235,9400,1322,2988,9,8,72,corrected
235,9400,1341,2988,6,8,48,corrected
235,9400,1372,2991,8,8,64,corrected
235,9400,1387,2991,6,7,42,corrected
235,9400,1398,2994,6,6,36,corrected
235,9400,1414,2994,6,7,42,corrected
235,9400,1409,2997,6,6,36,corrected
235,9400,1422,2999,7,6,42,corrected
235,9400,1424,2986,9,8,72,corrected
235,9400,1449,2988,8,5,40,corrected
235,9400,1469,2992,8,7,56,corrected
235,9400,1482,2990,7,7,49,corrected
235,9400,1526,2994,8,10,80,corrected
235,9400,1503,2992,9,7,63,corrected
236,9440,1651,3211,19,11,209,corrected
236,9440,1104,2988,9,8,72,corrected
236,9440,1207,2985,6,7,42,corrected
236,9440,1232,2984,10,6,60,corrected
236,9440,1154,2982,8,8,64,corrected
236,9440,1126,2985,11,8,88,corrected
236,9440,1171,2986,8,6,48,corrected
236,9440,1183,2984,15,8,120,corrected
236,9440,1260,2984,8,6,48,corrected
236,9440,1305,2990,6,5,30,corrected
236,9440,1316,2990,9,5,45,corrected
236,9440,1336,2991,4,6,24,corrected
236,9440,1366,2992,7,7,49,corrected
236,9440,1382,2993,6,8,48,corrected
236,9440,1393,2993,6,7,42,corrected
236,9440,1409,2995,7,8,56,corrected
236,9440,1402,2996,7,6,42,corrected
236,9440,1417,2998,8,7,56,corrected
236,9440,1420,2987,6,7,42,corrected
236,9440,1443,2988,8,6,48,corrected
236,9440,1463,2994,9,7,63,corrected
236,9440,1475,2986,8,9,72,corrected
236,9440,1521,2998,7,6,42,corrected
236,9440,1497,2991,9,6,54,corrected
237,9480,1655,3214,14,8,112,corrected
237,9480,1099,2986,7,7,49,corrected
237,9480,1200,2986,6,7,42,corrected
237,9480,1146,2982,7,8,56,corrected
237,9480,1118,2986,11,7,77,corrected
237,9480,1166,2987,7,5,35,corrected
237,9480,1177,2984,15,8,120,corrected
237,9480,1224,2982,13,9,117,corrected
237,9480,1254,2983,8,7,56,corrected
237,9480,1282,2986,7,7,49,corrected
237,9480,1298,2987,8,5,40,corrected
237,9480,1309,2990,8,6,48,corrected
237,9480,1327,2992,7,5,35,corrected
237,9480,1359,2991,8,6,48,corrected
237,9480,1376,2992,8,8,64,corrected
237,9480,1386,2994,5,8,40,corrected
237,9480,1396,2997,6,6,36,corrected
237,9480,1402,2996,7,7,49,corrected
237,9480,1411,2995,6,8,48,corrected
237,9480,1414,2988,6,7,42,corrected
237,9480,1439,2988,6,6,36,corrected
237,9480,1458,2992,7,7,49,corrected
237,9480,1470,2990,7,5,35,corrected
237,9480,1513,2997,8,8,64,corrected
237,9480,1492,2989,8,8,64,corrected
238,9520,1654,3211,14,10,140,corrected
238,9520,1093,2986,6,7,42,corrected
238,9520,1221,2984,8,8,64,corrected
238,9520,1112,2987,10,8,80,corrected
238,9520,1139,2983,10,9,90,corrected
238,9520,1160,2984,7,6,42,corrected
238,9520,1170,2984,15,8,120,corrected
238,9520,1195,2985,5,7,35,corrected
238,9520,1246,2983,8,6,48,corrected
238,9520,1277,2983,6,8,48,corrected
238,9520,1295,2987,5,5,25,corrected
238,9520,1303,2988,9,6,54,corrected
238,9520,1321,2988,7,7,49,corrected
238,9520,1355,2991,8,6,48,corrected
238,9520,1370,2991,8,6,48,corrected
238,9520,1379,2994,8,7,56,corrected
238,9520,1389,2997,8,7,56,corrected
238,9520,1397,2993,6,7,42,corrected
238,9520,1407,2986,7,6,42,corrected
238,9520,1433,2986,6,6,36,corrected
238,9520,1452,2992,5,5,25,corrected
238,9520,1462,2989,8,7,56,corrected
238,9520,1508,2995,7,5,35,corrected
238,9520,1486,2990,8,7,56,corrected
239,9560,1657,3208,14,8,112,corrected
239,9560,1087,2988,6,5,30,corrected
239,9560,1214,2983,10,10,100,corrected
239,9560,1106,2985,10,7,70,corrected
239,9560,1134,2982,10,10,100,corrected
239,9560,1153,2984,7,7,49,corrected
239,9560,1162,2984,17,8,136,corrected
239,9560,1188,2984,6,7,42,corrected
239,9560,1241,2983,7,7,49,corrected
239,9560,1269,2982,9,9,81,corrected
239,9560,1286,2988,7,7,49,corrected
239,9560,1298,2986,8,6,48,corrected
239,9560,1314,2988,8,6,48,corrected
239,9560,1346,2990,9,7,63,corrected
239,9560,1365,2990,7,8,56,corrected
239,9560,1374,2993,5,5,25,corrected
239,9560,1383,2995,8,7,56,corrected
239,9560,1390,2993,7,7,49,corrected
239,9560,1399,2995,7,11,77,corrected
239,9560,1400,2982,9,10,90,corrected
239,9560,1426,2983,7,9,63,corrected
239,9560,1444,2991,8,6,48,corrected
239,9560,1457,2987,6,6,36,corrected
239,9560,1501,2992,8,11,88,corrected
239,9560,1478,2989,10,8,80,corrected
240,9600,1659,3202,13,11,143,corrected
240,9600,1079,2987,7,8,56,corrected
240,9600,1207,2983,10,9,90,corrected
240,9600,1127,2981,10,9,90,corrected
240,9600,1101,2986,8,7,56,corrected
240,9600,1146,2985,6,7,42,corrected
240,9600,1158,2984,14,8,112,corrected
240,9600,1182,2983,7,9,63,corrected
240,9600,1234,2982,8,6,48,corrected
240,9600,1263,2983,10,8,80,corrected
240,9600,1283,2987,6,5,30,corrected
240,9600,1293,2987,7,5,35,corrected
240,9600,1310,2991,6,5,30,corrected
240,9600,1340,2989,9,6,54,corrected
240,9600,1358,2991,7,10,70,corrected
240,9600,1367,2993,6,6,36,corrected
240,9600,1377,2995,8,7,56,corrected
240,9600,1385,2994,7,7,49,corrected
240,9600,1394,2996,7,7,49,corrected
240,9600,1396,2985,6,8,48,corrected
240,9600,1419,2985,8,7,56,corrected
240,9600,1438,2991,7,6,42,corrected
240,9600,1450,2982,9,11,99,corrected
240,9600,1473,2989,8,6,48,corrected
241,9640,1654,3202,20,10,200,corrected
241,9640,1073,2987,7,6,42,corrected
241,9640,1202,2982,10,9,90,corrected
241,9640,1120,2982,10,7,70,corrected
241,9640,1094,2988,8,5,40,corrected
241,9640,1140,2986,7,6,42,corrected
241,9640,1152,2984,14,7,98,corrected
241,9640,1173,2984,7,7,49,corrected
241,9640,1228,2981,7,8,56,corrected
241,9640,1256,2983,10,10,100,corrected
241,9640,1275,2983,6,8,48,corrected
241,9640,1286,2987,8,5,40,corrected
241,9640,1304,2988,7,7,49,corrected
241,9640,1336,2987,8,8,64,corrected
241,9640,1352,2990,9,6,54,corrected
241,9640,1361,2994,7,5,35,corrected
241,9640,1371,2996,5,5,25,corrected
241,9640,1378,2995,6,6,36,corrected
241,9640,1387,2994,7,7,49,corrected
241,9640,1389,2986,7,6,42,corrected
241,9640,1415,2985,6,7,42,corrected
241,9640,1432,2991,7,5,35,corrected
241,9640,1444,2986,9,6,54,corrected
241,9640,1486,2994,9,7,63,corrected
241,9640,1464,2987,11,7,77,corrected
242,9680,1657,3203,18,11,198,corrected
242,9680,1067,2985,6,9,54,corrected
242,9680,1196,2982,9,9,81,corrected
242,9680,1087,2988,9,8,72,corrected
242,9680,1114,2982,10,8,80,corrected
242,9680,1134,2984,8,7,56,corrected
242,9680,1145,2984,15,8,120,corrected
242,9680,1169,2986,5,6,30,corrected
242,9680,1221,2982,8,6,48,corrected
242,9680,1250,2982,9,8,72,corrected
242,9680,1269,2985,7,6,42,corrected
242,9680,1281,2985,7,6,42,corrected
242,9680,1298,2987,7,5,35,corrected
242,9680,1328,2989,10,6,60,corrected
242,9680,1346,2988,8,8,64,corrected
242,9680,1356,2993,6,5,30,corrected
242,9680,1373,2993,6,5,30,corrected
242,9680,1365,2995,7,7,49,corrected
242,9680,1382,2995,7,6,42,corrected
242,9680,1382,2982,6,8,48,corrected
242,9680,1409,2983,5,8,40,corrected
242,9680,1426,2990,7,4,28,corrected
242,9680,1438,2987,9,9,81,corrected
242,9680,1480,2992,10,8,80,corrected
242,9680,1460,2986,9,9,81,corrected
243,9720,1658,3200,14,9,126,corrected
243,9720,1061,2988,5,5,25,corrected
243,9720,1188,2983,12,10,120,corrected
243,9720,1081,2987,10,8,80,corrected
243,9720,1109,2981,9,9,81,corrected
243,9720,1127,2983,7,8,56,corrected
243,9720,1139,2983,14,9,126,corrected
243,9720,1162,2984,8,7,56,corrected
243,9720,1214,2983,10,6,60,corrected
243,9720,1246,2983,7,7,49,corrected
243,9720,1262,2986,7,7,49,corrected
243,9720,1274,2983,8,7,56,corrected
243,9720,1293,2988,5,4,20,corrected
243,9720,1322,2990,10,6,60,corrected
243,9720,1342,2991,5,6,30,corrected
243,9720,1350,2992,6,5,30,corrected
243,9720,1366,2991,7,7,49,corrected
243,9720,1360,2994,6,6,36,corrected
243,9720,1375,2995,7,7,49,corrected
243,9720,1375,2982,8,7,56,corrected
243,9720,1402,2983,6,7,42,corrected
243,9720,1421,2988,6,6,36,corrected
243,9720,1432,2985,8,10,80,corrected
243,9720,1475,2990,7,8,56,corrected
243,9720,1455,2987,7,8,56,corrected
244,9760,1661,3194,14,11,154,corrected
244,9760,1053,2987,8,8,64,corrected
244,9760,1184,2982,9,10,90,corrected
244,9760,1075,2986,9,9,81,corrected
244,9760,1101,2979,11,11,121,corrected
244,9760,1122,2985,6,7,42,corrected
244,9760,1131,2981,17,11,187,corrected
244,9760,1154,2983,8,6,48,corrected
244,9760,1211,2982,5,6,30,corrected
244,9760,1237,2981,11,8,88,corrected
244,9760,1258,2985,6,6,36,corrected
244,9760,1269,2984,8,7,56,corrected
244,9760,1286,2988,6,6,36,corrected
244,9760,1317,2988,9,5,45,corrected
244,9760,1335,2990,6,6,36,corrected
244,9760,1343,2991,5,6,30,corrected
244,9760,1355,2994,6,6,36,corrected
244,9760,1369,2994,7,7,49,corrected
244,9760,1370,2982,8,8,64,corrected
244,9760,1397,2983,6,8,48,corrected
244,9760,1414,2988,5,7,35,corrected
244,9760,1426,2981,7,11,77,corrected
244,9760,1470,2991,7,6,42,corrected
244,9760,1448,2987,8,5,40,corrected
245,9800,1047,2986,7,7,49,corrected
245,9800,1660,3191,16,13,208,corrected
245,9800,1068,2987,9,7,63,corrected
245,9800,1098,2981,7,8,56,corrected
245,9800,1115,2985,8,7,56,corrected
245,9800,1125,2983,16,8,128,corrected
245,9800,1174,2982,10,7,70,corrected
245,9800,1203,2982,7,5,35,corrected
245,9800,1229,2982,11,9,99,corrected
245,9800,1252,2983,5,6,30,corrected
245,9800,1263,2985,6,7,42,corrected
245,9800,1281,2988,6,4,24,corrected
245,9800,1311,2986,10,6,60,corrected
245,9800,1328,2988,8,7,56,corrected
245,9800,1336,2992,8,7,56,corrected
245,9800,1348,2995,6,6,36,corrected
245,9800,1354,2994,8,6,48,corrected
245,9800,1362,2990,8,9,72,corrected
245,9800,1363,2982,10,8,80,corrected
245,9800,1390,2983,7,8,56,corrected
245,9800,1408,2988,6,6,36,corrected
245,9800,1461,2991,7,10,70,corrected
245,9800,1440,2983,9,9,81,corrected
246,9840,1657,3194,20,6,120,corrected
246,9840,1039,2984,8,9,72,corrected
246,9840,1143,2984,5,8,40,corrected
246,9840,1063,2988,7,8,56,corrected
246,9840,1090,2982,7,8,56,corrected
246,9840,1110,2984,7,7,49,corrected
246,9840,1118,2983,16,9,144,corrected
246,9840,1166,2982,12,8,96,corrected
246,9840,1196,2982,7,6,42,corrected
246,9840,1225,2982,9,8,72,corrected
246,9840,1246,2983,5,7,35,corrected
246,9840,1257,2984,7,7,49,corrected
246,9840,1275,2986,5,5,25,corrected
246,9840,1304,2987,11,7,77,corrected
246,9840,1322,2987,6,7,42,corrected
246,9840,1332,2992,6,7,42,corrected
246,9840,1342,2994,6,6,36,corrected
246,9840,1349,2991,7,7,49,corrected
246,9840,1357,2990,6,9,54,corrected
246,9840,1358,2982,7,6,42,corrected
246,9840,1384,2983,6,6,36,corrected
246,9840,1402,2987,6,5,30,corrected
246,9840,1415,2983,6,7,42,corrected
246,9840,1458,2990,5,7,35,corrected
246,9840,1435,2983,8,8,64,corrected
247,9880,1661,3192,14,10,140,corrected
247,9880,1033,2986,9,7,63,corrected
247,9880,1137,2984,6,6,36,corrected
247,9880,1054,2987,9,6,54,corrected
247,9880,1085,2982,7,7,49,corrected
247,9880,1102,2983,7,7,49,corrected
247,9880,1111,2982,17,10,170,corrected
247,9880,1161,2981,11,9,99,corrected
247,9880,1190,2982,7,7,49,corrected
247,9880,1218,2979,11,10,110,corrected
247,9880,1238,2983,7,9,63,corrected
247,9880,1252,2983,6,6,36,corrected
247,9880,1268,2986,7,5,35,corrected
247,9880,1298,2987,10,8,80,corrected
247,9880,1314,2990,8,6,48,corrected
247,9880,1326,2991,5,5,25,corrected
247,9880,1342,2989,7,8,56,corrected
247,9880,1335,2992,8,6,48,corrected
247,9880,1351,2989,6,10,60,corrected
247,9880,1352,2980,7,9,63,corrected
247,9880,1377,2982,8,6,48,corrected
247,9880,1395,2985,6,6,36,corrected
247,9880,1409,2982,7,8,56,corrected
247,9880,1450,2986,8,10,80,corrected
247,9880,1428,2984,11,8,88,corrected
248,9920,1663,3189,10,8,80,corrected
248,9920,1027,2987,7,8,56,corrected
248,9920,1131,2982,6,8,48,corrected
248,9920,1077,2978,8,9,72,corrected
248,9920,1049,2986,8,7,56,corrected
248,9920,1097,2985,6,6,36,corrected
248,9920,1105,2983,16,9,144,corrected
248,9920,1157,2979,8,10,80,corrected
248,9920,1184,2981,8,6,48,corrected
248,9920,1213,2982,8,7,56,corrected
248,9920,1234,2983,5,9,45,corrected
248,9920,1246,2982,7,7,49,corrected
248,9920,1262,2986,7,7,49,corrected
248,9920,1294,2985,9,7,63,corrected
248,9920,1310,2987,8,9,72,corrected
248,9920,1319,2989,6,6,36,corrected
248,9920,1337,2991,7,8,56,corrected
248,9920,1330,2991,7,8,56,corrected
248,9920,1346,2991,6,9,54,corrected
248,9920,1346,2981,6,8,48,corrected
248,9920,1370,2983,8,5,40,corrected
248,9920,1389,2986,7,7,49,corrected
248,9920,1403,2979,5,8,40,corrected
248,9920,1445,2989,7,7,49,corrected
248,9920,1423,2982,9,10,90,corrected
249,9960,1666,3183,14,11,154,corrected
249,9960,1022,2985,5,8,40,corrected
249,9960,1151,2981,10,8,80,corrected
249,9960,1072,2978,7,10,70,corrected
249,9960,1041,2987,11,7,77,corrected
249,9960,1090,2986,7,5,35,corrected
249,9960,1098,2982,16,9,144,corrected
249,9960,1178,2979,6,9,54,corrected
249,9960,1206,2982,12,11,132,corrected
249,9960,1228,2981,4,6,24,corrected
249,9960,1239,2984,8,8,64,corrected
249,9960,1257,2985,7,6,42,corrected
249,9960,1286,2985,11,8,88,corrected
249,9960,1304,2986,7,6,42,corrected
249,9960,1312,2990,7,5,35,corrected
249,9960,1323,2992,8,7,56,corrected
249,9960,1330,2991,7,8,56,corrected
249,9960,1340,2990,5,8,40,corrected
249,9960,1339,2982,9,6,54,corrected
249,9960,1365,2983,7,5,35,corrected
249,9960,1384,2985,6,7,42,corrected
249,9960,1396,2979,7,8,56,corrected
249,9960,1438,2989,7,7,49,corrected
249,9960,1417,2980,8,9,72,corrected
250,10000,1665,3179,16,15,240,corrected
250,10000,1015,2985,6,7,42,corrected
250,10000,1119,2984,6,7,42,corrected
250,10000,1066,2982,7,7,49,corrected
250,10000,1035,2987,8,7,56,corrected
250,10000,1084,2982,6,9,54,corrected
250,10000,1093,2983,16,8,128,corrected
250,10000,1143,2981,10,9,90,corrected
250,10000,1200,2980,10,9,90,corrected
250,10000,1172,2979,7,8,56,corrected
250,10000,1220,2980,6,7,42,corrected
250,10000,1233,2982,8,7,56,corrected
250,10000,1251,2983,5,6,30,corrected
250,10000,1279,2986,11,7,77,corrected
250,10000,1298,2986,7,7,49,corrected
250,10000,1306,2990,7,6,42,corrected
250,10000,1318,2992,7,6,42,corrected
250,10000,1325,2990,7,6,42,corrected
250,10000,1335,2990,5,7,35,corrected
250,10000,1334,2978,6,8,48,corrected
250,10000,1358,2979,9,8,72,corrected
250,10000,1377,2983,7,6,42,corrected
250,10000,1391,2979,6,8,48,corrected
250,10000,1432,2987,8,6,48,corrected
250,10000,1411,2980,8,8,64,corrected
251,10040,1009,2988,4,4,16,corrected
251,10040,1112,2984,6,7,42,corrected
251,10040,1139,2982,7,7,49,corrected
251,10040,1659,3182,21,8,168,corrected
251,10040,1030,2987,8,7,56,corrected
251,10040,1058,2982,9,7,63,corrected
251,10040,1078,2983,6,8,48,corrected
251,10040,1087,2983,17,10,170,corrected
251,10040,1195,2979,9,10,90,corrected
251,10040,1165,2980,7,9,63,corrected
251,10040,1214,2982,6,8,48,corrected
251,10040,1228,2980,8,9,72,corrected
251,10040,1245,2983,5,7,35,corrected
251,10040,1272,2986,12,7,84,corrected
251,10040,1291,2988,6,6,36,corrected
251,10040,1300,2988,7,4,28,corrected
251,10040,1313,2989,6,7,42,corrected
251,10040,1318,2988,8,7,56,corrected
251,10040,1327,2991,7,6,42,corrected
251,10040,1327,2978,8,10,80,corrected
251,10040,1352,2979,8,8,64,corrected
251,10040,1369,2983,8,6,48,corrected
251,10040,1384,2980,8,7,56,corrected
251,10040,1425,2982,7,10,70,corrected
251,10040,1405,2981,9,6,54,corrected
252,10080,1662,3180,19,12,228,corrected
252,10080,999,2986,12,7,84,corrected
252,10080,1130,2981,10,9,90,corrected
252,10080,1025,2986,7,7,49,corrected
252,10080,1053,2980,8,7,56,corrected
252,10080,1070,2986,8,7,56,corrected
252,10080,1082,2982,15,9,135,corrected
252,10080,1105,2983,7,7,49,corrected
252,10080,1188,2980,10,9,90,corrected
252,10080,1158,2980,8,8,64,corrected
252,10080,1221,2981,8,7,56,corrected
252,10080,1209,2981,6,7,42,corrected
252,10080,1238,2984,5,7,35,corrected
252,10080,1269,2983,10,7,70,corrected
252,10080,1286,2986,6,6,36,corrected
252,10080,1295,2987,7,6,42,corrected
252,10080,1313,2988,7,7,49,corrected
252,10080,1307,2990,5,6,30,corrected
252,10080,1321,2991,8,6,48,corrected
252,10080,1321,2981,7,7,49,corrected
252,10080,1347,2980,5,8,40,corrected
252,10080,1365,2985,6,5,30,corrected
252,10080,1379,2977,6,8,48,corrected
252,10080,1420,2983,6,9,54,corrected
252,10080,1400,2981,7,7,49,corrected
253,10120,1667,3177,10,6,60,corrected
253,10120,992,2985,12,8,96,corrected
253,10120,1096,2983,9,9,81,corrected
253,10120,1046,2978,7,11,77,corrected
253,10120,1018,2987,7,6,42,corrected
253,10120,1064,2985,8,7,56,corrected
253,10120,1075,2982,15,9,135,corrected
253,10120,1123,2982,11,8,88,corrected
253,10120,1182,2981,8,9,72,corrected
253,10120,1151,2979,9,7,63,corrected
253,10120,1202,2979,6,7,42,corrected
253,10120,1213,2981,9,8,72,corrected
253,10120,1233,2982,6,7,42,corrected
253,10120,1261,2982,10,7,70,corrected
253,10120,1280,2982,7,8,56,corrected
253,10120,1288,2987,7,5,35,corrected
253,10120,1305,2988,8,8,64,corrected
253,10120,1298,2991,9,6,54,corrected
253,10120,1315,2987,7,8,56,corrected
253,10120,1316,2979,7,6,42,corrected
253,10120,1341,2980,6,7,42,corrected
253,10120,1358,2982,8,7,56,corrected
253,10120,1373,2976,7,8,56,corrected
253,10120,1411,2985,11,8,88,corrected
253,10120,1392,2979,9,7,63,corrected
254,10160,1671,3174,9,6,54,corrected
254,10160,989,2983,7,11,77,corrected
254,10160,1118,2980,11,11,121,corrected
254,10160,1038,2982,9,7,63,corrected
254,10160,1008,2988,10,8,80,corrected
254,10160,1058,2984,7,7,49,corrected
254,10160,1067,2983,14,9,126,corrected
254,10160,1090,2985,9,7,63,corrected
254,10160,1176,2980,9,9,81,corrected
254,10160,1145,2978,8,9,72,corrected
254,10160,1196,2979,6,7,42,corrected
254,10160,1209,2981,8,6,48,corrected
254,10160,1227,2979,5,9,45,corrected
254,10160,1256,2984,10,9,90,corrected
254,10160,1274,2985,7,6,42,corrected
254,10160,1282,2987,7,5,35,corrected
254,10160,1292,2990,9,5,45,corrected
254,10160,1300,2987,8,6,48,corrected
254,10160,1310,2986,7,8,56,corrected
254,10160,1310,2975,7,9,63,corrected
254,10160,1334,2978,7,7,49,corrected
254,10160,1351,2982,6,5,30,corrected
254,10160,1366,2977,8,8,64,corrected
254,10160,1406,2983,10,8,80,corrected
254,10160,1387,2977,8,8,64,corrected
255,10200,1670,3171,12,8,96,corrected
255,10200,982,2985,6,7,42,corrected
255,10200,1084,2986,10,6,60,corrected
255,10200,1032,2982,9,7,63,corrected
255,10200,1004,2987,8,6,48,corrected
255,10200,1052,2983,7,8,56,corrected
255,10200,1062,2983,15,9,135,corrected
255,10200,1112,2983,10,6,60,corrected
255,10200,1170,2978,7,10,70,corrected
255,10200,1136,2979,11,9,99,corrected
255,10200,1188,2981,7,6,42,corrected
255,10200,1202,2979,10,6,60,corrected
255,10200,1220,2983,6,5,30,corrected
255,10200,1250,2984,10,8,80,corrected
255,10200,1268,2985,6,8,48,corrected
255,10200,1277,2985,7,6,42,corrected
255,10200,1288,2987,7,8,56,corrected
255,10200,1294,2986,8,7,56,corrected
255,10200,1303,2990,8,6,48,corrected
255,10200,1329,2978,6,7,42,corrected
255,10200,1346,2980,7,7,49,corrected
255,10200,1360,2978,9,6,54,corrected
255,10200,1400,2982,8,7,56,corrected
255,10200,1382,2979,6,6,36,corrected
256,10240,1673,3170,11,5,55,corrected
256,10240,976,2987,6,7,42,corrected
256,10240,1078,2982,8,8,64,corrected
256,10240,1026,2980,9,8,72,corrected
256,10240,998,2984,7,9,63,corrected
256,10240,1043,2984,10,9,90,corrected
256,10240,1054,2981,15,10,150,corrected
256,10240,1105,2982,9,6,54,corrected
256,10240,1162,2978,11,7,77,corrected
256,10240,1133,2980,7,7,49,corrected
256,10240,1184,2980,6,6,36,corrected
256,10240,1197,2978,9,6,54,corrected
256,10240,1215,2983,5,5,25,corrected
256,10240,1245,2981,9,7,63,corrected
256,10240,1261,2983,7,7,49,corrected
256,10240,1270,2983,8,6,48,corrected
256,10240,1281,2989,7,5,35,corrected
256,10240,1290,2987,6,6,36,corrected
256,10240,1298,2988,6,6,36,corrected
256,10240,1295,2977,9,8,72,corrected
256,10240,1324,2980,5,6,30,corrected
256,10240,1341,2981,6,7,42,corrected
256,10240,1355,2976,8,9,72,corrected
256,10240,1375,2978,8,6,48,corrected
257,10280,1667,3168,17,6,102,corrected
257,10280,968,2984,8,9,72,corrected
257,10280,1021,2977,8,11,88,corrected
257,10280,991,2986,8,7,56,corrected
257,10280,1039,2985,8,8,64,corrected
257,10280,1049,2982,14,10,140,corrected
257,10280,1072,2984,7,9,63,corrected
257,10280,1098,2981,10,8,80,corrected
257,10280,1157,2981,9,8,72,corrected
257,10280,1126,2978,8,9,72,corrected
257,10280,1177,2979,7,5,35,corrected
257,10280,1189,2980,10,7,70,corrected
257,10280,1208,2981,6,6,36,corrected
257,10280,1238,2983,9,6,54,corrected
257,10280,1256,2981,7,7,49,corrected
257,10280,1283,2987,7,6,42,corrected
257,10280,1274,2988,8,7,56,corrected
257,10280,1292,2986,8,8,64,corrected
257,10280,1290,2975,8,9,72,corrected
257,10280,1314,2979,10,7,70,corrected
257,10280,1333,2981,7,7,49,corrected
257,10280,1349,2974,7,8,56,corrected
257,10280,1387,2983,7,6,42,corrected
257,10280,1369,2976,8,8,64,corrected
258,10320,1668,3166,17,5,85,corrected
258,10320,963,2984,6,8,48,corrected
258,10320,1094,2981,8,11,88,corrected
258,10320,1015,2982,6,7,42,corrected
258,10320,984,2988,10,7,70,corrected
258,10320,1032,2983,9,8,72,corrected
258,10320,1042,2983,14,10,140,corrected
258,10320,1065,2985,8,7,56,corrected
258,10320,1152,2981,8,8,64,corrected
258,10320,1119,2977,8,10,80,corrected
258,10320,1170,2979,8,6,48,corrected
258,10320,1185,2978,9,8,72,corrected
258,10320,1202,2980,7,6,42,corrected
258,10320,1231,2983,9,7,63,corrected
258,10320,1249,2984,7,5,35,corrected
258,10320,1258,2984,8,7,56,corrected
258,10320,1277,2986,8,6,48,corrected
258,10320,1268,2988,10,5,50,corrected
258,10320,1287,2986,5,7,35,corrected
258,10320,1286,2973,7,11,77,corrected
258,10320,1310,2977,7,7,49,corrected
258,10320,1327,2978,7,7,49,corrected
258,10320,1343,2975,8,9,72,corrected
258,10320,1383,2982,5,6,30,corrected
258,10320,1364,2976,7,7,49,corrected
259,10360,1671,3163,15,5,75,corrected
259,10360,953,2984,10,8,80,corrected
259,10360,1006,2978,11,11,121,corrected
259,10360,978,2986,9,8,72,corrected
259,10360,1026,2984,7,7,49,corrected
259,10360,1034,2982,16,11,176,corrected
259,10360,1059,2985,8,7,56,corrected
259,10360,1087,2983,10,7,70,corrected
259,10360,1146,2978,7,7,49,corrected
259,10360,1112,2978,8,8,64,corrected
259,10360,1164,2980,8,5,40,corrected
259,10360,1180,2977,9,8,72,corrected
259,10360,1196,2979,7,6,42,corrected
259,10360,1226,2982,8,8,64,corrected
259,10360,1243,2983,6,6,36,corrected
259,10360,1253,2983,7,6,42,corrected
259,10360,1262,2986,9,6,54,corrected
259,10360,1272,2985,6,5,30,corrected
259,10360,1279,2988,8,5,40,corrected
259,10360,1304,2976,8,8,64,corrected
259,10360,1322,2978,6,6,36,corrected
259,10360,1335,2976,10,9,90,corrected
259,10360,1376,2979,6,6,36,corrected
259,10360,1357,2975,7,7,49,corrected
260,10400,1672,3161,17,6,102,corrected
260,10400,946,2985,10,10,100,corrected
260,10400,1081,2981,8,9,72,corrected
260,10400,1001,2978,9,10,90,corrected
260,10400,970,2985,10,8,80,corrected
260,10400,1018,2985,7,8,56,corrected
260,10400,1028,2980,16,12,192,corrected
260,10400,1054,2983,7,9,63,corrected
260,10400,1140,2979,7,7,49,corrected
260,10400,1106,2979,9,9,81,corrected
260,10400,1158,2980,7,5,35,corrected
260,10400,1174,2978,9,6,54,corrected
260,10400,1190,2981,6,5,30,corrected
260,10400,1222,2979,8,8,64,corrected
260,10400,1237,2980,8,8,64,corrected
260,10400,1247,2982,6,5,30,corrected
260,10400,1266,2986,6,6,36,corrected
260,10400,1259,2987,6,6,36,corrected
260,10400,1273,2987,8,5,40,corrected
260,10400,1271,2977,10,8,80,corrected
260,10400,1298,2977,7,9,63,corrected
260,10400,1315,2979,7,7,49,corrected
260,10400,1330,2975,9,8,72,corrected
260,10400,1369,2979,6,5,30,corrected
260,10400,1351,2976,5,7,35,corrected
261,10440,1673,3159,16,5,80,corrected
261,10440,943,2986,6,6,36,corrected
261,10440,1075,2981,9,10,90,corrected
261,10440,994,2978,10,9,90,corrected
261,10440,961,2986,13,7,91,corrected
261,10440,1012,2986,7,6,42,corrected
261,10440,1022,2982,15,10,150,corrected
261,10440,1046,2985,7,8,56,corrected
261,10440,1099,2980,9,6,54,corrected
261,10440,1132,2979,9,8,72,corrected
261,10440,1154,2978,6,6,36,corrected
261,10440,1168,2978,9,8,72,corrected
261,10440,1184,2980,6,6,36,corrected
261,10440,1215,2979,7,9,63,corrected
261,10440,1231,2979,7,8,56,corrected
261,10440,1240,2982,6,5,30,corrected
261,10440,1259,2986,6,7,42,corrected
261,10440,1252,2987,6,7,42,corrected
261,10440,1268,2984,7,6,42,corrected
261,10440,1265,2974,10,8,80,corrected
261,10440,1292,2978,8,6,48,corrected
261,10440,1310,2979,6,6,36,corrected
261,10440,1324,2972,9,10,90,corrected
261,10440,1363,2980,7,5,35,corrected
261,10440,1345,2976,7,6,42,corrected
262,10480,1673,3157,17,5,85,corrected
262,10480,934,2984,12,8,96,corrected
262,10480,1067,2981,10,11,110,corrected
262,10480,957,2987,11,9,99,corrected
262,10480,989,2980,8,7,56,corrected
262,10480,1006,2985,7,5,35,corrected
262,10480,1015,2983,15,11,165,corrected
262,10480,1039,2987,9,6,54,corrected
262,10480,1126,2979,8,7,56,corrected
262,10480,1094,2979,7,6,42,corrected
262,10480,1161,2977,9,8,72,corrected
262,10480,1146,2977,6,7,42,corrected
262,10480,1178,2978,6,7,42,corrected
262,10480,1207,2980,10,8,80,corrected
262,10480,1225,2983,7,5,35,corrected
262,10480,1234,2982,7,6,42,corrected
262,10480,1247,2986,5,6,30,corrected
262,10480,1253,2984,6,6,36,corrected
262,10480,1261,2982,8,9,72,corrected
262,10480,1259,2974,10,8,80,corrected
262,10480,1286,2975,7,7,49,corrected
262,10480,1303,2976,6,7,42,corrected
262,10480,1317,2974,13,7,91,corrected
262,10480,1356,2980,7,4,28,corrected
262,10480,1338,2975,8,6,48,corrected
263,10520,1674,3154,17,5,85,corrected
263,10520,1062,2983,8,9,72,corrected
263,10520,929,2986,9,7,63,corrected
263,10520,951,2986,9,7,63,corrected
263,10520,983,2982,8,7,56,corrected
263,10520,1000,2984,7,8,56,corrected
263,10520,1009,2983,16,10,160,corrected
263,10520,1033,2985,8,9,72,corrected
263,10520,1119,2978,9,7,63,corrected
263,10520,1086,2981,8,5,40,corrected
263,10520,1140,2979,6,6,36,corrected
263,10520,1156,2975,8,8,64,corrected
263,10520,1172,2978,6,6,36,corrected
263,10520,1201,2980,9,8,72,corrected
263,10520,1228,2982,7,5,35,corrected
263,10520,1219,2982,5,6,30,corrected
263,10520,1240,2984,6,7,42,corrected
263,10520,1247,2982,6,6,36,corrected
263,10520,1255,2985,8,7,56,corrected
263,10520,1281,2975,7,7,49,corrected
263,10520,1296,2976,8,7,56,corrected
263,10520,1312,2975,9,9,81,corrected
263,10520,1351,2977,7,6,42,corrected
263,10520,1333,2975,7,6,42,corrected
264,10560,1675,3153,17,5,85,corrected
264,10560,1025,2984,9,8,72,corrected
264,10560,922,2986,8,9,72,corrected
264,10560,978,2982,8,7,56,corrected
264,10560,946,2987,8,6,48,corrected
264,10560,993,2987,7,5,35,corrected
264,10560,1002,2981,16,11,176,corrected
264,10560,1055,2982,9,8,72,corrected
264,10560,1113,2977,9,8,72,corrected
264,10560,1081,2981,7,8,56,corrected
264,10560,1134,2980,7,5,35,corrected
264,10560,1150,2976,9,8,72,corrected
264,10560,1167,2979,5,5,25,corrected
264,10560,1197,2979,7,7,49,corrected
264,10560,1214,2980,5,6,30,corrected
264,10560,1221,2979,8,6,48,corrected
264,10560,1234,2983,7,7,49,corrected
264,10560,1251,2985,5,4,20,corrected
264,10560,1247,2976,8,7,56,corrected
264,10560,1274,2976,7,8,56,corrected
264,10560,1292,2978,5,6,30,corrected
264,10560,1307,2974,7,7,49,corrected
264,10560,1343,2975,9,8,72,corrected
264,10560,1327,2975,7,5,35,corrected
265,10600,1676,3149,18,6,108,corrected
265,10600,1020,2985,7,8,56,corrected
265,10600,1048,2982,9,9,81,corrected
265,10600,915,2986,9,7,63,corrected
265,10600,971,2978,7,10,70,corrected
265,10600,938,2986,8,7,56,corrected
265,10600,988,2987,4,6,24,corrected
265,10600,996,2982,16,10,160,corrected
265,10600,1105,2978,10,7,70,corrected
265,10600,1074,2980,8,7,56,corrected
265,10600,1142,2978,9,8,72,corrected
265,10600,1128,2978,6,5,30,corrected
265,10600,1160,2979,6,6,36,corrected
265,10600,1189,2979,8,5,40,corrected
265,10600,1216,2980,6,4,24,corrected
265,10600,1206,2978,7,9,63,corrected
265,10600,1227,2984,5,9,45,corrected
265,10600,1234,2985,7,6,42,corrected
265,10600,1243,2981,8,8,64,corrected
265,10600,1241,2974,8,7,56,corrected
265,10600,1269,2975,7,7,49,corrected
265,10600,1286,2977,5,6,30,corrected
265,10600,1301,2971,7,9,63,corrected
265,10600,1340,2976,5,6,30,corrected
265,10600,1322,2974,6,6,36,corrected
266,10640,1679,3148,17,5,85,corrected
266,10640,1013,2986,8,8,64,corrected
266,10640,910,2983,8,9,72,corrected
266,10640,964,2981,8,6,48,corrected
266,10640,931,2986,11,10,110,corrected
266,10640,981,2985,6,7,42,corrected
266,10640,990,2984,12,9,108,corrected
266,10640,1041,2985,9,6,54,corrected
266,10640,1100,2980,9,8,72,corrected
266,10640,1068,2979,7,7,49,corrected
266,10640,1123,2978,5,5,25,corrected
266,10640,1139,2975,7,8,56,corrected
266,10640,1154,2978,6,5,30,corrected
266,10640,1183,2979,10,7,70,corrected
266,10640,1201,2980,6,7,42,corrected
266,10640,1209,2979,8,8,64,corrected
266,10640,1222,2983,7,7,49,corrected
266,10640,1230,2983,6,6,36,corrected
266,10640,1239,2983,5,6,30,corrected
266,10640,1237,2973,9,7,63,corrected
266,10640,1262,2971,9,9,81,corrected
266,10640,1280,2975,7,6,42,corrected
266,10640,1296,2974,7,6,42,corrected
266,10640,1332,2977,8,7,56,corrected
266,10640,1314,2970,9,9,81,corrected
267,10680,1680,3145,16,5,80,corrected
267,10680,1008,2986,7,5,35,corrected
267,10680,1034,2982,10,9,90,corrected
267,10680,902,2986,7,6,42,corrected
267,10680,958,2982,8,8,64,corrected
267,10680,925,2987,9,6,54,corrected
267,10680,974,2987,6,4,24,corrected
267,10680,984,2983,14,9,126,corrected
267,10680,1095,2978,6,7,42,corrected
267,10680,1062,2981,6,6,36,corrected
267,10680,1132,2976,9,7,63,corrected
267,10680,1116,2979,5,6,30,corrected
267,10680,1148,2976,7,7,49,corrected
267,10680,1177,2978,9,7,63,corrected
267,10680,1195,2980,6,7,42,corrected
267,10680,1205,2980,7,6,42,corrected
267,10680,1223,2980,7,6,42,corrected
267,10680,1216,2981,6,7,42,corrected
267,10680,1231,2984,7,6,42,corrected
267,10680,1232,2974,7,6,42,corrected
267,10680,1255,2975,8,5,40,corrected
267,10680,1271,2972,8,9,72,corrected
267,10680,1288,2974,8,7,56,corrected
267,10680,1327,2976,8,7,56,corrected
267,10680,1308,2970,8,9,72,corrected
268,10720,1680,3143,20,5,100,corrected
268,10720,1001,2983,8,9,72,corrected
268,10720,893,2985,13,10,130,corrected
268,10720,918,2983,10,9,90,corrected
268,10720,953,2982,9,6,54,corrected
268,10720,968,2987,6,6,36,corrected
268,10720,978,2981,14,9,126,corrected
268,10720,1029,2983,10,7,70,corrected
268,10720,1055,2982,8,6,48,corrected
268,10720,1088,2979,7,5,35,corrected
268,10720,1110,2980,6,5,30,corrected
268,10720,1126,2976,9,9,81,corrected
268,10720,1143,2978,5,4,20,corrected
268,10720,1171,2976,8,7,56,corrected
268,10720,1188,2977,7,7,49,corrected
268,10720,1199,2977,7,7,49,corrected
268,10720,1209,2981,8,7,56,corrected
268,10720,1218,2982,6,6,36,corrected
268,10720,1226,2982,7,8,56,corrected
268,10720,1223,2974,10,6,60,corrected
268,10720,1250,2975,7,5,35,corrected
268,10720,1267,2975,7,6,42,corrected
268,10720,1282,2973,9,8,72,corrected
268,10720,1320,2973,7,9,63,corrected
268,10720,1302,2972,9,8,72,corrected
269,10760,1682,3141,18,5,90,corrected
269,10760,890,2984,7,7,49,corrected
269,10760,1022,2983,11,8,88,corrected
269,10760,945,2978,10,10,100,corrected
269,10760,911,2986,12,7,84,corrected
269,10760,961,2987,7,6,42,corrected
269,10760,971,2982,13,9,117,corrected
269,10760,994,2987,7,7,49,corrected
269,10760,1048,2981,9,7,63,corrected
269,10760,1084,2980,5,5,25,corrected
269,10760,1104,2979,6,4,24,corrected
269,10760,1119,2978,9,7,63,corrected
269,10760,1136,2978,6,7,42,corrected
269,10760,1165,2977,8,6,48,corrected
269,10760,1183,2978,6,6,36,corrected
269,10760,1193,2976,6,7,42,corrected
269,10760,1202,2982,8,7,56,corrected
269,10760,1211,2981,7,8,56,corrected
269,10760,1220,2981,7,7,49,corrected
269,10760,1217,2973,8,7,56,corrected
269,10760,1247,2975,6,5,30,corrected
269,10760,1260,2975,8,6,48,corrected
269,10760,1278,2971,6,9,54,corrected
269,10760,1314,2974,9,8,72,corrected
269,10760,1295,2973,10,7,70,corrected
270,10800,1683,3138,18,6,108,corrected
270,10800,883,2982,8,10,80,corrected
270,10800,988,2987,8,8,64,corrected
270,10800,905,2987,10,9,90,corrected
270,10800,955,2983,5,9,45,corrected
270,10800,962,2983,15,9,135,corrected
270,10800,1016,2985,8,9,72,corrected
270,10800,1041,2980,9,8,72,corrected
270,10800,1075,2980,9,8,72,corrected
270,10800,1099,2980,5,3,15,corrected
270,10800,1114,2976,8,6,48,corrected
270,10800,1131,2977,5,5,25,corrected
270,10800,1159,2977,9,8,72,corrected
270,10800,1175,2979,8,6,48,corrected
270,10800,1186,2978,6,6,36,corrected
270,10800,1199,2982,6,7,42,corrected
270,10800,1205,2979,7,8,56,corrected
270,10800,1215,2983,6,4,24,corrected
270,10800,1210,2970,10,10,100,corrected
270,10800,1240,2972,8,6,48,corrected
270,10800,1256,2975,5,5,25,corrected
270,10800,1272,2974,6,6,36,corrected
270,10800,1307,2975,9,6,54,corrected
270,10800,1290,2970,10,8,80,corrected
271,10840,1685,3137,18,6,108,corrected
271,10840,981,2988,8,5,40,corrected
271,10840,1009,2984,11,9,99,corrected
271,10840,877,2985,7,8,56,corrected
271,10840,934,2982,7,8,56,corrected
271,10840,900,2985,8,7,56,corrected
271,10840,946,2987,11,5,55,corrected
271,10840,958,2982,14,10,140,corrected
271,10840,1034,2982,9,5,45,corrected
271,10840,1069,2978,10,7,70,corrected
271,10840,1090,2979,8,5,40,corrected
271,10840,1108,2976,8,6,48,corrected
271,10840,1123,2975,7,6,42,corrected
271,10840,1155,2976,7,8,56,corrected
271,10840,1170,2977,7,7,49,corrected
271,10840,1180,2977,6,6,36,corrected
271,10840,1192,2979,7,7,49,corrected
271,10840,1200,2977,6,8,48,corrected
271,10840,1208,2983,8,5,40,corrected
271,10840,1206,2970,9,7,63,corrected
271,10840,1235,2973,5,5,25,corrected
271,10840,1249,2971,6,7,42,corrected
271,10840,1266,2973,6,8,48,corrected
271,10840,1302,2974,9,8,72,corrected
271,10840,1284,2970,8,7,56,corrected
272,10880,1686,3134,18,7,126,corrected
272,10880,1003,2984,10,8,80,corrected
272,10880,869,2986,8,7,56,corrected
272,10880,928,2982,8,8,64,corrected
272,10880,893,2983,7,8,56,corrected
272,10880,941,2987,9,9,81,corrected
272,10880,950,2982,15,9,135,corrected
272,10880,975,2984,7,7,49,corrected
272,10880,1063,2978,8,7,56,corrected
272,10880,1028,2983,9,5,45,corrected
272,10880,1087,2979,5,6,30,corrected
272,10880,1102,2976,10,8,80,corrected
272,10880,1119,2976,5,5,25,corrected
272,10880,1148,2975,7,7,49,corrected
272,10880,1164,2976,7,7,49,corrected
272,10880,1175,2976,6,5,30,corrected
272,10880,1186,2980,6,6,36,corrected
272,10880,1192,2978,8,6,48,corrected
272,10880,1203,2979,6,8,48,corrected
272,10880,1197,2969,13,9,117,corrected
272,10880,1227,2974,9,7,63,corrected
272,10880,1245,2974,5,5,25,corrected
272,10880,1262,2969,5,7,35,corrected
272,10880,1297,2972,7,7,49,corrected
272,10880,1279,2971,8,7,56,corrected
273,10920,1686,3132,19,7,133,corrected
273,10920,969,2986,8,7,56,corrected
273,10920,864,2984,7,7,49,corrected
273,10920,922,2978,7,10,70,corrected
273,10920,887,2986,9,7,63,corrected
273,10920,934,2986,9,6,54,corrected
273,10920,945,2982,14,9,126,corrected
273,10920,997,2985,9,6,54,corrected
273,10920,1022,2982,9,7,63,corrected
273,10920,1080,2978,7,6,42,corrected
273,10920,1095,2976,10,8,80,corrected
273,10920,1111,2977,8,7,56,corrected
273,10920,1141,2974,7,8,56,corrected
273,10920,1158,2976,6,6,36,corrected
273,10920,1168,2974,6,6,36,corrected
273,10920,1180,2981,7,6,42,corrected
273,10920,1188,2980,6,8,48,corrected
273,10920,1195,2979,8,7,56,corrected
273,10920,1195,2970,8,7,56,corrected
273,10920,1223,2972,5,7,35,corrected
273,10920,1237,2974,8,6,48,corrected
273,10920,1255,2967,7,11,77,corrected
273,10920,1289,2970,7,8,56,corrected
273,10920,1271,2970,9,9,81,corrected
274,10960,1687,3128,19,10,190,corrected
274,10960,991,2984,10,11,110,corrected
274,10960,858,2983,8,7,56,corrected
274,10960,916,2979,6,9,54,corrected
274,10960,879,2986,9,6,54,corrected
274,10960,928,2983,7,9,63,corrected
274,10960,938,2983,14,9,126,corrected
274,10960,962,2987,7,7,49,corrected
274,10960,1050,2981,7,7,49,corrected
274,10960,1017,2979,7,10,70,corrected
274,10960,1074,2978,6,6,36,corrected
274,10960,1089,2976,9,8,72,corrected
274,10960,1104,2976,9,6,54,corrected
274,10960,1136,2975,8,8,64,corrected
274,10960,1150,2977,7,6,42,corrected
274,10960,1162,2975,6,6,36,corrected
274,10960,1174,2979,6,7,42,corrected
274,10960,1181,2978,7,6,42,corrected
274,10960,1191,2982,6,5,30,corrected
274,10960,1189,2970,9,7,63,corrected
274,10960,1216,2968,8,8,64,corrected
274,10960,1231,2973,8,5,40,corrected
274,10960,1247,2972,9,9,81,corrected
274,10960,1283,2972,11,5,55,corrected
274,10960,1265,2969,9,7,63,corrected
275,11000,1689,3127,19,9,171,corrected
275,11000,982,2986,11,6,66,corrected
275,11000,850,2986,7,6,42,corrected
275,11000,905,2983,12,7,84,corrected
275,11000,874,2986,8,6,48,corrected
275,11000,921,2984,8,7,56,corrected
275,11000,932,2983,14,9,126,corrected
275,11000,956,2986,7,7,49,corrected
275,11000,1007,2982,9,6,54,corrected
275,11000,1041,2981,10,7,70,corrected
275,11000,1067,2980,5,5,25,corrected
275,11000,1084,2976,8,8,64,corrected
275,11000,1099,2975,8,6,48,corrected
275,11000,1130,2976,8,7,56,corrected
275,11000,1145,2976,8,8,64,corrected
275,11000,1156,2975,7,7,49,corrected
275,11000,1168,2978,6,7,42,corrected
275,11000,1174,2976,8,7,56,corrected
275,11000,1183,2981,7,7,49,corrected
275,11000,1184,2971,9,6,54,corrected
275,11000,1210,2969,6,8,48,corrected
275,11000,1225,2971,7,7,49,corrected
275,11000,1241,2972,10,9,90,corrected
275,11000,1277,2971,8,10,80,corrected
275,11000,1263,2969,5,7,35,corrected
276,11040,1691,3124,19,9,171,corrected
276,11040,949,2983,8,10,80,corrected
276,11040,843,2983,9,9,81,corrected
276,11040,907,2982,6,7,42,corrected
276,11040,867,2982,9,9,81,corrected
276,11040,916,2986,7,7,49,corrected
276,11040,926,2982,14,9,126,corrected
276,11040,975,2984,12,7,84,corrected
276,11040,1002,2983,10,10,100,corrected
276,11040,1037,2978,7,8,56,corrected
276,11040,1061,2980,6,5,30,corrected
276,11040,1077,2978,9,8,72,corrected
276,11040,1093,2975,7,5,35,corrected
276,11040,1124,2974,6,8,48,corrected
276,11040,1140,2975,7,7,49,corrected
276,11040,1150,2974,6,6,36,corrected
276,11040,1161,2978,6,5,30,corrected
276,11040,1170,2978,6,6,36,corrected
276,11040,1178,2980,7,5,35,corrected
276,11040,1175,2971,9,8,72,corrected
276,11040,1203,2970,8,11,88,corrected
276,11040,1220,2972,6,6,36,corrected
276,11040,1237,2968,8,8,64,corrected
276,11040,1272,2970,8,7,56,corrected
276,11040,1255,2970,9,6,54,corrected
277,11080,1691,3122,21,10,210,corrected
277,11080,942,2986,11,7,77,corrected
277,11080,837,2984,9,8,72,corrected
277,11080,898,2978,8,12,96,corrected
277,11080,862,2985,7,6,42,corrected
277,11080,909,2986,8,7,56,corrected
277,11080,918,2983,17,11,187,corrected
277,11080,970,2987,10,5,50,corrected
277,11080,995,2983,13,6,78,corrected
277,11080,1030,2980,9,7,63,corrected
277,11080,1055,2979,5,4,20,corrected
277,11080,1072,2977,9,7,63,corrected
277,11080,1087,2976,9,8,72,corrected
277,11080,1116,2974,9,7,63,corrected
277,11080,1131,2975,9,7,63,corrected
277,11080,1144,2972,7,8,56,corrected
277,11080,1155,2979,7,6,42,corrected
277,11080,1164,2979,6,8,48,corrected
277,11080,1173,2978,7,7,49,corrected
277,11080,1170,2971,11,6,66,corrected
277,11080,1199,2971,9,5,45,corrected
277,11080,1214,2972,7,8,56,corrected
277,11080,1229,2968,10,7,70,corrected
277,11080,1265,2968,11,9,99,corrected
277,11080,1248,2971,9,7,63,corrected
278,11120,1693,3122,19,7,133,corrected
278,11120,831,2983,8,10,80,corrected
278,11120,854,2988,7,4,28,corrected
278,11120,903,2981,7,11,77,corrected
278,11120,911,2985,15,9,135,corrected
278,11120,966,2987,8,6,48,corrected
278,11120,934,2986,10,7,70,corrected
278,11120,1023,2982,9,6,54,corrected
278,11120,991,2983,7,6,42,corrected
278,11120,1048,2979,6,5,30,corrected
278,11120,1065,2976,9,8,72,corrected
278,11120,1081,2976,7,8,56,corrected
278,11120,1110,2975,9,8,72,corrected
278,11120,1127,2978,6,6,36,corrected
278,11120,1138,2974,8,7,56,corrected
278,11120,1149,2980,7,6,42,corrected
278,11120,1157,2978,7,5,35,corrected
278,11120,1166,2981,8,5,40,corrected
278,11120,1165,2970,9,7,63,corrected
278,11120,1191,2968,9,8,72,corrected
278,11120,1207,2972,9,7,63,corrected
278,11120,1222,2970,11,7,77,corrected
278,11120,1260,2969,10,8,80,corrected
278,11120,1244,2971,8,6,48,corrected
279,11160,1694,3119,18,9,162,corrected
279,11160,928,2984,10,8,80,corrected
279,11160,826,2986,6,6,36,corrected
279,11160,882,2982,11,11,121,corrected
279,11160,846,2985,10,8,80,corrected
279,11160,905,2983,15,10,150,corrected
279,11160,958,2986,9,6,54,corrected
279,11160,1019,2981,8,7,56,corrected
279,11160,983,2983,10,5,50,corrected
279,11160,1044,2980,5,5,25,corrected
279,11160,1059,2977,9,6,54,corrected
279,11160,1075,2974,8,8,64,corrected
279,11160,1105,2976,9,7,63,corrected
279,11160,1120,2976,7,7,49,corrected
279,11160,1132,2975,7,6,42,corrected
279,11160,1142,2979,7,6,42,corrected
279,11160,1151,2976,9,7,63,corrected
279,11160,1161,2981,7,6,42,corrected
279,11160,1161,2971,7,6,42,corrected
279,11160,1187,2971,8,5,40,corrected
279,11160,1201,2967,9,10,90,corrected
279,11160,1217,2969,11,8,88,corrected
279,11160,1254,2970,9,7,63,corrected
279,11160,1236,2968,9,7,63,corrected
280,11200,1695,3119,19,6,114,corrected
280,11200,922,2982,9,11,99,corrected
280,11200,818,2984,7,8,56,corrected
280,11200,878,2982,10,7,70,corrected
280,11200,842,2983,7,7,49,corrected
280,11200,889,2986,7,7,49,corrected
280,11200,899,2982,14,8,112,corrected
280,11200,950,2984,10,7,70,corrected
280,11200,977,2983,9,7,63,corrected
280,11200,1010,2979,11,9,99,corrected
280,11200,1036,2981,7,4,28,corrected
280,11200,1051,2978,10,6,60,corrected
280,11200,1068,2975,8,6,48,corrected
280,11200,1098,2974,10,7,70,corrected
280,11200,1114,2975,6,7,42,corrected
280,11200,1126,2974,8,6,48,corrected
280,11200,1137,2975,7,9,63,corrected
280,11200,1146,2977,8,7,56,corrected
280,11200,1155,2978,8,7,56,corrected
280,11200,1154,2968,8,9,72,corrected
280,11200,1182,2971,7,7,49,corrected
280,11200,1196,2971,7,9,63,corrected
280,11200,1214,2967,8,9,72,corrected
280,11200,1250,2969,7,9,63,corrected
280,11200,1231,2970,9,6,54,corrected
281,11240,1696,3117,18,6,108,corrected
281,11240,810,2982,9,9,81,corrected
281,11240,871,2982,11,8,88,corrected
281,11240,832,2983,12,7,84,corrected
281,11240,882,2986,10,6,60,corrected
281,11240,891,2983,15,8,120,corrected
281,11240,914,2985,10,7,70,corrected
281,11240,945,2987,8,4,32,corrected
281,11240,971,2983,8,6,48,corrected
281,11240,1004,2982,11,6,66,corrected
281,11240,1048,2978,9,7,63,corrected
281,11240,1029,2981,7,3,21,corrected
281,11240,1062,2976,8,8,64,corrected
281,11240,1089,2972,13,8,104,corrected
281,11240,1109,2975,6,6,36,corrected
281,11240,1121,2971,7,8,56,corrected
281,11240,1131,2978,5,6,30,corrected
281,11240,1139,2977,8,7,56,corrected
281,11240,1150,2977,6,6,36,corrected
281,11240,1147,2969,8,8,64,corrected
281,11240,1175,2968,9,7,63,corrected
281,11240,1190,2973,8,6,48,corrected
281,11240,1208,2968,9,8,72,corrected
281,11240,1245,2968,6,8,48,corrected
281,11240,1226,2970,8,6,48,corrected
282,11280,1697,3116,21,7,147,corrected
282,11280,805,2983,8,8,64,corrected
282,11280,870,2983,5,8,40,corrected
282,11280,826,2984,11,8,88,corrected
282,11280,877,2983,7,7,49,corrected
282,11280,885,2983,18,10,180,corrected
282,11280,909,2987,8,6,48,corrected
282,11280,939,2987,7,5,35,corrected
282,11280,966,2982,11,7,77,corrected
282,11280,997,2982,12,7,84,corrected
282,11280,1022,2979,8,5,40,corrected
282,11280,1040,2975,10,9,90,corrected
282,11280,1057,2976,7,8,56,corrected
282,11280,1083,2974,12,8,96,corrected
282,11280,1102,2975,6,7,42,corrected
282,11280,1116,2974,7,7,49,corrected
282,11280,1126,2978,6,6,36,corrected
282,11280,1133,2976,8,7,56,corrected
282,11280,1142,2968,10,7,70,corrected
282,11280,1170,2967,7,8,56,corrected
282,11280,1184,2970,8,8,64,corrected
282,11280,1203,2968,7,7,49,corrected
282,11280,1238,2967,7,9,63,corrected
282,11280,1220,2968,8,6,48,corrected
283,11320,1699,3114,19,8,152,corrected
283,11320,903,2986,8,7,56,corrected
283,11320,798,2984,9,8,72,corrected
283,11320,860,2986,9,7,63,corrected
283,11320,820,2983,12,8,96,corrected
283,11320,871,2985,8,7,56,corrected
283,11320,880,2984,14,8,112,corrected
283,11320,933,2986,7,5,35,corrected
283,11320,959,2984,9,4,36,corrected
283,11320,991,2983,12,5,60,corrected
283,11320,1035,2976,9,8,72,corrected
283,11320,1019,2979,5,5,25,corrected
283,11320,1051,2972,5,10,50,corrected
283,11320,1077,2974,11,8,88,corrected
283,11320,1096,2976,6,6,36,corrected
283,11320,1107,2976,6,6,36,corrected
283,11320,1128,2975,7,7,49,corrected
283,11320,1120,2977,6,6,36,corrected
283,11320,1136,2979,9,7,63,corrected
283,11320,1135,2970,9,6,54,corrected
283,11320,1164,2967,9,10,90,corrected
283,11320,1178,2968,7,7,49,corrected
283,11320,1196,2968,7,9,63,corrected
283,11320,1233,2969,8,7,56,corrected
283,11320,1214,2968,8,6,48,corrected
284,11360,1699,3113,20,8,160,corrected
284,11360,792,2983,9,8,72,corrected
284,11360,854,2983,8,9,72,corrected
284,11360,814,2982,11,6,66,corrected
284,11360,866,2986,14,6,84,corrected
284,11360,880,2984,8,8,64,corrected
284,11360,896,2983,9,8,72,corrected
284,11360,926,2984,9,8,72,corrected
284,11360,952,2985,9,6,54,corrected
284,11360,985,2981,10,8,80,corrected
284,11360,1010,2983,8,5,40,corrected
284,11360,1028,2978,10,9,90,corrected
284,11360,1043,2975,8,8,64,corrected
284,11360,1073,2975,9,6,54,corrected
284,11360,1090,2974,7,7,49,corrected
284,11360,1102,2975,8,6,48,corrected
284,11360,1114,2975,6,8,48,corrected
284,11360,1122,2976,7,7,49,corrected
284,11360,1131,2978,6,6,36,corrected
284,11360,1130,2969,8,7,56,corrected
284,11360,1158,2970,9,6,54,corrected
284,11360,1172,2970,8,8,64,corrected
284,11360,1192,2968,8,8,64,corrected
284,11360,1226,2968,8,9,72,corrected
284,11360,1208,2969,9,6,54,corrected
285,11400,1700,3112,20,9,180,corrected
285,11400,785,2980,9,9,81,corrected
285,11400,847,2982,10,8,80,corrected
285,11400,810,2984,7,5,35,corrected
285,11400,860,2984,13,9,117,corrected
285,11400,874,2984,8,8,64,corrected
285,11400,919,2987,9,5,45,corrected
285,11400,947,2984,8,6,48,corrected
285,11400,1007,2981,5,4,20,corrected
285,11400,1022,2978,9,8,72,corrected
285,11400,1038,2978,7,7,49,corrected
285,11400,1064,2973,11,8,88,corrected
285,11400,1083,2972,7,8,56,corrected
285,11400,1096,2971,6,9,54,corrected
285,11400,1107,2976,5,7,35,corrected
285,11400,1115,2977,7,7,49,corrected
285,11400,1125,2976,8,7,56,corrected
285,11400,1125,2968,8,7,56,corrected
285,11400,1153,2968,8,6,48,corrected
285,11400,1165,2968,10,9,90,corrected
285,11400,1186,2965,7,8,56,corrected
285,11400,1221,2967,8,7,56,corrected
285,11400,1202,2968,10,6,60,corrected
286,11440,1703,3110,19,9,171,corrected
286,11440,777,2981,9,8,72,corrected
286,11440,842,2984,7,9,63,corrected
286,11440,801,2983,8,9,72,corrected
286,11440,855,2983,11,10,110,corrected
286,11440,867,2984,7,9,63,corrected
286,11440,884,2986,7,7,49,corrected
286,11440,912,2987,10,7,70,corrected
286,11440,938,2982,11,7,77,corrected
286,11440,973,2984,11,8,88,corrected
286,11440,999,2980,6,5,30,corrected
286,11440,1016,2978,9,7,63,corrected
286,11440,1034,2978,5,5,25,corrected
286,11440,1061,2975,9,7,63,corrected
286,11440,1079,2975,5,6,30,corrected
286,11440,1090,2975,7,6,42,corrected
286,11440,1101,2976,8,8,64,corrected
286,11440,1110,2975,7,7,49,corrected
286,11440,1119,2978,8,7,56,corrected
286,11440,1119,2968,8,7,56,corrected
286,11440,1160,2968,9,6,54,corrected
286,11440,1181,2967,6,8,48,corrected
286,11440,1215,2967,8,6,48,corrected
286,11440,1197,2966,8,7,56,corrected
287,11480,1704,3109,19,9,171,corrected
287,11480,770,2982,10,10,100,corrected
287,11480,836,2984,8,8,64,corrected
287,11480,794,2983,9,9,81,corrected
287,11480,847,2983,13,9,117,corrected
287,11480,862,2982,8,12,96,corrected
287,11480,878,2986,7,7,49,corrected
287,11480,907,2987,8,5,40,corrected
287,11480,931,2983,10,5,50,corrected
287,11480,968,2983,8,5,40,corrected
287,11480,993,2983,5,2,10,corrected
287,11480,1011,2979,8,6,48,corrected
287,11480,1027,2972,6,10,60,corrected
287,11480,1054,2975,8,5,40,corrected
287,11480,1072,2975,6,6,36,corrected
287,11480,1083,2976,6,6,36,corrected
287,11480,1095,2974,7,8,56,corrected
287,11480,1103,2974,8,8,64,corrected
287,11480,1114,2978,6,7,42,corrected
287,11480,1115,2970,7,6,42,corrected
287,11480,1138,2970,10,6,60,corrected
287,11480,1154,2968,10,6,60,corrected
287,11480,1174,2968,7,7,49,corrected
287,11480,1209,2967,9,7,63,corrected
287,11480,1190,2966,10,8,80,corrected
288,11520,1704,3108,20,9,180,corrected
288,11520,766,2983,8,6,48,corrected
288,11520,830,2983,7,7,49,corrected
288,11520,790,2979,8,11,88,corrected
288,11520,837,2983,16,9,144,corrected
288,11520,855,2983,7,9,63,corrected
288,11520,871,2982,8,10,80,corrected
288,11520,899,2983,9,8,72,corrected
288,11520,927,2983,7,8,56,corrected
288,11520,960,2981,10,8,80,corrected
288,11520,985,2983,8,6,48,corrected
288,11520,1002,2980,13,8,104,corrected
288,11520,1021,2975,7,9,63,corrected
288,11520,1046,2971,12,10,120,corrected
288,11520,1066,2975,7,5,35,corrected
288,11520,1078,2975,6,5,30,corrected
288,11520,1087,2975,9,5,45,corrected
288,11520,1098,2976,8,8,64,corrected
288,11520,1108,2976,6,8,48,corrected
288,11520,1107,2967,9,9,81,corrected
288,11520,1135,2967,5,5,25,corrected
288,11520,1149,2970,9,7,63,corrected
288,11520,1168,2966,8,6,48,corrected
288,11520,1202,2967,8,10,80,corrected
288,11520,1184,2967,9,6,54,corrected
289,11560,1705,3108,19,9,171,corrected
289,11560,758,2979,10,9,90,corrected
289,11560,823,2982,8,9,72,corrected
289,11560,782,2983,10,6,60,corrected
289,11560,836,2982,9,10,90,corrected
289,11560,847,2986,9,6,54,corrected
289,11560,864,2982,8,11,88,corrected
289,11560,893,2983,10,9,90,corrected
289,11560,919,2983,9,6,54,corrected
289,11560,979,2981,7,6,42,corrected
289,11560,996,2979,11,6,66,corrected
289,11560,1012,2976,9,7,63,corrected
289,11560,1042,2971,9,9,81,corrected
289,11560,1059,2971,7,9,63,corrected
289,11560,1070,2972,8,9,72,corrected
289,11560,1083,2976,5,5,25,corrected
289,11560,1091,2976,8,7,56,corrected
289,11560,1101,2976,7,7,49,corrected
289,11560,1101,2965,9,10,90,corrected
289,11560,1131,2967,5,5,25,corrected
289,11560,1143,2969,9,5,45,corrected
289,11560,1162,2962,8,10,80,corrected
289,11560,1197,2967,8,9,72,corrected
289,11560,1180,2966,8,8,64,corrected
290,11600,1705,3107,21,10,210,corrected
290,11600,752,2979,9,8,72,corrected
290,11600,818,2983,8,10,80,corrected
290,11600,776,2982,8,9,72,corrected
290,11600,829,2982,12,9,108,corrected
290,11600,843,2983,6,8,48,corrected
290,11600,858,2987,8,8,64,corrected
290,11600,885,2983,11,9,99,corrected
290,11600,913,2983,7,5,35,corrected
290,11600,947,2983,11,9,99,corrected
290,11600,972,2979,8,7,56,corrected
290,11600,991,2977,9,7,63,corrected
290,11600,1007,2976,10,6,60,corrected
290,11600,1036,2974,11,7,77,corrected
290,11600,1054,2975,7,6,42,corrected
290,11600,1066,2974,8,6,48,corrected
290,11600,1077,2976,7,8,56,corrected
290,11600,1086,2976,6,6,36,corrected
290,11600,1095,2979,7,6,42,corrected
290,11600,1094,2966,9,9,81,corrected
290,11600,1138,2967,9,7,63,corrected
290,11600,1157,2967,8,7,56,corrected
290,11600,1191,2964,8,10,80,corrected
290,11600,1174,2963,7,10,70,corrected
291,11640,1706,3106,21,11,231,corrected
291,11640,746,2981,7,8,56,corrected
291,11640,812,2983,7,10,70,corrected
291,11640,771,2983,10,5,50,corrected
291,11640,822,2983,11,7,77,corrected
291,11640,835,2979,8,11,88,corrected
291,11640,855,2986,4,7,28,corrected
291,11640,879,2982,12,9,108,corrected
291,11640,907,2982,9,7,63,corrected
291,11640,941,2983,8,7,56,corrected
291,11640,986,2978,8,7,56,corrected
291,11640,964,2983,9,3,27,corrected
291,11640,1000,2975,8,7,56,corrected
291,11640,1030,2975,10,10,100,corrected
291,11640,1048,2975,7,8,56,corrected
291,11640,1058,2975,7,9,63,corrected
291,11640,1071,2974,5,8,40,corrected
291,11640,1078,2975,8,7,56,corrected
291,11640,1089,2979,7,6,42,corrected
291,11640,1090,2967,8,8,64,corrected
291,11640,1118,2968,7,8,56,corrected
291,11640,1132,2967,9,6,54,corrected
291,11640,1150,2966,8,8,64,corrected
291,11640,1167,2964,8,8,64,corrected
292,11680,1707,3106,20,10,200,corrected
292,11680,806,2981,7,11,77,corrected
292,11680,763,2979,8,9,72,corrected
292,11680,814,2982,11,10,110,corrected
292,11680,830,2982,7,9,63,corrected
292,11680,846,2979,6,12,72,corrected
292,11680,873,2984,7,8,56,corrected
292,11680,900,2984,8,9,72,corrected
292,11680,936,2983,9,8,72,corrected
292,11680,958,2983,8,6,48,corrected
292,11680,977,2980,10,7,70,corrected
292,11680,995,2978,9,5,45,corrected
292,11680,1023,2971,11,10,110,corrected
292,11680,1041,2971,7,10,70,corrected
292,11680,1053,2975,10,6,60,corrected
292,11680,1065,2971,7,10,70,corrected
292,11680,1075,2976,6,6,36,corrected
292,11680,1083,2976,7,8,56,corrected
292,11680,1084,2967,10,7,70,corrected
292,11680,1111,2967,9,5,45,corrected
292,11680,1127,2969,8,9,72,corrected
292,11680,1143,2967,9,5,45,corrected
292,11680,1180,2967,8,9,72,corrected
292,11680,1163,2967,8,6,48,corrected
293,11720,1707,3105,20,11,220,corrected
293,11720,799,2982,9,10,90,corrected
293,11720,757,2982,8,5,40,corrected
293,11720,809,2982,10,9,90,corrected
293,11720,824,2982,7,9,63,corrected
293,11720,840,2986,9,7,63,corrected
293,11720,866,2985,8,7,56,corrected
293,11720,894,2983,9,5,45,corrected
293,11720,929,2984,9,7,63,corrected
293,11720,953,2983,8,6,48,corrected
293,11720,973,2980,9,9,81,corrected
293,11720,987,2979,9,5,45,corrected
293,11720,1016,2972,11,9,99,corrected
293,11720,1034,2970,8,11,88,corrected
293,11720,1047,2973,7,7,49,corrected
293,11720,1058,2975,7,6,42,corrected
293,11720,1067,2977,6,6,36,corrected
293,11720,1076,2977,8,7,56,corrected
293,11720,1077,2964,11,9,99,corrected
293,11720,1105,2966,10,6,60,corrected
293,11720,1121,2970,8,5,40,corrected
293,11720,1137,2962,10,10,100,corrected
293,11720,1173,2967,9,9,81,corrected
293,11720,1156,2967,9,6,54,corrected
294,11760,1708,3105,20,10,200,corrected
294,11760,790,2986,11,8,88,corrected
294,11760,750,2982,8,7,56,corrected
294,11760,802,2981,9,8,72,corrected
294,11760,820,2983,7,8,56,corrected
294,11760,834,2984,7,8,56,corrected
294,11760,862,2984,7,7,49,corrected
294,11760,887,2979,9,10,90,corrected
294,11760,923,2984,8,6,48,corrected
294,11760,966,2978,11,8,88,corrected
294,11760,947,2980,7,7,49,corrected
294,11760,983,2977,8,6,48,corrected
294,11760,1010,2975,13,8,104,corrected
294,11760,1030,2975,7,8,56,corrected
294,11760,1042,2975,7,7,49,corrected
294,11760,1051,2974,9,11,99,corrected
294,11760,1062,2974,6,7,42,corrected
294,11760,1071,2978,6,7,42,corrected
294,11760,1071,2965,10,8,80,corrected
294,11760,1099,2966,10,9,90,corrected
294,11760,1114,2968,10,5,50,corrected
294,11760,1134,2965,7,10,70,corrected
294,11760,1169,2966,8,8,64,corrected
294,11760,1152,2963,7,9,63,corrected
295,11800,1708,3105,20,11,220,corrected
295,11800,722,2981,6,7,42,corrected
295,11800,785,2985,9,7,63,corrected
295,11800,746,2980,7,7,49,corrected
295,11800,796,2983,9,6,54,corrected
295,11800,811,2980,7,8,56,corrected
295,11800,829,2983,6,8,48,corrected
295,11800,854,2982,9,8,72,corrected
295,11800,917,2983,8,7,56,corrected
295,11800,880,2983,8,9,72,corrected
295,11800,961,2981,9,7,63,corrected
295,11800,977,2975,7,9,63,corrected
295,11800,1005,2975,12,11,132,corrected
295,11800,1022,2975,7,10,70,corrected
295,11800,1032,2975,10,9,90,corrected
295,11800,1045,2974,9,8,72,corrected
295,11800,1055,2974,8,8,64,corrected
295,11800,1065,2979,9,6,54,corrected
295,11800,1067,2966,8,10,80,corrected
295,11800,1094,2967,9,9,81,corrected
295,11800,1108,2967,6,6,36,corrected
295,11800,1127,2967,8,8,64,corrected
295,11800,1162,2963,8,11,88,corrected
295,11800,1146,2964,8,8,64,corrected
296,11840,1708,3104,20,12,240,corrected
296,11840,715,2979,6,5,30,corrected
296,11840,778,2982,10,9,90,corrected
296,11840,738,2979,7,10,70,corrected
296,11840,789,2983,10,9,90,corrected
296,11840,806,2983,8,6,48,corrected
296,11840,821,2978,8,13,104,corrected
296,11840,847,2983,9,9,81,corrected
296,11840,910,2980,9,9,81,corrected
296,11840,872,2983,12,9,108,corrected
296,11840,935,2983,6,6,36,corrected
296,11840,953,2981,11,8,88,corrected
296,11840,1001,2972,8,8,64,corrected
296,11840,1014,2975,10,6,60,corrected
296,11840,1028,2975,9,8,72,corrected
296,11840,1039,2970,9,12,108,corrected
296,11840,1048,2975,10,7,70,corrected
296,11840,1060,2976,6,5,30,corrected
296,11840,1061,2966,8,7,56,corrected
296,11840,1086,2967,11,6,66,corrected
296,11840,1102,2968,10,8,80,corrected
296,11840,1124,2966,7,8,56,corrected
296,11840,1158,2967,7,7,49,corrected
296,11840,1141,2966,8,7,56,corrected
297,11880,1706,3104,22,12,264,corrected
297,11880,705,2975,12,9,108,corrected
297,11880,774,2987,7,5,35,corrected
297,11880,782,2982,10,7,70,corrected
297,11880,798,2982,9,6,54,corrected
297,11880,815,2982,8,8,64,corrected
297,11880,842,2983,9,9,81,corrected
297,11880,901,2983,11,8,88,corrected
297,11880,870,2978,7,10,70,corrected
297,11880,929,2983,8,5,40,corrected
297,11880,950,2980,7,6,42,corrected
297,11880,964,2979,9,5,45,corrected
297,11880,992,2972,12,10,120,corrected
297,11880,1007,2972,11,9,99,corrected
297,11880,1022,2972,8,8,64,corrected
297,11880,1034,2974,6,8,48,corrected
297,11880,1044,2976,8,8,64,corrected
297,11880,1054,2977,7,6,42,corrected
297,11880,1054,2963,10,9,90,corrected
297,11880,1083,2966,7,6,42,corrected
297,11880,1097,2966,9,6,54,corrected
297,11880,1118,2962,6,11,66,corrected
297,11880,1151,2967,9,9,81,corrected
297,11880,1134,2966,9,5,45,corrected
298,11920,1706,3104,22,13,286,corrected
298,11920,702,2980,7,5,35,corrected
298,11920,766,2986,8,10,80,corrected
298,11920,774,2980,11,8,88,corrected
298,11920,791,2982,11,6,66,corrected
298,11920,809,2983,7,8,56,corrected
298,11920,835,2980,10,11,110,corrected
298,11920,896,2984,9,7,63,corrected
298,11920,862,2979,9,10,90,corrected
298,11920,923,2981,5,6,30,corrected
298,11920,942,2980,9,6,54,corrected
298,11920,959,2978,7,6,42,corrected
298,11920,987,2974,11,12,132,corrected
298,11920,1005,2975,7,10,70,corrected
298,11920,1015,2975,11,8,88,corrected
298,11920,1028,2974,8,11,88,corrected
298,11920,1037,2976,9,6,54,corrected
298,11920,1047,2978,8,8,64,corrected
298,11920,1051,2966,9,8,72,corrected
298,11920,1078,2968,7,8,56,corrected
298,11920,1094,2967,7,5,35,corrected
298,11920,1110,2966,10,6,60,corrected
298,11920,1146,2967,8,6,48,corrected
298,11920,1129,2963,8,9,72,corrected
299,11960,1707,3105,21,11,231,corrected
299,11960,692,2977,13,11,143,corrected
299,11960,761,2986,8,6,48,corrected
299,11960,720,2979,8,5,40,corrected
299,11960,770,2982,11,6,66,corrected
299,11960,785,2979,11,8,88,corrected
299,11960,802,2983,10,6,60,corrected
299,11960,829,2982,10,10,100,corrected
299,11960,889,2979,8,8,64,corrected
299,11960,853,2983,12,9,108,corrected
299,11960,937,2982,9,5,45,corrected
299,11960,916,2984,7,5,35,corrected
299,11960,953,2977,7,7,49,corrected
299,11960,981,2976,9,10,90,corrected
299,11960,999,2975,8,10,80,corrected
299,11960,1010,2975,8,9,72,corrected
299,11960,1021,2975,10,7,70,corrected
299,11960,1030,2973,9,9,81,corrected
299,11960,1041,2978,8,9,72,corrected
299,11960,1042,2966,11,8,88,corrected
299,11960,1073,2967,8,7,56,corrected
299,11960,1086,2967,9,6,54,corrected
299,11960,1106,2966,7,8,56,corrected
299,11960,1140,2963,8,10,80,corrected
299,11960,1123,2963,8,9,72,corrected
300,12000,1708,3105,20,11,220,corrected
300,12000,685,2971,16,15,240,corrected
300,12000,753,2981,8,12,96,corrected
300,12000,715,2979,5,5,25,corrected
300,12000,762,2982,13,7,91,corrected
300,12000,779,2980,12,8,96,corrected
300,12000,798,2979,8,9,72,corrected
300,12000,822,2983,11,9,99,corrected
300,12000,849,2982,10,9,90,corrected
300,12000,881,2980,11,8,88,corrected
300,12000,910,2983,6,6,36,corrected
300,12000,930,2981,8,8,64,corrected
300,12000,947,2980,7,3,21,corrected
300,12000,973,2971,12,10,120,corrected
300,12000,990,2974,9,7,63,corrected
300,12000,1004,2973,9,11,99,corrected
300,12000,1017,2972,7,10,70,corrected
300,12000,1025,2974,9,9,81,corrected
300,12000,1035,2975,8,9,72,corrected
300,12000,1038,2966,10,7,70,corrected
300,12000,1066,2962,9,10,90,corrected
300,12000,1081,2967,8,8,64,corrected
300,12000,1102,2963,7,8,56,corrected
300,12000,1137,2967,7,7,49,corrected
300,12000,1118,2964,8,7,56,corrected
301,12040,1708,3105,19,11,209,corrected
301,12040,678,2971,17,13,221,corrected
301,12040,746,2986,10,7,70,corrected
301,12040,707,2979,7,5,35,corrected
301,12040,757,2980,11,10,110,corrected
301,12040,774,2983,11,5,55,corrected
301,12040,791,2982,9,6,54,corrected
301,12040,817,2983,8,9,72,corrected
301,12040,843,2979,9,9,81,corrected
301,12040,877,2982,8,10,80,corrected
301,12040,924,2982,9,7,63,corrected
301,12040,903,2983,8,5,40,corrected
301,12040,940,2981,7,5,35,corrected
301,12040,968,2976,11,8,88,corrected
301,12040,983,2975,10,8,80,corrected
301,12040,997,2973,10,9,90,corrected
301,12040,1010,2975,7,6,42,corrected
301,12040,1019,2975,8,8,64,corrected
301,12040,1030,2964,10,8,80,corrected
301,12040,1061,2966,9,7,63,corrected
301,12040,1076,2966,9,7,63,corrected
301,12040,1094,2962,10,8,80,corrected
301,12040,1131,2966,6,7,42,corrected
301,12040,1112,2964,8,8,64,corrected
302,12080,1708,3106,19,10,190,corrected
302,12080,677,2976,9,10,90,corrected
302,12080,740,2986,12,8,96,corrected
302,12080,698,2978,10,9,90,corrected
302,12080,749,2979,12,9,108,corrected
302,12080,769,2980,8,6,48,corrected
302,12080,783,2982,10,7,70,corrected
302,12080,809,2978,11,11,121,corrected
302,12080,836,2979,11,9,99,corrected
302,12080,871,2983,8,8,64,corrected
302,12080,895,2979,9,9,81,corrected
302,12080,917,2978,9,9,81,corrected
302,12080,935,2978,6,6,36,corrected
302,12080,962,2978,9,9,81,corrected
302,12080,980,2979,8,5,40,corrected
302,12080,1004,2975,8,9,72,corrected
302,12080,1014,2972,7,9,63,corrected
302,12080,1023,2979,9,8,72,corrected
302,12080,1027,2966,9,8,72,corrected
302,12080,1054,2966,10,7,70,corrected
302,12080,1069,2963,9,9,81,corrected
302,12080,1089,2967,10,6,60,corrected
302,12080,1125,2965,6,6,36,corrected
302,12080,1105,2962,9,10,90,corrected
303,12120,1708,3107,20,9,180,corrected
303,12120,668,2973,14,13,182,corrected
303,12120,736,2983,8,8,64,corrected
303,12120,691,2978,13,7,91,corrected
303,12120,743,2980,11,7,77,corrected
303,12120,763,2980,7,6,42,corrected
303,12120,779,2981,8,6,48,corrected
303,12120,804,2983,10,8,80,corrected
303,12120,864,2979,9,9,81,corrected
303,12120,830,2979,10,12,120,corrected
303,12120,892,2983,5,8,40,corrected
303,12120,912,2982,9,6,54,corrected
303,12120,928,2976,8,9,72,corrected
303,12120,954,2975,12,9,108,corrected
303,12120,973,2977,9,7,63,corrected
303,12120,987,2978,6,7,42,corrected
303,12120,999,2975,8,9,72,corrected
303,12120,1006,2972,10,8,80,corrected
303,12120,1019,2978,6,6,36,corrected
303,12120,1020,2966,10,7,70,corrected
303,12120,1050,2966,6,5,30,corrected
303,12120,1066,2965,7,7,49,corrected
303,12120,1081,2965,10,7,70,corrected
303,12120,1119,2963,7,8,56,corrected
303,12120,1102,2963,7,8,56,corrected
304,12160,1708,3108,15,8,120,corrected
304,12160,772,2978,12,11,132,corrected
304,12160,662,2974,11,9,99,corrected
304,12160,730,2984,7,8,56,corrected
304,12160,684,2976,11,8,88,corrected
304,12160,735,2981,13,8,104,corrected
304,12160,755,2981,10,8,80,corrected
304,12160,799,2983,9,9,81,corrected
304,12160,825,2978,11,11,121,corrected
304,12160,858,2980,9,9,81,corrected
304,12160,905,2983,8,7,56,corrected
304,12160,886,2984,6,8,48,corrected
304,12160,924,2982,5,4,20,corrected
304,12160,949,2974,10,8,80,corrected
304,12160,968,2974,6,9,54,corrected
304,12160,980,2976,8,9,72,corrected
304,12160,991,2975,9,8,72,corrected
304,12160,1001,2973,8,10,80,corrected
304,12160,1011,2975,8,10,80,corrected
304,12160,1014,2964,10,8,80,corrected
304,12160,1044,2964,9,9,81,corrected
304,12160,1059,2966,9,10,90,corrected
304,12160,1080,2963,6,7,42,corrected
304,12160,1114,2967,6,4,24,corrected
304,12160,1095,2964,8,7,56,corrected
305,12200,1707,3109,16,8,128,corrected
305,12200,767,2981,9,7,63,corrected
305,12200,653,2973,15,10,150,corrected
305,12200,718,2987,13,6,78,corrected
305,12200,682,2979,7,5,35,corrected
305,12200,730,2979,12,10,120,corrected
305,12200,750,2982,9,6,54,corrected
305,12200,793,2980,9,10,90,corrected
305,12200,850,2982,10,9,90,corrected
305,12200,817,2975,12,11,132,corrected
305,12200,878,2979,6,9,54,corrected
305,12200,898,2979,9,8,72,corrected
305,12200,915,2981,9,7,63,corrected
305,12200,945,2977,10,8,80,corrected
305,12200,961,2976,7,8,56,corrected
305,12200,974,2975,6,7,42,corrected
305,12200,983,2975,9,9,81,corrected
305,12200,994,2975,10,8,80,corrected
305,12200,1006,2978,6,7,42,corrected
305,12200,1007,2965,12,7,84,corrected
305,12200,1038,2967,9,6,54,corrected
305,12200,1054,2967,8,5,40,corrected
305,12200,1075,2963,5,7,35,corrected
305,12200,1106,2965,9,8,72,corrected
305,12200,1090,2963,8,7,56,corrected
306,12240,1707,3110,15,8,120,corrected
306,12240,649,2975,11,10,110,corrected
306,12240,713,2986,10,7,70,corrected
306,12240,674,2979,8,5,40,corrected
306,12240,724,2978,13,10,130,corrected
306,12240,743,2978,9,6,54,corrected
306,12240,760,2981,10,8,80,corrected
306,12240,786,2982,10,7,70,corrected
306,12240,810,2978,13,11,143,corrected
306,12240,846,2982,8,7,56,corrected
306,12240,871,2979,8,8,64,corrected
306,12240,891,2979,8,7,56,corrected
306,12240,935,2977,11,9,99,corrected
306,12240,955,2978,6,8,48,corrected
306,12240,966,2977,8,7,56,corrected
306,12240,979,2975,9,8,72,corrected
306,12240,989,2971,9,8,72,corrected
306,12240,999,2979,7,7,49,corrected
306,12240,1002,2966,11,9,99,corrected
306,12240,1045,2963,10,9,90,corrected
306,12240,1031,2967,10,6,60,corrected
306,12240,1102,2965,10,3,30,corrected
306,12240,1087,2962,5,8,40,corrected
307,12280,1705,3111,15,8,120,corrected
307,12280,755,2979,11,10,110,corrected
307,12280,644,2976,9,7,63,corrected
307,12280,710,2982,6,10,60,corrected
307,12280,670,2976,6,7,42,corrected
307,12280,718,2980,12,8,96,corrected
307,12280,736,2979,9,8,72,corrected
307,12280,779,2982,9,6,54,corrected
307,12280,837,2977,11,10,110,corrected
307,12280,807,2979,9,10,90,corrected
307,12280,886,2980,9,10,90,corrected
307,12280,864,2983,8,7,56,corrected
307,12280,903,2980,8,4,32,corrected
307,12280,931,2976,10,9,90,corrected
307,12280,948,2978,7,7,49,corrected
307,12280,961,2979,8,6,48,corrected
307,12280,974,2975,8,8,64,corrected
307,12280,982,2971,9,9,81,corrected
307,12280,994,2977,7,8,56,corrected
307,12280,998,2965,11,9,99,corrected
307,12280,1041,2966,12,8,96,corrected
307,12280,1027,2963,8,8,64,corrected
307,12280,1062,2965,9,7,63,corrected
307,12280,1098,2962,7,7,49,corrected
307,12280,1080,2959,8,9,72,corrected
308,12320,1704,3112,16,8,128,corrected
308,12320,750,2979,8,9,72,corrected
308,12320,638,2970,9,11,99,corrected
308,12320,703,2982,6,12,72,corrected
308,12320,662,2973,9,9,81,corrected
308,12320,710,2979,11,9,99,corrected
308,12320,730,2980,9,8,72,corrected
308,12320,774,2980,10,7,70,corrected
308,12320,800,2978,10,7,70,corrected
308,12320,880,2982,9,7,63,corrected
308,12320,899,2980,6,8,48,corrected
308,12320,920,2972,14,12,168,corrected
308,12320,942,2975,6,9,54,corrected
308,12320,953,2977,10,7,70,corrected
308,12320,967,2975,10,7,70,corrected
308,12320,978,2974,7,7,49,corrected
308,12320,987,2975,7,10,70,corrected
308,12320,992,2963,10,8,80,corrected
308,12320,1019,2964,10,7,70,corrected
308,12320,1035,2966,10,8,80,corrected
308,12320,1056,2963,8,6,48,corrected
308,12320,1072,2963,11,6,66,corrected
308,12320,1092,2963,7,6,42,corrected
309,12360,1704,3110,15,11,165,corrected
309,12360,743,2978,8,10,80,corrected
309,12360,631,2970,11,11,121,corrected
309,12360,693,2986,11,8,88,corrected
309,12360,657,2978,7,6,42,corrected
309,12360,703,2976,13,13,169,corrected
309,12360,725,2980,9,8,72,corrected
309,12360,766,2978,10,9,90,corrected
309,12360,794,2974,10,10,100,corrected
309,12360,855,2979,6,9,54,corrected
309,12360,873,2979,8,8,64,corrected
309,12360,892,2979,7,9,63,corrected
309,12360,921,2977,8,8,64,corrected
309,12360,935,2976,6,9,54,corrected
309,12360,948,2975,7,8,56,corrected
309,12360,959,2975,10,7,70,corrected
309,12360,972,2975,7,7,49,corrected
309,12360,983,2978,6,8,48,corrected
309,12360,989,2966,10,7,70,corrected
309,12360,1030,2964,11,7,77,corrected
309,12360,1014,2965,11,8,88,corrected
309,12360,1049,2962,11,6,66,corrected
309,12360,1065,2963,12,7,84,corrected
309,12360,1086,2964,9,8,72,corrected
310,12400,1700,3114,18,8,144,corrected
310,12400,734,2980,14,11,154,corrected
310,12400,624,2974,10,10,100,corrected
310,12400,685,2985,13,6,78,corrected
310,12400,651,2978,6,6,36,corrected
310,12400,696,2976,15,12,180,corrected
310,12400,722,2979,6,8,48,corrected
310,12400,761,2979,11,9,99,corrected
310,12400,819,2980,10,7,70,corrected
310,12400,788,2978,11,6,66,corrected
310,12400,869,2982,7,6,42,corrected
310,12400,846,2982,10,6,60,corrected
310,12400,886,2978,7,6,42,corrected
310,12400,914,2979,9,9,81,corrected
310,12400,930,2979,6,8,48,corrected
310,12400,941,2977,8,7,56,corrected
310,12400,954,2975,10,9,90,corrected
310,12400,965,2971,9,8,72,corrected
310,12400,975,2978,8,9,72,corrected
310,12400,981,2966,13,8,104,corrected
310,12400,1023,2964,10,8,80,corrected
310,12400,1009,2965,11,6,66,corrected
310,12400,1046,2964,8,5,40,corrected
310,12400,1061,2963,12,6,72,corrected
310,12400,1077,2964,12,8,96,corrected
311,12440,1703,3114,15,8,120,corrected
311,12440,731,2980,11,9,99,corrected
311,12440,622,2975,6,7,42,corrected
311,12440,681,2983,8,8,64,corrected
311,12440,642,2974,9,6,54,corrected
311,12440,689,2979,15,9,135,corrected
311,12440,714,2982,6,5,30,corrected
311,12440,755,2980,11,8,88,corrected
311,12440,782,2978,11,7,77,corrected
311,12440,811,2976,11,9,99,corrected
311,12440,863,2983,7,7,49,corrected
311,12440,840,2982,8,10,80,corrected
311,12440,879,2977,8,8,64,corrected
311,12440,907,2978,10,9,90,corrected
311,12440,923,2978,7,10,70,corrected
311,12440,935,2979,9,8,72,corrected
311,12440,949,2976,9,7,63,corrected
311,12440,958,2973,9,8,72,corrected
311,12440,969,2976,6,9,54,corrected
311,12440,976,2965,9,7,63,corrected
311,12440,1006,2962,7,8,56,corrected
311,12440,1018,2964,10,12,120,corrected
311,12440,1040,2965,8,7,56,corrected
311,12440,1057,2962,9,7,63,corrected
311,12440,1074,2962,9,7,63,corrected
312,12480,1704,3118,14,5,70,corrected
312,12480,614,2967,9,10,90,corrected
312,12480,726,2978,9,7,63,corrected
312,12480,674,2983,10,6,60,corrected
312,12480,635,2971,10,9,90,corrected
312,12480,684,2978,15,11,165,corrected
312,12480,706,2982,9,6,54,corrected
312,12480,750,2978,10,7,70,corrected
312,12480,778,2976,6,9,54,corrected
312,12480,808,2979,8,8,64,corrected
312,12480,833,2982,10,8,80,corrected
312,12480,859,2983,5,5,25,corrected
312,12480,872,2981,9,7,63,corrected
312,12480,900,2975,9,10,90,corrected
312,12480,918,2975,7,9,63,corrected
312,12480,928,2978,9,8,72,corrected
312,12480,945,2971,7,12,84,corrected
312,12480,953,2973,8,9,72,corrected
312,12480,963,2974,7,10,70,corrected
312,12480,970,2963,9,9,81,corrected
312,12480,1014,2964,9,7,63,corrected
312,12480,1001,2964,7,7,49,corrected
312,12480,1037,2964,6,5,30,corrected
312,12480,1050,2962,11,7,77,corrected
312,12480,1070,2962,8,7,56,corrected
313,12520,1699,3118,18,6,108,corrected
313,12520,606,2969,9,11,99,corrected
313,12520,721,2978,9,9,81,corrected
313,12520,666,2985,12,8,96,corrected
313,12520,631,2977,9,7,63,corrected
313,12520,675,2976,19,11,209,corrected
313,12520,702,2983,7,5,35,corrected
313,12520,745,2978,8,7,56,corrected
313,12520,771,2976,9,8,72,corrected
313,12520,802,2979,8,9,72,corrected
313,12520,850,2978,8,8,64,corrected
313,12520,828,2979,7,10,70,corrected
313,12520,866,2980,9,9,81,corrected
313,12520,894,2976,11,11,121,corrected
313,12520,925,2976,5,8,40,corrected
313,12520,938,2975,7,7,49,corrected
313,12520,947,2973,10,8,80,corrected
313,12520,958,2976,6,11,66,corrected
313,12520,968,2966,8,8,64,corrected
313,12520,993,2964,9,9,81,corrected
313,12520,1009,2963,7,9,63,corrected
313,12520,1029,2959,11,10,110,corrected
313,12520,1046,2963,9,6,54,corrected
313,12520,1063,2963,10,8,80,corrected
314,12560,1698,3120,14,6,84,corrected
314,12560,710,2980,12,9,108,corrected
314,12560,600,2970,11,11,121,corrected
314,12560,626,2976,9,6,54,corrected
314,12560,659,2983,11,6,66,corrected
314,12560,669,2975,19,11,209,corrected
314,12560,694,2979,9,5,45,corrected
314,12560,738,2979,9,8,72,corrected
314,12560,764,2976,11,9,99,corrected
314,12560,796,2979,8,5,40,corrected
314,12560,822,2983,7,5,35,corrected
314,12560,845,2981,7,9,63,corrected
314,12560,859,2976,9,11,99,corrected
314,12560,887,2979,10,10,100,corrected
314,12560,902,2979,10,10,100,corrected
314,12560,916,2978,9,6,54,corrected
314,12560,931,2975,9,9,81,corrected
314,12560,941,2967,9,12,108,corrected
314,12560,953,2976,5,10,50,corrected
314,12560,960,2964,9,9,81,corrected
314,12560,991,2963,4,8,32,corrected
314,12560,1005,2965,8,8,64,corrected
314,12560,1024,2964,8,4,32,corrected
314,12560,1041,2959,10,7,70,corrected
314,12560,1059,2963,8,9,72,corrected
315,12600,1698,3122,13,5,65,corrected
315,12600,707,2979,9,8,72,corrected
315,12600,594,2969,11,9,99,corrected
315,12600,654,2980,10,8,80,corrected
315,12600,618,2970,10,9,90,corrected
315,12600,663,2977,9,7,63,corrected
315,12600,690,2982,7,5,35,corrected
315,12600,733,2978,8,8,64,corrected
315,12600,790,2979,8,5,40,corrected
315,12600,759,2977,9,8,72,corrected
315,12600,815,2983,8,6,48,corrected
315,12600,839,2982,9,9,81,corrected
315,12600,854,2975,7,10,70,corrected
315,12600,881,2978,12,8,96,corrected
315,12600,898,2978,9,9,81,corrected
315,12600,910,2978,10,9,90,corrected
315,12600,926,2975,9,9,81,corrected
315,12600,934,2970,10,9,90,corrected
315,12600,947,2975,5,9,45,corrected
315,12600,953,2961,10,11,110,corrected
315,12600,982,2959,10,10,100,corrected
315,12600,997,2965,9,8,72,corrected
315,12600,1018,2962,9,10,90,corrected
315,12600,1035,2959,11,8,88,corrected
315,12600,1054,2962,7,7,49,corrected
316,12640,1695,3124,15,4,60,corrected
316,12640,591,2966,6,11,66,corrected
316,12640,702,2976,11,9,99,corrected
316,12640,645,2982,13,8,104,corrected
316,12640,610,2971,12,9,108,corrected
316,12640,656,2976,16,13,208,corrected
316,12640,681,2982,8,7,56,corrected
316,12640,726,2977,10,8,80,corrected
316,12640,753,2974,10,9,90,corrected
316,12640,811,2978,7,10,70,corrected
316,12640,830,2976,11,10,110,corrected
316,12640,851,2981,5,9,45,corrected
316,12640,873,2975,11,11,121,corrected
316,12640,891,2975,10,10,100,corrected
316,12640,904,2978,9,9,81,corrected
316,12640,920,2971,8,10,80,corrected
316,12640,929,2973,8,8,64,corrected
316,12640,937,2973,7,6,42,corrected
316,12640,946,2961,13,11,143,corrected
316,12640,978,2962,7,11,77,corrected
316,12640,992,2964,9,8,72,corrected
316,12640,1013,2964,9,7,63,corrected
316,12640,1031,2960,9,8,72,corrected
316,12640,1048,2962,8,7,56,corrected
317,12680,1694,3125,14,5,70,corrected
317,12680,583,2970,11,7,77,corrected
317,12680,696,2978,7,7,49,corrected
317,12680,639,2983,10,8,80,corrected
317,12680,606,2974,10,9,90,corrected
317,12680,648,2972,22,14,308,corrected
317,12680,721,2977,9,8,72,corrected
317,12680,778,2979,10,5,50,corrected
317,12680,747,2975,10,9,90,corrected
317,12680,803,2980,9,7,63,corrected
317,12680,824,2979,11,8,88,corrected
317,12680,844,2980,7,9,63,corrected
317,12680,869,2979,10,11,110,corrected
317,12680,886,2979,6,9,54,corrected
317,12680,897,2975,10,8,80,corrected
317,12680,913,2974,9,8,72,corrected
317,12680,925,2971,7,8,56,corrected
317,12680,935,2978,5,8,40,corrected
317,12680,942,2963,10,12,120,corrected
317,12680,971,2962,9,11,99,corrected
317,12680,986,2961,9,9,81,corrected
317,12680,1008,2958,9,12,108,corrected
317,12680,1025,2959,10,7,70,corrected
317,12680,1042,2963,10,5,50,corrected
318,12720,1693,3124,11,8,88,corrected
318,12720,577,2961,11,26,286,corrected
318,12720,688,2978,10,12,120,corrected
318,12720,632,2982,12,6,72,corrected
318,12720,600,2971,10,11,110,corrected
318,12720,641,2972,21,13,273,corrected
318,12720,714,2978,7,7,49,corrected
318,12720,742,2975,10,10,100,corrected
318,12720,771,2977,10,6,60,corrected
318,12720,798,2983,7,5,35,corrected
318,12720,817,2980,11,8,88,corrected
318,12720,836,2975,8,11,88,corrected
318,12720,862,2978,12,13,156,corrected
318,12720,879,2979,8,10,80,corrected
318,12720,891,2975,10,9,90,corrected
318,12720,908,2975,10,10,100,corrected
318,12720,917,2967,10,11,110,corrected
318,12720,930,2976,5,9,45,corrected
318,12720,939,2962,9,8,72,corrected
318,12720,966,2958,9,11,99,corrected
318,12720,983,2963,7,9,63,corrected
318,12720,1037,2962,9,6,54,corrected
318,12720,1021,2956,8,9,72,corrected
319,12760,1691,3126,13,7,91,corrected
319,12760,682,2978,9,10,90,corrected
319,12760,571,2968,10,9,90,corrected
319,12760,629,2979,8,9,72,corrected
319,12760,594,2971,11,7,77,corrected
319,12760,637,2975,19,10,190,corrected
319,12760,662,2982,10,6,60,corrected
319,12760,706,2979,9,6,54,corrected
319,12760,736,2976,9,9,81,corrected
319,12760,765,2976,11,6,66,corrected
319,12760,794,2983,7,4,28,corrected
319,12760,813,2979,9,6,54,corrected
319,12760,830,2976,8,10,80,corrected
319,12760,858,2978,9,9,81,corrected
319,12760,872,2979,9,7,63,corrected
319,12760,884,2978,11,8,88,corrected
319,12760,903,2976,9,8,72,corrected
319,12760,910,2968,10,13,130,corrected
319,12760,921,2971,9,13,117,corrected
319,12760,930,2958,13,13,169,corrected
319,12760,959,2963,10,6,60,corrected
319,12760,975,2964,10,8,80,corrected
319,12760,999,2965,5,9,45,corrected
319,12760,1013,2959,11,6,66,corrected
319,12760,1032,2961,9,7,63,corrected
320,12800,1689,3128,14,7,98,corrected
320,12800,565,2963,11,15,165,corrected
320,12800,678,2977,6,8,48,corrected
320,12800,588,2968,9,8,72,corrected
320,12800,621,2974,16,14,224,corrected
320,12800,640,2979,9,7,63,corrected
320,12800,654,2981,10,7,70,corrected
320,12800,702,2977,8,5,40,corrected
320,12800,731,2972,8,11,88,corrected
320,12800,758,2977,10,7,70,corrected
320,12800,785,2979,8,5,40,corrected
320,12800,806,2979,11,6,66,corrected
320,12800,824,2980,8,9,72,corrected
320,12800,849,2975,11,11,121,corrected
320,12800,867,2976,8,9,72,corrected
320,12800,878,2977,12,10,120,corrected
320,12800,896,2970,10,12,120,corrected
320,12800,905,2971,11,10,110,corrected
320,12800,918,2976,6,8,48,corrected
320,12800,928,2963,10,9,90,corrected
320,12800,955,2962,9,10,90,corrected
320,12800,971,2960,8,9,72,corrected
320,12800,991,2963,9,6,54,corrected
320,12800,1010,2959,8,9,72,corrected
320,12800,1027,2961,8,6,48,corrected
321,12840,1688,3129,14,7,98,corrected
321,12840,671,2977,7,8,56,corrected
321,12840,563,2969,7,7,49,corrected
321,12840,614,2972,18,17,306,corrected
321,12840,581,2971,11,9,99,corrected
321,12840,635,2979,9,5,45,corrected
321,12840,647,2979,9,5,45,corrected
321,12840,696,2976,7,6,42,corrected
321,12840,723,2975,10,8,80,corrected
321,12840,752,2977,11,7,77,corrected
321,12840,800,2981,10,6,60,corrected
321,12840,782,2979,6,5,30,corrected
321,12840,818,2981,9,5,45,corrected
321,12840,842,2976,12,11,132,corrected
321,12840,863,2979,7,7,49,corrected
321,12840,874,2976,10,10,100,corrected
321,12840,890,2975,10,8,80,corrected
321,12840,900,2967,11,10,110,corrected
321,12840,909,2975,8,9,72,corrected
321,12840,922,2963,10,7,70,corrected
321,12840,951,2963,9,5,45,corrected
321,12840,963,2959,9,9,81,corrected
321,12840,987,2959,8,9,72,corrected
321,12840,1006,2959,7,5,35,corrected
321,12840,1020,2962,9,6,54,corrected
322,12880,1688,3131,12,7,84,corrected
322,12880,553,2969,12,8,96,corrected
322,12880,607,2972,18,16,288,corrected
322,12880,575,2970,12,9,108,corrected
322,12880,628,2975,8,9,72,corrected
322,12880,662,2978,10,9,90,corrected
322,12880,688,2978,8,4,32,corrected
322,12880,718,2976,9,8,72,corrected
322,12880,750,2976,9,7,63,corrected
322,12880,771,2981,10,7,70,corrected
322,12880,794,2980,10,6,60,corrected
322,12880,811,2975,9,9,81,corrected
322,12880,838,2980,11,11,121,corrected
322,12880,855,2980,8,9,72,corrected
322,12880,868,2976,8,10,80,corrected
322,12880,886,2975,9,9,81,corrected
322,12880,894,2967,11,10,110,corrected
322,12880,906,2974,7,9,63,corrected
322,12880,918,2962,7,7,49,corrected
322,12880,943,2959,11,9,99,corrected
322,12880,961,2963,7,10,70,corrected
322,12880,983,2965,8,6,48,corrected
322,12880,1000,2955,8,9,72,corrected
322,12880,1014,2962,9,7,63,corrected
323,12920,1685,3131,15,8,120,corrected
323,12920,545,2964,14,11,154,corrected
323,12920,570,2968,9,8,72,corrected
323,12920,602,2974,17,10,170,corrected
323,12920,622,2979,9,5,45,corrected
323,12920,637,2979,9,8,72,corrected
323,12920,658,2979,6,5,30,corrected
323,12920,681,2977,10,7,70,corrected
323,12920,710,2975,10,8,80,corrected
323,12920,743,2975,9,5,45,corrected
323,12920,790,2979,7,5,35,corrected
323,12920,767,2980,9,4,36,corrected
323,12920,804,2980,11,5,55,corrected
323,12920,833,2978,10,9,90,corrected
323,12920,848,2979,9,7,63,corrected
323,12920,861,2978,9,8,72,corrected
323,12920,881,2974,9,10,90,corrected
323,12920,890,2971,9,9,81,corrected
323,12920,899,2970,8,12,96,corrected
323,12920,911,2961,11,8,88,corrected
323,12920,942,2962,6,9,54,corrected
323,12920,956,2963,8,8,64,corrected
323,12920,978,2963,7,10,70,corrected
323,12920,994,2956,9,7,63,corrected
323,12920,1012,2960,4,6,24,corrected
324,12960,1684,3134,14,6,84,corrected
324,12960,541,2963,11,11,121,corrected
324,12960,598,2972,14,17,238,corrected
324,12960,564,2967,9,8,72,corrected
324,12960,616,2979,8,6,48,corrected
324,12960,630,2980,7,6,42,corrected
324,12960,651,2978,9,6,54,corrected
324,12960,674,2974,11,7,77,corrected
324,12960,705,2971,10,11,110,corrected
324,12960,733,2975,11,7,77,corrected
324,12960,785,2979,7,5,35,corrected
324,12960,763,2976,5,8,40,corrected
324,12960,799,2980,10,8,80,corrected
324,12960,824,2974,11,12,132,corrected
324,12960,842,2976,10,9,90,corrected
324,12960,854,2977,12,9,108,corrected
324,12960,874,2971,10,13,130,corrected
324,12960,884,2969,12,10,120,corrected
324,12960,895,2974,6,11,66,corrected
324,12960,905,2962,9,9,81,corrected
324,12960,934,2963,9,8,72,corrected
324,12960,948,2959,9,11,99,corrected
324,12960,973,2962,6,6,36,corrected
324,12960,989,2958,10,6,60,corrected
324,12960,1007,2961,7,5,35,corrected
325,13000,1681,3135,16,7,112,corrected
325,13000,536,2968,10,9,90,corrected
325,13000,563,2971,6,5,30,corrected
325,13000,591,2971,13,16,208,corrected
325,13000,611,2975,6,6,36,corrected
325,13000,623,2979,9,5,45,corrected
325,13000,670,2975,10,6,60,corrected
325,13000,698,2974,10,8,80,corrected
325,13000,730,2975,8,9,72,corrected
325,13000,755,2979,9,5,45,corrected
325,13000,778,2981,8,5,40,corrected
325,13000,795,2979,7,5,35,corrected
325,13000,818,2977,12,12,144,corrected
325,13000,839,2981,5,5,25,corrected
325,13000,851,2979,8,5,40,corrected
325,13000,868,2973,10,10,100,corrected
325,13000,877,2965,10,12,120,corrected
325,13000,886,2974,9,10,90,corrected
325,13000,900,2963,9,6,54,corrected
325,13000,930,2958,6,12,72,corrected
325,13000,943,2959,9,9,81,corrected
325,13000,966,2963,8,5,40,corrected
325,13000,985,2955,7,9,63,corrected
325,13000,1003,2961,6,7,42,corrected
326,13040,1681,3136,15,7,105,corrected
326,13040,529,2965,11,9,99,corrected
326,13040,584,2971,16,12,192,corrected
326,13040,554,2969,9,7,63,corrected
326,13040,603,2975,6,5,30,corrected
326,13040,619,2979,7,5,35,corrected
326,13040,638,2978,11,8,88,corrected
326,13040,662,2975,10,7,70,corrected
326,13040,691,2975,9,6,54,corrected
326,13040,725,2975,8,6,48,corrected
326,13040,747,2979,12,5,60,corrected
326,13040,787,2976,9,9,81,corrected
326,13040,811,2977,13,11,143,corrected
326,13040,830,2979,8,9,72,corrected
326,13040,843,2975,10,10,100,corrected
326,13040,863,2974,9,11,99,corrected
326,13040,872,2967,10,10,100,corrected
326,13040,879,2973,12,10,120,corrected
326,13040,895,2958,9,10,90,corrected
326,13040,922,2959,11,10,110,corrected
326,13040,939,2963,9,7,63,corrected
326,13040,963,2964,6,9,54,corrected
326,13040,978,2953,10,11,110,corrected
326,13040,999,2959,5,9,45,corrected
327,13080,1679,3137,15,7,105,corrected
327,13080,576,2972,17,8,136,corrected
327,13080,599,2977,6,8,48,corrected
327,13080,611,2979,8,6,48,corrected
327,13080,634,2979,8,5,40,corrected
327,13080,657,2977,9,6,54,corrected
327,13080,686,2974,9,5,45,corrected
327,13080,718,2974,8,8,64,corrected
327,13080,741,2978,11,6,66,corrected
327,13080,765,2977,9,6,54,corrected
327,13080,807,2976,11,9,99,corrected
327,13080,823,2978,10,7,70,corrected
327,13080,841,2978,7,8,56,corrected
327,13080,858,2975,6,8,48,corrected
327,13080,868,2968,9,12,108,corrected
327,13080,876,2973,8,9,72,corrected
327,13080,891,2963,8,7,56,corrected
327,13080,917,2959,11,11,121,corrected
327,13080,935,2958,9,10,90,corrected
327,13080,958,2964,7,7,49,corrected
327,13080,974,2956,10,8,80,corrected
327,13080,990,2954,7,11,77,corrected
328,13120,1677,3139,16,6,96,corrected
328,13120,517,2960,13,13,169,corrected
328,13120,541,2966,11,9,99,corrected
328,13120,569,2971,18,17,306,corrected
328,13120,591,2975,9,9,81,corrected
328,13120,607,2979,5,4,20,corrected
328,13120,626,2974,7,10,70,corrected
328,13120,650,2976,11,5,55,corrected
328,13120,679,2971,9,9,81,corrected
328,13120,710,2975,11,6,66,corrected
328,13120,737,2976,8,7,56,corrected
328,13120,776,2980,9,5,45,corrected
328,13120,801,2977,10,9,90,corrected
328,13120,818,2976,9,9,81,corrected
328,13120,832,2979,8,8,64,corrected
328,13120,853,2971,7,11,77,corrected
328,13120,862,2967,11,10,110,corrected
328,13120,871,2976,9,8,72,corrected
328,13120,884,2964,10,7,70,corrected
328,13120,914,2959,9,10,90,corrected
328,13120,929,2959,10,7,70,corrected
328,13120,952,2959,6,10,60,corrected
328,13120,968,2956,10,8,80,corrected
328,13120,983,2956,10,11,110,corrected
329,13160,1676,3140,15,5,75,corrected
329,13160,514,2966,10,7,70,corrected
329,13160,565,2967,15,17,255,corrected
329,13160,534,2968,12,8,96,corrected
329,13160,586,2971,9,9,81,corrected
329,13160,599,2975,9,8,72,corrected
329,13160,644,2974,10,7,70,corrected
329,13160,704,2975,11,6,66,corrected
329,13160,673,2972,11,8,88,corrected
329,13160,731,2976,8,7,56,corrected
329,13160,771,2979,9,5,45,corrected
329,13160,793,2979,14,10,140,corrected
329,13160,811,2979,9,8,72,corrected
329,13160,828,2978,8,6,48,corrected
329,13160,847,2974,9,7,63,corrected
329,13160,857,2964,9,11,99,corrected
329,13160,865,2974,9,10,90,corrected
329,13160,879,2961,10,9,90,corrected
329,13160,910,2958,8,9,72,corrected
329,13160,922,2959,10,8,80,corrected
329,13160,979,2958,9,10,90,corrected
329,13160,965,2955,7,9,63,corrected
330,13200,1676,3139,16,8,128,corrected
330,13200,505,2964,16,9,144,corrected
330,13200,558,2972,17,8,136,corrected
330,13200,531,2968,9,7,63,corrected
330,13200,582,2974,6,7,42,corrected
330,13200,592,2977,10,7,70,corrected
330,13200,610,2978,11,7,77,corrected
330,13200,638,2975,11,8,88,corrected
330,13200,666,2971,11,9,99,corrected
330,13200,698,2972,10,6,60,corrected
330,13200,723,2976,9,8,72,corrected
330,13200,750,2975,6,8,48,corrected
330,13200,767,2979,5,5,25,corrected
330,13200,789,2978,11,8,88,corrected
330,13200,807,2979,7,9,63,corrected
330,13200,821,2977,9,7,63,corrected
330,13200,840,2974,11,10,110,corrected
330,13200,851,2967,11,8,88,corrected
330,13200,861,2972,8,10,80,corrected
330,13200,872,2959,11,10,110,corrected
330,13200,907,2963,6,6,36,corrected
330,13200,918,2959,11,9,99,corrected
330,13200,942,2962,6,11,66,corrected
330,13200,960,2951,7,11,77,corrected
330,13200,978,2959,7,7,49,corrected
331,13240,1675,3141,13,6,78,corrected
331,13240,502,2962,11,9,99,corrected
331,13240,606,2976,12,7,84,corrected
331,13240,552,2970,16,14,224,corrected
331,13240,526,2966,9,7,63,corrected
331,13240,575,2975,7,8,56,corrected
331,13240,587,2976,10,7,70,corrected
331,13240,632,2975,9,9,81,corrected
331,13240,663,2970,9,6,54,corrected
331,13240,692,2972,10,6,60,corrected
331,13240,719,2976,9,7,63,corrected
331,13240,742,2976,8,7,56,corrected
331,13240,759,2979,10,5,50,corrected
331,13240,784,2976,10,9,90,corrected
331,13240,799,2978,10,7,70,corrected
331,13240,815,2978,11,8,88,corrected
331,13240,834,2974,11,8,88,corrected
331,13240,846,2968,10,7,70,corrected
331,13240,853,2975,12,6,72,corrected
331,13240,867,2960,11,11,121,corrected
331,13240,898,2961,10,8,80,corrected
331,13240,915,2959,8,8,64,corrected
331,13240,934,2959,10,9,90,corrected
331,13240,954,2955,10,8,80,corrected
332,13280,1674,3142,14,6,84,corrected
332,13280,495,2962,12,10,120,corrected
332,13280,599,2973,14,11,154,corrected
332,13280,547,2970,16,13,208,corrected
332,13280,519,2963,9,9,81,corrected
332,13280,569,2974,8,7,56,corrected
332,13280,580,2972,8,8,64,corrected
332,13280,625,2974,9,8,72,corrected
332,13280,655,2967,10,10,100,corrected
332,13280,687,2972,10,7,70,corrected
332,13280,715,2975,5,5,25,corrected
332,13280,734,2976,9,7,63,corrected
332,13280,751,2979,9,5,45,corrected
332,13280,777,2976,9,10,90,corrected
332,13280,792,2978,11,7,77,corrected
332,13280,807,2977,11,8,88,corrected
332,13280,830,2970,11,11,121,corrected
332,13280,843,2967,10,8,80,corrected
332,13280,847,2975,10,10,100,corrected
332,13280,861,2959,14,9,126,corrected
332,13280,911,2960,9,6,54,corrected
332,13280,894,2959,7,8,56,corrected
332,13280,930,2959,9,9,81,corrected
332,13280,949,2956,9,8,72,corrected
333,13320,1673,3142,14,7,98,corrected
333,13320,491,2964,11,8,88,corrected
333,13320,597,2975,8,10,80,corrected
333,13320,541,2966,17,15,255,corrected
333,13320,514,2966,9,7,63,corrected
333,13320,562,2971,9,9,81,corrected
333,13320,579,2976,6,4,24,corrected
333,13320,617,2971,12,10,120,corrected
333,13320,650,2969,9,7,63,corrected
333,13320,681,2973,9,8,72,corrected
333,13320,707,2975,9,5,45,corrected
333,13320,729,2975,10,8,80,corrected
333,13320,747,2975,9,8,72,corrected
333,13320,770,2978,9,10,90,corrected
333,13320,786,2980,11,8,88,corrected
333,13320,802,2978,9,6,54,corrected
333,13320,823,2974,12,8,96,corrected
333,13320,838,2962,9,11,99,corrected
333,13320,844,2974,7,11,77,corrected
333,13320,856,2957,11,11,121,corrected
333,13320,887,2959,10,6,60,corrected
333,13320,907,2960,7,6,42,corrected
333,13320,929,2963,6,7,42,corrected
333,13320,946,2955,7,6,42,corrected
333,13320,962,2959,7,6,42,corrected
334,13360,1672,3143,15,7,105,corrected
334,13360,486,2963,10,6,60,corrected
334,13360,587,2975,13,8,104,corrected
334,13360,535,2969,16,11,176,corrected
334,13360,509,2967,9,5,45,corrected
334,13360,557,2974,8,8,64,corrected
334,13360,567,2975,11,9,99,corrected
334,13360,613,2974,12,7,84,corrected
334,13360,643,2970,10,10,100,corrected
334,13360,675,2970,10,6,60,corrected
334,13360,699,2976,10,5,50,corrected
334,13360,723,2973,9,7,63,corrected
334,13360,739,2975,9,7,63,corrected
334,13360,764,2978,12,7,84,corrected
334,13360,783,2978,10,8,80,corrected
334,13360,795,2977,11,6,66,corrected
334,13360,818,2974,11,8,88,corrected
334,13360,833,2966,10,11,110,corrected
334,13360,839,2974,9,9,81,corrected
334,13360,848,2957,14,10,140,corrected
334,13360,882,2959,10,9,90,corrected
334,13360,900,2958,9,10,90,corrected
334,13360,920,2962,10,7,70,corrected
334,13360,938,2951,11,9,99,corrected
334,13360,956,2956,9,8,72,corrected
335,13400,1670,3143,16,7,112,corrected
335,13400,582,2972,11,9,99,corrected
335,13400,482,2959,7,8,56,corrected
335,13400,530,2969,15,12,180,corrected
335,13400,503,2963,10,7,70,corrected
335,13400,551,2974,8,7,56,corrected
335,13400,564,2975,8,5,40,corrected
335,13400,606,2974,12,8,96,corrected
335,13400,639,2967,9,10,90,corrected
335,13400,669,2967,9,9,81,corrected
335,13400,716,2974,9,6,54,corrected
335,13400,695,2975,7,5,35,corrected
335,13400,731,2975,11,10,110,corrected
335,13400,761,2975,8,9,72,corrected
335,13400,775,2977,10,7,70,corrected
335,13400,789,2978,11,7,77,corrected
335,13400,814,2973,9,7,63,corrected
335,13400,827,2966,11,9,99,corrected
335,13400,834,2979,8,5,40,corrected
335,13400,844,2957,15,12,180,corrected
335,13400,893,2957,11,9,99,corrected
335,13400,878,2959,10,9,90,corrected
335,13400,919,2959,6,10,60,corrected
335,13400,936,2954,9,6,54,corrected
335,13400,950,2956,11,4,44,corrected
336,13440,1669,3143,16,8,128,corrected
336,13440,473,2962,12,6,72,corrected
336,13440,575,2972,12,9,108,corrected
336,13440,523,2967,17,15,255,corrected
336,13440,497,2963,10,7,70,corrected
336,13440,545,2971,9,8,72,corrected
336,13440,555,2967,11,13,143,corrected
336,13440,602,2970,10,11,110,corrected
336,13440,630,2967,10,9,90,corrected
336,13440,665,2971,7,5,35,corrected
336,13440,690,2970,7,10,70,corrected
336,13440,710,2975,10,8,80,corrected
336,13440,727,2977,9,7,63,corrected
336,13440,768,2979,10,5,50,corrected
336,13440,783,2977,12,8,96,corrected
336,13440,807,2970,11,9,99,corrected
336,13440,823,2962,10,11,110,corrected
336,13440,827,2979,10,8,80,corrected
336,13440,839,2957,15,11,165,corrected
336,13440,875,2958,5,8,40,corrected
336,13440,890,2958,10,8,80,corrected
336,13440,911,2958,13,11,143,corrected
336,13440,931,2956,8,8,64,corrected
336,13440,946,2956,10,6,60,corrected
337,13480,1668,3144,15,7,105,corrected
337,13480,471,2962,8,6,48,corrected
337,13480,568,2974,12,10,120,corrected
337,13480,520,2964,14,14,196,corrected
337,13480,491,2963,12,8,96,corrected
337,13480,538,2968,9,8,72,corrected
337,13480,550,2970,10,10,100,corrected
337,13480,593,2970,13,10,130,corrected
337,13480,624,2966,10,9,90,corrected
337,13480,654,2971,12,8,96,corrected
337,13480,704,2974,11,7,77,corrected
337,13480,723,2971,8,9,72,corrected
337,13480,745,2978,12,8,96,corrected
337,13480,762,2979,10,5,50,corrected
337,13480,776,2975,12,7,84,corrected
337,13480,803,2974,11,7,77,corrected
337,13480,818,2962,10,11,110,corrected
337,13480,822,2975,8,9,72,corrected
337,13480,835,2956,15,11,165,corrected
337,13480,883,2957,11,10,110,corrected
337,13480,869,2958,8,6,48,corrected
337,13480,907,2961,10,7,70,corrected
337,13480,926,2954,9,7,63,corrected
337,13480,946,2958,5,8,40,corrected
338,13520,1668,3144,15,7,105,corrected
338,13520,464,2960,11,8,88,corrected
338,13520,563,2973,13,13,169,corrected
338,13520,515,2967,14,10,140,corrected
338,13520,486,2963,10,8,80,corrected
338,13520,534,2971,7,9,63,corrected
338,13520,543,2971,11,9,99,corrected
338,13520,589,2972,11,10,110,corrected
338,13520,619,2967,10,10,100,corrected
338,13520,653,2969,8,8,64,corrected
338,13520,699,2970,10,9,90,corrected
338,13520,676,2974,9,10,90,corrected
338,13520,715,2975,9,6,54,corrected
338,13520,739,2975,12,8,96,corrected
338,13520,758,2979,8,5,40,corrected
338,13520,770,2975,12,8,96,corrected
338,13520,798,2972,12,9,108,corrected
338,13520,816,2965,9,11,99,corrected
338,13520,815,2974,10,10,100,corrected
338,13520,830,2959,13,9,117,corrected
338,13520,863,2958,9,11,99,corrected
338,13520,879,2957,9,8,72,corrected
338,13520,902,2960,10,9,90,corrected
338,13520,921,2952,10,9,90,corrected
338,13520,941,2955,6,10,60,corrected
339,13560,1667,3144,17,8,136,corrected
339,13560,459,2958,10,11,110,corrected
339,13560,558,2971,11,8,88,corrected
339,13560,484,2963,8,5,40,corrected
339,13560,509,2967,15,13,195,corrected
339,13560,527,2971,9,8,72,corrected
339,13560,538,2968,12,8,96,corrected
339,13560,584,2972,10,8,80,corrected
339,13560,615,2967,9,9,81,corrected
339,13560,643,2964,13,12,156,corrected
339,13560,692,2972,10,8,80,corrected
339,13560,673,2974,5,10,50,corrected
339,13560,707,2976,11,8,88,corrected
339,13560,731,2972,13,11,143,corrected
339,13560,751,2975,9,9,81,corrected
339,13560,765,2977,11,7,77,corrected
339,13560,792,2970,10,9,90,corrected
339,13560,808,2963,12,11,132,corrected
339,13560,809,2979,11,6,66,corrected
339,13560,825,2958,14,11,154,corrected
339,13560,858,2958,11,7,77,corrected
339,13560,874,2954,11,10,110,corrected
339,13560,896,2958,11,9,99,corrected
339,13560,915,2955,11,7,77,corrected
339,13560,932,2952,13,8,104,corrected
340,13600,1667,3145,17,7,119,corrected
340,13600,551,2971,12,10,120,corrected
340,13600,450,2958,11,8,88,corrected
340,13600,479,2963,6,6,36,corrected
340,13600,504,2967,12,13,156,corrected
340,13600,523,2967,8,10,80,corrected
340,13600,533,2966,11,10,110,corrected
340,13600,578,2970,10,8,80,corrected
340,13600,607,2963,13,11,143,corrected
340,13600,641,2967,8,9,72,corrected
340,13600,663,2968,9,9,81,corrected
340,13600,686,2972,10,10,100,corrected
340,13600,703,2975,9,6,54,corrected
340,13600,727,2975,12,9,108,corrected
340,13600,747,2978,6,4,24,corrected
340,13600,761,2977,9,6,54,corrected
340,13600,787,2970,9,8,72,corrected
340,13600,802,2960,13,10,130,corrected
340,13600,804,2978,11,8,88,corrected
340,13600,820,2954,12,12,144,corrected
340,13600,853,2958,9,7,63,corrected
340,13600,870,2956,10,8,80,corrected
340,13600,891,2959,13,7,91,corrected
340,13600,912,2957,10,6,60,corrected
340,13600,927,2951,13,10,130,corrected
341,13640,1666,3145,16,7,112,corrected
341,13640,446,2959,12,10,120,corrected
341,13640,545,2972,11,9,99,corrected
341,13640,471,2963,9,5,45,corrected
341,13640,499,2965,9,13,117,corrected
341,13640,515,2967,10,9,90,corrected
341,13640,528,2970,9,6,54,corrected
341,13640,571,2971,10,7,70,corrected
341,13640,602,2966,11,7,77,corrected
341,13640,630,2967,13,9,117,corrected
341,13640,662,2972,5,6,30,corrected
341,13640,681,2971,9,5,45,corrected
341,13640,696,2971,10,8,80,corrected
341,13640,720,2975,13,10,130,corrected
341,13640,738,2978,10,7,70,corrected
341,13640,780,2972,11,9,99,corrected
341,13640,797,2960,13,10,130,corrected
341,13640,799,2974,12,11,132,corrected
341,13640,813,2955,13,9,117,corrected
341,13640,865,2957,10,9,90,corrected
341,13640,848,2959,9,7,63,corrected
341,13640,886,2959,12,8,96,corrected
341,13640,907,2955,10,6,60,corrected
341,13640,926,2955,8,9,72,corrected
342,13680,1666,3145,16,7,112,corrected
342,13680,443,2958,10,7,70,corrected
342,13680,540,2971,10,7,70,corrected
342,13680,466,2962,10,6,60,corrected
342,13680,494,2967,10,9,90,corrected
342,13680,511,2967,8,12,96,corrected
342,13680,522,2967,9,10,90,corrected
342,13680,565,2971,12,8,96,corrected
342,13680,597,2967,8,9,72,corrected
342,13680,629,2967,8,10,80,corrected
342,13680,655,2972,6,9,54,corrected
342,13680,674,2969,9,7,63,corrected
342,13680,691,2975,9,5,45,corrected
342,13680,713,2971,13,11,143,corrected
342,13680,734,2975,7,6,42,corrected
342,13680,777,2971,8,9,72,corrected
342,13680,793,2962,12,11,132,corrected
342,13680,792,2975,12,10,120,corrected
342,13680,808,2956,15,13,195,corrected
342,13680,843,2958,9,8,72,corrected
342,13680,861,2957,8,7,56,corrected
342,13680,883,2959,10,8,80,corrected
342,13680,903,2954,9,6,54,corrected
342,13680,920,2955,9,9,81,corrected
343,13720,1667,3145,15,7,105,corrected
343,13720,535,2966,10,11,110,corrected
343,13720,438,2955,8,10,80,corrected
343,13720,463,2960,9,8,72,corrected
343,13720,487,2965,11,12,132,corrected
343,13720,507,2965,6,11,66,corrected
343,13720,518,2966,7,6,42,corrected
343,13720,559,2970,10,7,70,corrected
343,13720,590,2967,10,5,50,corrected
343,13720,623,2965,9,10,90,corrected
343,13720,646,2971,9,5,45,corrected
343,13720,668,2972,10,8,80,corrected
343,13720,687,2974,9,8,72,corrected
343,13720,708,2972,13,11,143,corrected
343,13720,728,2972,7,9,63,corrected
343,13720,744,2977,6,7,42,corrected
343,13720,770,2970,11,7,77,corrected
343,13720,789,2962,13,10,130,corrected
343,13720,788,2978,11,11,121,corrected
343,13720,804,2958,15,9,135,corrected
343,13720,838,2955,11,10,110,corrected
343,13720,854,2955,11,9,99,corrected
343,13720,879,2958,9,7,63,corrected
343,13720,897,2956,11,6,66,corrected
343,13720,917,2955,10,7,70,corrected
344,13760,1666,3145,16,7,112,corrected
344,13760,531,2971,7,8,56,corrected
344,13760,432,2958,8,7,56,corrected
344,13760,483,2964,10,12,120,corrected
344,13760,455,2958,9,7,63,corrected
344,13760,500,2963,8,11,88,corrected
344,13760,513,2967,9,6,54,corrected
344,13760,553,2967,10,9,90,corrected
344,13760,585,2963,10,11,110,corrected
344,13760,619,2967,6,8,48,corrected
344,13760,640,2967,9,9,81,corrected
344,13760,664,2971,8,8,64,corrected
344,13760,681,2973,7,7,49,corrected
344,13760,704,2973,11,10,110,corrected
344,13760,724,2976,5,7,35,corrected
344,13760,766,2968,11,9,99,corrected
344,13760,786,2958,11,9,99,corrected
344,13760,783,2977,9,10,90,corrected
344,13760,801,2952,16,12,192,corrected
344,13760,832,2955,11,8,88,corrected
344,13760,851,2957,9,6,54,corrected
344,13760,875,2959,10,5,50,corrected
344,13760,894,2957,10,7,70,corrected
344,13760,914,2953,7,9,63,corrected
345,13800,1666,3144,17,8,136,corrected
345,13800,522,2970,11,12,132,corrected
345,13800,426,2958,11,10,110,corrected
345,13800,479,2963,8,12,96,corrected
345,13800,448,2959,10,10,100,corrected
345,13800,498,2969,6,7,42,corrected
345,13800,506,2967,7,10,70,corrected
345,13800,550,2970,9,7,63,corrected
345,13800,578,2966,10,7,70,corrected
345,13800,611,2965,8,11,88,corrected
345,13800,658,2967,7,9,63,corrected
345,13800,638,2971,5,7,35,corrected
345,13800,674,2968,8,10,80,corrected
345,13800,694,2973,14,10,140,corrected
345,13800,715,2975,9,9,81,corrected
345,13800,729,2969,11,11,121,corrected
345,13800,762,2971,10,9,90,corrected
345,13800,779,2975,10,10,100,corrected
345,13800,794,2955,16,11,176,corrected
345,13800,827,2958,10,11,110,corrected
345,13800,847,2957,8,11,88,corrected
345,13800,870,2959,11,6,66,corrected
345,13800,890,2955,8,6,48,corrected
346,13840,1667,3144,14,7,98,corrected
346,13840,517,2966,12,11,132,corrected
346,13840,423,2958,10,8,80,corrected
346,13840,470,2963,11,10,110,corrected
346,13840,444,2959,9,8,72,corrected
346,13840,488,2967,10,10,100,corrected
346,13840,502,2967,6,5,30,corrected
346,13840,541,2970,13,7,91,corrected
346,13840,575,2967,7,6,42,corrected
346,13840,605,2966,9,8,72,corrected
346,13840,628,2970,10,8,80,corrected
346,13840,652,2968,7,7,49,corrected
346,13840,666,2971,10,9,90,corrected
346,13840,689,2971,11,9,99,corrected
346,13840,711,2975,5,9,45,corrected
346,13840,724,2974,11,7,77,corrected
346,13840,755,2970,9,7,63,corrected
346,13840,775,2961,13,11,143,corrected
346,13840,772,2979,11,6,66,corrected
346,13840,790,2957,13,9,117,corrected
346,13840,823,2959,10,6,60,corrected
346,13840,840,2956,10,9,90,corrected
346,13840,864,2958,11,8,88,corrected
346,13840,883,2954,12,7,84,corrected
346,13840,903,2955,9,10,90,corrected
347,13880,1666,3143,15,8,120,corrected
347,13880,512,2963,9,13,117,corrected
347,13880,417,2955,8,10,80,corrected
347,13880,442,2958,7,7,49,corrected
347,13880,466,2963,12,11,132,corrected
347,13880,485,2967,7,6,42,corrected
347,13880,494,2961,9,9,81,corrected
347,13880,538,2967,7,8,56,corrected
347,13880,568,2964,9,8,72,corrected
347,13880,598,2963,10,10,100,corrected
347,13880,646,2969,10,10,100,corrected
347,13880,623,2967,9,9,81,corrected
347,13880,661,2971,10,9,90,corrected
347,13880,683,2969,12,11,132,corrected
347,13880,703,2970,10,10,100,corrected
347,13880,717,2974,12,8,96,corrected
347,13880,752,2966,8,11,88,corrected
347,13880,773,2961,12,10,120,corrected
347,13880,767,2978,10,10,100,corrected
347,13880,788,2955,12,10,120,corrected
347,13880,817,2954,10,11,110,corrected
347,13880,837,2955,11,8,88,corrected
347,13880,863,2958,5,6,30,corrected
347,13880,881,2956,8,7,56,corrected
347,13880,898,2953,10,8,80,corrected
348,13920,1667,3143,14,7,98,corrected
348,13920,509,2971,7,6,42,corrected
348,13920,410,2959,10,5,50,corrected
348,13920,436,2958,8,6,48,corrected
348,13920,463,2961,7,11,77,corrected
348,13920,479,2966,8,6,48,corrected
348,13920,490,2967,8,5,40,corrected
348,13920,530,2965,10,9,90,corrected
348,13920,562,2963,9,9,81,corrected
348,13920,593,2967,11,8,88,corrected
348,13920,616,2967,10,8,80,corrected
348,13920,639,2968,9,8,72,corrected
348,13920,659,2971,5,5,25,corrected
348,13920,680,2975,10,7,70,corrected
348,13920,698,2974,7,11,77,corrected
348,13920,712,2971,12,10,120,corrected
348,13920,746,2970,6,7,42,corrected
348,13920,767,2957,12,10,120,corrected
348,13920,765,2975,7,11,77,corrected
348,13920,782,2951,13,11,143,corrected
348,13920,836,2957,7,8,56,corrected
348,13920,815,2959,9,6,54,corrected
348,13920,855,2955,10,10,100,corrected
348,13920,875,2957,10,7,70,corrected
348,13920,894,2954,11,6,66,corrected
349,13960,1668,3142,12,7,84,corrected
349,13960,504,2968,7,9,63,corrected
349,13960,406,2957,7,8,56,corrected
349,13960,456,2961,9,9,81,corrected
349,13960,429,2958,10,7,70,corrected
349,13960,471,2966,11,7,77,corrected
349,13960,487,2966,5,6,30,corrected
349,13960,524,2967,14,10,140,corrected
349,13960,558,2964,7,8,56,corrected
349,13960,585,2966,12,8,96,corrected
349,13960,632,2967,9,7,63,corrected
349,13960,615,2971,6,6,36,corrected
349,13960,650,2967,9,9,81,corrected
349,13960,674,2973,9,8,72,corrected
349,13960,690,2975,9,9,81,corrected
349,13960,705,2968,12,11,132,corrected
349,13960,742,2971,6,5,30,corrected
349,13960,762,2958,14,9,126,corrected
349,13960,755,2975,10,9,90,corrected
349,13960,779,2955,11,9,99,corrected
349,13960,808,2957,11,8,88,corrected
349,13960,827,2956,12,10,120,corrected
349,13960,850,2959,11,6,66,corrected
349,13960,871,2957,9,6,54,corrected
349,13960,890,2955,10,6,60,corrected
350,14000,1668,3142,17,10,170,corrected
350,14000,496,2962,10,12,120,corrected
350,14000,403,2955,10,7,70,corrected
350,14000,451,2961,10,10,100,corrected
350,14000,423,2958,10,7,70,corrected
350,14000,466,2967,13,6,78,corrected
350,14000,518,2966,11,8,88,corrected
350,14000,550,2964,10,9,90,corrected
350,14000,582,2964,9,9,81,corrected
350,14000,607,2969,9,7,63,corrected
350,14000,626,2968,9,6,54,corrected
350,14000,647,2971,6,9,54,corrected
350,14000,667,2968,9,9,81,corrected
350,14000,682,2971,11,10,110,corrected
350,14000,702,2971,11,10,110,corrected
350,14000,735,2967,10,9,90,corrected
350,14000,761,2959,11,9,99,corrected
350,14000,750,2979,11,6,66,corrected
350,14000,776,2956,10,9,90,corrected
350,14000,803,2954,10,8,80,corrected
350,14000,822,2954,11,10,110,corrected
350,14000,846,2956,10,9,90,corrected
350,14000,865,2955,10,8,80,corrected
350,14000,885,2957,11,8,88,corrected
351,14040,1668,3141,15,10,150,corrected
351,14040,489,2962,12,13,156,corrected
351,14040,394,2952,14,8,112,corrected
351,14040,447,2961,9,12,108,corrected
351,14040,420,2958,7,6,42,corrected
351,14040,461,2966,11,7,77,corrected
351,14040,513,2962,12,11,132,corrected
351,14040,545,2960,9,11,99,corrected
351,14040,574,2963,11,10,110,corrected
351,14040,621,2969,9,6,54,corrected
351,14040,602,2967,6,6,36,corrected
351,14040,639,2971,8,7,56,corrected
351,14040,660,2970,13,8,104,corrected
351,14040,678,2968,9,13,117,corrected
351,14040,695,2971,11,9,99,corrected
351,14040,731,2967,9,7,63,corrected
351,14040,756,2958,12,8,96,corrected
351,14040,747,2979,9,5,45,corrected
351,14040,769,2950,14,12,168,corrected
351,14040,799,2950,10,12,120,corrected
351,14040,817,2955,12,7,84,corrected
351,14040,842,2956,10,8,80,corrected
351,14040,861,2957,10,6,60,corrected
351,14040,880,2956,11,5,55,corrected
352,14080,1672,3139,17,6,102,corrected
352,14080,486,2967,8,10,80,corrected
352,14080,386,2955,14,6,84,corrected
352,14080,442,2958,7,11,77,corrected
352,14080,413,2954,9,8,72,corrected
352,14080,455,2966,9,6,54,corrected
352,14080,470,2964,6,8,48,corrected
352,14080,508,2964,12,10,120,corrected
352,14080,540,2961,7,8,56,corrected
352,14080,573,2966,8,8,64,corrected
352,14080,591,2965,14,7,98,corrected
352,14080,616,2967,9,6,54,corrected
352,14080,635,2967,5,8,40,corrected
352,14080,654,2970,13,11,143,corrected
352,14080,674,2971,8,12,96,corrected
352,14080,688,2967,14,10,140,corrected
352,14080,724,2967,8,8,64,corrected
352,14080,754,2955,12,13,156,corrected
352,14080,743,2975,10,8,80,corrected
352,14080,763,2950,11,10,110,corrected
352,14080,813,2955,11,9,99,corrected
352,14080,795,2954,10,10,100,corrected
352,14080,837,2955,12,8,96,corrected
352,14080,856,2957,11,8,88,corrected
352,14080,878,2954,7,8,56,corrected
353,14120,1671,3132,17,12,204,corrected
353,14120,482,2966,8,11,88,corrected
353,14120,382,2955,11,9,99,corrected
353,14120,407,2956,11,8,88,corrected
353,14120,437,2959,7,9,63,corrected
353,14120,451,2966,12,6,72,corrected
353,14120,463,2963,9,7,63,corrected
353,14120,502,2965,12,11,132,corrected
353,14120,535,2962,9,11,99,corrected
353,14120,565,2964,9,9,81,corrected
353,14120,610,2964,9,7,63,corrected
353,14120,587,2967,12,8,96,corrected
353,14120,627,2967,9,10,90,corrected
353,14120,649,2969,12,8,96,corrected
353,14120,667,2970,9,11,99,corrected
353,14120,682,2967,12,9,108,corrected
353,14120,719,2967,10,9,90,corrected
353,14120,749,2957,12,8,96,corrected
353,14120,761,2952,11,11,121,corrected
353,14120,791,2955,10,9,90,corrected
353,14120,808,2954,12,7,84,corrected
353,14120,833,2954,10,9,90,corrected
353,14120,852,2957,11,7,77,corrected
353,14120,875,2955,7,7,49,corrected
354,14160,1676,3136,13,11,143,corrected
354,14160,477,2960,7,14,98,corrected
354,14160,378,2955,11,6,66,corrected
354,14160,430,2958,11,10,110,corrected
354,14160,403,2955,10,10,100,corrected
354,14160,446,2964,12,5,60,corrected
354,14160,460,2960,6,8,48,corrected
354,14160,497,2963,8,6,48,corrected
354,14160,530,2962,10,9,90,corrected
354,14160,562,2963,7,6,42,corrected
354,14160,582,2967,11,7,77,corrected
354,14160,605,2967,9,7,63,corrected
354,14160,620,2969,11,8,88,corrected
354,14160,645,2967,12,11,132,corrected
354,14160,661,2967,10,9,90,corrected
354,14160,679,2971,10,9,90,corrected
354,14160,715,2968,10,5,50,corrected
354,14160,746,2957,12,9,108,corrected
354,14160,731,2979,9,5,45,corrected
354,14160,757,2953,13,10,130,corrected
354,14160,787,2951,9,10,90,corrected
354,14160,805,2953,10,8,80,corrected
354,14160,827,2956,11,9,99,corrected
354,14160,847,2955,13,9,117,corrected
354,14160,867,2957,11,8,88,corrected
355,14200,1674,3135,13,10,130,corrected
355,14200,471,2962,9,11,99,corrected
355,14200,374,2951,11,9,99,corrected
355,14200,422,2958,13,11,143,corrected
355,14200,398,2954,10,7,70,corrected
355,14200,443,2963,10,5,50,corrected
355,14200,456,2962,9,6,54,corrected
355,14200,494,2960,6,10,60,corrected
355,14200,523,2958,10,11,110,corrected
355,14200,580,2966,6,6,36,corrected
355,14200,599,2968,9,7,63,corrected
355,14200,616,2969,8,6,48,corrected
355,14200,639,2967,10,10,100,corrected
355,14200,655,2971,10,6,60,corrected
355,14200,674,2969,12,11,132,corrected
355,14200,711,2963,8,10,80,corrected
355,14200,742,2956,11,9,99,corrected
355,14200,754,2952,10,9,90,corrected
355,14200,800,2953,11,8,88,corrected
355,14200,783,2955,10,6,60,corrected
355,14200,823,2954,10,7,70,corrected
355,14200,842,2956,10,7,70,corrected
355,14200,862,2957,11,7,77,corrected
356,14240,1675,3131,13,10,130,corrected
356,14240,466,2964,10,10,100,corrected
356,14240,370,2953,10,8,80,corrected
356,14240,421,2958,8,9,72,corrected
356,14240,394,2954,8,7,56,corrected
356,14240,439,2965,9,4,36,corrected
356,14240,448,2961,10,9,90,corrected
356,14240,485,2963,12,10,120,corrected
356,14240,517,2959,10,9,90,corrected
356,14240,547,2963,9,8,72,corrected
356,14240,572,2965,9,7,63,corrected
356,14240,594,2966,7,5,35,corrected
356,14240,610,2964,9,9,81,corrected
356,14240,631,2970,12,9,108,corrected
356,14240,650,2969,12,12,144,corrected
356,14240,667,2967,11,9,99,corrected
356,14240,703,2965,11,8,88,corrected
356,14240,739,2955,12,8,96,corrected
356,14240,722,2972,13,9,117,corrected
356,14240,750,2952,9,7,63,corrected
356,14240,774,2955,14,9,126,corrected
356,14240,796,2954,12,10,120,corrected
356,14240,818,2953,11,8,88,corrected
356,14240,838,2957,11,7,77,corrected
356,14240,861,2954,8,9,72,corrected
357,14280,1676,3127,16,12,192,corrected
357,14280,462,2963,11,9,99,corrected
357,14280,361,2954,14,11,154,corrected
357,14280,415,2959,9,9,81,corrected
357,14280,389,2955,8,8,64,corrected
357,14280,431,2962,9,11,99,corrected
357,14280,445,2961,11,7,77,corrected
357,14280,482,2963,9,9,81,corrected
357,14280,512,2961,9,12,108,corrected
357,14280,542,2963,9,7,63,corrected
357,14280,568,2967,8,6,48,corrected
357,14280,587,2963,9,9,81,corrected
357,14280,603,2967,11,7,77,corrected
357,14280,627,2968,8,7,56,corrected
357,14280,645,2970,11,7,77,corrected
357,14280,661,2967,12,9,108,corrected
357,14280,700,2966,13,10,130,corrected
357,14280,732,2957,13,7,91,corrected
357,14280,719,2975,7,9,63,corrected
357,14280,745,2950,10,12,120,corrected
357,14280,791,2954,12,8,96,corrected
357,14280,774,2954,11,7,77,corrected
357,14280,814,2953,9,8,72,corrected
357,14280,834,2956,9,7,63,corrected
357,14280,853,2957,13,6,78,corrected
358,14320,1674,3130,20,8,160,corrected
358,14320,456,2959,10,11,110,corrected
358,14320,358,2954,12,8,96,corrected
358,14320,409,2959,12,9,108,corrected
358,14320,383,2955,10,8,80,corrected
358,14320,427,2961,8,8,64,corrected
358,14320,439,2960,11,7,77,corrected
358,14320,477,2959,9,9,81,corrected
358,14320,506,2961,11,7,77,corrected
358,14320,537,2960,9,8,72,corrected
358,14320,561,2967,10,6,60,corrected
358,14320,583,2966,9,9,81,corrected
358,14320,598,2967,9,9,81,corrected
358,14320,620,2963,13,11,143,corrected
358,14320,642,2969,6,6,36,corrected
358,14320,656,2968,11,9,99,corrected
358,14320,694,2964,12,8,96,corrected
358,14320,728,2955,11,8,88,corrected
358,14320,712,2975,8,8,64,corrected
358,14320,739,2949,11,10,110,corrected
358,14320,769,2951,11,9,99,corrected
358,14320,786,2951,13,10,130,corrected
358,14320,810,2955,11,9,99,corrected
358,14320,829,2955,12,8,96,corrected
358,14320,851,2957,10,8,80,corrected
359,14360,1678,3131,15,9,135,corrected
359,14360,355,2950,8,10,80,corrected
359,14360,379,2954,8,6,48,corrected
359,14360,404,2959,11,10,110,corrected
359,14360,420,2959,10,10,100,corrected
359,14360,435,2961,12,7,84,corrected
359,14360,469,2959,15,12,180,corrected
359,14360,501,2958,11,10,110,corrected
359,14360,530,2959,9,9,81,corrected
359,14360,557,2963,8,9,72,corrected
359,14360,576,2963,9,11,99,corrected
359,14360,595,2966,5,8,40,corrected
359,14360,616,2967,11,9,99,corrected
359,14360,639,2968,5,8,40,corrected
359,14360,652,2967,9,8,72,corrected
359,14360,689,2963,11,9,99,corrected
359,14360,728,2955,9,7,63,corrected
359,14360,707,2971,9,9,81,corrected
359,14360,737,2949,9,8,72,corrected
359,14360,766,2953,10,8,80,corrected
359,14360,785,2955,9,5,45,corrected
359,14360,808,2955,9,6,54,corrected
359,14360,824,2956,12,7,84,corrected
359,14360,846,2957,11,9,99,corrected
360,14400,1679,3126,17,10,170,corrected
360,14400,347,2951,10,8,80,corrected
360,14400,398,2956,12,11,132,corrected
360,14400,371,2952,13,8,104,corrected
360,14400,416,2961,10,9,90,corrected
360,14400,431,2962,10,6,60,corrected
360,14400,446,2963,8,6,48,corrected
360,14400,466,2963,13,10,130,corrected
360,14400,497,2959,10,10,100,corrected
360,14400,523,2963,13,9,117,corrected
360,14400,550,2963,9,8,72,corrected
360,14400,570,2960,10,11,110,corrected
360,14400,588,2962,9,10,90,corrected
360,14400,609,2968,13,8,104,corrected
360,14400,631,2970,7,7,49,corrected
360,14400,645,2963,10,12,120,corrected
360,14400,686,2963,11,7,77,corrected
360,14400,726,2955,7,6,42,corrected
360,14400,701,2971,12,9,108,corrected
360,14400,733,2950,9,9,81,corrected
360,14400,762,2953,11,8,88,corrected
360,14400,778,2952,10,9,90,corrected
360,14400,802,2951,11,9,99,corrected
360,14400,820,2957,11,7,77,corrected
360,14400,842,2955,14,9,126,corrected
361,14440,1684,3123,13,10,130,corrected
361,14440,443,2962,9,7,63,corrected
361,14440,343,2953,10,8,80,corrected
361,14440,392,2956,11,9,99,corrected
361,14440,366,2954,12,7,84,corrected
361,14440,410,2961,11,8,88,corrected
361,14440,426,2959,9,9,81,corrected
361,14440,462,2962,12,6,72,corrected
361,14440,491,2959,12,10,120,corrected
361,14440,519,2963,13,7,91,corrected
361,14440,545,2965,10,7,70,corrected
361,14440,566,2964,9,8,72,corrected
361,14440,581,2967,10,9,90,corrected
361,14440,602,2966,14,8,112,corrected
361,14440,626,2968,6,7,42,corrected
361,14440,640,2966,10,7,70,corrected
361,14440,683,2964,7,9,63,corrected
361,14440,724,2959,8,4,32,corrected
361,14440,696,2974,14,6,84,corrected
361,14440,727,2949,12,9,108,corrected
361,14440,758,2950,11,10,110,corrected
361,14440,777,2952,9,10,90,corrected
361,14440,798,2954,10,7,70,corrected
361,14440,816,2956,11,6,66,corrected
361,14440,839,2959,10,6,60,corrected
362,14480,1680,3120,18,11,198,corrected
362,14480,436,2958,11,11,121,corrected
362,14480,339,2951,10,10,100,corrected
362,14480,389,2957,11,10,110,corrected
362,14480,362,2954,11,8,88,corrected
362,14480,407,2959,10,10,100,corrected
362,14480,422,2959,8,8,64,corrected
362,14480,456,2958,12,10,120,corrected
362,14480,487,2959,10,8,80,corrected
362,14480,514,2959,10,10,100,corrected
362,14480,540,2964,9,7,63,corrected
362,14480,560,2964,9,8,72,corrected
362,14480,575,2966,10,9,90,corrected
362,14480,597,2962,12,10,120,corrected
362,14480,619,2964,10,9,90,corrected
362,14480,633,2966,17,12,204,corrected
362,14480,678,2962,8,6,48,corrected
362,14480,724,2958,5,4,20,corrected
362,14480,692,2972,13,8,104,corrected
362,14480,726,2948,11,6,66,corrected
362,14480,769,2950,11,10,110,corrected
362,14480,755,2951,5,5,25,corrected
362,14480,793,2954,11,10,110,corrected
362,14480,812,2955,12,7,84,corrected
362,14480,833,2958,11,7,77,corrected
363,14520,1681,3123,17,12,204,corrected
363,14520,438,2962,6,7,42,corrected
363,14520,334,2950,11,10,110,corrected
363,14520,383,2956,10,11,110,corrected
363,14520,359,2953,12,8,96,corrected
363,14520,415,2959,13,9,117,corrected
363,14520,453,2962,12,6,72,corrected
363,14520,481,2959,11,8,88,corrected
363,14520,510,2962,11,6,66,corrected
363,14520,535,2963,8,6,48,corrected
363,14520,554,2964,8,6,48,corrected
363,14520,574,2962,5,9,45,corrected
363,14520,597,2965,10,10,100,corrected
363,14520,615,2968,9,9,81,corrected
363,14520,633,2967,10,10,100,corrected
363,14520,673,2958,8,11,88,corrected
363,14520,717,2954,8,6,48,corrected
363,14520,687,2966,13,12,156,corrected
363,14520,714,2945,10,7,70,corrected
363,14520,749,2950,10,11,110,corrected
363,14520,767,2952,10,9,90,corrected
363,14520,790,2954,10,7,70,corrected
363,14520,806,2954,12,9,108,corrected
363,14520,829,2958,10,6,60,corrected
364,14560,1686,3120,13,10,130,corrected
364,14560,428,2962,11,7,77,corrected
364,14560,329,2950,10,10,100,corrected
364,14560,379,2955,12,10,120,corrected
364,14560,352,2951,10,8,80,corrected
364,14560,396,2959,8,9,72,corrected
364,14560,410,2959,12,9,108,corrected
364,14560,447,2960,14,8,112,corrected
364,14560,478,2959,10,10,100,corrected
364,14560,503,2962,12,9,108,corrected
364,14560,527,2964,10,4,40,corrected
364,14560,549,2960,8,8,64,corrected
364,14560,567,2963,8,8,64,corrected
364,14560,587,2966,13,9,117,corrected
364,14560,607,2966,11,10,110,corrected
364,14560,625,2964,11,12,132,corrected
364,14560,667,2962,10,9,90,corrected
364,14560,712,2955,12,5,60,corrected
364,14560,685,2971,7,6,42,corrected
364,14560,713,2949,11,5,55,corrected
364,14560,747,2951,8,6,48,corrected
364,14560,762,2952,11,7,77,corrected
364,14560,786,2950,10,10,100,corrected
364,14560,803,2956,11,9,99,corrected
364,14560,825,2957,12,8,96,corrected
365,14600,1691,3116,13,9,117,corrected
365,14600,426,2961,7,7,49,corrected
365,14600,324,2952,12,10,120,corrected
365,14600,374,2955,11,9,99,corrected
365,14600,348,2953,12,7,84,corrected
365,14600,392,2959,9,10,90,corrected
365,14600,409,2959,7,6,42,corrected
365,14600,446,2960,9,8,72,corrected
365,14600,471,2958,10,6,60,corrected
365,14600,499,2962,11,7,77,corrected
365,14600,524,2962,8,10,80,corrected
365,14600,543,2964,10,7,70,corrected
365,14600,561,2966,9,5,45,corrected
365,14600,581,2965,11,6,66,corrected
365,14600,603,2966,8,7,56,corrected
365,14600,621,2966,10,8,80,corrected
365,14600,663,2962,11,8,88,corrected
365,14600,712,2956,8,5,40,corrected
365,14600,678,2970,9,10,90,corrected
365,14600,759,2948,11,9,99,corrected
365,14600,740,2947,13,9,117,corrected
365,14600,783,2954,10,6,60,corrected
365,14600,798,2954,11,7,77,corrected
365,14600,822,2958,11,7,77,corrected
366,14640,1690,3111,15,12,180,corrected
366,14640,318,2950,12,10,120,corrected
366,14640,368,2955,13,10,130,corrected
366,14640,341,2951,12,9,108,corrected
366,14640,387,2955,9,12,108,corrected
366,14640,405,2959,7,5,35,corrected
366,14640,419,2958,9,9,81,corrected
366,14640,440,2959,12,8,96,corrected
366,14640,467,2955,9,10,90,corrected
366,14640,493,2958,12,10,120,corrected
366,14640,519,2962,10,7,70,corrected
366,14640,538,2963,9,7,63,corrected
366,14640,555,2964,9,9,81,corrected
366,14640,576,2959,13,13,169,corrected
366,14640,595,2963,10,10,100,corrected
366,14640,615,2964,11,9,99,corrected
366,14640,659,2959,9,10,90,corrected
366,14640,703,2955,11,6,66,corrected
366,14640,674,2969,11,7,77,corrected
366,14640,709,2945,11,8,88,corrected
366,14640,737,2950,12,7,84,corrected
366,14640,752,2950,13,8,104,corrected
366,14640,777,2954,10,10,100,corrected
366,14640,794,2953,10,7,70,corrected
366,14640,816,2959,12,6,72,corrected
367,14680,1687,3115,21,8,168,corrected
367,14680,313,2949,12,11,132,corrected
367,14680,363,2955,11,9,99,corrected
367,14680,340,2951,8,8,64,corrected
367,14680,382,2959,9,8,72,corrected
367,14680,397,2957,11,8,88,corrected
367,14680,414,2959,12,10,120,corrected
367,14680,437,2959,8,8,64,corrected
367,14680,461,2959,10,5,50,corrected
367,14680,513,2962,10,5,50,corrected
367,14680,534,2963,10,8,80,corrected
367,14680,552,2963,8,8,64,corrected
367,14680,573,2963,10,9,90,corrected
367,14680,593,2967,8,8,64,corrected
367,14680,608,2962,13,7,91,corrected
367,14680,654,2959,10,10,100,corrected
367,14680,702,2953,10,5,50,corrected
367,14680,670,2969,11,7,77,corrected
367,14680,706,2945,9,7,63,corrected
367,14680,749,2951,14,10,140,corrected
367,14680,734,2950,10,7,70,corrected
367,14680,775,2953,8,6,48,corrected
367,14680,789,2954,11,7,77,corrected
367,14680,815,2956,7,7,49,corrected
368,14720,1690,3111,17,13,221,corrected
368,14720,410,2962,11,6,66,corrected
368,14720,310,2952,9,7,63,corrected
368,14720,359,2955,10,7,70,corrected
368,14720,338,2952,5,7,35,corrected
368,14720,375,2959,11,8,88,corrected
368,14720,393,2957,13,8,104,corrected
368,14720,432,2959,8,8,64,corrected
368,14720,484,2962,10,10,100,corrected
368,14720,457,2959,10,10,100,corrected
368,14720,507,2960,12,8,96,corrected
368,14720,527,2960,11,10,110,corrected
368,14720,544,2964,10,7,70,corrected
368,14720,565,2963,12,10,120,corrected
368,14720,586,2967,10,7,70,corrected
368,14720,604,2960,12,9,108,corrected
368,14720,651,2959,8,10,80,corrected
368,14720,694,2952,12,6,72,corrected
368,14720,668,2968,7,8,56,corrected
368,14720,701,2945,11,8,88,corrected
368,14720,747,2949,9,7,63,corrected
368,14720,730,2947,14,8,112,corrected
368,14720,770,2950,10,9,90,corrected
368,14720,786,2954,10,9,90,corrected
368,14720,806,2955,12,7,84,corrected
369,14760,1695,3107,10,9,90,corrected
369,14760,407,2959,11,8,88,corrected
369,14760,301,2951,13,10,130,corrected
369,14760,353,2954,10,7,70,corrected
369,14760,329,2951,11,8,88,corrected
369,14760,375,2958,6,5,30,corrected
369,14760,390,2956,11,6,66,corrected
369,14760,427,2959,11,7,77,corrected
369,14760,454,2958,10,6,60,corrected
369,14760,478,2959,12,9,108,corrected
369,14760,503,2963,9,8,72,corrected
369,14760,525,2962,8,10,80,corrected
369,14760,542,2964,6,8,48,corrected
369,14760,562,2963,12,8,96,corrected
369,14760,582,2963,10,9,90,corrected
369,14760,599,2961,11,11,121,corrected
369,14760,643,2958,12,12,144,corrected
369,14760,698,2954,8,7,56,corrected
369,14760,658,2966,13,10,130,corrected
369,14760,698,2945,9,8,72,corrected
369,14760,726,2948,11,5,55,corrected
369,14760,743,2947,11,9,99,corrected
369,14760,766,2952,10,9,90,corrected
369,14760,784,2954,9,7,63,corrected
369,14760,807,2957,9,7,63,corrected
370,14800,1699,3103,13,10,130,corrected
370,14800,403,2958,8,9,72,corrected
370,14800,297,2950,13,9,117,corrected
370,14800,347,2954,13,8,104,corrected
370,14800,323,2950,12,9,108,corrected
370,14800,370,2959,7,4,28,corrected
370,14800,385,2956,11,7,77,corrected
370,14800,423,2958,12,8,96,corrected
370,14800,449,2955,11,10,110,corrected
370,14800,474,2955,9,11,99,corrected
370,14800,498,2961,10,7,70,corrected
370,14800,519,2963,10,6,60,corrected
370,14800,535,2963,11,8,88,corrected
370,14800,559,2962,10,10,100,corrected
370,14800,576,2962,10,9,90,corrected
370,14800,591,2961,13,10,130,corrected
370,14800,639,2959,10,8,80,corrected
370,14800,690,2952,13,6,78,corrected
370,14800,657,2963,11,10,110,corrected
370,14800,742,2949,9,10,90,corrected
370,14800,723,2947,11,10,110,corrected
370,14800,698,2942,5,7,35,corrected
370,14800,759,2952,12,8,96,corrected
370,14800,778,2950,10,11,110,corrected
370,14800,799,2956,12,9,108,corrected
371,14840,1696,3101,17,11,187,corrected
371,14840,398,2959,10,8,80,corrected
371,14840,294,2949,11,7,77,corrected
371,14840,343,2953,10,10,100,corrected
371,14840,322,2950,7,6,42,corrected
371,14840,364,2958,8,6,48,corrected
371,14840,379,2957,13,7,91,corrected
371,14840,418,2958,12,7,84,corrected
371,14840,444,2959,10,5,50,corrected
371,14840,495,2961,9,7,63,corrected
371,14840,514,2962,10,7,70,corrected
371,14840,534,2964,11,6,66,corrected
371,14840,555,2964,10,9,90,corrected
371,14840,572,2964,9,9,81,corrected
371,14840,589,2961,12,9,108,corrected
371,14840,635,2956,10,11,110,corrected
371,14840,692,2958,10,6,60,corrected
371,14840,653,2964,7,9,63,corrected
371,14840,691,2950,10,6,60,corrected
371,14840,719,2946,10,8,80,corrected
371,14840,736,2950,12,11,132,corrected
371,14840,758,2951,12,10,120,corrected
371,14840,774,2951,11,10,110,corrected
371,14840,796,2955,12,6,72,corrected
372,14880,1703,3104,13,12,156,corrected
372,14880,393,2958,9,8,72,corrected
372,14880,290,2951,11,6,66,corrected
372,14880,338,2953,10,6,60,corrected
372,14880,317,2950,8,6,48,corrected
372,14880,358,2957,10,8,80,corrected
372,14880,375,2956,10,5,50,corrected
372,14880,414,2959,11,6,66,corrected
372,14880,439,2959,10,5,50,corrected
372,14880,462,2959,13,9,117,corrected
372,14880,487,2959,11,9,99,corrected
372,14880,508,2959,10,9,90,corrected
372,14880,525,2962,10,7,70,corrected
372,14880,548,2962,11,10,110,corrected
372,14880,567,2963,9,9,81,corrected
372,14880,584,2957,11,12,132,corrected
372,14880,631,2959,9,10,90,corrected
372,14880,685,2951,9,5,45,corrected
372,14880,647,2964,10,9,90,corrected
372,14880,682,2941,12,8,96,corrected
372,14880,734,2949,11,8,88,corrected
372,14880,717,2945,10,7,70,corrected
372,14880,753,2948,11,11,121,corrected
372,14880,771,2954,10,9,90,corrected
372,14880,794,2955,7,9,63,corrected
373,14920,1703,3102,13,8,104,corrected
373,14920,389,2957,12,8,96,corrected
373,14920,283,2950,13,10,130,corrected
373,14920,309,2951,12,7,84,corrected
373,14920,332,2951,11,8,88,corrected
373,14920,354,2956,11,4,44,corrected
373,14920,370,2953,12,7,84,corrected
373,14920,408,2957,12,7,84,corrected
373,14920,434,2956,11,8,88,corrected
373,14920,461,2959,11,6,66,corrected
373,14920,482,2961,10,8,80,corrected
373,14920,502,2961,11,7,77,corrected
373,14920,521,2962,9,10,90,corrected
373,14920,544,2962,11,8,88,corrected
373,14920,563,2962,11,6,66,corrected
373,14920,579,2960,12,10,120,corrected
373,14920,627,2955,10,11,110,corrected
373,14920,684,2953,8,7,56,corrected
373,14920,644,2962,10,7,70,corrected
373,14920,682,2945,9,6,54,corrected
373,14920,730,2949,11,8,88,corrected
373,14920,713,2945,8,7,56,corrected
373,14920,751,2951,12,11,132,corrected
373,14920,767,2954,9,6,54,corrected
373,14920,790,2956,9,9,81,corrected
374,14960,1707,3099,13,6,78,corrected
374,14960,383,2957,13,8,104,corrected
374,14960,279,2951,11,6,66,corrected
374,14960,327,2952,13,9,117,corrected
374,14960,305,2952,11,5,55,corrected
374,14960,349,2956,12,5,60,corrected
374,14960,367,2954,11,6,66,corrected
374,14960,406,2956,11,8,88,corrected
374,14960,431,2956,11,8,88,corrected
374,14960,456,2957,12,7,84,corrected
374,14960,479,2961,9,7,63,corrected
374,14960,498,2961,8,6,48,corrected
374,14960,516,2961,13,7,91,corrected
374,14960,538,2960,11,10,110,corrected
374,14960,557,2962,11,7,77,corrected
374,14960,576,2960,11,9,99,corrected
374,14960,623,2955,10,11,110,corrected
374,14960,679,2951,10,5,50,corrected
374,14960,639,2959,12,10,120,corrected
374,14960,683,2939,9,8,72,corrected
374,14960,707,2945,13,10,130,corrected
374,14960,726,2950,11,7,77,corrected
374,14960,745,2951,12,9,108,corrected
374,14960,762,2949,9,11,99,corrected
374,14960,783,2956,11,10,110,corrected
375,15000,1710,3094,12,11,132,corrected
375,15000,378,2957,13,7,91,corrected
375,15000,274,2950,10,6,60,corrected
375,15000,322,2953,12,7,84,corrected
375,15000,302,2951,7,5,35,corrected
375,15000,342,2955,13,7,91,corrected
375,15000,361,2953,13,8,104,corrected
375,15000,402,2956,11,7,77,corrected
375,15000,427,2957,9,8,72,corrected
375,15000,452,2957,12,7,84,corrected
375,15000,474,2955,7,9,63,corrected
375,15000,494,2959,9,8,72,corrected
375,15000,512,2959,8,8,64,corrected
375,15000,535,2963,10,9,90,corrected
375,15000,553,2963,9,10,90,corrected
375,15000,572,2959,10,7,70,corrected
375,15000,619,2954,10,11,110,corrected
375,15000,638,2964,6,5,30,corrected
375,15000,706,2944,11,6,66,corrected
375,15000,722,2950,11,7,77,corrected
375,15000,746,2951,6,6,36,corrected
375,15000,758,2951,10,8,80,corrected
375,15000,780,2955,13,6,78,corrected
376,15040,1707,3093,14,9,126,corrected
376,15040,374,2957,12,8,96,corrected
376,15040,270,2951,11,5,55,corrected
376,15040,319,2950,9,8,72,corrected
376,15040,297,2950,9,7,63,corrected
376,15040,338,2954,16,7,112,corrected
376,15040,358,2953,11,7,77,corrected
376,15040,397,2956,9,8,72,corrected
376,15040,421,2958,12,7,84,corrected
376,15040,446,2957,11,9,99,corrected
376,15040,468,2959,12,9,108,corrected
376,15040,492,2960,9,7,63,corrected
376,15040,511,2960,5,7,35,corrected
376,15040,529,2960,10,9,90,corrected
376,15040,546,2962,12,9,108,corrected
376,15040,566,2958,13,10,130,corrected
376,15040,615,2955,10,10,100,corrected
376,15040,630,2961,10,7,70,corrected
376,15040,671,2940,10,8,80,corrected
376,15040,700,2941,12,9,108,corrected
376,15040,720,2949,9,6,54,corrected
376,15040,738,2948,11,8,88,corrected
376,15040,755,2953,12,10,120,corrected
376,15040,775,2952,10,10,100,corrected
377,15080,1711,3094,16,14,224,corrected
377,15080,372,2955,11,9,99,corrected
377,15080,264,2952,13,6,78,corrected
377,15080,313,2951,11,7,77,corrected
377,15080,291,2951,9,6,54,corrected
377,15080,335,2953,11,7,77,corrected
377,15080,353,2951,12,7,84,corrected
377,15080,392,2956,10,8,80,corrected
377,15080,418,2955,9,7,63,corrected
377,15080,442,2958,11,7,77,corrected
377,15080,463,2959,11,9,99,corrected
377,15080,482,2959,14,10,140,corrected
377,15080,503,2961,9,7,63,corrected
377,15080,525,2959,11,9,99,corrected
377,15080,543,2961,9,8,72,corrected
377,15080,563,2959,11,11,121,corrected
377,15080,611,2954,10,7,70,corrected
377,15080,670,2950,10,6,60,corrected
377,15080,628,2959,7,9,63,corrected
377,15080,667,2937,15,9,135,corrected
377,15080,696,2942,12,8,96,corrected
377,15080,718,2949,5,6,30,corrected
377,15080,739,2951,9,6,54,corrected
377,15080,752,2953,10,6,60,corrected
377,15080,771,2955,10,10,100,corrected
378,15120,1712,3093,15,9,135,corrected
378,15120,368,2955,11,6,66,corrected
378,15120,262,2952,9,7,63,corrected
378,15120,306,2951,12,6,72,corrected
378,15120,286,2951,10,6,60,corrected
378,15120,330,2953,12,6,72,corrected
378,15120,349,2952,12,7,84,corrected
378,15120,387,2955,12,6,72,corrected
378,15120,412,2955,11,6,66,corrected
378,15120,437,2956,11,8,88,corrected
378,15120,461,2959,6,5,30,corrected
378,15120,480,2960,9,6,54,corrected
378,15120,498,2960,11,8,88,corrected
378,15120,536,2962,11,6,66,corrected
378,15120,558,2959,12,7,84,corrected
378,15120,607,2950,9,11,99,corrected
378,15120,667,2948,11,6,66,corrected
378,15120,623,2956,9,9,81,corrected
378,15120,668,2939,8,7,56,corrected
378,15120,695,2943,10,8,80,corrected
378,15120,710,2948,11,10,110,corrected
378,15120,731,2951,13,7,91,corrected
378,15120,748,2950,11,9,99,corrected
378,15120,767,2955,10,9,90,corrected
379,15160,1718,3091,14,6,84,corrected
379,15160,362,2955,10,7,70,corrected
379,15160,255,2951,10,7,70,corrected
379,15160,303,2952,12,7,84,corrected
379,15160,282,2951,7,5,35,corrected
379,15160,323,2953,14,7,98,corrected
379,15160,343,2952,13,7,91,corrected
379,15160,382,2954,14,7,98,corrected
379,15160,408,2955,10,6,60,corrected
379,15160,433,2955,10,9,90,corrected
379,15160,455,2955,9,9,81,corrected
379,15160,475,2959,10,6,60,corrected
379,15160,495,2958,9,8,72,corrected
379,15160,514,2962,12,10,120,corrected
379,15160,536,2964,8,9,72,corrected
379,15160,553,2955,13,10,130,corrected
379,15160,602,2954,13,7,91,corrected
379,15160,664,2947,9,7,63,corrected
379,15160,622,2956,7,11,77,corrected
379,15160,669,2945,8,5,40,corrected
379,15160,707,2948,12,5,60,corrected
379,15160,695,2938,10,12,120,corrected
379,15160,730,2949,12,6,72,corrected
379,15160,745,2951,8,8,64,corrected
379,15160,763,2951,12,10,120,corrected
380,15200,1722,3087,13,9,117,corrected
380,15200,359,2955,9,6,54,corrected
380,15200,251,2951,9,6,54,corrected
380,15200,298,2951,12,6,72,corrected
380,15200,276,2950,9,6,54,corrected
380,15200,320,2953,12,6,72,corrected
380,15200,342,2951,8,6,48,corrected
380,15200,377,2954,12,7,84,corrected
380,15200,403,2955,11,6,66,corrected
380,15200,426,2956,13,9,117,corrected
380,15200,452,2959,9,6,54,corrected
380,15200,471,2958,10,8,80,corrected
380,15200,489,2959,9,6,54,corrected
380,15200,510,2961,12,8,96,corrected
380,15200,529,2962,10,7,70,corrected
380,15200,549,2958,12,8,96,corrected
380,15200,599,2955,9,8,72,corrected
380,15200,659,2947,11,5,55,corrected
380,15200,615,2958,9,9,81,corrected
380,15200,658,2938,12,7,84,corrected
380,15200,702,2944,12,8,96,corrected
380,15200,687,2940,11,9,99,corrected
380,15200,727,2949,11,7,77,corrected
380,15200,740,2952,11,8,88,corrected
380,15200,759,2954,14,7,98,corrected
381,15240,1718,3085,17,12,204,corrected
381,15240,356,2954,10,6,60,corrected
381,15240,243,2951,12,8,96,corrected
381,15240,293,2949,11,7,77,corrected
381,15240,270,2951,11,8,88,corrected
381,15240,318,2951,7,6,42,corrected
381,15240,336,2950,10,6,60,corrected
381,15240,375,2954,11,7,77,corrected
381,15240,399,2953,10,8,80,corrected
381,15240,423,2956,14,8,112,corrected
381,15240,447,2959,10,7,70,corrected
381,15240,466,2958,11,8,88,corrected
381,15240,482,2959,12,8,96,corrected
381,15240,505,2959,13,10,130,corrected
381,15240,525,2959,11,10,110,corrected
381,15240,546,2959,10,9,90,corrected
381,15240,594,2952,12,8,96,corrected
381,15240,656,2948,13,6,78,corrected
381,15240,613,2955,10,9,90,corrected
381,15240,656,2934,10,9,90,corrected
381,15240,701,2947,11,5,55,corrected
381,15240,684,2941,11,8,88,corrected
381,15240,724,2951,11,6,66,corrected
381,15240,736,2951,13,9,117,corrected
381,15240,755,2954,13,11,143,corrected
382,15280,1722,3086,19,11,209,corrected
382,15280,352,2953,10,8,80,corrected
382,15280,238,2951,10,7,70,corrected
382,15280,286,2950,13,6,78,corrected
382,15280,266,2951,11,9,99,corrected
382,15280,314,2950,7,7,49,corrected
382,15280,331,2950,12,7,84,corrected
382,15280,371,2952,10,8,80,corrected
382,15280,394,2953,11,8,88,corrected
382,15280,422,2955,12,6,72,corrected
382,15280,443,2958,10,5,50,corrected
382,15280,462,2958,11,5,55,corrected
382,15280,480,2959,9,6,54,corrected
382,15280,506,2957,9,11,99,corrected
382,15280,524,2962,4,6,24,corrected
382,15280,541,2958,12,8,96,corrected
382,15280,591,2950,9,10,90,corrected
382,15280,653,2945,12,7,84,corrected
382,15280,607,2952,11,12,132,corrected
382,15280,654,2934,10,7,70,corrected
382,15280,680,2938,12,7,84,corrected
382,15280,697,2945,12,8,96,corrected
382,15280,718,2949,13,8,104,corrected
382,15280,736,2948,10,9,90,corrected
382,15280,752,2952,12,9,108,corrected
383,15320,1725,3087,13,9,117,corrected
383,15320,344,2954,13,6,78,corrected
383,15320,233,2950,12,7,84,corrected
383,15320,282,2951,13,6,78,corrected
383,15320,262,2950,9,6,54,corrected
383,15320,306,2951,11,5,55,corrected
383,15320,326,2951,11,6,66,corrected
383,15320,364,2952,14,8,112,corrected
383,15320,391,2953,9,7,63,corrected
383,15320,415,2954,13,9,117,corrected
383,15320,437,2956,11,6,66,corrected
383,15320,459,2958,7,6,42,corrected
383,15320,476,2956,10,7,70,corrected
383,15320,496,2959,12,10,120,corrected
383,15320,514,2962,11,6,66,corrected
383,15320,534,2955,15,10,150,corrected
383,15320,590,2951,7,9,63,corrected
383,15320,652,2945,12,5,60,corrected
383,15320,604,2955,12,10,120,corrected
383,15320,645,2934,13,9,117,corrected
383,15320,695,2946,10,7,70,corrected
383,15320,677,2939,12,6,72,corrected
383,15320,718,2947,10,7,70,corrected
383,15320,732,2950,10,6,60,corrected
383,15320,748,2949,13,10,130,corrected
384,15360,1729,3085,15,6,90,corrected
384,15360,341,2952,12,8,96,corrected
384,15360,229,2950,12,7,84,corrected
384,15360,277,2951,12,7,84,corrected
384,15360,258,2951,7,7,49,corrected
384,15360,302,2951,11,6,66,corrected
384,15360,322,2949,9,7,63,corrected
384,15360,360,2953,13,8,104,corrected
384,15360,384,2953,13,8,104,corrected
384,15360,410,2954,11,9,99,corrected
384,15360,434,2957,11,5,55,corrected
384,15360,453,2956,9,8,72,corrected
384,15360,471,2958,9,5,45,corrected
384,15360,493,2960,11,8,88,corrected
384,15360,514,2963,10,6,60,corrected
384,15360,536,2960,12,8,96,corrected
384,15360,582,2951,13,10,130,corrected
384,15360,650,2947,10,5,50,corrected
384,15360,600,2953,12,8,96,corrected
384,15360,643,2933,13,8,104,corrected
384,15360,692,2945,10,5,50,corrected
384,15360,672,2938,13,6,78,corrected
384,15360,715,2946,9,8,72,corrected
384,15360,728,2951,11,9,99,corrected
384,15360,745,2952,12,8,96,corrected
385,15400,1735,3080,10,9,90,corrected
385,15400,336,2950,12,9,108,corrected
385,15400,223,2950,13,10,130,corrected
385,15400,272,2950,13,7,91,corrected
385,15400,251,2952,10,9,90,corrected
385,15400,298,2949,9,7,63,corrected
385,15400,318,2949,10,7,70,corrected
385,15400,357,2949,12,10,120,corrected
385,15400,382,2951,8,9,72,corrected
385,15400,407,2953,10,8,80,corrected
385,15400,429,2957,11,7,77,corrected
385,15400,450,2956,10,5,50,corrected
385,15400,466,2958,10,6,60,corrected
385,15400,488,2957,11,9,99,corrected
385,15400,508,2959,11,9,99,corrected
385,15400,526,2956,10,11,110,corrected
385,15400,583,2951,5,8,40,corrected
385,15400,643,2945,15,7,105,corrected
385,15400,599,2946,9,13,117,corrected
385,15400,641,2930,12,9,108,corrected
385,15400,686,2943,13,10,130,corrected
385,15400,670,2938,11,7,77,corrected
385,15400,710,2946,10,9,90,corrected
385,15400,725,2950,11,6,66,corrected
385,15400,743,2952,8,8,64,corrected
386,15440,1731,3081,15,7,105,corrected
386,15440,334,2951,11,8,88,corrected
386,15440,218,2950,12,10,120,corrected
386,15440,265,2950,14,7,98,corrected
386,15440,246,2951,10,8,80,corrected
386,15440,295,2947,9,9,81,corrected
386,15440,312,2949,10,7,70,corrected
386,15440,351,2949,13,9,117,corrected
386,15440,377,2951,7,7,49,corrected
386,15440,402,2953,10,8,80,corrected
386,15440,426,2955,9,7,63,corrected
386,15440,445,2956,12,5,60,corrected
386,15440,463,2957,9,5,45,corrected
386,15440,483,2958,13,7,91,corrected
386,15440,503,2960,10,7,70,corrected
386,15440,525,2958,8,6,48,corrected
386,15440,575,2947,10,12,120,corrected
386,15440,642,2943,12,8,96,corrected
386,15440,638,2931,12,9,108,corrected
386,15440,669,2935,10,8,80,corrected
386,15440,685,2945,12,6,72,corrected
386,15440,707,2947,9,8,72,corrected
386,15440,722,2948,11,8,88,corrected
386,15440,739,2950,11,8,88,corrected
387,15480,1739,3081,14,11,154,corrected
387,15480,212,2946,14,12,168,corrected
387,15480,261,2951,15,7,105,corrected
387,15480,242,2950,10,9,90,corrected
387,15480,287,2948,11,9,99,corrected
387,15480,307,2949,11,7,77,corrected
387,15480,326,2952,10,7,70,corrected
387,15480,349,2951,10,7,70,corrected
387,15480,370,2951,9,7,63,corrected
387,15480,398,2953,11,7,77,corrected
387,15480,422,2955,9,5,45,corrected
387,15480,440,2955,10,6,60,corrected
387,15480,459,2955,10,6,60,corrected
387,15480,477,2958,13,10,130,corrected
387,15480,497,2960,12,8,96,corrected
387,15480,520,2956,9,8,72,corrected
387,15480,574,2951,9,8,72,corrected
387,15480,636,2943,14,7,98,corrected
387,15480,589,2951,11,11,121,corrected
387,15480,633,2931,13,9,117,corrected
387,15480,662,2935,12,8,96,corrected
387,15480,682,2943,12,7,84,corrected
387,15480,704,2943,12,8,96,corrected
387,15480,718,2949,11,6,66,corrected
387,15480,735,2947,10,12,120,corrected
388,15520,1739,3081,10,8,80,corrected
388,15520,322,2951,12,6,72,corrected
388,15520,208,2950,12,7,84,corrected
388,15520,256,2951,14,7,98,corrected
388,15520,238,2951,8,7,56,corrected
388,15520,282,2949,12,8,96,corrected
388,15520,304,2948,8,7,56,corrected
388,15520,342,2950,11,8,88,corrected
388,15520,389,2952,15,9,135,corrected
388,15520,367,2951,8,7,56,corrected
388,15520,415,2956,12,5,60,corrected
388,15520,434,2955,11,9,99,corrected
388,15520,454,2957,9,4,36,corrected
388,15520,475,2958,9,5,45,corrected
388,15520,495,2959,9,6,54,corrected
388,15520,513,2958,14,7,98,corrected
388,15520,571,2951,5,4,20,corrected
388,15520,636,2942,12,7,84,corrected
388,15520,587,2950,10,6,60,corrected
388,15520,629,2931,13,7,91,corrected
388,15520,659,2935,12,9,108,corrected
388,15520,678,2942,10,8,80,corrected
388,15520,702,2943,10,9,90,corrected
388,15520,715,2951,12,5,60,corrected
388,15520,735,2951,10,10,100,corrected
389,15560,1742,3078,14,7,98,corrected
389,15560,319,2948,11,10,110,corrected
389,15560,204,2951,12,9,108,corrected
389,15560,251,2947,13,10,130,corrected
389,15560,230,2951,10,9,90,corrected
389,15560,279,2947,9,9,81,corrected
389,15560,298,2948,9,7,63,corrected
389,15560,339,2949,12,9,108,corrected
389,15560,363,2950,8,6,48,corrected
389,15560,388,2951,11,9,99,corrected
389,15560,411,2955,12,6,72,corrected
389,15560,429,2952,11,8,88,corrected
389,15560,447,2956,11,7,77,corrected
389,15560,469,2956,11,7,77,corrected
389,15560,489,2959,12,6,72,corrected
389,15560,509,2956,12,8,96,corrected
389,15560,567,2946,9,9,81,corrected
389,15560,632,2943,16,8,128,corrected
389,15560,583,2947,13,9,117,corrected
389,15560,629,2928,11,7,77,corrected
389,15560,654,2934,13,10,130,corrected
389,15560,674,2943,12,8,96,corrected
389,15560,695,2945,13,8,104,corrected
389,15560,712,2950,11,6,66,corrected
389,15560,728,2951,11,9,99,corrected
390,15600,1748,3074,9,11,99,corrected
390,15600,315,2948,10,8,80,corrected
390,15600,198,2950,10,9,90,corrected
390,15600,245,2949,15,8,120,corrected
390,15600,228,2950,6,9,54,corrected
390,15600,276,2947,9,8,72,corrected
390,15600,294,2948,10,8,80,corrected
390,15600,335,2949,10,6,60,corrected
390,15600,357,2950,10,6,60,corrected
390,15600,384,2951,11,8,88,corrected
390,15600,407,2953,10,5,50,corrected
390,15600,427,2954,9,5,45,corrected
390,15600,443,2955,10,5,50,corrected
390,15600,465,2956,12,8,96,corrected
390,15600,482,2959,15,6,90,corrected
390,15600,506,2954,11,7,77,corrected
390,15600,561,2946,13,9,117,corrected
390,15600,631,2939,11,9,99,corrected
390,15600,579,2948,14,10,140,corrected
390,15600,625,2928,8,8,64,corrected
390,15600,653,2929,12,13,156,corrected
390,15600,670,2941,14,6,84,corrected
390,15600,694,2943,10,10,100,corrected
390,15600,711,2948,9,6,54,corrected
390,15600,727,2948,9,9,81,corrected
391,15640,1742,3075,19,11,209,corrected
391,15640,309,2949,12,9,108,corrected
391,15640,194,2949,11,8,88,corrected
391,15640,239,2951,16,5,80,corrected
391,15640,223,2950,6,6,36,corrected
391,15640,269,2948,9,8,72,corrected
391,15640,289,2947,11,8,88,corrected
391,15640,328,2948,13,7,91,corrected
391,15640,352,2950,10,6,60,corrected
391,15640,379,2951,11,8,88,corrected
391,15640,403,2953,10,5,50,corrected
391,15640,420,2952,13,8,104,corrected
391,15640,437,2952,11,8,88,corrected
391,15640,460,2955,13,9,117,corrected
391,15640,479,2957,11,8,88,corrected
391,15640,502,2954,11,7,77,corrected
391,15640,559,2947,10,10,100,corrected
391,15640,627,2939,14,8,112,corrected
391,15640,578,2946,10,11,110,corrected
391,15640,617,2926,14,10,140,corrected
391,15640,650,2932,10,10,100,corrected
391,15640,668,2938,11,8,88,corrected
391,15640,691,2941,11,9,99,corrected
391,15640,707,2948,10,6,60,corrected
391,15640,723,2948,10,7,70,corrected
392,15680,1744,3076,20,14,280,corrected
392,15680,305,2949,11,10,110,corrected
392,15680,187,2951,13,5,65,corrected
392,15680,234,2949,15,7,105,corrected
392,15680,214,2950,11,6,66,corrected
392,15680,262,2948,11,8,88,corrected
392,15680,285,2947,9,7,63,corrected
392,15680,323,2948,14,9,126,corrected
392,15680,347,2950,11,7,77,corrected
392,15680,373,2950,12,11,132,corrected
392,15680,396,2953,12,7,84,corrected
392,15680,417,2953,10,8,80,corrected
392,15680,434,2954,10,6,60,corrected
392,15680,456,2955,11,6,66,corrected
392,15680,496,2955,13,8,104,corrected
392,15680,478,2956,11,8,88,corrected
392,15680,555,2947,12,7,84,corrected
392,15680,625,2941,12,7,84,corrected
392,15680,576,2945,12,9,108,corrected
392,15680,615,2925,12,10,120,corrected
392,15680,645,2931,12,10,120,corrected
392,15680,662,2941,12,6,72,corrected
392,15680,688,2943,11,6,66,corrected
392,15680,703,2948,11,8,88,corrected
392,15680,720,2948,12,10,120,corrected
393,15720,1751,3076,12,8,96,corrected
393,15720,300,2946,12,9,108,corrected
393,15720,183,2950,10,8,80,corrected
393,15720,231,2948,12,7,84,corrected
393,15720,210,2951,9,8,72,corrected
393,15720,258,2948,11,7,77,corrected
393,15720,280,2946,10,7,70,corrected
393,15720,321,2946,11,9,99,corrected
393,15720,343,2948,9,6,54,corrected
393,15720,370,2948,9,9,81,corrected
393,15720,392,2950,12,10,120,corrected
393,15720,412,2950,12,8,96,corrected
393,15720,428,2953,11,7,77,corrected
393,15720,450,2954,13,6,78,corrected
393,15720,491,2953,13,8,104,corrected
393,15720,473,2955,10,9,90,corrected
393,15720,553,2943,9,10,90,corrected
393,15720,622,2940,10,6,60,corrected
393,15720,570,2942,13,11,143,corrected
393,15720,614,2925,10,8,80,corrected
393,15720,644,2930,9,7,63,corrected
393,15720,662,2939,11,9,99,corrected
393,15720,683,2942,13,8,104,corrected
393,15720,701,2947,10,6,60,corrected
393,15720,717,2947,12,9,108,corrected
394,15760,1751,3073,17,8,136,corrected
394,15760,295,2946,13,10,130,corrected
394,15760,179,2949,9,8,72,corrected
394,15760,224,2948,13,8,104,corrected
394,15760,206,2951,7,6,42,corrected
394,15760,254,2947,11,9,99,corrected
394,15760,274,2947,12,9,108,corrected
394,15760,317,2945,12,9,108,corrected
394,15760,342,2947,9,7,63,corrected
394,15760,367,2946,9,9,81,corrected
394,15760,391,2951,9,5,45,corrected
394,15760,408,2950,11,7,77,corrected
394,15760,425,2951,10,6,60,corrected
394,15760,447,2953,9,7,63,corrected
394,15760,466,2957,11,7,77,corrected
394,15760,487,2952,12,8,96,corrected
394,15760,547,2945,10,8,80,corrected
394,15760,620,2938,12,6,72,corrected
394,15760,570,2944,11,13,143,corrected
394,15760,610,2926,10,7,70,corrected
394,15760,641,2928,9,8,72,corrected
394,15760,657,2937,15,7,105,corrected
394,15760,680,2942,13,7,91,corrected
394,15760,700,2946,10,6,60,corrected
394,15760,714,2945,12,9,108,corrected
395,15800,1758,3070,11,11,121,corrected
395,15800,289,2948,12,10,120,corrected
395,15800,171,2947,12,8,96,corrected
395,15800,217,2949,16,8,128,corrected
395,15800,203,2951,5,6,30,corrected
395,15800,247,2948,14,9,126,corrected
395,15800,269,2947,12,9,108,corrected
395,15800,313,2945,10,8,80,corrected
395,15800,335,2947,9,6,54,corrected
395,15800,363,2950,8,5,40,corrected
395,15800,386,2950,7,6,42,corrected
395,15800,402,2950,11,8,88,corrected
395,15800,421,2951,11,7,77,corrected
395,15800,442,2952,10,9,90,corrected
395,15800,483,2952,10,8,80,corrected
395,15800,462,2956,11,7,77,corrected
395,15800,543,2947,15,11,165,corrected
395,15800,617,2936,11,7,77,corrected
395,15800,567,2942,10,9,90,corrected
395,15800,606,2926,12,7,84,corrected
395,15800,633,2929,13,8,104,corrected
395,15800,656,2935,12,8,96,corrected
395,15800,679,2939,10,8,80,corrected
395,15800,696,2944,8,8,64,corrected
395,15800,713,2945,9,7,63,corrected
396,15840,1753,3072,15,8,120,corrected
396,15840,287,2948,8,8,64,corrected
396,15840,168,2950,11,7,77,corrected
396,15840,214,2948,15,8,120,corrected
396,15840,195,2951,8,6,48,corrected
396,15840,242,2948,13,9,117,corrected
396,15840,265,2946,10,7,70,corrected
396,15840,305,2946,12,8,96,corrected
396,15840,329,2947,12,7,84,corrected
396,15840,353,2946,14,10,140,corrected
396,15840,378,2951,11,5,55,corrected
396,15840,398,2949,12,8,96,corrected
396,15840,414,2952,10,6,60,corrected
396,15840,441,2951,9,8,72,corrected
396,15840,478,2954,12,6,72,corrected
396,15840,460,2954,8,7,56,corrected
396,15840,542,2943,11,8,88,corrected
396,15840,614,2937,10,6,60,corrected
396,15840,566,2938,10,14,140,corrected
396,15840,602,2922,11,7,77,corrected
396,15840,631,2928,12,10,120,corrected
396,15840,651,2935,11,9,99,corrected
396,15840,675,2939,10,7,70,corrected
396,15840,691,2944,10,8,80,corrected
396,15840,708,2944,12,9,108,corrected
397,15880,1759,3075,15,9,135,corrected
397,15880,282,2947,10,6,60,corrected
397,15880,162,2950,11,7,77,corrected
397,15880,210,2948,14,7,98,corrected
397,15880,187,2951,13,6,78,corrected
397,15880,238,2946,11,7,77,corrected
397,15880,260,2946,10,8,80,corrected
397,15880,301,2945,12,8,96,corrected
397,15880,327,2946,9,8,72,corrected
397,15880,351,2946,12,8,96,corrected
397,15880,375,2951,9,5,45,corrected
397,15880,397,2947,10,9,90,corrected
397,15880,410,2950,10,8,80,corrected
397,15880,435,2950,10,8,80,corrected
397,15880,471,2951,14,8,112,corrected
397,15880,455,2955,9,5,45,corrected
397,15880,538,2940,12,10,120,corrected
397,15880,610,2936,12,8,96,corrected
397,15880,559,2942,12,8,96,corrected
397,15880,600,2921,11,7,77,corrected
397,15880,630,2926,11,8,88,corrected
397,15880,646,2935,11,8,88,corrected
397,15880,671,2938,12,11,132,corrected
397,15880,689,2942,11,7,77,corrected
397,15880,705,2943,11,9,99,corrected
398,15920,1760,3073,12,11,132,corrected
398,15920,278,2947,9,6,54,corrected
398,15920,159,2948,10,6,60,corrected
398,15920,203,2947,17,7,119,corrected
398,15920,184,2950,8,6,48,corrected
398,15920,234,2946,10,8,80,corrected
398,15920,254,2947,12,9,108,corrected
398,15920,297,2943,13,9,117,corrected
398,15920,324,2944,7,8,56,corrected
398,15920,346,2945,13,6,78,corrected
398,15920,372,2947,8,7,56,corrected
398,15920,392,2947,11,8,88,corrected
398,15920,407,2951,9,6,54,corrected
398,15920,430,2952,11,8,88,corrected
398,15920,448,2954,12,6,72,corrected
398,15920,471,2949,10,8,80,corrected
398,15920,539,2944,10,6,60,corrected
398,15920,609,2933,11,8,88,corrected
398,15920,559,2942,9,10,90,corrected
398,15920,596,2922,14,6,84,corrected
398,15920,627,2926,10,7,70,corrected
398,15920,645,2931,11,8,88,corrected
398,15920,668,2935,13,11,143,corrected
398,15920,687,2942,10,6,60,corrected
398,15920,704,2942,11,7,77,corrected
399,15960,1761,3070,15,11,165,corrected
399,15960,271,2948,8,6,48,corrected
399,15960,153,2947,9,7,63,corrected
399,15960,199,2947,14,8,112,corrected
399,15960,182,2950,6,7,42,corrected
399,15960,227,2946,10,9,90,corrected
399,15960,248,2946,13,8,104,corrected
399,15960,293,2944,11,7,77,corrected
399,15960,318,2945,8,7,56,corrected
399,15960,368,2947,7,8,56,corrected
399,15960,385,2947,9,7,63,corrected
399,15960,403,2950,10,5,50,corrected
399,15960,424,2952,10,7,70,corrected
399,15960,464,2950,12,6,72,corrected
399,15960,443,2953,12,8,96,corrected
399,15960,534,2942,11,8,88,corrected
399,15960,605,2931,11,9,99,corrected
399,15960,559,2940,9,9,81,corrected
399,15960,590,2922,14,8,112,corrected
399,15960,621,2926,13,10,130,corrected
399,15960,642,2932,9,7,63,corrected
399,15960,666,2934,12,11,132,corrected
399,15960,683,2942,11,6,66,corrected
399,15960,701,2942,11,7,77,corrected
400,16000,1766,3069,11,11,121,corrected
400,16000,267,2947,9,7,63,corrected
400,16000,146,2948,10,8,80,corrected
400,16000,194,2947,14,9,126,corrected
400,16000,174,2951,10,6,60,corrected
400,16000,222,2947,11,9,99,corrected
400,16000,244,2943,13,10,130,corrected
400,16000,288,2942,11,10,110,corrected
400,16000,311,2946,9,7,63,corrected
400,16000,337,2947,13,7,91,corrected
400,16000,359,2947,13,8,104,corrected
400,16000,379,2945,10,7,70,corrected
400,16000,398,2949,10,5,50,corrected
400,16000,421,2950,9,5,45,corrected
400,16000,442,2950,8,9,72,corrected
400,16000,458,2949,12,9,108,corrected
400,16000,531,2943,12,6,72,corrected
400,16000,600,2933,13,7,91,corrected
400,16000,553,2935,14,15,210,corrected
400,16000,586,2921,12,7,84,corrected
400,16000,617,2924,10,10,100,corrected
400,16000,636,2931,12,10,120,corrected
400,16000,662,2934,10,9,90,corrected
400,16000,680,2942,10,6,60,corrected
400,16000,698,2943,11,6,66,corrected
401,16040,1762,3069,17,11,187,corrected
401,16040,261,2943,13,10,130,corrected
401,16040,142,2947,11,9,99,corrected
401,16040,187,2945,15,9,135,corrected
401,16040,167,2948,13,9,117,corrected
401,16040,217,2945,12,8,96,corrected
401,16040,237,2946,14,9,126,corrected
401,16040,282,2945,12,8,96,corrected
401,16040,307,2945,10,8,80,corrected
401,16040,331,2945,14,7,98,corrected
401,16040,356,2946,11,8,88,corrected
401,16040,379,2945,10,7,70,corrected
401,16040,391,2948,13,9,117,corrected
401,16040,414,2947,13,9,117,corrected
401,16040,434,2951,12,6,72,corrected
401,16040,452,2947,14,9,126,corrected
401,16040,526,2938,15,11,165,corrected
401,16040,597,2931,13,9,117,corrected
401,16040,551,2938,13,10,130,corrected
401,16040,584,2918,12,10,120,corrected
401,16040,614,2919,12,10,120,corrected
401,16040,633,2928,12,9,108,corrected
401,16040,658,2935,11,9,99,corrected
401,16040,677,2938,11,8,88,corrected
401,16040,695,2941,10,8,80,corrected
402,16080,1766,3073,15,8,120,corrected
402,16080,257,2944,12,9,108,corrected
402,16080,139,2945,9,8,72,corrected
402,16080,183,2946,15,9,135,corrected
402,16080,165,2946,8,11,88,corrected
402,16080,211,2946,13,7,91,corrected
402,16080,234,2946,13,9,117,corrected
402,16080,278,2944,12,8,96,corrected
402,16080,302,2943,10,9,90,corrected
402,16080,328,2942,12,9,108,corrected
402,16080,353,2944,7,9,63,corrected
402,16080,372,2943,14,9,126,corrected
402,16080,388,2946,12,7,84,corrected
402,16080,412,2950,9,6,54,corrected
402,16080,430,2950,11,7,77,corrected
402,16080,450,2944,13,9,117,corrected
402,16080,527,2941,10,9,90,corrected
402,16080,596,2929,11,9,99,corrected
402,16080,550,2938,11,9,99,corrected
402,16080,581,2918,11,9,99,corrected
402,16080,610,2922,11,7,77,corrected
402,16080,632,2928,11,8,88,corrected
402,16080,656,2934,9,7,63,corrected
402,16080,676,2936,9,9,81,corrected
402,16080,693,2936,9,8,72,corrected
403,16120,1767,3074,12,10,120,corrected
403,16120,249,2947,12,8,96,corrected
403,16120,133,2946,10,7,70,corrected
403,16120,177,2947,16,9,144,corrected
403,16120,161,2947,7,9,63,corrected
403,16120,206,2946,13,7,91,corrected
403,16120,230,2946,11,7,77,corrected
403,16120,271,2942,14,9,126,corrected
403,16120,300,2943,8,9,72,corrected
403,16120,323,2943,12,9,108,corrected
403,16120,350,2944,7,10,70,corrected
403,16120,367,2945,13,8,104,corrected
403,16120,384,2946,12,6,72,corrected
403,16120,405,2949,13,7,91,corrected
403,16120,427,2951,10,4,40,corrected
403,16120,445,2945,12,8,96,corrected
403,16120,522,2939,10,9,90,corrected
403,16120,594,2928,11,9,99,corrected
403,16120,548,2934,12,11,132,corrected
403,16120,576,2918,12,10,120,corrected
403,16120,607,2922,10,7,70,corrected
403,16120,627,2928,10,7,70,corrected
403,16120,654,2931,10,7,70,corrected
403,16120,671,2939,9,5,45,corrected
403,16120,690,2937,9,7,63,corrected
404,16160,1767,3070,13,10,130,corrected
404,16160,248,2947,9,7,63,corrected
404,16160,126,2947,10,7,70,corrected
404,16160,172,2947,17,9,153,corrected
404,16160,151,2949,9,5,45,corrected
404,16160,201,2947,13,9,117,corrected
404,16160,224,2945,12,7,84,corrected
404,16160,267,2945,12,8,96,corrected
404,16160,293,2944,11,9,99,corrected
404,16160,317,2944,13,9,117,corrected
404,16160,343,2943,10,10,100,corrected
404,16160,362,2943,11,9,99,corrected
404,16160,379,2946,11,6,66,corrected
404,16160,401,2946,13,7,91,corrected
404,16160,422,2946,11,10,110,corrected
404,16160,440,2946,13,11,143,corrected
404,16160,520,2938,9,8,72,corrected
404,16160,588,2930,13,8,104,corrected
404,16160,545,2938,10,6,60,corrected
404,16160,573,2919,12,6,72,corrected
404,16160,603,2920,11,7,77,corrected
404,16160,623,2928,10,9,90,corrected
404,16160,650,2931,8,6,48,corrected
404,16160,668,2935,8,8,64,corrected
404,16160,687,2938,10,7,70,corrected
405,16200,1770,3067,14,12,168,corrected
405,16200,245,2943,8,10,80,corrected
405,16200,121,2946,10,6,60,corrected
405,16200,168,2945,15,8,120,corrected
405,16200,147,2948,10,8,80,corrected
405,16200,194,2946,13,6,78,corrected
405,16200,219,2947,11,6,66,corrected
405,16200,264,2943,12,10,120,corrected
405,16200,289,2944,9,7,63,corrected
405,16200,314,2943,12,8,96,corrected
405,16200,360,2942,12,8,96,corrected
405,16200,338,2943,10,10,100,corrected
405,16200,375,2946,9,6,54,corrected
405,16200,398,2943,11,10,110,corrected
405,16200,417,2948,10,7,70,corrected
405,16200,437,2945,12,8,96,corrected
405,16200,517,2937,9,7,63,corrected
405,16200,585,2928,12,8,96,corrected
405,16200,542,2937,11,8,88,corrected
405,16200,571,2918,9,6,54,corrected
405,16200,600,2919,9,7,63,corrected
405,16200,621,2926,8,7,56,corrected
405,16200,643,2931,12,9,108,corrected
405,16200,666,2932,8,9,72,corrected
405,16200,684,2936,9,8,72,corrected
406,16240,1767,3070,18,10,180,corrected
406,16240,236,2944,13,9,117,corrected
406,16240,117,2944,11,9,99,corrected
406,16240,163,2946,14,7,98,corrected
406,16240,143,2947,9,5,45,corrected
406,16240,190,2946,12,7,84,corrected
406,16240,214,2946,10,7,70,corrected
406,16240,259,2944,12,8,96,corrected
406,16240,283,2943,10,7,70,corrected
406,16240,309,2939,12,11,132,corrected
406,16240,355,2941,10,8,80,corrected
406,16240,334,2943,7,7,49,corrected
406,16240,371,2944,8,7,56,corrected
406,16240,393,2945,9,8,72,corrected
406,16240,411,2947,13,10,130,corrected
406,16240,433,2945,11,7,77,corrected
406,16240,511,2939,14,6,84,corrected
406,16240,583,2926,11,9,99,corrected
406,16240,539,2934,9,7,63,corrected
406,16240,566,2918,13,8,104,corrected
406,16240,597,2919,9,6,54,corrected
406,16240,617,2924,10,9,90,corrected
406,16240,640,2928,12,9,108,corrected
406,16240,661,2932,11,8,88,corrected
406,16240,683,2931,7,9,63,corrected
407,16280,1771,3071,18,10,180,corrected
407,16280,231,2945,11,9,99,corrected
407,16280,110,2944,10,9,90,corrected
407,16280,155,2947,16,7,112,corrected
407,16280,136,2946,11,7,77,corrected
407,16280,185,2947,12,7,84,corrected
407,16280,210,2946,8,6,48,corrected
407,16280,253,2943,12,8,96,corrected
407,16280,278,2943,10,6,60,corrected
407,16280,305,2941,10,8,80,corrected
407,16280,350,2942,9,8,72,corrected
407,16280,329,2943,8,6,48,corrected
407,16280,367,2943,10,7,70,corrected
407,16280,388,2944,12,9,108,corrected
407,16280,429,2943,9,9,81,corrected
407,16280,408,2946,8,7,56,corrected
407,16280,510,2937,12,8,96,corrected
407,16280,579,2927,11,8,88,corrected
407,16280,539,2933,9,8,72,corrected
407,16280,562,2918,11,6,66,corrected
407,16280,592,2919,12,7,84,corrected
407,16280,612,2924,12,9,108,corrected
407,16280,639,2927,11,9,99,corrected
407,16280,659,2934,9,6,54,corrected
407,16280,676,2933,13,9,117,corrected
408,16320,1773,3070,12,11,132,corrected
408,16320,225,2946,13,7,91,corrected
408,16320,103,2946,13,9,117,corrected
408,16320,151,2946,18,10,180,corrected
408,16320,130,2947,12,7,84,corrected
408,16320,180,2946,10,7,70,corrected
408,16320,205,2947,8,6,48,corrected
408,16320,249,2944,11,8,88,corrected
408,16320,272,2943,10,7,70,corrected
408,16320,297,2942,14,10,140,corrected
408,16320,323,2942,10,7,70,corrected
408,16320,346,2942,11,7,77,corrected
408,16320,365,2944,5,5,25,corrected
408,16320,383,2944,10,8,80,corrected
408,16320,404,2945,8,8,64,corrected
408,16320,421,2943,14,9,126,corrected
408,16320,508,2935,12,8,96,corrected
408,16320,575,2927,10,8,80,corrected
408,16320,535,2935,10,5,50,corrected
408,16320,558,2916,12,8,96,corrected
408,16320,589,2917,9,8,72,corrected
408,16320,608,2923,10,6,60,corrected
408,16320,634,2926,10,10,100,corrected
408,16320,652,2931,12,8,96,corrected
408,16320,673,2934,12,8,96,corrected
409,16360,1775,3071,10,9,90,corrected
409,16360,222,2943,11,9,99,corrected
409,16360,98,2945,13,8,104,corrected
409,16360,145,2946,16,7,112,corrected
409,16360,125,2947,12,6,72,corrected
409,16360,174,2946,11,7,77,corrected
409,16360,197,2947,11,6,66,corrected
409,16360,243,2946,12,7,84,corrected
409,16360,267,2943,10,9,90,corrected
409,16360,293,2943,12,8,96,corrected
409,16360,319,2942,10,7,70,corrected
409,16360,343,2939,9,10,90,corrected
409,16360,356,2943,13,8,104,corrected
409,16360,377,2942,12,9,108,corrected
409,16360,418,2943,13,9,117,corrected
409,16360,400,2944,8,8,64,corrected
409,16360,505,2934,8,8,64,corrected
409,16360,569,2926,11,8,88,corrected
409,16360,530,2933,11,7,77,corrected
409,16360,554,2913,12,10,120,corrected
409,16360,585,2915,10,7,70,corrected
409,16360,603,2920,13,8,104,corrected
409,16360,630,2926,10,11,110,corrected
409,16360,654,2926,8,11,88,corrected
409,16360,671,2930,9,11,99,corrected
410,16400,1775,3068,12,12,144,corrected
410,16400,217,2945,11,9,99,corrected
410,16400,94,2942,11,9,99,corrected
410,16400,142,2945,15,8,120,corrected
410,16400,122,2945,8,7,56,corrected
410,16400,167,2945,13,8,104,corrected
410,16400,192,2947,10,6,60,corrected
410,16400,239,2945,10,7,70,corrected
410,16400,262,2943,11,9,99,corrected
410,16400,289,2939,13,9,117,corrected
410,16400,315,2943,9,5,45,corrected
410,16400,336,2940,12,8,96,corrected
410,16400,351,2942,9,6,54,corrected
410,16400,373,2942,12,7,84,corrected
410,16400,393,2945,12,7,84,corrected
410,16400,411,2942,14,7,98,corrected
410,16400,503,2934,10,9,90,corrected
410,16400,568,2922,12,9,108,corrected
410,16400,532,2931,9,8,72,corrected
410,16400,553,2914,12,8,96,corrected
410,16400,579,2914,13,9,117,corrected
410,16400,600,2920,11,7,77,corrected
410,16400,626,2926,11,8,88,corrected
410,16400,647,2927,10,8,80,corrected
410,16400,669,2926,8,12,96,corrected
411,16440,1770,3070,18,8,144,corrected
411,16440,85,2942,14,10,140,corrected
411,16440,136,2946,17,8,136,corrected
411,16440,113,2942,12,11,132,corrected
411,16440,162,2945,14,12,168,corrected
411,16440,187,2944,10,8,80,corrected
411,16440,209,2947,16,9,144,corrected
411,16440,233,2944,13,9,117,corrected
411,16440,258,2943,10,7,70,corrected
411,16440,285,2939,11,9,99,corrected
411,16440,309,2942,9,6,54,corrected
411,16440,330,2939,15,9,135,corrected
411,16440,348,2939,12,7,84,corrected
411,16440,370,2943,11,7,77,corrected
411,16440,390,2943,10,7,70,corrected
411,16440,408,2941,12,8,96,corrected
411,16440,499,2935,9,7,63,corrected
411,16440,565,2923,11,8,88,corrected
411,16440,528,2931,11,9,99,corrected
411,16440,550,2915,11,9,99,corrected
411,16440,575,2915,11,8,88,corrected
411,16440,595,2921,14,8,112,corrected
411,16440,625,2922,8,10,80,corrected
411,16440,644,2928,12,9,108,corrected
411,16440,663,2929,10,9,90,corrected
412,16480,1775,3074,14,7,98,corrected
412,16480,206,2947,11,6,66,corrected
412,16480,82,2943,13,11,143,corrected
412,16480,131,2946,14,9,126,corrected
412,16480,111,2946,11,7,77,corrected
412,16480,159,2946,12,10,120,corrected
412,16480,182,2946,11,7,77,corrected
412,16480,227,2944,13,10,130,corrected
412,16480,255,2943,9,7,63,corrected
412,16480,277,2942,14,7,98,corrected
412,16480,326,2937,16,11,176,corrected
412,16480,304,2943,8,5,40,corrected
412,16480,345,2942,8,4,32,corrected
412,16480,365,2942,13,6,78,corrected
412,16480,402,2942,14,8,112,corrected
412,16480,388,2941,8,8,64,corrected
412,16480,499,2932,10,9,90,corrected
412,16480,557,2924,14,9,126,corrected
412,16480,524,2932,13,9,117,corrected
412,16480,547,2915,13,5,65,corrected
412,16480,593,2920,13,7,91,corrected
412,16480,575,2913,9,9,81,corrected
412,16480,618,2923,11,8,88,corrected
412,16480,641,2926,12,8,96,corrected
412,16480,659,2930,13,11,143,corrected
413,16520,1776,3073,12,7,84,corrected
413,16520,197,2943,15,10,150,corrected
413,16520,79,2944,9,8,72,corrected
413,16520,124,2946,18,7,126,corrected
413,16520,104,2946,12,7,84,corrected
413,16520,155,2943,9,9,81,corrected
413,16520,174,2946,12,7,84,corrected
413,16520,223,2943,13,9,117,corrected
413,16520,248,2943,8,6,48,corrected
413,16520,274,2943,11,6,66,corrected
413,16520,325,2937,12,10,120,corrected
413,16520,299,2943,10,5,50,corrected
413,16520,338,2940,12,6,72,corrected
413,16520,360,2939,12,8,96,corrected
413,16520,380,2942,11,5,55,corrected
413,16520,397,2941,12,8,96,corrected
413,16520,495,2935,9,6,54,corrected
413,16520,558,2923,10,8,80,corrected
413,16520,522,2931,13,9,117,corrected
413,16520,545,2914,10,6,60,corrected
413,16520,590,2918,11,7,77,corrected
413,16520,572,2913,8,8,64,corrected
413,16520,613,2922,13,11,143,corrected
413,16520,636,2923,13,9,117,corrected
413,16520,656,2927,11,8,88,corrected
414,16560,1778,3073,9,7,63,corrected
414,16560,73,2939,12,13,156,corrected
414,16560,190,2945,15,7,105,corrected
414,16560,120,2946,16,7,112,corrected
414,16560,103,2946,11,6,66,corrected
414,16560,170,2946,10,6,60,corrected
414,16560,218,2943,12,9,108,corrected
414,16560,241,2943,12,9,108,corrected
414,16560,270,2939,11,7,77,corrected
414,16560,295,2940,9,6,54,corrected
414,16560,319,2937,12,7,84,corrected
414,16560,335,2939,10,6,60,corrected
414,16560,355,2939,12,7,84,corrected
414,16560,375,2942,13,7,91,corrected
414,16560,392,2938,14,7,98,corrected
414,16560,491,2933,11,8,88,corrected
414,16560,553,2921,15,8,120,corrected
414,16560,521,2927,11,10,110,corrected
414,16560,540,2915,9,5,45,corrected
414,16560,565,2913,11,7,77,corrected
414,16560,587,2918,11,6,66,corrected
414,16560,612,2921,10,7,70,corrected
414,16560,632,2923,14,10,140,corrected
414,16560,654,2924,11,11,121,corrected
415,16600,1777,3069,11,11,121,corrected
415,16600,71,2941,10,9,90,corrected
415,16600,188,2946,14,9,126,corrected
415,16600,114,2946,17,8,136,corrected
415,16600,97,2945,7,6,42,corrected
415,16600,143,2947,10,8,80,corrected
415,16600,163,2946,10,6,60,corrected
415,16600,213,2944,12,8,96,corrected
415,16600,239,2943,9,8,72,corrected
415,16600,265,2939,11,7,77,corrected
415,16600,313,2937,13,9,117,corrected
415,16600,289,2939,11,8,88,corrected
415,16600,330,2937,10,7,70,corrected
415,16600,350,2939,11,8,88,corrected
415,16600,371,2941,11,6,66,corrected
415,16600,390,2939,11,6,66,corrected
415,16600,489,2931,7,5,35,corrected
415,16600,550,2921,14,7,98,corrected
415,16600,518,2927,13,10,130,corrected
415,16600,534,2913,11,7,77,corrected
415,16600,561,2912,8,8,64,corrected
415,16600,581,2917,13,7,91,corrected
415,16600,608,2919,11,8,88,corrected
415,16600,629,2923,11,10,110,corrected
415,16600,648,2927,13,8,104,corrected
416,16640,1774,3071,13,10,130,corrected
416,16640,62,2942,14,9,126,corrected
416,16640,184,2946,11,7,77,corrected
416,16640,110,2947,18,6,108,corrected
416,16640,87,2945,12,6,72,corrected
416,16640,134,2946,13,8,104,corrected
416,16640,158,2946,11,6,66,corrected
416,16640,207,2945,11,8,88,corrected
416,16640,231,2942,10,9,90,corrected
416,16640,258,2941,11,7,77,corrected
416,16640,309,2935,14,7,98,corrected
416,16640,283,2941,12,7,84,corrected
416,16640,326,2935,10,9,90,corrected
416,16640,345,2937,13,10,130,corrected
416,16640,368,2939,9,8,72,corrected
416,16640,385,2938,13,7,91,corrected
416,16640,487,2931,10,6,60,corrected
416,16640,545,2921,12,7,84,corrected
416,16640,512,2928,13,10,130,corrected
416,16640,534,2909,8,10,80,corrected
416,16640,558,2912,5,6,30,corrected
416,16640,579,2914,11,7,77,corrected
416,16640,604,2918,10,8,80,corrected
416,16640,626,2920,11,11,121,corrected
416,16640,647,2926,10,10,100,corrected
417,16680,1776,3073,17,12,204,corrected
417,16680,58,2942,10,7,70,corrected
417,16680,181,2946,8,8,64,corrected
417,16680,103,2944,18,8,144,corrected
417,16680,81,2945,13,7,91,corrected
417,16680,130,2944,13,10,130,corrected
417,16680,152,2946,12,8,96,corrected
417,16680,203,2945,10,8,80,corrected
417,16680,227,2943,10,8,80,corrected
417,16680,251,2942,14,6,84,corrected
417,16680,305,2935,11,8,88,corrected
417,16680,279,2940,13,8,104,corrected
417,16680,320,2937,11,7,77,corrected
417,16680,342,2936,11,8,88,corrected
417,16680,363,2940,9,5,45,corrected
417,16680,379,2937,13,10,130,corrected
417,16680,485,2931,8,6,48,corrected
417,16680,542,2920,12,6,72,corrected
417,16680,510,2927,11,9,99,corrected
417,16680,527,2911,13,8,104,corrected
417,16680,555,2913,6,6,36,corrected
417,16680,576,2914,11,7,77,corrected
417,16680,599,2918,13,10,130,corrected
417,16680,622,2918,12,11,132,corrected
417,16680,642,2923,11,9,99,corrected
418,16720,1777,3072,11,9,99,corrected
418,16720,53,2938,12,9,108,corrected
418,16720,97,2943,18,9,162,corrected
418,16720,78,2943,10,7,70,corrected
418,16720,148,2945,10,8,80,corrected
418,16720,197,2942,12,11,132,corrected
418,16720,249,2939,9,9,81,corrected
418,16720,222,2943,9,9,81,corrected
418,16720,274,2939,10,6,60,corrected
418,16720,300,2936,12,7,84,corrected
418,16720,315,2937,12,7,84,corrected
418,16720,337,2937,10,6,60,corrected
418,16720,355,2939,13,8,104,corrected
418,16720,375,2936,10,7,70,corrected
418,16720,479,2931,9,7,63,corrected
418,16720,539,2915,10,11,110,corrected
418,16720,509,2926,11,10,110,corrected
418,16720,523,2910,12,10,120,corrected
418,16720,550,2911,5,8,40,corrected
418,16720,572,2913,12,6,72,corrected
418,16720,598,2918,8,7,56,corrected
418,16720,618,2919,12,9,108,corrected
418,16720,639,2920,10,9,90,corrected
419,16760,1777,3071,15,11,165,corrected
419,16760,46,2941,11,7,77,corrected
419,16760,166,2947,11,7,77,corrected
419,16760,91,2944,17,8,136,corrected
419,16760,71,2943,12,6,72,corrected
419,16760,118,2947,10,5,50,corrected
419,16760,142,2943,11,9,99,corrected
419,16760,192,2943,11,10,110,corrected
419,16760,216,2942,10,10,100,corrected
419,16760,244,2939,9,8,72,corrected
419,16760,268,2937,12,7,84,corrected
419,16760,294,2935,12,9,108,corrected
419,16760,314,2933,7,8,56,corrected
419,16760,330,2934,14,10,140,corrected
419,16760,353,2937,10,7,70,corrected
419,16760,372,2936,9,7,63,corrected
419,16760,479,2929,7,9,63,corrected
419,16760,535,2917,10,8,80,corrected
419,16760,510,2926,7,10,70,corrected
419,16760,518,2909,13,8,104,corrected
419,16760,547,2909,4,9,36,corrected
419,16760,567,2913,11,7,77,corrected
419,16760,591,2915,14,8,112,corrected
419,16760,614,2917,11,9,99,corrected
419,16760,635,2923,11,6,66,corrected
420,16800,1777,3070,15,12,180,corrected
420,16800,40,2941,13,8,104,corrected
420,16800,164,2944,10,8,80,corrected
420,16800,86,2944,18,8,144,corrected
420,16800,66,2943,11,6,66,corrected
420,16800,114,2944,10,8,80,corrected
420,16800,134,2946,11,6,66,corrected
420,16800,185,2943,12,10,120,corrected
420,16800,210,2942,12,9,108,corrected
420,16800,238,2939,11,8,88,corrected
420,16800,290,2934,11,7,77,corrected
420,16800,263,2938,12,7,84,corrected
420,16800,309,2935,8,5,40,corrected
420,16800,328,2933,12,10,120,corrected
420,16800,350,2935,10,9,90,corrected
420,16800,367,2935,11,8,88,corrected
420,16800,475,2927,9,9,81,corrected
420,16800,530,2916,11,8,88,corrected
420,16800,502,2928,14,9,126,corrected
420,16800,517,2906,10,10,100,corrected
420,16800,538,2911,7,5,35,corrected
420,16800,563,2912,12,8,96,corrected
420,16800,587,2914,13,7,91,corrected
420,16800,611,2914,11,11,121,corrected
420,16800,631,2921,10,7,70,corrected
421,16840,1774,3071,19,9,171,corrected
421,16840,36,2939,14,8,112,corrected
421,16840,154,2945,14,8,112,corrected
421,16840,80,2943,19,8,152,corrected
421,16840,62,2943,11,7,77,corrected
421,16840,109,2943,10,9,90,corrected
421,16840,130,2945,12,8,96,corrected
421,16840,180,2942,14,9,126,corrected
421,16840,206,2942,11,9,99,corrected
421,16840,231,2940,13,9,117,corrected
421,16840,258,2938,11,8,88,corrected
421,16840,287,2931,12,9,108,corrected
421,16840,303,2935,9,5,45,corrected
421,16840,324,2932,9,10,90,corrected
421,16840,345,2934,9,9,81,corrected
421,16840,360,2935,12,9,108,corrected
421,16840,473,2927,7,11,77,corrected
421,16840,525,2916,12,8,96,corrected
421,16840,502,2927,10,6,60,corrected
421,16840,515,2910,9,6,54,corrected
421,16840,535,2910,6,7,42,corrected
421,16840,560,2909,11,10,110,corrected
421,16840,583,2914,13,11,143,corrected
421,16840,605,2913,14,11,154,corrected
421,16840,628,2920,10,8,80,corrected
422,16880,1777,3074,16,11,176,corrected
422,16880,29,2936,13,10,130,corrected
422,16880,151,2946,10,8,80,corrected
422,16880,76,2943,18,8,144,corrected
422,16880,58,2943,7,5,35,corrected
422,16880,106,2946,7,6,42,corrected
422,16880,125,2943,10,8,80,corrected
422,16880,173,2942,15,10,150,corrected
422,16880,200,2943,11,8,88,corrected
422,16880,227,2938,10,9,90,corrected
422,16880,254,2935,10,9,90,corrected
422,16880,281,2930,10,8,80,corrected
422,16880,298,2934,12,7,84,corrected
422,16880,320,2934,9,6,54,corrected
422,16880,338,2935,11,10,110,corrected
422,16880,357,2933,10,8,80,corrected
422,16880,466,2926,14,10,140,corrected
422,16880,525,2915,9,8,72,corrected
422,16880,499,2925,11,8,88,corrected
422,16880,507,2909,15,8,120,corrected
422,16880,529,2908,7,6,42,corrected
422,16880,554,2910,13,9,117,corrected
422,16880,581,2913,12,7,84,corrected
422,16880,601,2914,13,10,130,corrected
422,16880,622,2916,12,11,132,corrected
423,16920,1778,3074,14,7,98,corrected
423,16920,27,2939,7,6,42,corrected
423,16920,143,2946,13,6,78,corrected
423,16920,69,2944,19,8,152,corrected
423,16920,50,2939,10,8,80,corrected
423,16920,98,2945,10,7,70,corrected
423,16920,117,2943,12,8,96,corrected
423,16920,171,2945,8,7,56,corrected
423,16920,195,2943,10,7,70,corrected
423,16920,222,2938,10,10,100,corrected
423,16920,247,2934,12,9,108,corrected
423,16920,277,2931,12,10,120,corrected
423,16920,292,2932,12,6,72,corrected
423,16920,314,2933,11,9,99,corrected
423,16920,335,2934,8,7,56,corrected
423,16920,351,2933,12,8,96,corrected
423,16920,466,2927,10,7,70,corrected
423,16920,518,2913,12,7,84,corrected
423,16920,495,2926,9,7,63,corrected
423,16920,505,2908,11,7,77,corrected
423,16920,521,2907,11,7,77,corrected
423,16920,549,2910,14,8,112,corrected
423,16920,577,2910,11,9,99,corrected
423,16920,598,2915,12,8,96,corrected
423,16920,618,2918,13,8,104,corrected
424,16960,1783,3073,9,6,54,corrected
424,16960,18,2937,13,12,156,corrected
424,16960,142,2943,9,10,90,corrected
424,16960,65,2943,18,9,162,corrected
424,16960,48,2942,10,7,70,corrected
424,16960,93,2943,11,9,99,corrected
424,16960,111,2944,12,9,108,corrected
424,16960,164,2946,13,8,104,corrected
424,16960,214,2939,14,10,140,corrected
424,16960,189,2942,11,7,77,corrected
424,16960,242,2938,11,6,66,corrected
424,16960,273,2930,12,9,108,corrected
424,16960,289,2931,11,6,66,corrected
424,16960,309,2930,12,9,108,corrected
424,16960,331,2935,7,6,42,corrected
424,16960,347,2935,10,7,70,corrected
424,16960,464,2926,9,8,72,corrected
424,16960,511,2913,12,8,96,corrected
424,16960,492,2926,11,7,77,corrected
424,16960,499,2906,13,9,117,corrected
424,16960,515,2909,9,4,36,corrected
424,16960,546,2909,13,9,117,corrected
424,16960,573,2911,12,8,96,corrected
424,16960,593,2911,16,10,160,corrected
424,16960,615,2918,11,10,110,corrected
425,17000,1783,3071,13,9,117,corrected
425,17000,15,2936,10,11,110,corrected
425,17000,58,2941,22,9,198,corrected
425,17000,38,2940,12,9,108,corrected
425,17000,88,2943,10,8,80,corrected
425,17000,108,2944,10,7,70,corrected
425,17000,160,2945,10,7,70,corrected
425,17000,183,2943,12,6,72,corrected
425,17000,208,2939,13,9,117,corrected
425,17000,238,2938,10,5,50,corrected
425,17000,268,2928,11,9,99,corrected
425,17000,284,2932,12,5,60,corrected
425,17000,307,2930,9,6,54,corrected
425,17000,326,2935,9,5,45,corrected
425,17000,341,2934,13,7,91,corrected
425,17000,462,2926,11,8,88,corrected
425,17000,510,2914,12,7,84,corrected
425,17000,490,2923,10,8,80,corrected
425,17000,495,2906,14,8,112,corrected
425,17000,510,2906,9,7,63,corrected
425,17000,545,2909,12,7,84,corrected
425,17000,566,2911,14,10,140,corrected
425,17000,590,2911,11,10,110,corrected
425,17000,611,2917,11,9,99,corrected
426,17040,1782,3071,12,9,108,corrected
426,17040,10,2932,10,13,130,corrected
426,17040,125,2945,14,9,126,corrected
426,17040,54,2943,19,7,133,corrected
426,17040,38,2940,11,6,66,corrected
426,17040,81,2944,10,8,80,corrected
426,17040,101,2942,11,7,77,corrected
426,17040,152,2941,13,11,143,corrected
426,17040,178,2943,13,7,91,corrected
426,17040,205,2938,12,8,96,corrected
426,17040,261,2930,13,7,91,corrected
426,17040,235,2935,8,6,48,corrected
426,17040,278,2931,12,7,84,corrected
426,17040,302,2930,10,10,100,corrected
426,17040,319,2934,10,7,70,corrected
426,17040,337,2931,13,7,91,corrected
426,17040,458,2923,11,10,110,corrected
426,17040,508,2912,13,7,91,corrected
426,17040,488,2922,10,9,90,corrected
426,17040,493,2909,12,7,84,corrected
426,17040,539,2908,13,7,91,corrected
426,17040,505,2905,9,7,63,corrected
426,17040,567,2910,10,7,70,corrected
426,17040,589,2909,10,14,140,corrected
426,17040,607,2915,12,8,96,corrected
427,17080,1782,3073,13,8,104,corrected
427,17080,4,2934,9,11,99,corrected
427,17080,47,2943,21,8,168,corrected
427,17080,30,2939,12,6,72,corrected
427,17080,76,2943,11,9,99,corrected
427,17080,97,2943,9,6,54,corrected
427,17080,122,2945,10,7,70,corrected
427,17080,146,2945,15,8,120,corrected
427,17080,173,2941,11,7,77,corrected
427,17080,198,2938,14,7,98,corrected
427,17080,256,2930,13,6,78,corrected
427,17080,229,2934,8,7,56,corrected
427,17080,278,2930,8,6,48,corrected
427,17080,296,2930,13,8,104,corrected
427,17080,319,2932,7,6,42,corrected
427,17080,332,2931,12,8,96,corrected
427,17080,455,2922,13,10,130,corrected
427,17080,505,2910,11,7,77,corrected
427,17080,482,2924,9,8,72,corrected
427,17080,493,2906,9,8,72,corrected
427,17080,499,2904,8,8,64,corrected
427,17080,537,2907,12,9,108,corrected
427,17080,562,2906,11,11,121,corrected
427,17080,583,2910,11,10,110,corrected
427,17080,603,2915,12,8,96,corrected
428,17120,1787,3075,9,5,45,corrected
428,17120,0,2933,7,12,84,corrected
428,17120,115,2942,14,11,154,corrected
428,17120,42,2941,20,9,180,corrected
428,17120,26,2938,10,7,70,corrected
428,17120,72,2942,9,8,72,corrected
428,17120,90,2944,10,7,70,corrected
428,17120,141,2941,12,11,132,corrected
428,17120,194,2939,14,8,112,corrected
428,17120,168,2942,11,5,55,corrected
428,17120,223,2935,9,9,81,corrected
428,17120,253,2929,11,6,66,corrected
428,17120,273,2930,7,6,42,corrected
428,17120,293,2928,10,10,100,corrected
428,17120,311,2930,10,8,80,corrected
428,17120,328,2930,10,7,70,corrected
428,17120,452,2922,14,9,126,corrected
428,17120,500,2911,11,6,66,corrected
428,17120,480,2922,9,9,81,corrected
428,17120,489,2905,7,8,56,corrected
428,17120,496,2906,8,6,48,corrected
428,17120,532,2906,13,9,117,corrected
428,17120,558,2909,12,9,108,corrected
428,17120,580,2908,10,9,90,corrected
428,17120,598,2912,12,12,144,corrected
429,17160,1788,3074,9,7,63,corrected
429,17160,0,2934,2,7,14,corrected
429,17160,36,2940,21,7,147,corrected
429,17160,16,2939,14,9,126,corrected
429,17160,63,2940,12,9,108,corrected
429,17160,83,2943,10,6,60,corrected
429,17160,110,2944,10,9,90,corrected
429,17160,137,2943,13,10,130,corrected
429,17160,162,2942,11,7,77,corrected
429,17160,189,2937,13,11,143,corrected
429,17160,218,2935,10,5,50,corrected
429,17160,252,2927,7,7,49,corrected
429,17160,267,2928,10,6,60,corrected
429,17160,288,2927,9,9,81,corrected
429,17160,307,2931,10,6,60,corrected
429,17160,323,2930,11,8,88,corrected
429,17160,451,2922,11,9,99,corrected
429,17160,494,2911,15,6,90,corrected
429,17160,478,2920,11,9,99,corrected
429,17160,482,2904,9,8,72,corrected
429,17160,490,2905,7,7,49,corrected
429,17160,531,2905,11,8,88,corrected
429,17160,555,2909,9,8,72,corrected
429,17160,575,2907,13,8,104,corrected
429,17160,596,2914,9,5,45,corrected
430,17200,1790,3074,10,7,70,corrected
430,17200,105,2945,10,7,70,corrected
430,17200,32,2940,18,7,126,corrected
430,17200,15,2937,8,7,56,corrected
430,17200,59,2943,11,6,66,corrected
430,17200,79,2939,9,9,81,corrected
430,17200,130,2942,12,9,108,corrected
430,17200,156,2943,13,6,78,corrected
430,17200,185,2939,8,6,48,corrected
430,17200,243,2928,11,9,99,corrected
430,17200,214,2931,10,9,90,corrected
430,17200,262,2928,9,7,63,corrected
430,17200,285,2926,10,7,70,corrected
430,17200,302,2931,9,6,54,corrected
430,17200,318,2930,12,8,96,corrected
430,17200,446,2921,16,9,144,corrected
430,17200,493,2906,10,8,80,corrected
430,17200,474,2922,10,6,60,corrected
430,17200,477,2905,8,7,56,corrected
430,17200,527,2906,11,7,77,corrected
430,17200,483,2903,8,5,40,corrected
430,17200,551,2906,12,9,108,corrected
430,17200,571,2907,13,9,117,corrected
430,17200,590,2908,11,10,110,corrected
431,17240,1790,3074,10,7,70,corrected
431,17240,26,2940,21,9,189,corrected
431,17240,9,2935,11,10,110,corrected
431,17240,55,2941,10,8,80,corrected
431,17240,73,2943,10,5,50,corrected
431,17240,98,2942,11,8,88,corrected
431,17240,126,2942,10,9,90,corrected
431,17240,151,2939,12,9,108,corrected
431,17240,180,2939,9,6,54,corrected
431,17240,207,2932,12,7,84,corrected
431,17240,237,2926,14,11,154,corrected
431,17240,260,2927,6,7,42,corrected
431,17240,277,2925,13,8,104,corrected
431,17240,298,2928,9,6,54,corrected
431,17240,313,2926,12,8,96,corrected
431,17240,443,2918,14,11,154,corrected
431,17240,487,2907,12,7,84,corrected
431,17240,470,2922,12,6,72,corrected
431,17240,473,2903,8,6,48,corrected
431,17240,521,2905,11,8,88,corrected
431,17240,481,2902,5,6,30,corrected
431,17240,547,2906,13,9,117,corrected
431,17240,568,2906,12,11,132,corrected
431,17240,587,2911,14,9,126,corrected
432,17280,1790,3074,12,6,72,corrected
432,17280,92,2941,13,11,143,corrected
432,17280,20,2938,21,8,168,corrected
432,17280,3,2935,9,9,81,corrected
432,17280,50,2938,11,7,77,corrected
432,17280,65,2940,12,8,96,corrected
432,17280,119,2942,13,9,117,corrected
432,17280,146,2940,10,6,60,corrected
432,17280,171,2938,12,7,84,corrected
432,17280,203,2932,10,8,80,corrected
432,17280,234,2926,10,7,70,corrected
432,17280,251,2925,12,8,96,corrected
432,17280,273,2927,12,7,84,corrected
432,17280,296,2928,6,5,30,corrected
432,17280,309,2927,12,8,96,corrected
432,17280,442,2918,12,9,108,corrected
432,17280,484,2906,11,8,88,corrected
432,17280,467,2919,9,6,54,corrected
432,17280,467,2903,7,7,49,corrected
432,17280,518,2903,12,8,96,corrected
432,17280,474,2902,8,6,48,corrected
432,17280,542,2906,14,10,140,corrected
432,17280,565,2905,12,8,96,corrected
432,17280,582,2911,13,9,117,corrected
433,17320,1790,3074,14,6,84,corrected
433,17320,15,2935,21,10,210,corrected
433,17320,0,2935,8,9,72,corrected
433,17320,45,2938,10,7,70,corrected
433,17320,59,2940,13,6,78,corrected
433,17320,85,2941,13,11,143,corrected
433,17320,115,2941,12,10,120,corrected
433,17320,167,2939,12,6,72,corrected
433,17320,139,2940,13,9,117,corrected
433,17320,198,2931,10,5,50,corrected
433,17320,231,2926,10,8,80,corrected
433,17320,247,2927,11,5,55,corrected
433,17320,268,2924,11,7,77,corrected
433,17320,286,2927,14,7,98,corrected
433,17320,303,2926,13,8,104,corrected
433,17320,438,2918,11,6,66,corrected
433,17320,477,2907,14,8,112,corrected
433,17320,465,2917,11,9,99,corrected
433,17320,461,2901,11,5,55,corrected
433,17320,514,2903,12,8,96,corrected
433,17320,467,2905,10,6,60,corrected
433,17320,538,2906,12,8,96,corrected
433,17320,559,2903,13,9,117,corrected
433,17320,580,2911,12,5,60,corrected
434,17360,1790,3074,15,6,90,corrected
434,17360,83,2943,8,6,48,corrected
434,17360,10,2938,21,7,147,corrected
434,17360,0,2933,2,6,12,corrected
434,17360,39,2938,10,10,100,corrected
434,17360,55,2939,10,5,50,corrected
434,17360,109,2941,12,9,108,corrected
434,17360,134,2939,13,6,78,corrected
434,17360,161,2935,12,9,108,corrected
434,17360,194,2930,11,6,66,corrected
434,17360,223,2925,13,10,130,corrected
434,17360,243,2927,10,5,50,corrected
434,17360,265,2922,11,9,99,corrected
434,17360,282,2926,12,8,96,corrected
434,17360,298,2926,13,9,117,corrected
434,17360,435,2918,11,6,66,corrected
434,17360,475,2905,11,7,77,corrected
434,17360,462,2918,11,7,77,corrected
434,17360,455,2898,11,6,66,corrected
434,17360,463,2903,11,7,77,corrected
434,17360,508,2903,13,7,91,corrected
434,17360,573,2904,15,12,180,corrected
434,17360,557,2903,11,10,110,corrected
434,17360,534,2903,11,7,77,corrected
435,17400,1792,3074,14,6,84,corrected
435,17400,76,2938,13,10,130,corrected
435,17400,5,2938,20,6,120,corrected
435,17400,34,2937,9,8,72,corrected
435,17400,49,2938,11,10,110,corrected
435,17400,102,2941,12,9,108,corrected
435,17400,129,2937,11,8,88,corrected
435,17400,158,2936,10,8,80,corrected
435,17400,219,2925,13,9,117,corrected
435,17400,238,2925,11,6,66,corrected
435,17400,265,2922,8,9,72,corrected
435,17400,279,2926,9,5,45,corrected
435,17400,295,2925,12,7,84,corrected
435,17400,432,2916,11,7,77,corrected
435,17400,472,2903,12,8,96,corrected
435,17400,458,2919,11,9,99,corrected
435,17400,450,2898,10,7,70,corrected
435,17400,460,2899,9,9,81,corrected
435,17400,505,2904,13,8,104,corrected
435,17400,574,2909,12,6,72,corrected
435,17400,554,2904,11,11,121,corrected
435,17400,532,2903,9,7,63,corrected
436,17440,1794,3075,12,5,60,corrected
436,17440,1,2935,17,8,136,corrected
436,17440,28,2935,9,7,63,corrected
436,17440,43,2938,11,6,66,corrected
436,17440,96,2941,13,8,104,corrected
436,17440,124,2939,10,6,60,corrected
436,17440,149,2938,13,6,78,corrected
436,17440,183,2931,9,8,72,corrected
436,17440,214,2921,13,10,130,corrected
436,17440,234,2923,11,6,66,corrected
436,17440,256,2923,13,11,143,corrected
436,17440,275,2924,10,7,70,corrected
436,17440,291,2925,10,6,60,corrected
436,17440,430,2916,11,6,66,corrected
436,17440,467,2903,11,7,77,corrected
436,17440,458,2915,8,9,72,corrected
436,17440,443,2898,8,9,72,corrected
436,17440,454,2901,11,6,66,corrected
436,17440,501,2903,13,6,78,corrected
436,17440,527,2903,14,9,126,corrected
436,17440,551,2901,10,11,110,corrected
436,17440,567,2907,13,10,130,corrected
437,17480,1795,3075,13,5,65,corrected
437,17480,62,2941,13,8,104,corrected
437,17480,0,2935,12,7,84,corrected
437,17480,39,2935,8,7,56,corrected
437,17480,90,2937,14,10,140,corrected
437,17480,146,2934,13,9,117,corrected
437,17480,117,2938,11,6,66,corrected
437,17480,181,2928,6,8,48,corrected
437,17480,211,2922,9,8,72,corrected
437,17480,227,2923,11,5,55,corrected
437,17480,250,2918,13,12,156,corrected
437,17480,268,2924,13,7,91,corrected
437,17480,287,2924,9,7,63,corrected
437,17480,427,2915,12,7,84,corrected
437,17480,464,2903,10,8,80,corrected
437,17480,455,2913,8,10,80,corrected
437,17480,437,2897,12,7,84,corrected
437,17480,450,2901,10,9,90,corrected
437,17480,499,2898,13,10,130,corrected
437,17480,523,2902,13,7,91,corrected
437,17480,548,2902,8,9,72,corrected
437,17480,567,2906,9,7,63,corrected
438,17520,1797,3076,13,5,65,corrected
438,17520,58,2938,11,8,88,corrected
438,17520,0,2936,9,6,54,corrected
438,17520,17,2935,11,9,99,corrected
438,17520,32,2935,11,9,99,corrected
438,17520,82,2937,16,11,176,corrected
438,17520,142,2933,10,9,90,corrected
438,17520,114,2937,8,8,64,corrected
438,17520,172,2927,12,9,108,corrected
438,17520,202,2924,10,8,80,corrected
438,17520,223,2924,12,7,84,corrected
438,17520,248,2919,10,10,100,corrected
438,17520,265,2924,12,8,96,corrected
438,17520,281,2923,11,9,99,corrected
438,17520,424,2915,11,8,88,corrected
438,17520,461,2903,9,8,72,corrected
438,17520,447,2915,13,8,104,corrected
438,17520,429,2893,17,9,153,corrected
438,17520,446,2899,11,9,99,corrected
438,17520,494,2899,12,9,108,corrected
438,17520,523,2899,9,9,81,corrected
438,17520,543,2902,11,9,99,corrected
438,17520,563,2903,10,9,90,corrected
439,17560,1799,3076,13,6,78,corrected
439,17560,52,2935,10,11,110,corrected
439,17560,0,2935,4,7,28,corrected
439,17560,11,2935,12,5,60,corrected
439,17560,27,2935,10,9,90,corrected
439,17560,81,2939,9,10,90,corrected
439,17560,136,2935,11,7,77,corrected
439,17560,108,2936,11,8,88,corrected
439,17560,167,2928,11,8,88,corrected
439,17560,200,2921,13,9,117,corrected
439,17560,218,2922,11,7,77,corrected
439,17560,242,2920,12,9,108,corrected
439,17560,262,2922,10,6,60,corrected
439,17560,278,2922,10,8,80,corrected
439,17560,422,2912,11,9,99,corrected
439,17560,457,2900,10,9,90,corrected
439,17560,445,2916,12,8,96,corrected
439,17560,425,2895,12,7,84,corrected
439,17560,443,2898,9,8,72,corrected
439,17560,490,2900,11,9,99,corrected
439,17560,519,2900,9,7,63,corrected
439,17560,538,2902,12,8,96,corrected
439,17560,558,2903,10,9,90,corrected
440,17600,1800,3076,13,6,78,corrected
440,17600,46,2936,12,13,156,corrected
440,17600,9,2933,7,7,49,corrected
440,17600,22,2935,10,5,50,corrected
440,17600,75,2938,10,7,70,corrected
440,17600,102,2936,10,7,70,corrected
440,17600,130,2934,10,6,60,corrected
440,17600,163,2927,11,8,88,corrected
440,17600,195,2918,12,11,132,corrected
440,17600,215,2919,9,9,81,corrected
440,17600,238,2919,13,10,130,corrected
440,17600,259,2919,9,7,63,corrected
440,17600,275,2920,8,9,72,corrected
440,17600,419,2912,11,9,99,corrected
440,17600,452,2900,9,8,72,corrected
440,17600,442,2912,12,10,120,corrected
440,17600,418,2895,13,7,91,corrected
440,17600,438,2898,10,7,70,corrected
440,17600,486,2896,11,9,99,corrected
440,17600,512,2900,12,9,108,corrected
440,17600,536,2899,10,10,100,corrected
440,17600,556,2904,9,9,81,corrected
441,17640,1800,3077,16,5,80,corrected
441,17640,41,2935,12,12,144,corrected
441,17640,2,2934,10,6,60,corrected
441,17640,17,2931,10,9,90,corrected
441,17640,69,2937,11,8,88,corrected
441,17640,125,2934,11,6,66,corrected
441,17640,96,2937,12,7,84,corrected
441,17640,160,2926,8,6,48,corrected
441,17640,191,2920,10,8,80,corrected
441,17640,207,2923,13,5,65,corrected
441,17640,233,2918,14,10,140,corrected
441,17640,252,2920,12,8,96,corrected
441,17640,270,2921,9,7,63,corrected
441,17640,415,2913,10,8,80,corrected
441,17640,446,2900,13,8,104,corrected
441,17640,440,2911,9,11,99,corrected
441,17640,414,2895,12,7,84,corrected
441,17640,434,2899,10,6,60,corrected
441,17640,482,2895,12,11,132,corrected
441,17640,510,2899,11,9,99,corrected
441,17640,533,2898,11,11,121,corrected
441,17640,553,2902,7,5,35,corrected
442,17680,1807,3078,9,5,45,corrected
442,17680,37,2934,12,12,144,corrected
442,17680,0,2932,8,8,64,corrected
442,17680,9,2934,11,6,66,corrected
442,17680,62,2937,13,8,104,corrected
442,17680,91,2935,10,7,70,corrected
442,17680,120,2933,13,6,78,corrected
442,17680,155,2927,8,4,32,corrected
442,17680,186,2921,9,7,63,corrected
442,17680,205,2923,11,5,55,corrected
442,17680,228,2916,13,11,143,corrected
442,17680,247,2922,14,6,84,corrected
442,17680,263,2920,12,8,96,corrected
442,17680,442,2898,11,10,110,corrected
442,17680,410,2912,12,8,96,corrected
442,17680,435,2915,13,7,91,corrected
442,17680,406,2892,10,8,80,corrected
442,17680,430,2896,8,8,64,corrected
442,17680,477,2898,13,9,117,corrected
442,17680,507,2894,10,12,120,corrected
442,17680,529,2900,11,8,88,corrected
442,17680,550,2897,7,9,63,corrected
443,17720,1807,3078,9,5,45,corrected
443,17720,0,2933,2,3,6,corrected
443,17720,5,2932,10,8,80,corrected
443,17720,31,2932,8,10,80,corrected
443,17720,57,2936,12,10,120,corrected
443,17720,86,2934,11,7,77,corrected
443,17720,112,2931,11,6,66,corrected
443,17720,147,2926,13,6,78,corrected
443,17720,181,2919,12,9,108,corrected
443,17720,202,2920,7,7,49,corrected
443,17720,225,2917,11,9,99,corrected
443,17720,244,2919,11,7,77,corrected
443,17720,259,2920,14,8,112,corrected
443,17720,439,2896,13,10,130,corrected
443,17720,410,2908,8,10,80,corrected
443,17720,431,2913,12,8,96,corrected
443,17720,402,2892,10,8,80,corrected
443,17720,426,2895,10,9,90,corrected
443,17720,472,2899,16,8,128,corrected
443,17720,502,2894,11,11,121,corrected
443,17720,524,2900,14,9,126,corrected
443,17720,546,2903,7,4,28,corrected
444,17760,1810,3079,9,5,45,corrected
444,17760,22,2933,12,12,144,corrected
444,17760,2,2932,9,4,36,corrected
444,17760,52,2934,12,10,120,corrected
444,17760,107,2931,13,10,130,corrected
444,17760,79,2935,10,4,40,corrected
444,17760,143,2923,12,7,84,corrected
444,17760,177,2919,12,8,96,corrected
444,17760,195,2918,9,8,72,corrected
444,17760,217,2918,14,12,168,corrected
444,17760,240,2919,9,7,63,corrected
444,17760,256,2916,12,9,108,corrected
444,17760,407,2911,9,9,81,corrected
444,17760,435,2896,12,8,96,corrected
444,17760,431,2910,9,10,90,corrected
444,17760,393,2892,12,8,96,corrected
444,17760,421,2896,12,7,84,corrected
444,17760,468,2895,14,7,98,corrected
444,17760,498,2898,11,7,77,corrected
444,17760,522,2898,11,7,77,corrected
444,17760,540,2900,6,9,54,corrected
445,17800,1812,3079,9,5,45,corrected
445,17800,21,2932,9,12,108,corrected
445,17800,0,2930,6,6,36,corrected
445,17800,46,2934,11,9,99,corrected
445,17800,104,2930,11,10,110,corrected
445,17800,74,2934,10,6,60,corrected
445,17800,141,2921,9,7,63,corrected
445,17800,171,2920,12,6,72,corrected
445,17800,188,2920,12,5,60,corrected
445,17800,213,2916,12,11,132,corrected
445,17800,235,2918,11,7,77,corrected
445,17800,251,2918,11,7,77,corrected
445,17800,402,2911,10,9,90,corrected
445,17800,429,2898,11,9,99,corrected
445,17800,426,2910,12,9,108,corrected
445,17800,387,2890,13,7,91,corrected
445,17800,414,2897,11,8,88,corrected
445,17800,466,2895,12,9,108,corrected
445,17800,493,2897,12,8,96,corrected
445,17800,519,2897,11,10,110,corrected
445,17800,538,2899,6,7,42,corrected
446,17840,1814,3080,10,5,50,corrected
446,17840,14,2928,9,12,108,corrected
446,17840,40,2933,14,11,154,corrected
446,17840,100,2929,9,8,72,corrected
446,17840,69,2932,11,5,55,corrected
446,17840,166,2919,12,10,120,corrected
446,17840,184,2919,10,8,80,corrected
446,17840,212,2916,10,10,100,corrected
446,17840,230,2919,10,6,60,corrected
446,17840,246,2916,12,9,108,corrected
446,17840,399,2911,10,9,90,corrected
446,17840,423,2898,14,7,98,corrected
446,17840,420,2911,12,10,120,corrected
446,17840,382,2889,12,7,84,corrected
446,17840,414,2895,10,5,50,corrected
446,17840,462,2895,10,9,90,corrected
446,17840,490,2894,10,9,90,corrected
446,17840,513,2895,16,9,144,corrected
446,17840,531,2898,8,9,72,corrected
447,17880,1816,3080,10,6,60,corrected
447,17880,8,2930,12,10,120,corrected
447,17880,37,2933,11,8,88,corrected
447,17880,64,2932,10,5,50,corrected
447,17880,94,2930,11,7,77,corrected
447,17880,131,2922,10,8,80,corrected
447,17880,163,2918,9,6,54,corrected
447,17880,182,2919,7,5,35,corrected
447,17880,206,2917,13,9,117,corrected
447,17880,225,2918,11,7,77,corrected
447,17880,241,2917,13,8,104,corrected
447,17880,396,2906,10,12,120,corrected
447,17880,422,2895,13,8,104,corrected
447,17880,415,2911,13,9,117,corrected
447,17880,374,2889,12,7,84,corrected
447,17880,410,2894,7,7,49,corrected
447,17880,457,2896,13,8,104,corrected
447,17880,486,2894,11,10,110,corrected
447,17880,511,2897,10,10,100,corrected
447,17880,522,2899,11,7,77,corrected
448,17920,1817,3081,10,6,60,corrected
448,17920,2,2930,13,12,156,corrected
448,17920,29,2928,12,11,132,corrected
448,17920,58,2931,11,9,99,corrected
448,17920,86,2929,12,8,96,corrected
448,17920,127,2920,8,7,56,corrected
448,17920,158,2917,10,8,80,corrected
448,17920,175,2916,9,8,72,corrected
448,17920,198,2916,15,10,150,corrected
448,17920,222,2915,10,9,90,corrected
448,17920,238,2915,10,8,80,corrected
448,17920,391,2910,11,7,77,corrected
448,17920,417,2895,11,8,88,corrected
448,17920,416,2908,9,10,90,corrected
448,17920,368,2890,13,7,91,corrected
448,17920,453,2895,12,6,72,corrected
448,17920,402,2896,11,7,77,corrected
448,17920,481,2893,13,12,156,corrected
448,17920,508,2893,11,11,121,corrected
448,17920,518,2898,9,7,63,corrected
449,17960,1820,3082,9,5,45,corrected
449,17960,1,2929,9,8,72,corrected
449,17960,25,2931,11,8,88,corrected
449,17960,55,2930,8,7,56,corrected
449,17960,81,2924,10,10,100,corrected
449,17960,120,2915,12,12,144,corrected
449,17960,150,2918,13,7,91,corrected
449,17960,170,2918,10,6,60,corrected
449,17960,195,2915,13,10,130,corrected
449,17960,219,2915,9,9,81,corrected
449,17960,234,2914,10,7,70,corrected
449,17960,387,2910,11,7,77,corrected
449,17960,411,2897,12,8,96,corrected
449,17960,409,2910,13,7,91,corrected
449,17960,362,2888,14,7,98,corrected
449,17960,399,2895,9,7,63,corrected
449,17960,449,2893,11,7,77,corrected
449,17960,478,2894,10,8,80,corrected
449,17960,503,2891,9,12,108,corrected
449,17960,513,2894,8,10,80,corrected
450,18000,1820,3083,11,5,55,corrected
450,18000,0,2929,9,9,81,corrected
450,18000,22,2931,9,9,81,corrected
450,18000,48,2929,9,5,45,corrected
450,18000,76,2926,10,8,80,corrected
450,18000,116,2918,13,11,143,corrected
450,18000,145,2918,12,7,84,corrected
450,18000,164,2918,12,6,72,corrected
450,18000,192,2914,13,9,117,corrected
450,18000,211,2915,14,10,140,corrected
450,18000,226,2913,13,9,117,corrected
450,18000,383,2910,14,8,112,corrected
450,18000,408,2897,11,8,88,corrected
450,18000,406,2910,11,8,88,corrected
450,18000,356,2887,13,8,104,corrected
450,18000,396,2893,8,7,56,corrected
450,18000,446,2894,11,8,88,corrected
450,18000,476,2890,9,12,108,corrected
450,18000,496,2897,11,9,99,corrected
450,18000,504,2897,11,5,55,corrected
451,18040,1823,3084,10,5,50,corrected
451,18040,16,2930,10,7,70,corrected
451,18040,42,2927,10,8,80,corrected
451,18040,70,2926,14,10,140,corrected
451,18040,143,2916,11,7,77,corrected
451,18040,112,2918,12,10,120,corrected
451,18040,162,2917,7,6,42,corrected
451,18040,188,2915,9,6,54,corrected
451,18040,208,2916,10,7,70,corrected
451,18040,223,2913,10,10,100,corrected
451,18040,382,2907,10,11,110,corrected
451,18040,406,2893,10,9,90,corrected
451,18040,403,2908,10,7,70,corrected
451,18040,351,2886,14,10,140,corrected
451,18040,390,2895,9,6,54,corrected
451,18040,441,2894,12,8,96,corrected
451,18040,470,2894,10,9,90,corrected
451,18040,491,2894,12,9,108,corrected
451,18040,501,2896,11,7,77,corrected
452,18080,1825,3085,10,5,50,corrected
452,18080,9,2926,12,10,120,corrected
452,18080,38,2927,10,9,90,corrected
452,18080,65,2925,15,10,150,corrected
452,18080,110,2916,9,9,81,corrected
452,18080,138,2915,11,7,77,corrected
452,18080,156,2916,10,5,50,corrected
452,18080,181,2912,13,11,143,corrected
452,18080,205,2912,9,10,90,corrected
452,18080,219,2913,11,8,88,corrected
452,18080,378,2907,12,10,120,corrected
452,18080,399,2894,10,7,70,corrected
452,18080,399,2907,10,7,70,corrected
452,18080,343,2887,15,8,120,corrected
452,18080,383,2892,13,9,117,corrected
452,18080,437,2893,11,7,77,corrected
452,18080,465,2893,12,12,144,corrected
452,18080,489,2894,10,10,100,corrected
452,18080,496,2891,10,11,110,corrected
453,18120,1828,3085,9,5,45,corrected
453,18120,5,2928,11,9,99,corrected
453,18120,33,2927,10,9,90,corrected
453,18120,61,2923,12,10,120,corrected
453,18120,129,2915,15,9,135,corrected
453,18120,102,2915,12,9,108,corrected
453,18120,149,2916,11,9,99,corrected
453,18120,178,2914,11,10,110,corrected
453,18120,201,2913,8,9,72,corrected
453,18120,216,2912,10,9,90,corrected
453,18120,371,2908,13,9,117,corrected
453,18120,394,2894,11,9,99,corrected
453,18120,393,2907,12,8,96,corrected
453,18120,337,2885,14,10,140,corrected
453,18120,382,2891,11,7,77,corrected
453,18120,431,2893,10,7,70,corrected
453,18120,461,2894,11,10,110,corrected
453,18120,484,2892,10,10,100,corrected
453,18120,491,2893,9,5,45,corrected
454,18160,1827,3086,12,5,60,corrected
454,18160,1,2927,11,9,99,corrected
454,18160,29,2923,9,11,99,corrected
454,18160,55,2922,13,9,117,corrected
454,18160,98,2915,13,9,117,corrected
454,18160,126,2912,12,10,120,corrected
454,18160,145,2915,12,5,60,corrected
454,18160,173,2913,11,9,99,corrected
454,18160,194,2914,11,8,88,corrected
454,18160,211,2910,10,7,70,corrected
454,18160,390,2895,11,8,88,corrected
454,18160,368,2908,13,8,104,corrected
454,18160,390,2907,11,9,99,corrected
454,18160,333,2882,9,10,90,corrected
454,18160,375,2887,13,10,130,corrected
454,18160,427,2895,13,9,117,corrected
454,18160,458,2890,10,10,100,corrected
454,18160,480,2894,8,9,72,corrected
454,18160,483,2895,13,4,52,corrected
455,18200,1826,3086,14,4,56,corrected
455,18200,0,2923,6,10,60,corrected
455,18200,23,2923,10,10,100,corrected
455,18200,49,2923,15,10,150,corrected
455,18200,124,2913,11,8,88,corrected
455,18200,94,2913,11,11,121,corrected
455,18200,143,2913,9,7,63,corrected
455,18200,168,2912,12,10,120,corrected
455,18200,190,2912,11,10,110,corrected
455,18200,204,2911,14,9,126,corrected
455,18200,366,2905,14,11,154,corrected
455,18200,388,2892,8,9,72,corrected
455,18200,389,2904,11,8,88,corrected
455,18200,328,2883,9,9,81,corrected
455,18200,370,2891,11,5,55,corrected
455,18200,423,2895,11,5,55,corrected
455,18200,452,2893,10,8,80,corrected
455,18200,471,2893,11,8,88,corrected
455,18200,476,2894,12,3,36,corrected
456,18240,1829,3087,13,4,52,corrected
456,18240,19,2924,9,9,81,corrected
456,18240,45,2923,13,8,104,corrected
456,18240,90,2911,11,10,110,corrected
456,18240,115,2915,15,8,120,corrected
456,18240,139,2915,6,5,30,corrected
456,18240,164,2912,14,9,126,corrected
456,18240,188,2911,8,9,72,corrected
456,18240,200,2910,14,9,126,corrected
456,18240,363,2905,12,8,96,corrected
456,18240,381,2893,10,7,70,corrected
456,18240,386,2903,9,9,81,corrected
456,18240,318,2883,15,10,150,corrected
456,18240,367,2891,10,7,70,corrected
456,18240,420,2892,11,8,88,corrected
456,18240,446,2893,13,9,117,corrected
456,18240,469,2891,10,12,120,corrected
456,18240,467,2892,12,8,96,corrected
457,18280,1832,3087,13,5,65,corrected
457,18280,13,2924,9,5,45,corrected
457,18280,43,2920,10,10,100,corrected
457,18280,87,2915,10,4,40,corrected
457,18280,111,2913,12,8,96,corrected
457,18280,131,2914,10,8,80,corrected
457,18280,157,2912,15,8,120,corrected
457,18280,183,2912,8,7,56,corrected
457,18280,199,2911,8,5,40,corrected
457,18280,376,2894,10,8,80,corrected
457,18280,356,2907,12,8,96,corrected
457,18280,379,2904,9,8,72,corrected
457,18280,312,2882,14,8,112,corrected
457,18280,367,2889,6,6,36,corrected
457,18280,416,2893,10,7,70,corrected
457,18280,443,2893,11,7,77,corrected
457,18280,463,2892,9,8,72,corrected
457,18280,461,2891,11,7,77,corrected
458,18320,1833,3087,12,4,48,corrected
458,18320,8,2919,11,10,110,corrected
458,18320,38,2921,9,8,72,corrected
458,18320,78,2913,14,7,98,corrected
458,18320,105,2911,15,9,135,corrected
458,18320,127,2911,9,9,81,corrected
458,18320,154,2910,13,9,117,corrected
458,18320,175,2911,13,8,104,corrected
458,18320,193,2910,11,7,77,corrected
458,18320,353,2906,12,9,108,corrected
458,18320,372,2894,11,7,77,corrected
458,18320,374,2904,10,8,80,corrected
458,18320,310,2880,9,9,81,corrected
458,18320,360,2888,9,8,72,corrected
458,18320,410,2892,11,9,99,corrected
458,18320,438,2889,12,10,120,corrected
458,18320,458,2891,9,6,54,corrected
458,18320,456,2889,9,6,54,corrected
459,18360,1833,3087,14,5,70,corrected
459,18360,4,2922,11,6,66,corrected
459,18360,30,2920,13,10,130,corrected
459,18360,79,2911,9,6,54,corrected
459,18360,101,2907,12,10,120,corrected
459,18360,123,2910,9,10,90,corrected
459,18360,150,2911,12,9,108,corrected
459,18360,171,2911,14,9,126,corrected
459,18360,188,2910,12,6,72,corrected
459,18360,351,2905,11,10,110,corrected
459,18360,369,2891,8,8,64,corrected
459,18360,372,2902,12,10,120,corrected
459,18360,303,2880,9,9,81,corrected
459,18360,353,2889,12,8,96,corrected
459,18360,406,2893,10,7,70,corrected
459,18360,436,2891,8,9,72,corrected
459,18360,450,2891,9,7,63,corrected
459,18360,448,2890,10,7,70,corrected
460,18400,1837,3087,13,5,65,corrected
460,18400,0,2922,10,8,80,corrected
460,18400,27,2919,15,10,150,corrected
460,18400,97,2909,10,10,100,corrected
460,18400,74,2908,11,9,99,corrected
460,18400,115,2911,12,8,96,corrected
460,18400,147,2912,11,9,99,corrected
460,18400,167,2911,10,8,80,corrected
460,18400,181,2909,14,8,112,corrected
460,18400,346,2905,12,9,108,corrected
460,18400,363,2892,10,7,70,corrected
460,18400,368,2902,10,9,90,corrected
460,18400,296,2879,15,11,165,corrected
460,18400,348,2888,13,9,117,corrected
460,18400,401,2888,12,11,132,corrected
460,18400,430,2892,12,9,108,corrected
460,18400,443,2891,10,7,70,corrected
460,18400,441,2889,12,7,84,corrected
461,18440,1837,3087,15,5,75,corrected
461,18440,0,2921,4,6,24,corrected
461,18440,23,2917,14,9,126,corrected
461,18440,71,2911,9,6,54,corrected
461,18440,90,2911,14,9,126,corrected
461,18440,111,2911,12,9,108,corrected
461,18440,140,2910,14,11,154,corrected
461,18440,163,2911,10,8,80,corrected
461,18440,180,2908,13,8,104,corrected
461,18440,342,2906,10,7,70,corrected
461,18440,358,2891,12,8,96,corrected
461,18440,360,2902,13,10,130,corrected
461,18440,291,2879,11,9,99,corrected
461,18440,345,2883,13,12,156,corrected
461,18440,395,2890,14,8,112,corrected
461,18440,427,2892,11,4,44,corrected
461,18440,435,2888,12,7,84,corrected
461,18440,438,2889,8,5,40,corrected
462,18480,1837,3087,17,5,85,corrected
462,18480,19,2919,9,5,45,corrected
462,18480,63,2910,13,11,143,corrected
462,18480,87,2910,13,7,91,corrected
462,18480,107,2912,10,4,40,corrected
462,18480,136,2908,13,10,130,corrected
462,18480,158,2912,11,7,77,corrected
462,18480,172,2906,15,9,135,corrected
462,18480,354,2891,12,8,96,corrected
462,18480,338,2905,12,8,96,corrected
462,18480,358,2903,11,8,88,corrected
462,18480,287,2879,8,7,56,corrected
462,18480,342,2887,11,8,88,corrected
462,18480,390,2891,14,9,126,corrected
462,18480,422,2888,10,9,90,corrected
462,18480,432,2887,9,8,72,corrected
462,18480,432,2888,9,7,63,corrected
463,18520,1841,3086,16,6,96,corrected
463,18520,11,2919,13,9,117,corrected
463,18520,59,2908,12,8,96,corrected
463,18520,81,2907,13,11,143,corrected
463,18520,99,2907,14,9,126,corrected
463,18520,130,2909,16,11,176,corrected
463,18520,150,2911,16,9,144,corrected
463,18520,167,2908,15,7,105,corrected
463,18520,334,2903,14,9,126,corrected
463,18520,350,2887,11,9,99,corrected
463,18520,354,2898,12,9,108,corrected
463,18520,277,2876,12,8,96,corrected
463,18520,335,2887,12,10,120,corrected
463,18520,389,2888,11,10,110,corrected
463,18520,417,2891,13,5,65,corrected
463,18520,425,2886,10,7,70,corrected
463,18520,423,2887,14,5,70,corrected
464,18560,1842,3085,17,6,102,corrected
464,18560,7,2918,12,8,96,corrected
464,18560,55,2906,9,10,90,corrected
464,18560,74,2910,16,8,128,corrected
464,18560,95,2910,12,7,84,corrected
464,18560,126,2909,14,9,126,corrected
464,18560,151,2909,9,6,54,corrected
464,18560,165,2908,12,9,108,corrected
464,18560,330,2903,14,8,112,corrected
464,18560,347,2887,9,10,90,corrected
464,18560,349,2900,14,9,126,corrected
464,18560,274,2879,12,6,72,corrected
464,18560,335,2887,6,7,42,corrected
464,18560,386,2887,10,11,110,corrected
464,18560,410,2890,11,7,77,corrected
464,18560,420,2884,10,8,80,corrected
464,18560,418,2886,11,6,66,corrected
465,18600,1843,3085,16,6,96,corrected
465,18600,6,2914,10,9,90,corrected
465,18600,51,2906,9,10,90,corrected
465,18600,69,2908,15,8,120,corrected
465,18600,89,2910,14,7,98,corrected
465,18600,121,2908,12,10,120,corrected
465,18600,144,2909,11,6,66,corrected
465,18600,160,2906,13,8,104,corrected
465,18600,326,2903,10,10,100,corrected
465,18600,339,2886,10,10,100,corrected
465,18600,343,2900,14,9,126,corrected
465,18600,265,2878,14,7,98,corrected
465,18600,327,2883,10,8,80,corrected
465,18600,378,2889,11,7,77,corrected
465,18600,409,2891,8,5,40,corrected
465,18600,414,2885,9,7,63,corrected
465,18600,414,2886,9,5,45,corrected
466,18640,1844,3085,15,5,75,corrected
466,18640,0,2915,11,6,66,corrected
466,18640,45,2906,12,10,120,corrected
466,18640,65,2906,16,8,128,corrected
466,18640,86,2907,11,9,99,corrected
466,18640,116,2905,13,13,169,corrected
466,18640,137,2910,16,6,96,corrected
466,18640,158,2906,13,9,117,corrected
466,18640,336,2887,10,9,90,corrected
466,18640,321,2902,11,11,121,corrected
466,18640,340,2898,12,6,72,corrected
466,18640,260,2875,13,8,104,corrected
466,18640,323,2883,12,7,84,corrected
466,18640,373,2888,11,7,77,corrected
466,18640,404,2888,8,7,56,corrected
466,18640,407,2883,10,7,70,corrected
466,18640,408,2885,10,5,50,corrected
467,18680,1844,3084,17,6,102,corrected
467,18680,0,2915,7,8,56,corrected
467,18680,42,2906,10,7,70,corrected
467,18680,62,2907,13,7,91,corrected
467,18680,81,2907,14,9,126,corrected
467,18680,115,2906,10,10,100,corrected
467,18680,134,2909,15,8,120,corrected
467,18680,150,2904,14,9,126,corrected
467,18680,332,2884,11,9,99,corrected
467,18680,319,2899,9,12,108,corrected
467,18680,334,2895,14,10,140,corrected
467,18680,254,2875,13,5,65,corrected
467,18680,319,2883,11,6,66,corrected
467,18680,370,2885,10,8,80,corrected
467,18680,396,2883,13,6,78,corrected
467,18680,398,2883,11,5,55,corrected
468,18720,1847,3083,16,6,96,corrected
468,18720,37,2902,12,10,120,corrected
468,18720,56,2906,13,11,143,corrected
468,18720,77,2908,7,5,35,corrected
468,18720,106,2907,13,10,130,corrected
468,18720,131,2908,11,7,77,corrected
468,18720,147,2907,13,8,104,corrected
468,18720,328,2882,10,10,100,corrected
468,18720,314,2902,12,9,108,corrected
468,18720,330,2897,10,8,80,corrected
468,18720,253,2875,8,9,72,corrected
468,18720,365,2885,11,8,88,corrected
468,18720,314,2880,13,9,117,corrected
468,18720,391,2881,14,8,112,corrected
468,18720,394,2889,11,7,77,corrected
468,18720,392,2883,13,6,78,corrected
469,18760,1847,3083,16,5,80,corrected
469,18760,31,2903,10,9,90,corrected
469,18760,55,2904,10,9,90,corrected
469,18760,71,2907,11,8,88,corrected
469,18760,100,2904,17,9,153,corrected
469,18760,127,2909,9,5,45,corrected
469,18760,141,2904,15,10,150,corrected
469,18760,320,2885,13,9,117,corrected
469,18760,306,2902,15,8,120,corrected
469,18760,326,2897,12,8,96,corrected
469,18760,243,2875,11,10,110,corrected
469,18760,308,2879,12,9,108,corrected
469,18760,359,2886,12,11,132,corrected
469,18760,391,2888,10,5,50,corrected
469,18760,384,2880,12,8,96,corrected
469,18760,386,2883,10,5,50,corrected
470,18800,1848,3082,17,5,85,corrected
470,18800,26,2904,13,9,117,corrected
470,18800,46,2902,13,9,117,corrected
470,18800,67,2905,9,7,63,corrected
470,18800,98,2903,11,11,121,corrected
470,18800,118,2909,14,6,84,corrected
470,18800,139,2905,13,9,117,corrected
470,18800,317,2885,13,8,104,corrected
470,18800,303,2900,11,9,99,corrected
470,18800,322,2894,11,8,88,corrected
470,18800,236,2874,14,6,84,corrected
470,18800,303,2881,13,7,91,corrected
470,18800,357,2887,8,6,48,corrected
470,18800,387,2886,10,7,70,corrected
470,18800,383,2881,9,7,63,corrected
470,18800,382,2881,7,6,42,corrected
471,18840,1849,3081,17,5,85,corrected
471,18840,23,2903,11,10,110,corrected
471,18840,44,2903,11,10,110,corrected
471,18840,62,2905,9,7,63,corrected
471,18840,95,2906,11,9,99,corrected
471,18840,116,2909,13,6,78,corrected
471,18840,134,2906,13,8,104,corrected
471,18840,301,2898,11,9,99,corrected
471,18840,312,2882,12,8,96,corrected
471,18840,318,2894,11,6,66,corrected
471,18840,230,2871,13,9,117,corrected
471,18840,302,2881,10,6,60,corrected
471,18840,351,2882,11,9,99,corrected
471,18840,383,2886,9,7,63,corrected
471,18840,372,2878,12,11,132,corrected
471,18840,375,2880,10,6,60,corrected
472,18880,1850,3080,17,5,85,corrected
472,18880,18,2902,12,9,108,corrected
472,18880,38,2902,12,12,144,corrected
472,18880,55,2906,13,7,91,corrected
472,18880,89,2905,13,9,117,corrected
472,18880,111,2907,15,6,90,corrected
472,18880,129,2907,12,8,96,corrected
472,18880,296,2898,9,7,63,corrected
472,18880,310,2880,9,9,81,corrected
472,18880,313,2892,12,7,84,corrected
472,18880,225,2871,13,9,117,corrected
472,18880,299,2877,9,7,63,corrected
472,18880,346,2884,12,7,84,corrected
472,18880,377,2885,11,7,77,corrected
472,18880,364,2876,11,10,110,corrected
472,18880,366,2879,12,9,108,corrected
473,18920,1851,3080,16,5,80,corrected
473,18920,15,2903,9,7,63,corrected
473,18920,33,2901,11,8,88,corrected
473,18920,53,2905,9,8,72,corrected
473,18920,86,2904,12,9,108,corrected
473,18920,106,2907,10,6,60,corrected
473,18920,125,2906,12,7,84,corrected
473,18920,289,2897,15,9,135,corrected
473,18920,304,2880,9,9,81,corrected
473,18920,309,2892,12,8,96,corrected
473,18920,219,2871,13,9,117,corrected
473,18920,294,2878,6,5,30,corrected
473,18920,341,2884,11,8,88,corrected
473,18920,373,2883,9,7,63,corrected
473,18920,361,2878,10,7,70,corrected
473,18920,361,2879,10,5,50,corrected
474,18960,1851,3079,17,6,102,corrected
474,18960,10,2903,11,6,66,corrected
474,18960,29,2900,11,9,99,corrected
474,18960,47,2901,10,7,70,corrected
474,18960,79,2903,14,9,126,corrected
474,18960,99,2908,13,7,91,corrected
474,18960,120,2903,14,9,126,corrected
474,18960,287,2897,9,6,54,corrected
474,18960,298,2880,11,9,99,corrected
474,18960,303,2890,14,7,98,corrected
474,18960,214,2872,11,8,88,corrected
474,18960,338,2883,10,5,50,corrected
474,18960,284,2879,12,6,72,corrected
474,18960,370,2884,9,6,54,corrected
474,18960,354,2874,12,10,120,corrected
474,18960,355,2875,11,9,99,corrected
475,19000,1855,3078,14,10,140,corrected
475,19000,7,2898,10,10,100,corrected
475,19000,22,2899,13,11,143,corrected
475,19000,41,2901,12,6,72,corrected
475,19000,72,2904,18,8,144,corrected
475,19000,96,2906,13,7,91,corrected
475,19000,117,2904,12,7,84,corrected
475,19000,282,2894,14,9,126,corrected
475,19000,295,2878,8,8,64,corrected
475,19000,299,2887,13,8,104,corrected
475,19000,208,2871,11,7,77,corrected
475,19000,282,2878,10,7,70,corrected
475,19000,331,2879,13,9,117,corrected
475,19000,367,2884,9,7,63,corrected
475,19000,348,2875,14,9,126,corrected
475,19000,350,2876,11,7,77,corrected
476,19040,1855,3076,15,7,105,corrected
476,19040,18,2898,14,12,168,corrected
476,19040,2,2900,11,8,88,corrected
476,19040,37,2902,11,8,88,corrected
476,19040,71,2903,10,8,80,corrected
476,19040,92,2903,12,10,120,corrected
476,19040,110,2904,15,9,135,corrected
476,19040,289,2878,11,7,77,corrected
476,19040,277,2895,11,8,88,corrected
476,19040,295,2888,10,7,70,corrected
476,19040,204,2871,13,9,117,corrected
476,19040,325,2880,15,7,105,corrected
476,19040,279,2872,8,9,72,corrected
476,19040,358,2884,12,6,72,corrected
476,19040,340,2874,13,10,130,corrected
476,19040,342,2874,11,10,110,corrected
477,19080,1858,3073,14,10,140,corrected
477,19080,0,2901,8,6,48,corrected
477,19080,15,2897,12,9,108,corrected
477,19080,33,2901,10,6,60,corrected
477,19080,66,2899,11,11,121,corrected
477,19080,88,2903,11,9,99,corrected
477,19080,105,2903,14,10,140,corrected
477,19080,270,2894,14,10,140,corrected
477,19080,284,2878,9,6,54,corrected
477,19080,290,2887,11,10,110,corrected
477,19080,199,2870,11,11,121,corrected
477,19080,274,2876,9,4,36,corrected
477,19080,323,2878,13,10,130,corrected
477,19080,338,2873,12,9,108,corrected
477,19080,356,2882,7,8,56,corrected
477,19080,338,2874,11,6,66,corrected
478,19120,1859,3074,13,8,104,corrected
478,19120,12,2897,11,9,99,corrected
478,19120,27,2899,10,6,60,corrected
478,19120,61,2901,11,8,88,corrected
478,19120,83,2904,12,8,96,corrected
478,19120,102,2900,10,11,110,corrected
478,19120,270,2894,9,7,63,corrected
478,19120,279,2877,9,8,72,corrected
478,19120,287,2885,10,7,70,corrected
478,19120,192,2869,12,7,84,corrected
478,19120,268,2875,10,5,50,corrected
478,19120,316,2878,13,7,91,corrected
478,19120,352,2882,7,7,49,corrected
478,19120,329,2870,12,11,132,corrected
478,19120,335,2876,7,5,35,corrected
479,19160,1858,3075,15,10,150,corrected
479,19160,3,2897,12,11,132,corrected
479,19160,22,2899,9,6,54,corrected
479,19160,55,2902,14,8,112,corrected
479,19160,78,2902,12,9,108,corrected
479,19160,96,2901,14,9,126,corrected
479,19160,275,2875,9,8,72,corrected
479,19160,263,2891,13,9,117,corrected
479,19160,284,2883,10,7,70,corrected
479,19160,186,2867,12,9,108,corrected
479,19160,263,2872,8,7,56,corrected
479,19160,312,2877,12,8,96,corrected
479,19160,325,2873,15,9,135,corrected
479,19160,346,2882,10,6,60,corrected
480,19200,1859,3074,14,9,126,corrected
480,19200,0,2897,10,11,110,corrected
480,19200,15,2898,13,10,130,corrected
480,19200,50,2901,11,7,77,corrected
480,19200,75,2902,9,9,81,corrected
480,19200,90,2902,15,10,150,corrected
480,19200,254,2887,17,10,170,corrected
480,19200,271,2872,10,9,90,corrected
480,19200,278,2883,9,7,63,corrected
480,19200,182,2867,12,9,108,corrected
480,19200,257,2871,11,6,66,corrected
480,19200,310,2876,10,8,80,corrected
480,19200,340,2879,10,8,80,corrected
480,19200,316,2873,13,6,78,corrected
480,19200,319,2873,10,7,70,corrected
481,19240,1863,3071,14,8,112,corrected
481,19240,0,2895,7,10,70,corrected
481,19240,12,2898,9,5,45,corrected
481,19240,47,2899,10,7,70,corrected
481,19240,68,2902,12,7,84,corrected
481,19240,85,2901,15,9,135,corrected
481,19240,255,2891,13,8,104,corrected
481,19240,265,2872,8,8,64,corrected
481,19240,272,2882,13,10,130,corrected
481,19240,175,2867,13,9,117,corrected
481,19240,251,2872,12,6,72,corrected
481,19240,305,2874,12,9,108,corrected
481,19240,336,2879,9,6,54,corrected
481,19240,312,2870,12,6,72,corrected
481,19240,315,2871,9,7,63,corrected
482,19280,1862,3066,13,12,156,corrected
482,19280,7,2894,11,9,99,corrected
482,19280,40,2899,10,6,60,corrected
482,19280,62,2902,12,7,84,corrected
482,19280,81,2898,14,9,126,corrected
482,19280,250,2887,12,8,96,corrected
482,19280,258,2873,12,8,96,corrected
482,19280,268,2881,11,6,66,corrected
482,19280,170,2865,13,7,91,corrected
482,19280,246,2872,11,7,77,corrected
482,19280,302,2873,9,8,72,corrected
482,19280,330,2878,11,4,44,corrected
482,19280,307,2868,12,8,96,corrected
482,19280,310,2871,10,5,50,corrected
483,19320,1859,3072,18,5,90,corrected
483,19320,2,2895,9,8,72,corrected
483,19320,35,2898,14,8,112,corrected
483,19320,60,2900,11,6,66,corrected
483,19320,75,2901,15,7,105,corrected
483,19320,246,2886,10,8,80,corrected
483,19320,256,2871,10,8,80,corrected
483,19320,263,2878,13,8,104,corrected
483,19320,165,2865,13,8,104,corrected
483,19320,246,2866,8,11,88,corrected
483,19320,296,2870,8,9,72,corrected
483,19320,327,2878,10,6,60,corrected
483,19320,302,2869,8,7,56,corrected
483,19320,302,2872,10,4,40,corrected
484,19360,1863,3071,13,9,117,corrected
484,19360,0,2895,7,9,63,corrected
484,19360,29,2897,13,9,117,corrected
484,19360,54,2898,10,9,90,corrected
484,19360,71,2900,16,10,160,corrected
484,19360,239,2886,15,7,105,corrected
484,19360,249,2870,11,7,77,corrected
484,19360,258,2878,12,8,96,corrected
484,19360,160,2865,12,8,96,corrected
484,19360,238,2871,10,4,40,corrected
484,19360,290,2871,9,9,81,corrected
484,19360,320,2877,12,4,48,corrected
484,19360,298,2871,7,8,56,corrected
484,19360,299,2872,6,7,42,corrected
485,19400,1865,3067,10,9,90,corrected
485,19400,27,2895,13,9,117,corrected
485,19400,50,2898,11,7,77,corrected
485,19400,66,2898,13,7,91,corrected
485,19400,236,2887,14,9,126,corrected
485,19400,247,2871,9,7,63,corrected
485,19400,254,2877,11,8,88,corrected
485,19400,156,2866,11,10,110,corrected
485,19400,231,2871,14,6,84,corrected
485,19400,285,2870,10,7,70,corrected
485,19400,318,2874,10,6,60,corrected
485,19400,291,2871,9,5,45,corrected
485,19400,293,2871,7,4,28,corrected
486,19440,1868,3063,11,10,110,corrected
486,19440,22,2895,12,9,108,corrected
486,19440,43,2898,12,6,72,corrected
486,19440,63,2898,15,6,90,corrected
486,19440,231,2883,17,7,119,corrected
486,19440,239,2869,12,8,96,corrected
486,19440,250,2875,11,8,88,corrected
486,19440,149,2866,12,6,72,corrected
486,19440,226,2868,13,7,91,corrected
486,19440,282,2870,9,7,63,corrected
486,19440,312,2874,11,4,44,corrected
486,19440,287,2866,10,6,60,corrected
486,19440,288,2868,10,5,50,corrected
487,19480,1863,3063,17,10,170,corrected
487,19480,17,2895,12,8,96,corrected
487,19480,39,2896,9,6,54,corrected
487,19480,57,2895,14,9,126,corrected
487,19480,227,2882,12,7,84,corrected
487,19480,233,2867,13,10,130,corrected
487,19480,245,2875,10,5,50,corrected
487,19480,143,2865,14,6,84,corrected
487,19480,225,2866,7,7,49,corrected
487,19480,277,2868,9,6,54,corrected
487,19480,305,2874,13,7,91,corrected
487,19480,280,2864,10,7,70,corrected
487,19480,285,2866,5,8,40,corrected
488,19520,1863,3066,18,9,162,corrected
488,19520,13,2893,11,9,99,corrected
488,19520,35,2894,10,8,80,corrected
488,19520,53,2895,13,9,117,corrected
488,19520,229,2865,11,9,99,corrected
488,19520,222,2883,14,5,70,corrected
488,19520,238,2874,13,8,104,corrected
488,19520,143,2864,9,10,90,corrected
488,19520,218,2867,10,5,50,corrected
488,19520,270,2868,8,7,56,corrected
488,19520,300,2870,13,6,78,corrected
488,19520,276,2866,8,9,72,corrected
488,19520,277,2867,7,9,63,corrected
489,19560,1867,3063,14,10,140,corrected
489,19560,6,2891,14,9,126,corrected
489,19560,31,2894,9,8,72,corrected
489,19560,47,2893,14,9,126,corrected
489,19560,225,2864,10,9,90,corrected
489,19560,219,2882,12,6,72,corrected
489,19560,234,2874,12,7,84,corrected
489,19560,135,2863,9,10,90,corrected
489,19560,211,2866,12,8,96,corrected
489,19560,267,2868,8,5,40,corrected
489,19560,273,2865,8,8,64,corrected
489,19560,297,2869,10,7,70,corrected
489,19560,272,2867,8,5,40,corrected
490,19600,1871,3060,10,8,80,corrected
490,19600,1,2891,14,9,126,corrected
490,19600,23,2895,12,7,84,corrected
490,19600,43,2892,13,8,104,corrected
490,19600,219,2865,12,9,108,corrected
490,19600,215,2879,9,8,72,corrected
490,19600,231,2870,9,9,81,corrected
490,19600,128,2862,10,10,100,corrected
490,19600,208,2864,8,7,56,corrected
490,19600,262,2865,7,8,56,corrected
490,19600,294,2868,10,7,70,corrected
490,19600,265,2861,11,7,77,corrected
490,19600,269,2862,7,8,56,corrected
491,19640,1869,3056,14,13,182,corrected
491,19640,0,2892,10,10,100,corrected
491,19640,22,2892,9,8,72,corrected
491,19640,38,2893,14,9,126,corrected
491,19640,216,2865,11,8,88,corrected
491,19640,210,2878,9,8,72,corrected
491,19640,227,2871,10,6,60,corrected
491,19640,122,2861,12,10,120,corrected
491,19640,203,2861,10,9,90,corrected
491,19640,258,2863,9,7,63,corrected
491,19640,287,2869,12,8,96,corrected
491,19640,264,2862,8,5,40,corrected
491,19640,265,2863,6,7,42,corrected
492,19680,1873,3059,9,8,72,corrected
492,19680,0,2888,4,10,40,corrected
492,19680,15,2891,12,8,96,corrected
492,19680,32,2891,13,10,130,corrected
492,19680,212,2862,9,10,90,corrected
492,19680,204,2877,11,8,88,corrected
492,19680,218,2870,14,11,154,corrected
492,19680,119,2861,9,7,63,corrected
492,19680,199,2864,9,5,45,corrected
492,19680,248,2864,11,6,66,corrected
492,19680,281,2865,12,8,96,corrected
492,19680,254,2861,10,7,70,corrected
492,19680,257,2865,8,4,32,corrected
493,19720,1870,3058,14,10,140,corrected
493,19720,11,2891,11,8,88,corrected
493,19720,29,2888,14,9,126,corrected
493,19720,199,2877,13,8,104,corrected
493,19720,207,2862,10,9,90,corrected
493,19720,213,2869,12,12,144,corrected
493,19720,110,2863,12,6,72,corrected
493,19720,192,2863,11,7,77,corrected
493,19720,244,2863,9,6,54,corrected
493,19720,276,2863,12,7,84,corrected
493,19720,251,2862,8,6,48,corrected
493,19720,252,2863,8,7,56,corrected
494,19760,1871,3057,11,7,77,corrected
494,19760,7,2891,10,8,80,corrected
494,19760,25,2888,12,9,108,corrected
494,19760,196,2876,11,6,66,corrected
494,19760,199,2863,14,9,126,corrected
494,19760,213,2867,9,8,72,corrected
494,19760,106,2863,12,6,72,corrected
494,19760,188,2860,9,8,72,corrected
494,19760,241,2860,8,7,56,corrected
494,19760,269,2863,12,8,96,corrected
494,19760,247,2860,8,5,40,corrected
494,19760,246,2860,9,8,72,corrected
495,19800,1874,3051,10,9,90,corrected
495,19800,2,2891,10,4,40,corrected
495,19800,18,2890,15,7,105,corrected
495,19800,195,2863,11,10,110,corrected
495,19800,191,2874,13,8,104,corrected
495,19800,207,2869,9,6,54,corrected
495,19800,103,2860,10,8,80,corrected
495,19800,180,2860,12,7,84,corrected
495,19800,233,2859,8,8,64,corrected
495,19800,266,2864,13,9,117,corrected
495,19800,242,2860,9,6,54,corrected
495,19800,241,2860,9,7,63,corrected
496,19840,1869,3051,17,9,153,corrected
496,19840,0,2889,7,6,42,corrected
496,19840,14,2888,14,8,112,corrected
496,19840,190,2860,12,7,84,corrected
496,19840,186,2873,11,10,110,corrected
496,19840,199,2868,14,10,140,corrected
496,19840,94,2858,14,9,126,corrected
496,19840,175,2860,12,8,96,corrected
496,19840,228,2859,9,6,54,corrected
496,19840,262,2862,9,7,63,corrected
496,19840,235,2858,7,9,63,corrected
496,19840,235,2863,10,6,60,corrected
497,19880,1871,3051,12,8,96,corrected
497,19880,0,2890,3,6,18,corrected
497,19880,12,2886,10,8,80,corrected
497,19880,181,2874,12,7,84,corrected
497,19880,183,2858,13,9,117,corrected
497,19880,194,2866,13,6,78,corrected
497,19880,88,2858,14,10,140,corrected
497,19880,171,2860,11,8,88,corrected
497,19880,221,2859,11,6,66,corrected
497,19880,259,2859,9,8,72,corrected
497,19880,231,2859,8,6,48,corrected
497,19880,230,2860,11,7,77,corrected
498,19920,1871,3051,12,8,96,corrected
498,19920,7,2885,10,8,80,corrected
498,19920,179,2872,8,5,40,corrected
498,19920,179,2859,11,10,110,corrected
498,19920,191,2865,10,7,70,corrected
498,19920,85,2858,12,6,72,corrected
498,19920,167,2856,9,9,81,corrected
498,19920,215,2857,10,6,60,corrected
498,19920,252,2860,12,6,72,corrected
498,19920,227,2857,8,7,56,corrected
498,19920,227,2857,10,7,70,corrected
499,19960,1871,3046,14,11,154,corrected
499,19960,1,2886,11,7,77,corrected
499,19960,173,2861,13,8,104,corrected
499,19960,173,2869,11,8,88,corrected
499,19960,184,2866,12,6,72,corrected
499,19960,78,2855,14,9,126,corrected
499,19960,162,2858,9,7,63,corrected
499,19960,209,2855,10,7,70,corrected
499,19960,247,2860,11,8,88,corrected
499,19960,220,2856,9,8,72,corrected
499,19960,221,2856,11,7,77,corrected
500,20000,1871,3042,12,10,120,corrected
500,20000,0,2885,9,7,63,corrected
500,20000,168,2856,11,9,99,corrected
500,20000,170,2870,7,7,49,corrected
500,20000,179,2866,13,8,104,corrected
500,20000,74,2855,13,8,104,corrected
500,20000,155,2859,10,8,80,corrected
500,20000,205,2856,9,6,54,corrected
500,20000,242,2858,13,7,91,corrected
500,20000,214,2856,8,8,64,corrected
500,20000,216,2858,8,7,56,corrected
501,20040,1867,3043,16,8,128,corrected
501,20040,163,2855,11,10,110,corrected
501,20040,162,2870,14,8,112,corrected
501,20040,175,2864,10,6,60,corrected
501,20040,68,2856,13,8,104,corrected
501,20040,151,2857,10,7,70,corrected
501,20040,199,2854,9,6,54,corrected
501,20040,237,2854,11,9,99,corrected
501,20040,210,2858,9,6,54,corrected
501,20040,208,2857,12,8,96,corrected
502,20080,1871,3043,13,9,117,corrected
502,20080,158,2857,14,8,112,corrected
502,20080,159,2867,12,6,72,corrected
502,20080,172,2863,9,5,45,corrected
502,20080,63,2855,13,8,104,corrected
502,20080,145,2855,10,8,80,corrected
502,20080,191,2853,10,7,70,corrected
502,20080,232,2855,11,8,88,corrected
502,20080,207,2856,8,8,64,corrected
502,20080,205,2854,11,9,99,corrected
503,20120,1871,3041,10,8,80,corrected
503,20120,155,2867,10,5,50,corrected
503,20120,153,2857,10,9,90,corrected
503,20120,162,2863,14,5,70,corrected
503,20120,57,2854,15,8,120,corrected
503,20120,139,2858,10,5,50,corrected
503,20120,185,2854,10,6,60,corrected
503,20120,224,2855,15,7,105,corrected
503,20120,199,2855,8,7,56,corrected
503,20120,198,2855,10,7,70,corrected
504,20160,1871,3038,13,6,78,corrected
504,20160,149,2866,10,6,60,corrected
504,20160,147,2857,10,7,70,corrected
504,20160,158,2862,13,7,91,corrected
504,20160,52,2853,13,8,104,corrected
504,20160,134,2856,10,9,90,corrected
504,20160,178,2853,13,7,91,corrected
504,20160,220,2854,14,9,126,corrected
504,20160,195,2856,7,6,42,corrected
504,20160,194,2855,9,7,63,corrected
505,20200,1871,3032,10,11,110,corrected
505,20200,141,2854,11,9,99,corrected
505,20200,145,2866,12,7,84,corrected
505,20200,155,2861,9,7,63,corrected
505,20200,47,2854,12,8,96,corrected
505,20200,128,2854,10,9,90,corrected
505,20200,174,2852,12,9,108,corrected
505,20200,215,2851,14,9,126,corrected
505,20200,189,2856,10,5,50,corrected
505,20200,188,2854,11,8,88,corrected
506,20240,1867,3034,16,7,112,corrected
506,20240,140,2864,11,8,88,corrected
506,20240,137,2856,11,8,88,corrected
506,20240,151,2861,9,5,45,corrected
506,20240,41,2852,11,6,66,corrected
506,20240,124,2853,9,9,81,corrected
506,20240,168,2850,12,7,84,corrected
506,20240,210,2851,14,8,112,corrected
506,20240,184,2854,8,7,56,corrected
506,20240,182,2854,10,8,80,corrected
507,20280,1868,3034,13,10,130,corrected
507,20280,130,2855,13,9,117,corrected
507,20280,138,2863,6,6,36,corrected
507,20280,142,2860,9,5,45,corrected
507,20280,37,2850,12,9,108,corrected
507,20280,116,2855,12,8,96,corrected
507,20280,162,2849,10,7,70,corrected
507,20280,205,2853,12,7,84,corrected
507,20280,178,2854,9,7,63,corrected
507,20280,177,2854,10,8,80,corrected
508,20320,1868,3032,8,8,64,corrected
508,20320,131,2863,10,6,60,corrected
508,20320,125,2853,12,11,132,corrected
508,20320,138,2860,11,7,77,corrected
508,20320,32,2850,10,8,80,corrected
508,20320,111,2855,12,10,120,corrected
508,20320,156,2849,11,7,77,corrected
508,20320,199,2852,13,8,104,corrected
508,20320,172,2854,11,8,88,corrected
508,20320,170,2854,14,9,126,corrected
509,20360,1871,3027,9,9,81,corrected
509,20360,120,2851,12,10,120,corrected
509,20360,126,2863,11,9,99,corrected
509,20360,134,2858,10,6,60,corrected
509,20360,24,2850,13,9,117,corrected
509,20360,107,2851,9,11,99,corrected
509,20360,150,2849,11,9,99,corrected
509,20360,194,2849,10,8,80,corrected
509,20360,166,2854,11,7,77,corrected
509,20360,166,2853,11,9,99,corrected
510,20400,1870,3023,11,11,121,corrected
510,20400,121,2861,12,11,132,corrected
510,20400,115,2852,12,10,120,corrected
510,20400,129,2857,8,7,56,corrected
510,20400,19,2850,12,9,108,corrected
510,20400,101,2852,11,8,88,corrected
510,20400,142,2848,14,6,84,corrected
510,20400,190,2850,10,7,70,corrected
510,20400,161,2853,9,7,63,corrected
510,20400,161,2851,11,8,88,corrected
511,20440,1870,3023,11,11,121,corrected
511,20440,119,2860,7,7,49,corrected
511,20440,108,2854,12,10,120,corrected
511,20440,124,2857,11,7,77,corrected
511,20440,14,2846,14,10,140,corrected
511,20440,93,2854,12,9,108,corrected
511,20440,140,2846,11,8,88,corrected
511,20440,182,2851,14,6,84,corrected
511,20440,157,2853,9,7,63,corrected
511,20440,156,2853,12,7,84,corrected
512,20480,1866,3025,13,8,104,corrected
512,20480,110,2860,12,5,60,corrected
512,20480,105,2852,10,9,90,corrected
512,20480,118,2857,10,6,60,corrected
512,20480,7,2846,13,10,130,corrected
512,20480,87,2854,12,6,72,corrected
512,20480,135,2847,9,7,63,corrected
512,20480,179,2850,11,10,110,corrected
512,20480,149,2853,13,7,91,corrected
512,20480,149,2853,14,7,98,corrected
513,20520,1863,3023,14,8,112,corrected
513,20520,104,2860,12,9,108,corrected
513,20520,99,2852,9,7,63,corrected
513,20520,111,2856,11,6,66,corrected
513,20520,2,2848,14,10,140,corrected
513,20520,83,2851,9,8,72,corrected
513,20520,127,2847,11,8,88,corrected
513,20520,174,2848,10,8,80,corrected
513,20520,144,2853,12,7,84,corrected
513,20520,145,2854,11,6,66,corrected
514,20560,1863,3019,13,9,117,corrected
514,20560,99,2859,10,9,90,corrected
514,20560,91,2851,12,8,96,corrected
514,20560,107,2855,10,7,70,corrected
514,20560,0,2850,9,9,81,corrected
514,20560,76,2851,12,7,84,corrected
514,20560,121,2846,11,7,77,corrected
514,20560,168,2846,12,8,96,corrected
514,20560,140,2851,10,9,90,corrected
514,20560,141,2851,11,9,99,corrected
515,20600,1864,3015,12,9,108,corrected
515,20600,95,2858,9,8,72,corrected
515,20600,86,2854,10,10,100,corrected
515,20600,99,2855,13,6,78,corrected
515,20600,0,2843,4,10,40,corrected
515,20600,71,2852,10,11,110,corrected
515,20600,115,2843,11,8,88,corrected
515,20600,164,2847,8,10,80,corrected
515,20600,131,2851,12,7,84,corrected
515,20600,133,2852,12,7,84,corrected
516,20640,1863,3017,13,8,104,corrected
516,20640,88,2857,11,7,77,corrected
516,20640,78,2851,14,9,126,corrected
516,20640,94,2854,13,8,104,corrected
516,20640,65,2852,9,7,63,corrected
516,20640,108,2846,12,5,60,corrected
516,20640,156,2850,13,7,91,corrected
516,20640,127,2852,12,8,96,corrected
516,20640,126,2852,13,9,117,corrected
517,20680,1862,3014,11,11,121,corrected
517,20680,82,2857,11,7,77,corrected
517,20680,77,2848,10,10,100,corrected
517,20680,90,2854,10,7,70,corrected
517,20680,58,2851,10,5,50,corrected
517,20680,104,2845,13,7,91,corrected
517,20680,151,2848,10,7,70,corrected
517,20680,122,2851,10,6,60,corrected
517,20680,122,2851,10,6,60,corrected
518,20720,1861,3015,11,7,77,corrected
518,20720,77,2858,10,10,100,corrected
518,20720,71,2850,10,10,100,corrected
518,20720,83,2854,9,6,54,corrected
518,20720,51,2852,11,7,77,corrected
518,20720,96,2843,11,8,88,corrected
518,20720,146,2844,11,13,143,corrected
518,20720,115,2850,9,6,54,corrected
518,20720,116,2851,12,5,60,corrected
519,20760,1859,3011,13,7,91,corrected
519,20760,72,2858,9,6,54,corrected
519,20760,62,2853,11,10,110,corrected
519,20760,76,2854,11,7,77,corrected
519,20760,46,2852,12,9,108,corrected
519,20760,91,2839,11,11,121,corrected
519,20760,138,2847,13,7,91,corrected
519,20760,109,2851,11,5,55,corrected
519,20760,109,2850,13,6,78,corrected
520,20800,1856,3007,14,11,154,corrected
520,20800,67,2857,9,6,54,corrected
520,20800,57,2851,10,9,90,corrected
520,20800,71,2854,11,5,55,corrected
520,20800,42,2850,10,8,80,corrected
520,20800,85,2838,11,10,110,corrected
520,20800,133,2848,13,9,117,corrected
520,20800,104,2850,10,10,100,corrected
520,20800,104,2851,11,9,99,corrected
521,20840,1854,3010,15,7,105,corrected
521,20840,58,2857,12,7,84,corrected
521,20840,52,2847,10,11,110,corrected
521,20840,64,2854,12,6,72,corrected
521,20840,36,2850,11,8,88,corrected
521,20840,77,2840,11,10,110,corrected
521,20840,128,2846,13,10,130,corrected
521,20840,97,2850,11,7,77,corrected
521,20840,98,2849,11,8,88,corrected
522,20880,1854,3010,11,10,110,corrected
522,20880,54,2856,11,9,99,corrected
522,20880,44,2849,11,10,110,corrected
522,20880,59,2854,10,6,60,corrected
522,20880,27,2852,11,8,88,corrected
522,20880,71,2841,12,9,108,corrected
522,20880,122,2842,14,9,126,corrected
522,20880,94,2849,9,7,63,corrected
522,20880,94,2847,9,8,72,corrected
523,20920,1854,3008,9,8,72,corrected
523,20920,48,2855,14,10,140,corrected
523,20920,39,2852,9,10,90,corrected
523,20920,53,2854,10,5,50,corrected
523,20920,22,2852,10,7,70,corrected
523,20920,66,2840,11,8,88,corrected
523,20920,116,2843,13,9,117,corrected
523,20920,86,2849,11,7,77,corrected
523,20920,86,2850,11,5,55,corrected
524,20960,1852,3004,11,9,99,corrected
524,20960,43,2855,12,11,132,corrected
524,20960,32,2851,12,10,120,corrected
524,20960,48,2853,11,6,66,corrected
524,20960,16,2848,11,10,110,corrected
524,20960,60,2840,9,8,72,corrected
524,20960,110,2846,12,10,120,corrected
524,20960,80,2852,12,9,108,corrected
524,20960,80,2851,12,8,96,corrected
525,21000,1848,3001,12,11,132,corrected
525,21000,34,2857,12,8,96,corrected
525,21000,26,2847,11,12,132,corrected
525,21000,41,2853,10,6,60,corrected
525,21000,6,2849,14,8,112,corrected
525,21000,53,2840,10,9,90,corrected
525,21000,104,2846,13,8,104,corrected
525,21000,72,2850,14,7,98,corrected
525,21000,75,2849,10,7,70,corrected
526,21040,1850,3002,9,10,90,corrected
526,21040,29,2859,11,8,88,corrected
526,21040,19,2850,12,9,108,corrected
526,21040,36,2853,10,7,70,corrected
526,21040,1,2851,11,9,99,corrected
526,21040,44,2841,12,8,96,corrected
526,21040,100,2842,12,11,132,corrected
526,21040,67,2850,11,6,66,corrected
526,21040,68,2850,11,6,66,corrected
527,21080,1843,3004,13,9,117,corrected
527,21080,24,2857,13,8,104,corrected
527,21080,12,2851,13,11,143,corrected
527,21080,28,2854,13,5,65,corrected
527,21080,0,2850,7,6,42,corrected
527,21080,39,2838,11,10,110,corrected
527,21080,90,2843,17,9,153,corrected
527,21080,61,2849,11,7,77,corrected
527,21080,60,2849,12,7,84,corrected
528,21120,1843,3003,13,7,91,corrected
528,21120,17,2857,14,7,98,corrected
528,21120,7,2850,12,12,144,corrected
528,21120,22,2855,12,5,60,corrected
528,21120,32,2839,9,8,72,corrected
528,21120,86,2845,12,9,108,corrected
528,21120,54,2849,13,11,143,corrected
528,21120,55,2851,12,8,96,corrected
529,21160,1843,3000,10,9,90,corrected
529,21160,11,2855,13,9,117,corrected
529,21160,1,2850,11,10,110,corrected
529,21160,15,2854,12,5,60,corrected
529,21160,23,2840,11,8,88,corrected
529,21160,80,2845,11,9,99,corrected
529,21160,50,2849,10,8,80,corrected
529,21160,51,2849,10,6,60,corrected
530,21200,1838,2996,13,12,156,corrected
530,21200,4,2859,11,8,88,corrected
530,21200,0,2852,4,10,40,corrected
530,21200,9,2855,11,6,66,corrected
530,21200,19,2840,8,8,64,corrected
530,21200,74,2842,13,10,130,corrected
530,21200,42,2849,12,8,96,corrected
530,21200,42,2847,13,8,104,corrected
531,21240,1834,2998,14,8,112,corrected
531,21240,0,2858,8,8,64,corrected
531,21240,2,2855,10,6,60,corrected
531,21240,10,2837,11,10,110,corrected
531,21240,70,2843,12,9,108,corrected
531,21240,37,2849,10,10,100,corrected
531,21240,36,2851,12,6,72,corrected
532,21280,1835,2998,9,7,63,corrected
532,21280,0,2856,6,4,24,corrected
532,21280,4,2840,8,7,56,corrected
532,21280,59,2847,14,7,98,corrected
532,21280,27,2852,13,9,117,corrected
532,21280,29,2851,12,9,108,corrected
533,21320,1832,2998,11,7,77,corrected
533,21320,0,2839,9,9,81,corrected
533,21320,55,2847,12,7,84,corrected
533,21320,23,2849,11,7,77,corrected
533,21320,25,2849,10,8,80,corrected
534,21360,1829,2999,12,5,60,corrected
534,21360,51,2842,10,9,90,corrected
534,21360,17,2849,11,8,88,corrected
534,21360,18,2849,11,8,88,corrected
535,21400,1828,2999,11,4,44,corrected
535,21400,42,2844,12,8,96,corrected
535,21400,9,2850,13,7,91,corrected
535,21400,10,2850,14,7,98,corrected
536,21440,1826,2998,11,5,55,corrected
536,21440,34,2847,15,5,75,corrected
536,21440,4,2851,13,12,156,corrected
536,21440,5,2850,12,9,108,corrected
537,21480,1823,2998,12,5,60,corrected
537,21480,30,2847,10,6,60,corrected
537,21480,0,2850,8,7,56,corrected
537,21480,0,2848,9,10,90,corrected
538,21520,1823,2998,10,5,50,corrected
538,21520,25,2843,11,9,99,corrected
538,21520,0,2850,3,7,21,corrected
539,21560,1818,2996,14,6,84,corrected
539,21560,18,2847,8,4,32,corrected
540,21600,1817,2997,12,5,60,corrected
540,21600,7,2847,14,8,112,corrected
541,21640,1815,2997,13,5,65,corrected
541,21640,3,2847,12,9,108,corrected
542,21680,1813,2996,11,5,55,corrected
542,21680,0,2842,9,15,135,corrected
543,21720,1811,2996,11,5,55,corrected
544,21760,1808,2997,12,4,48,corrected
545,21800,1807,2997,11,4,44,corrected
546,21840,1807,2997,10,5,50,corrected
547,21880,1805,2997,11,5,55,corrected
548,21920,1804,2998,10,5,50,corrected
549,21960,1802,2998,10,5,50,corrected
550,22000,1801,2999,10,5,50,corrected
551,22040,1799,3000,10,5,50,corrected
552,22080,1798,3001,11,5,55,corrected
553,22120,1796,3002,11,5,55,corrected
554,22160,1796,3003,10,5,50,corrected
555,22200,1795,3004,10,5,50,corrected
556,22240,1793,3006,11,5,55,corrected
557,22280,1791,3007,11,5,55,corrected
558,22320,1791,3009,9,5,45,corrected
559,22360,1788,3010,12,5,60,corrected
560,22400,1787,3011,12,5,60,corrected
561,22440,1786,3013,12,5,60,corrected
562,22480,1784,3014,13,5,65,corrected
563,22520,1784,3016,12,5,60,corrected
564,22560,1782,3017,13,5,65,corrected
565,22600,1782,3019,10,4,40,corrected
566,22640,1780,3020,12,5,60,corrected
567,22680,1780,3023,11,4,44,corrected
568,22720,1780,3024,10,4,40,corrected
569,22760,1779,3026,10,4,40,corrected
570,22800,1778,3028,10,4,40,corrected
571,22840,1776,3029,12,5,60,corrected
572,22880,1776,3030,12,7,84,corrected
573,22920,1775,3033,10,7,70,corrected
574,22960,1774,3034,10,6,60,corrected
575,23000,1775,3037,8,6,48,corrected
576,23040,1775,3039,8,6,48,corrected
577,23080,1773,3041,9,6,54,corrected
578,23120,1772,3043,9,6,54,corrected
579,23160,1771,3046,11,6,66,corrected
580,23200,1770,3048,10,6,60,corrected
581,23240,1769,3051,10,5,50,corrected
582,23280,1768,3053,8,4,32,corrected
583,23320,1768,3055,8,5,40,corrected
584,23360,1767,3057,8,5,40,corrected
585,23400,1766,3059,7,5,35,corrected
586,23440,1765,3061,8,5,40,corrected
587,23480,1764,3064,8,4,32,corrected
588,23520,1763,3065,9,5,45,corrected
589,23560,1762,3067,8,4,32,corrected
590,23600,1761,3068,9,5,45,corrected
591,23640,1760,3070,9,5,45,corrected
592,23680,1759,3071,9,5,45,corrected
593,23720,1759,3074,7,4,28,corrected
594,23760,1756,3075,9,4,36,corrected
595,23800,1754,3077,11,4,44,corrected
596,23840,1754,3078,10,5,50,corrected
597,23880,1750,3079,13,5,65,corrected
598,23920,1752,3081,9,6,54,corrected
599,23960,1750,3083,8,5,40,corrected
600,24000,1749,3085,9,4,36,corrected
601,24040,1748,3086,9,4,36,corrected
602,24080,1747,3088,9,4,36,corrected
603,24120,1745,3089,10,5,50,corrected
604,24160,1743,3091,11,4,44,corrected
605,24200,1743,3092,9,5,45,corrected
606,24240,1743,3094,9,4,36,corrected
607,24280,1741,3095,9,5,45,corrected
608,24320,1738,3096,11,5,55,corrected
609,24360,1736,3097,11,6,66,corrected
610,24400,1736,3099,10,5,50,corrected
611,24440,1733,3101,10,5,50,corrected
612,24480,1731,3102,10,5,50,corrected
613,24520,1730,3103,11,6,66,corrected
614,24560,1727,3105,14,8,112,corrected
615,24600,1728,3107,12,8,96,corrected
616,24640,1727,3108,12,7,84,corrected
617,24680,1725,3106,12,11,132,corrected
618,24720,1721,3110,15,9,135,corrected
619,24760,1719,3115,14,9,126,corrected
620,24800,1720,3116,10,7,70,corrected
621,24840,1718,3113,10,10,100,corrected
622,24880,1716,3116,11,9,99,corrected
623,24920,1710,3119,15,9,135,corrected
624,24960,1709,3120,12,9,108,corrected
625,25000,1710,3119,10,8,80,corrected
626,25040,1703,3119,12,10,120,corrected
627,25080,1702,3122,11,7,77,corrected
628,25120,1699,3124,10,9,90,corrected
629,25160,1695,3124,11,8,88,corrected
630,25200,1691,3119,10,13,130,corrected
631,25240,1688,3123,9,10,90,corrected
632,25280,1679,3126,13,11,143,corrected
633,25320,1678,3127,11,8,88,corrected
634,25360,1674,3124,13,10,130,corrected
635,25400,1667,3123,13,10,130,corrected
636,25440,1663,3128,13,9,117,corrected
637,25480,1660,3128,12,8,96,corrected
638,25520,1655,3125,12,9,108,corrected
639,25560,1648,3120,16,13,208,corrected
640,25600,1647,3125,10,11,110,corrected
641,25640,1642,3126,9,10,90,corrected
642,25680,1639,3125,9,6,54,corrected
643,25720,1633,3118,8,12,96,corrected
644,25760,1624,3120,12,9,108,corrected
645,25800,1619,3123,13,12,156,corrected
646,25840,1614,3121,13,10,130,corrected
647,25880,1611,3118,10,8,80,corrected
648,25920,1603,3115,12,10,120,corrected
649,25960,1597,3119,12,9,108,corrected
650,26000,1592,3119,11,9,99,corrected
651,26040,1587,3115,9,6,54,corrected
652,26080,1581,3111,10,9,90,corrected
653,26120,1575,3109,10,11,110,corrected
654,26160,1567,3110,10,11,110,corrected
655,26200,1563,3111,8,9,72,corrected
656,26240,1558,3106,7,6,42,corrected
657,26280,1549,3103,11,10,110,corrected
658,26320,1542,3102,10,12,120,corrected
659,26360,1534,3103,11,10,110,corrected
660,26400,1530,3099,10,10,100,corrected
661,26440,1523,3095,11,10,110,corrected
662,26480,1516,3092,11,11,121,corrected
663,26520,1510,3095,11,10,110,corrected
664,26560,1504,3090,11,9,99,corrected
665,26600,1499,3086,11,11,121,corrected
666,26640,1490,3083,13,12,156,corrected
667,26680,1482,3086,12,10,120,corrected
668,26720,1478,3082,9,10,90,corrected
669,26760,1473,3077,7,9,63,corrected
670,26800,1466,3071,9,11,99,corrected
671,26840,1458,3070,11,12,132,corrected
672,26880,1452,3071,9,10,90,corrected
673,26920,1447,3067,9,9,81,corrected
674,26960,1440,3061,8,8,64,corrected
675,27000,1432,3056,8,10,80,corrected
676,27040,1426,3058,7,10,70,corrected
677,27080,1418,3055,12,10,120,corrected
678,27120,1415,3051,8,6,48,corrected
679,27160,1409,3045,8,9,72,corrected
680,27200,1402,3040,8,13,104,corrected
681,27240,1395,3042,10,12,120,corrected
682,27280,1389,3039,10,9,90,corrected
683,27320,1384,3036,8,6,48,corrected
684,27360,1378,3031,9,8,72,corrected
685,27400,1371,3028,10,10,100,corrected
686,27440,1366,3030,9,7,63,corrected
687,27480,1361,3026,7,7,49,corrected
688,27520,1355,3022,7,6,42,corrected
689,27560,1347,3015,10,10,100,corrected
690,27600,1342,3015,9,9,81,corrected
691,27640,1336,3015,8,9,72,corrected
692,27680,1332,3011,7,5,35,corrected
693,27720,1327,3008,6,6,36,corrected
694,27760,1322,3003,6,6,36,corrected
695,27800,1316,3000,6,8,48,corrected
696,27840,1309,3000,7,8,56,corrected
697,27880,1304,2997,8,7,56,corrected
698,27920,1299,2993,8,5,40,corrected
699,27960,1293,2988,8,8,64,corrected
700,28000,1287,2986,9,8,72,corrected
701,28040,1281,2987,8,7,56,corrected
702,28080,1275,2982,9,11,99,corrected
703,28120,1272,2981,8,5,40,corrected
704,28160,1266,2975,9,9,81,corrected
705,28200,1259,2971,11,11,121,corrected
706,28240,1256,2974,7,6,42,corrected
707,28280,1248,2970,9,11,99,corrected
708,28320,1244,2969,6,7,42,corrected
709,28360,1240,2965,7,7,49,corrected
710,28400,1233,2961,9,9,81,corrected
711,28440,1226,2963,13,7,91,corrected
712,28480,1221,2961,11,7,77,corrected
713,28520,1217,2958,8,7,56,corrected
714,28560,1211,2953,9,7,63,corrected
715,28600,1208,2951,9,10,90,corrected
716,28640,1202,2951,9,8,72,corrected
717,28680,1197,2949,9,8,72,corrected
718,28720,1192,2947,8,8,64,corrected
719,28760,1186,2945,9,8,72,corrected
720,28800,1183,2944,7,6,42,corrected
721,28840,1178,2943,8,5,40,corrected
722,28880,1173,2941,8,6,48,corrected
723,28920,1168,2939,9,5,45,corrected
724,28960,1164,2938,8,6,48,corrected
725,29000,1159,2937,8,4,32,corrected
726,29040,1154,2935,8,5,40,corrected
727,29080,1151,2934,6,5,30,corrected
728,29120,1146,2932,6,5,30,corrected
729,29160,1141,2931,7,5,35,corrected
730,29200,1137,2930,8,5,40,corrected
731,29240,1132,2929,9,5,45,corrected
732,29280,1129,2927,7,5,35,corrected
733,29320,1124,2926,8,5,40,corrected
734,29360,1120,2925,8,4,32,corrected
735,29400,1116,2924,8,4,32,corrected
736,29440,1112,2922,8,5,40,corrected
737,29480,1108,2922,8,4,32,corrected
738,29520,1103,2921,9,4,36,corrected
739,29560,1099,2920,10,5,50,corrected
740,29600,1096,2919,9,4,36,corrected
741,29640,1092,2918,9,4,36,corrected
742,29680,1088,2917,9,5,45,corrected
743,29720,1084,2916,10,5,50,corrected
744,29760,1081,2916,9,5,45,corrected
745,29800,1077,2915,10,5,50,corrected
746,29840,1073,2915,10,4,40,corrected
747,29880,1070,2913,9,5,45,corrected
748,29920,1065,2914,12,5,60,corrected
749,29960,1062,2913,10,5,50,corrected
750,30000,1059,2912,10,5,50,corrected
751,30040,1055,2912,9,4,36,corrected
752,30080,1052,2911,10,5,50,corrected
753,30120,1049,2911,8,5,40,corrected
754,30160,1045,2911,7,4,28,corrected
755,30200,1041,2910,10,4,40,corrected
756,30240,1039,2909,8,4,32,corrected
757,30280,1035,2909,9,5,45,corrected
758,30320,1031,2908,10,6,60,corrected
759,30360,1028,2908,10,4,40,corrected
760,30400,1025,2908,9,4,36,corrected
761,30440,1020,2907,11,4,44,corrected
762,30480,1018,2907,9,4,36,corrected
763,30520,1015,2906,9,5,45,corrected
764,30560,1011,2906,9,4,36,corrected
765,30600,1008,2906,12,5,60,corrected
766,30640,1005,2905,12,5,60,corrected
767,30680,1002,2905,8,5,40,corrected
768,30720,999,2905,7,4,28,corrected
769,30760,995,2904,8,5,40,corrected
770,30800,992,2904,8,5,40,corrected
771,30840,989,2904,7,5,35,corrected
772,30880,986,2904,9,5,45,corrected
773,30920,983,2903,10,5,50,corrected
774,30960,979,2904,10,5,50,corrected
775,31000,977,2903,9,5,45,corrected
776,31040,973,2903,9,5,45,corrected
777,31080,970,2904,11,4,44,corrected
778,31120,967,2903,12,6,72,corrected
779,31160,965,2903,12,6,72,corrected
780,31200,962,2903,11,6,66,corrected
781,31240,959,2903,10,5,50,corrected
782,31280,956,2903,10,5,50,corrected
783,31320,953,2903,10,6,60,corrected
784,31360,950,2903,10,6,60,corrected
785,31400,947,2903,10,6,60,corrected
786,31440,943,2904,11,11,121,corrected
787,31480,942,2904,7,8,56,corrected
788,31520,937,2898,10,11,110,corrected
789,31560,935,2899,8,12,96,corrected
790,31600,933,2905,8,11,88,corrected
791,31640,928,2903,10,12,120,corrected
792,31680,927,2903,9,9,81,corrected
793,31720,922,2901,11,12,132,corrected
794,31760,918,2904,11,10,110,corrected
795,31800,915,2906,8,10,80,corrected
796,31840,912,2903,9,10,90,corrected
797,31880,908,2900,11,13,143,corrected
798,31920,903,2904,10,8,80,corrected
799,31960,899,2903,10,10,100,corrected
800,32000,897,2903,8,5,40,corrected
801,32040,890,2897,16,11,176,corrected
802,32080,889,2902,7,5,35,corrected
803,32120,882,2900,10,11,110,corrected
804,32160,880,2898,8,7,56,corrected
805,32200,877,2891,8,12,96,corrected
806,32240,871,2894,10,10,100,corrected
807,32280,866,2895,11,10,110,corrected
808,32320,863,2892,10,8,80,corrected
809,32360,860,2886,8,11,88,corrected
810,32400,855,2887,10,10,100,corrected
811,32440,847,2887,12,10,120,corrected
812,32480,847,2884,10,10,100,corrected
813,32520,842,2881,11,7,77,corrected
814,32560,838,2875,10,11,110,corrected
815,32600,831,2880,10,7,70,corrected
816,32640,828,2879,8,9,72,corrected
817,32680,824,2875,8,6,48,corrected
818,32720,818,2866,10,13,130,corrected
819,32760,813,2868,12,11,132,corrected
820,32800,807,2870,12,8,96,corrected
821,32840,803,2867,9,9,81,corrected
822,32880,801,2863,11,8,88,corrected
823,32920,796,2857,7,11,77,corrected
824,32960,791,2860,9,5,45,corrected
825,33000,787,2858,13,11,143,corrected
826,33040,783,2855,11,8,88,corrected
827,33080,777,2850,10,9,90,corrected
828,33120,773,2845,10,12,120,corrected
829,33160,765,2847,11,10,110,corrected
830,33200,762,2846,8,10,80,corrected
831,33240,755,2842,12,6,72,corrected
832,33280,750,2835,12,10,120,corrected
833,33320,747,2833,11,13,143,corrected
834,33360,739,2836,12,12,144,corrected
835,33400,735,2834,10,11,110,corrected
836,33440,733,2831,8,10,80,corrected
837,33480,726,2823,11,14,154,corrected
838,33520,722,2824,9,10,90,corrected
839,33560,715,2824,12,13,156,corrected
840,33600,711,2823,10,9,90,corrected
841,33640,706,2818,10,9,90,corrected
842,33680,700,2815,10,9,90,corrected
843,33720,694,2815,11,9,99,corrected
844,33760,691,2815,9,10,90,corrected
845,33800,684,2811,8,7,56,corrected
846,33840,680,2808,9,9,81,corrected
847,33880,674,2803,10,12,120,corrected
848,33920,667,2807,9,9,81,corrected
849,33960,662,2803,10,12,120,corrected
850,34000,658,2803,7,6,42,corrected
851,34040,651,2799,10,6,60,corrected
852,34080,648,2795,8,8,64,corrected
853,34120,642,2797,8,6,48,corrected
854,34160,635,2795,10,10,100,corrected
855,34200,631,2792,9,8,72,corrected
856,34240,626,2789,10,9,90,corrected
857,34280,619,2786,11,9,99,corrected
858,34320,615,2786,10,9,90,corrected
859,34360,611,2787,5,3,15,corrected
860,34400,605,2785,11,6,66,corrected
861,34440,599,2784,11,5,55,corrected
862,34480,594,2783,12,4,48,corrected
863,34520,588,2780,14,6,84,corrected
864,34560,582,2777,13,8,104,corrected
865,34600,579,2777,14,9,126,corrected
866,34640,574,2776,12,7,84,corrected
867,34680,570,2775,10,6,60,corrected
868,34720,565,2775,10,6,60,corrected
869,34760,560,2774,10,5,50,corrected
870,34800,555,2773,10,4,40,corrected
871,34840,550,2773,10,5,50,corrected
872,34880,546,2771,10,5,50,corrected
873,34920,541,2770,9,5,45,corrected
874,34960,537,2769,7,4,28,corrected
875,35000,533,2768,8,5,40,corrected
876,35040,528,2767,8,5,40,corrected
877,35080,523,2766,8,4,32,corrected
878,35120,519,2765,9,5,45,corrected
879,35160,514,2764,10,5,50,corrected
880,35200,511,2763,9,5,45,corrected
881,35240,506,2762,10,5,50,corrected
882,35280,503,2761,9,5,45,corrected
883,35320,498,2760,10,5,50,corrected
884,35360,493,2759,10,5,50,corrected
885,35400,490,2757,9,5,45,corrected
886,35440,485,2756,10,4,40,corrected
887,35480,481,2755,11,5,55,corrected
888,35520,479,2754,9,4,36,corrected
889,35560,473,2752,11,5,55,corrected
890,35600,470,2751,10,5,50,corrected
891,35640,466,2750,10,5,50,corrected
892,35680,463,2749,10,5,50,corrected
893,35720,459,2748,11,5,55,corrected
894,35760,455,2746,10,6,60,corrected
895,35800,451,2745,10,5,50,corrected
896,35840,448,2744,10,5,50,corrected
897,35880,444,2742,12,7,84,corrected
898,35920,439,2743,14,5,70,corrected
899,35960,436,2741,12,6,72,corrected
900,36000,434,2740,12,5,60,corrected
901,36040,431,2739,11,5,55,corrected
902,36080,427,2739,11,5,55,corrected
903,36120,424,2738,12,5,60,corrected
904,36160,422,2738,10,5,50,corrected
905,36200,418,2737,11,5,55,corrected
906,36240,415,2737,10,5,50,corrected
907,36280,412,2737,11,5,55,corrected
908,36320,409,2736,10,5,50,corrected
909,36360,406,2736,10,5,50,corrected
910,36400,403,2736,11,6,66,corrected
911,36440,400,2736,9,6,54,corrected
912,36480,397,2737,10,6,60,corrected
913,36520,394,2736,9,7,63,corrected
914,36560,391,2738,7,5,35,corrected
915,36600,388,2737,9,6,54,corrected
916,36640,385,2738,8,5,40,corrected
917,36680,381,2738,9,6,54,corrected
918,36720,378,2738,8,6,48,corrected
919,36760,375,2739,7,6,42,corrected
920,36800,372,2740,7,7,49,corrected
921,36840,369,2741,7,7,49,corrected
922,36880,366,2741,8,7,56,corrected
923,36920,363,2742,7,8,56,corrected
924,36960,360,2743,7,8,56,corrected
925,37000,357,2743,8,9,72,corrected
926,37040,354,2745,8,8,64,corrected
927,37080,351,2746,7,7,49,corrected
928,37120,348,2747,7,8,56,corrected
929,37160,344,2748,8,9,72,corrected
930,37200,341,2749,9,9,81,corrected
931,37240,337,2751,9,8,72,corrected
932,37280,335,2752,8,9,72,corrected
933,37320,332,2753,9,9,81,corrected
934,37360,329,2754,10,9,90,corrected
935,37400,326,2757,9,7,63,corrected
936,37440,322,2758,10,8,80,corrected
937,37480,319,2758,9,9,81,corrected
938,37520,316,2760,10,9,90,corrected
939,37560,313,2761,11,10,110,corrected
940,37600,310,2763,12,9,108,corrected
941,37640,307,2765,13,9,117,corrected
942,37680,305,2767,12,8,96,corrected
943,37720,301,2767,12,9,108,corrected
944,37760,298,2769,13,8,104,corrected
945,37800,296,2771,13,7,91,corrected
946,37840,293,2772,11,7,77,corrected
947,37880,290,2773,12,8,96,corrected
948,37920,287,2775,12,8,96,corrected
949,37960,285,2777,12,7,84,corrected
950,38000,281,2778,14,8,112,corrected
951,38040,279,2780,15,8,120,corrected
952,38080,276,2782,13,7,91,corrected
953,38120,274,2780,11,8,88,corrected
954,38160,270,2779,15,10,150,corrected
955,38200,270,2787,11,6,66,corrected
956,38240,267,2787,10,10,100,corrected
957,38280,264,2786,9,7,63,corrected
958,38320,260,2783,11,11,121,corrected
959,38360,253,2790,15,5,75,corrected
960,38400,252,2791,13,9,117,corrected
961,38440,251,2790,9,7,63,corrected
962,38480,247,2787,10,10,100,corrected
963,38520,238,2790,16,7,112,corrected
964,38560,238,2794,11,6,66,corrected
965,38600,235,2793,5,7,35,corrected
966,38640,230,2791,10,10,100,corrected
967,38680,222,2791,16,10,160,corrected
968,38720,219,2795,13,9,117,corrected
969,38760,214,2791,11,10,110,corrected
970,38800,212,2791,10,7,70,corrected
971,38840,205,2789,11,9,99,corrected
972,38880,198,2790,14,11,154,corrected
973,38920,196,2791,10,7,70,corrected
974,38960,192,2787,9,8,72,corrected
975,39000,182,2782,15,12,180,corrected
976,39040,180,2788,9,7,63,corrected
977,39080,175,2786,9,7,63,corrected
978,39120,171,2781,8,8,64,corrected
979,39160,164,2778,11,10,110,corrected
980,39200,156,2780,13,8,104,corrected
981,39240,153,2778,9,8,72,corrected
982,39280,149,2774,10,6,60,corrected
983,39320,143,2768,10,10,100,corrected
984,39360,135,2771,11,6,66,corrected
985,39400,131,2766,9,10,90,corrected
986,39440,127,2763,9,5,45,corrected
987,39480,119,2755,10,14,140,corrected
988,39520,113,2757,12,9,108,corrected
989,39560,107,2755,10,12,120,corrected
990,39600,103,2753,10,8,80,corrected
991,39640,99,2748,9,7,63,corrected
992,39680,91,2741,13,14,182,corrected
993,39720,87,2745,9,4,36,corrected
994,39760,78,2743,12,10,120,corrected
995,39800,76,2739,8,5,40,corrected
996,39840,71,2733,9,8,72,corrected
997,39880,64,2727,9,11,99,corrected
998,39920,56,2730,12,9,108,corrected
999,39960,50,2727,14,9,126,corrected
1000,40000,47,2725,9,4,36,corrected
1001,40040,42,2719,10,8,80,corrected
1002,40080,35,2715,10,10,100,corrected
1003,40120,27,2717,10,8,80,corrected
1004,40160,23,2715,10,8,80,corrected
1005,40200,18,2711,9,5,45,corrected
1006,40240,10,2704,11,10,110,corrected
1007,40280,6,2703,10,9,90,corrected
1008,40320,0,2705,7,9,63,corrected
